date,open,high,low,close,volume
1992-01-02,3152.1001,3172.6299,3139.3101,3172.3999,23550000
1992-01-03,3172.3999,3210.6399,3165.9199,3201.5000,23620000
1992-01-06,3201.5000,3213.3301,3191.8601,3200.1001,27280000
1992-01-07,3200.1001,3210.2000,3184.4800,3204.8000,25510000
1992-01-08,3204.8000,3229.2000,3185.8201,3203.8999,29040000
1992-01-09,3203.8999,3228.3101,3192.7500,3209.5000,29820000
1992-01-10,3209.5000,3217.1299,3185.3799,3199.5000,23440000
1992-01-13,3199.5000,3201.2500,3179.1101,3185.6001,19300000
1992-01-14,3185.6001,3248.8799,3182.9199,3246.2000,24220000
1992-01-15,3246.2000,3263.4199,3232.1101,3258.5000,29560000
1992-01-16,3258.5000,3262.7500,3222.0500,3249.6001,38100000
1992-01-17,3249.6001,3279.9600,3243.2900,3265.0000,39780000
1992-01-20,3265.0000,3269.8999,3245.0801,3254.0000,18190000
1992-01-21,3254.0000,3254.4700,3215.3401,3223.3999,24160000
1992-01-22,3223.3999,3256.0400,3216.9099,3255.8000,21590000
1992-01-23,3255.8000,3266.9900,3222.9399,3226.7000,22140000
1992-01-24,3226.7000,3248.4299,3216.6799,3232.8000,22600000
1992-01-27,3232.8000,3246.6499,3230.5500,3240.6001,19110000
1992-01-28,3240.6001,3275.4900,3239.9399,3272.1001,24960000
1992-01-29,3272.1001,3299.1899,3218.4700,3225.0000,32500000
1992-01-30,3225.0000,3247.3201,3216.0100,3244.8999,22080000
1992-01-31,3244.8999,3255.3701,3222.7200,3223.3999,20610000
1992-02-03,3223.3999,3239.0400,3213.5500,3234.1001,18860000
1992-02-04,3234.1001,3272.8101,3229.4299,3272.8000,23970000
1992-02-05,3272.8000,3282.2000,3251.7900,3257.6001,27360000
1992-02-06,3257.6001,3265.6499,3238.6001,3255.6001,20490000
1992-02-07,3255.6001,3269.8999,3207.9600,3225.3999,21660000
1992-02-10,3225.3999,3247.9900,3223.8401,3245.1001,16100000
1992-02-11,3245.1001,3259.6201,3236.1399,3251.6001,23400000
1992-02-12,3251.6001,3286.0000,3244.6299,3276.8000,21580000
1992-02-13,3276.8000,3283.9900,3236.3601,3246.7000,22200000
1992-02-14,3246.7000,3254.7000,3221.8201,3246.0000,21260000
1992-02-18,3246.0000,3268.5601,3219.1399,3224.7000,21970000
1992-02-19,3224.7000,3241.7300,3215.3401,3230.3000,22930000
1992-02-20,3230.6001,3283.7700,3230.5500,3280.6001,25840000
1992-02-21,3280.6001,3286.6699,3252.9099,3280.2000,26840000
1992-02-24,3280.2000,3289.8000,3266.1001,3282.3999,17880000
1992-02-25,3282.2000,3282.2000,3240.3799,3257.8000,20980000
1992-02-26,3257.8000,3290.9199,3254.4700,3283.3000,21160000
1992-02-27,3283.3000,3286.8999,3265.8799,3269.5000,18710000
1992-02-28,3269.5000,3293.3799,3259.3899,3267.7000,17960000
1992-03-02,3267.7000,3276.6201,3261.3999,3275.3000,17220000
1992-03-03,3275.3000,3295.6201,3272.8101,3290.3000,19520000
1992-03-04,3290.3000,3299.6399,3268.5601,3268.6001,22800000
1992-03-05,3268.3000,3268.3401,3235.6899,3241.5000,18220000
1992-03-06,3241.5000,3252.0100,3213.7700,3221.6001,18460000
1992-03-09,3221.6001,3227.1899,3211.3101,3215.1001,16530000
1992-03-10,3215.1001,3248.2100,3214.6699,3231.0000,20730000
1992-03-11,3231.0000,3233.4500,3198.3501,3208.6001,17670000
1992-03-12,3208.6001,3213.1001,3188.2800,3208.6001,18080000
1992-03-13,3208.6001,3237.0300,3208.1799,3235.8999,16370000
1992-03-16,3235.8999,3236.5801,3208.4099,3236.3999,15050000
1992-03-17,3236.3999,3260.0601,3235.9099,3256.0000,18020000
1992-03-18,3256.0000,3271.9099,3246.2000,3254.3000,17890000
1992-03-19,3254.3000,3269.8999,3251.1499,3261.3999,17170000
1992-03-20,3261.3999,3277.2800,3255.8101,3276.3999,28640000
1992-03-23,3275.8999,3275.9399,3261.1799,3272.1001,15690000
1992-03-24,3272.1001,3284.4399,3249.1101,3261.0000,24380000
1992-03-25,3261.0000,3276.3899,3251.1201,3259.3999,18960000
1992-03-26,3259.3999,3275.0400,3251.3401,3267.7000,18120000
1992-03-27,3267.7000,3268.1101,3226.5200,3231.3999,15140000
1992-03-30,3231.3999,3248.8799,3229.4299,3235.2000,12640000
1992-03-31,3235.2000,3260.7300,3228.9800,3235.5000,15110000
1992-04-01,3235.5000,3252.2400,3215.3401,3249.3000,18840000
1992-04-02,3249.3000,3259.6201,3220.2600,3234.1001,19020000
1992-04-03,3234.1001,3250.8899,3211.3101,3249.1001,21150000
1992-04-06,3249.3000,3276.8301,3249.3000,3275.5000,20110000
1992-04-07,3275.5000,3279.2900,3211.0901,3213.6001,22490000
1992-04-08,3213.6001,3213.6001,3161.2300,3181.3999,29710000
1992-04-09,3181.8000,3231.6599,3181.8000,3225.0000,24490000
1992-04-10,3225.6001,3262.9700,3225.6001,3255.3999,18650000
1992-04-13,3255.3999,3270.5701,3248.4299,3269.8999,13220000
1992-04-14,3269.8999,3322.2300,3269.4500,3306.1001,26050000
1992-04-15,3307.0000,3354.2000,3307.0000,3353.8000,25460000
1992-04-16,3353.8000,3366.5000,3343.2500,3366.5000,27840000
1992-04-20,3365.6001,3365.6101,3315.5200,3336.3000,22290000
1992-04-21,3336.3000,3350.6299,3320.8899,3343.3000,20080000
1992-04-22,3343.3000,3352.8601,3330.7200,3338.8000,18160000
1992-04-23,3338.8000,3352.8601,3330.7200,3348.6001,24810000
1992-04-24,3348.6001,3361.8101,3323.1201,3324.5000,21220000
1992-04-27,3324.0000,3324.0200,3303.6699,3304.5601,21610000
1992-04-28,3304.5000,3317.0801,3283.9900,3307.8999,18860000
1992-04-29,3308.1001,3338.7700,3308.1001,3333.2000,21280000
1992-04-30,3333.2000,3361.1399,3328.4900,3359.1001,22960000
1992-05-01,3359.1001,3362.0300,3324.0200,3336.1001,19380000
1992-05-04,3336.1001,3387.5200,3335.8701,3378.1001,18680000
1992-05-05,3378.1001,3378.1299,3358.8999,3359.3999,18080000
1992-05-06,3360.0000,3383.7200,3360.0000,3369.3999,17940000
1992-05-07,3369.3999,3374.7800,3357.3301,3363.3999,17570000
1992-05-08,3363.3999,3375.6699,3353.5300,3369.3999,14560000
1992-05-11,3369.3999,3397.8101,3368.9600,3397.6001,14110000
1992-05-12,3397.6001,3440.6699,3373.9099,3385.1001,19030000
1992-05-13,3385.1001,3396.7900,3378.7100,3392.0000,17720000
1992-05-14,3392.0000,3393.5801,3357.2100,3368.8999,18270000
1992-05-15,3368.8999,3368.8999,3346.0000,3353.1001,18430000
1992-05-18,3353.1001,3381.6399,3353.0901,3376.0000,14960000
1992-05-19,3376.0000,3440.1899,3368.4700,3398.0000,20950000
1992-05-20,3398.0000,3404.3401,3388.2300,3393.8000,34230000
1992-05-21,3393.8000,3394.0901,3365.5400,3378.7000,19190000
1992-05-22,3378.7000,3392.6201,3376.5200,3386.8000,17690000
1992-05-26,3386.8000,3386.8000,3356.4399,3364.2000,25940000
1992-05-27,3364.2000,3380.3301,3360.0701,3370.3999,22390000
1992-05-28,3370.3999,3398.4299,3368.6201,3398.3999,18350000
1992-05-29,3398.3999,3420.2100,3396.1001,3396.8999,20770000
1992-06-01,3396.8999,3413.4700,3373.0300,3413.2000,21280000
1992-06-02,3413.2000,3420.4700,3392.7300,3396.1001,22350000
1992-06-03,3396.1001,3422.2800,3389.3601,3407.0000,22690000
1992-06-04,3407.0000,3410.1001,3392.4700,3399.7000,24370000
1992-06-05,3399.7000,3403.1001,3392.4700,3398.7000,23760000
1992-06-08,3398.7000,3404.1299,3391.6899,3404.1001,16280000
1992-06-09,3404.1001,3405.4299,3359.5500,3369.8999,17510000
1992-06-10,3369.8999,3370.9500,3338.2900,3343.2000,20880000
1992-06-11,3343.2000,3352.5500,3323.7800,3351.5000,24850000
1992-06-12,3352.0000,3381.5801,3352.0000,3354.3999,19820000
1992-06-15,3354.3999,3363.1899,3337.5100,3354.8999,17220000
1992-06-16,3354.8999,3367.2000,3329.4900,3329.5000,19190000
1992-06-17,3329.5000,3329.7500,3283.7500,3287.8000,28140000
1992-06-18,3287.8000,3290.4299,3269.0300,3274.1001,25690000
1992-06-19,3274.3999,3299.5300,3274.3799,3285.3999,26660000
1992-06-22,3285.3999,3285.8899,3254.0500,3280.8000,20420000
1992-06-23,3280.8000,3296.8501,3280.5400,3285.6001,26320000
1992-06-24,3285.6001,3302.7400,3284.0100,3290.7000,24360000
1992-06-25,3290.7000,3304.0801,3271.4399,3284.0000,21160000
1992-06-26,3284.0000,3290.9700,3269.8401,3282.3999,16650000
1992-06-29,3282.7000,3319.8601,3282.6799,3319.8601,17130000
1992-06-30,3319.8999,3331.6299,3316.6499,3318.5000,18630000
1992-07-01,3318.8000,3354.1001,3318.7900,3354.1001,22780000
1992-07-02,3354.1001,3373.8899,3326.5400,3330.3000,25900000
1992-07-06,3330.3000,3340.2900,3326.7800,3339.2000,23870000
1992-07-07,3339.2000,3352.7100,3291.3899,3295.2000,25200000
1992-07-08,3295.2000,3303.2700,3273.5601,3293.3000,23540000
1992-07-09,3293.6001,3336.5000,3293.5500,3324.1001,23090000
1992-07-10,3324.1001,3339.7500,3315.1599,3330.6001,15400000
1992-07-13,3330.6001,3344.0701,3327.0500,3337.3000,13650000
1992-07-14,3337.3000,3358.9299,3328.6699,3358.3999,19130000
1992-07-15,3358.3999,3363.2500,3339.7500,3345.3999,21110000
1992-07-16,3345.3999,3364.3301,3333.2600,3361.6001,21500000
1992-07-17,3361.1001,3361.1001,3317.0500,3331.6001,22830000
1992-07-20,3331.1001,3331.1001,3287.0601,3303.0000,18060000
1992-07-21,3303.3000,3322.7300,3303.2700,3308.3999,16810000
1992-07-22,3307.8999,3307.8999,3275.1799,3277.6001,19750000
1992-07-23,3277.6001,3291.3899,3266.5300,3290.0000,23000000
1992-07-24,3290.0000,3297.3000,3276.8000,3285.7000,13420000
1992-07-27,3285.7000,3299.4900,3282.2000,3282.2000,14760000
1992-07-28,3282.2000,3335.1499,3282.2000,3334.1001,22000000
1992-07-29,3334.1001,3385.1299,3334.0901,3379.2000,30410000
1992-07-30,3379.2000,3395.9399,3374.3301,3391.8999,20060000
1992-07-31,3391.8999,3402.9600,3385.6699,3393.8000,13500000
1992-08-03,3393.8000,3399.9900,3384.0500,3395.3999,17280000
1992-08-04,3395.3999,3396.7500,3377.5701,3384.3000,16430000
1992-08-05,3384.3000,3384.3201,3360.2800,3365.1001,17830000
1992-08-06,3365.1001,3365.6799,3338.9299,3340.6001,21950000
1992-08-07,3340.6001,3369.7300,3331.3701,3332.2000,22310000
1992-08-10,3332.2000,3337.5801,3316.7800,3337.5601,15580000
1992-08-11,3337.6001,3342.1799,3314.3501,3331.1001,18000000
1992-08-12,3331.1001,3342.1799,3310.8401,3320.8000,15480000
1992-08-13,3320.8000,3337.0400,3306.7900,3313.3000,19900000
1992-08-14,3313.3000,3331.9099,3311.1101,3328.8999,15400000
1992-08-17,3328.8999,3338.9299,3321.6399,3324.8999,13860000
1992-08-18,3324.8999,3332.4500,3315.7000,3329.5000,12930000
1992-08-19,3329.5000,3335.6899,3307.0601,3307.1001,14420000
1992-08-20,3307.1001,3315.4299,3295.4399,3304.8999,14690000
1992-08-21,3304.8999,3324.0801,3254.1001,3254.1001,21610000
1992-08-24,3254.1001,3254.1001,3223.0400,3228.2000,18360000
1992-08-25,3228.2000,3235.1899,3207.1001,3232.2000,22460000
1992-08-26,3232.2000,3250.0500,3225.4700,3246.8000,17870000
1992-08-27,3246.8000,3273.0200,3246.8000,3254.6001,19790000
1992-08-28,3254.6001,3269.7700,3249.7800,3267.6001,14430000
1992-08-31,3267.6001,3274.1001,3254.3701,3257.3999,12800000
1992-09-01,3257.3999,3266.2600,3254.1001,3266.2600,15460000
1992-09-02,3266.3000,3292.4700,3263.8301,3290.3000,18670000
1992-09-03,3290.3000,3313.5400,3285.1799,3292.2000,23480000
1992-09-04,3292.2000,3296.5200,3277.6101,3281.8999,13210000
1992-09-08,3281.8999,3282.7400,3257.6201,3260.6001,15630000
1992-09-09,3260.6001,3273.0200,3258.1599,3271.3999,18870000
1992-09-10,3271.3999,3312.7300,3270.8501,3305.2000,22820000
1992-09-11,3305.2000,3317.3201,3300.8401,3305.7000,16780000
1992-09-14,3306.8000,3376.4900,3306.7900,3376.2000,30720000
1992-09-15,3375.3999,3375.4099,3323.0000,3327.3000,20210000
1992-09-16,3327.3000,3333.8899,3307.6001,3319.2000,26850000
1992-09-17,3319.2000,3328.6699,3311.3799,3315.7000,20170000
1992-09-18,3315.7000,3327.3201,3308.6799,3327.1001,24980000
1992-09-21,3327.1001,3327.8401,3310.5701,3320.8000,15850000
1992-09-22,3320.8000,3321.1001,3280.0400,3280.8999,21070000
1992-09-23,3280.8999,3287.6001,3264.9099,3278.7000,23860000
1992-09-24,3279.0000,3294.8999,3278.9600,3287.8999,26240000
1992-09-25,3287.8999,3289.7700,3244.8401,3250.3000,22110000
1992-09-28,3250.3000,3276.2600,3242.7600,3276.2600,18020000
1992-09-29,3276.3000,3280.0400,3259.2400,3266.8000,22280000
1992-09-30,3266.8000,3276.8000,3264.3701,3271.7000,19290000
1992-10-01,3271.7000,3280.8501,3246.0000,3254.3999,21020000
1992-10-02,3254.3999,3259.2400,3198.7200,3200.6001,20670000
1992-10-05,3200.6001,3200.6101,3095.7900,3179.0000,37360000
1992-10-06,3179.0000,3191.9700,3157.6599,3178.2000,20220000
1992-10-07,3178.2000,3187.9099,3145.7700,3152.3000,19530000
1992-10-08,3152.3000,3178.1899,3145.7700,3176.0000,22490000
1992-10-09,3176.0000,3176.3000,3131.7200,3136.6001,19310000
1992-10-12,3136.6001,3174.6799,3136.3101,3174.3999,14260000
1992-10-13,3174.3999,3211.9600,3167.6499,3201.3999,20360000
1992-10-14,3201.3999,3217.0901,3179.0000,3195.5000,18730000
1992-10-15,3195.5000,3198.4500,3167.3799,3174.7000,32240000
1992-10-16,3174.7000,3180.3501,3142.5300,3174.3999,40880000
1992-10-19,3174.3999,3197.6399,3169.0000,3188.5000,26190000
1992-10-20,3188.5000,3213.0400,3179.0000,3186.0000,26500000
1992-10-21,3186.0000,3199.8000,3179.8101,3187.1001,24690000
1992-10-22,3187.1001,3202.5000,3174.6799,3200.8999,23070000
1992-10-23,3200.8999,3215.2000,3196.0200,3207.6001,26490000
1992-10-26,3207.6001,3244.9199,3205.2000,3244.1001,23440000
1992-10-27,3244.1001,3251.3999,3221.9500,3235.7000,24860000
1992-10-28,3235.7000,3251.3999,3224.1201,3251.3999,29930000
1992-10-29,3251.3999,3254.9099,3236.8101,3246.3000,20070000
1992-10-30,3230.6001,3230.6001,3224.1201,3226.3000,18450000
1992-11-02,3226.3000,3262.2100,3221.4099,3262.2000,23860000
1992-11-03,3262.2000,3266.8000,3236.8101,3252.5000,25520000
1992-11-04,3252.5000,3268.1499,3219.5200,3223.0000,20330000
1992-11-05,3223.0000,3245.1899,3215.2000,3243.8000,27030000
1992-11-06,3243.8000,3250.0500,3234.3501,3240.1001,23660000
1992-11-09,3240.1001,3259.7800,3231.6799,3240.8999,19980000
1992-11-10,3240.8999,3252.4800,3224.6599,3225.5000,21540000
1992-11-11,3225.5000,3245.7300,3219.2500,3240.3000,22660000
1992-11-12,3240.3000,3250.0500,3230.8701,3239.8000,22880000
1992-11-13,3239.8000,3240.6001,3224.1201,3233.0000,19110000
1992-11-16,3233.0000,3233.0300,3203.8501,3205.7000,17400000
1992-11-17,3205.7000,3211.9600,3184.6699,3193.3000,18600000
1992-11-18,3193.3000,3214.9299,3191.4299,3207.3999,23240000
1992-11-19,3207.3999,3216.8201,3200.6101,3209.5000,21590000
1992-11-20,3209.8000,3231.1399,3209.8000,3227.3999,34640000
1992-11-23,3227.3999,3234.1101,3214.6599,3223.0000,23660000
1992-11-24,3223.0000,3265.9900,3221.6799,3248.7000,28070000
1992-11-25,3248.7000,3269.2300,3247.0801,3266.3000,23070000
1992-11-27,3266.3000,3296.2500,3266.2600,3282.2000,12440000
1992-11-30,3282.7000,3308.4099,3282.7000,3305.2000,23060000
1992-12-01,3305.2000,3307.8701,3286.2500,3294.3999,32070000
1992-12-02,3294.3999,3297.0601,3280.3101,3286.3000,21220000
1992-12-03,3286.3000,3291.6599,3268.9600,3276.5000,20720000
1992-12-04,3276.5000,3298.9500,3272.4700,3288.7000,23710000
1992-12-07,3289.0000,3307.6001,3288.9500,3307.3000,25690000
1992-12-08,3307.3000,3323.5400,3303.5400,3322.2000,23040000
1992-12-09,3322.2000,3335.6899,3308.1399,3323.8000,22660000
1992-12-10,3323.8000,3323.8101,3300.5701,3312.2000,20230000
1992-12-11,3311.8999,3311.9199,3301.1101,3304.1001,13550000
1992-12-14,3304.1001,3317.0500,3292.2000,3292.2000,16700000
1992-12-15,3292.2000,3295.4399,3279.5000,3284.3999,29640000
1992-12-16,3284.3999,3295.7100,3248.1599,3255.2000,30870000
1992-12-17,3255.2000,3271.9299,3251.3999,3269.2000,28370000
1992-12-18,3270.8999,3313.5400,3270.8501,3313.3000,48430000
1992-12-21,3313.3000,3318.3999,3303.2700,3312.5000,26680000
1992-12-22,3312.5000,3328.9399,3301.6499,3321.1001,25970000
1992-12-23,3321.1001,3332.7200,3313.5400,3313.5400,21980000
1992-12-24,3313.5000,3328.1299,3313.0000,3326.2000,9930000
1992-12-28,3326.2000,3333.2600,3309.2200,3333.2600,13930000
1992-12-29,3333.3000,3352.7100,3306.5200,3310.8000,25400000
1992-12-30,3310.8000,3328.6699,3309.7600,3321.1001,16000000
1992-12-31,3321.1001,3327.8601,3301.1101,3301.1101,13860000
1993-01-04,3301.1001,3319.2100,3298.6799,3309.2000,21400000
1993-01-05,3309.2000,3320.8301,3300.5701,3307.8999,28060000
1993-01-06,3307.8999,3312.1899,3290.5801,3305.2000,35790000
1993-01-07,3305.2000,3313.2700,3260.8601,3269.0000,36820000
1993-01-08,3269.0000,3269.0000,3231.9500,3251.7000,30690000
1993-01-11,3251.7000,3262.7500,3250.0500,3262.7500,24500000
1993-01-12,3262.8000,3268.6899,3240.0601,3264.6001,29660000
1993-01-13,3264.6001,3269.5000,3243.8401,3263.6001,28950000
1993-01-14,3263.6001,3279.2300,3251.1299,3267.8999,36150000
1993-01-15,3267.8999,3285.1699,3258.1599,3271.1001,39270000
1993-01-18,3271.1001,3275.7200,3263.0200,3274.8999,23030000
1993-01-19,3274.8999,3283.2800,3254.3701,3256.0000,35680000
1993-01-20,3256.0000,3264.1001,3240.6001,3242.0000,26680000
1993-01-21,3242.0000,3257.6201,3231.9500,3253.0000,27040000
1993-01-22,3253.0000,3267.3401,3250.0500,3256.8000,30760000
1993-01-25,3257.8999,3294.8999,3257.8899,3292.2000,35840000
1993-01-26,3292.2000,3320.0200,3291.6599,3299.0000,47430000
1993-01-27,3299.0000,3301.6499,3274.9099,3291.3999,32270000
1993-01-28,3291.3999,3308.4099,3289.7700,3306.3000,27930000
1993-01-29,3306.3000,3315.1599,3298.9500,3310.0000,22060000
1993-02-01,3310.0000,3332.4500,3309.4900,3332.2000,27910000
1993-02-02,3332.2000,3334.8799,3318.6699,3328.7000,27290000
1993-02-03,3328.8999,3379.4600,3328.8999,3373.8000,35290000
1993-02-04,3374.1001,3423.7700,3374.0601,3416.7000,36250000
1993-02-05,3416.7000,3443.2200,3411.3401,3442.1001,38720000
1993-02-08,3442.1001,3456.7300,3429.4399,3437.5000,29460000
1993-02-09,3437.5000,3437.5400,3407.8301,3414.6001,23530000
1993-02-10,3414.6001,3424.5801,3394.3201,3412.3999,26770000
1993-02-11,3412.3999,3442.6799,3411.8799,3422.7000,29250000
1993-02-12,3422.7000,3425.6599,3392.4299,3392.4299,22870000
1993-02-16,3392.2000,3392.2000,3304.6201,3309.5000,38580000
1993-02-17,3309.5000,3317.5901,3290.3101,3312.2000,31700000
1993-02-18,3312.2000,3348.6599,3266.8000,3302.2000,33650000
1993-02-19,3302.2000,3322.1799,3287.8701,3322.1799,30520000
1993-02-22,3322.2000,3345.9600,3317.0500,3342.9900,34140000
1993-02-23,3343.0000,3353.5200,3316.7800,3323.2700,34930000
1993-02-24,3323.3000,3356.7700,3322.1799,3356.5000,29410000
1993-02-25,3356.5000,3365.1399,3343.2600,3365.1399,25250000
1993-02-26,3365.1001,3378.1101,3351.3601,3370.8101,21990000
1993-03-01,3370.8000,3383.7800,3350.0100,3355.4099,21770000
1993-03-02,3355.3999,3400.8000,3343.2600,3400.5300,25310000
1993-03-03,3400.5000,3413.7700,3391.6201,3404.0400,25160000
1993-03-04,3404.0000,3409.4500,3388.9099,3398.9099,21250000
1993-03-05,3398.8999,3433.2200,3391.8899,3404.5801,28020000
1993-03-08,3404.6001,3471.0400,3391.8899,3469.4199,32460000
1993-03-09,3469.3999,3482.1201,3462.3999,3472.1201,28120000
1993-03-10,3472.1001,3478.3401,3449.4299,3478.3401,28730000
1993-03-11,3478.3000,3479.6899,3450.5100,3457.0000,24220000
1993-03-12,3456.7000,3456.7300,3403.7700,3427.8201,25650000
1993-03-15,3427.8000,3442.4099,3426.4700,3442.4099,16910000
1993-03-16,3442.3999,3449.4299,3438.0801,3442.9500,16730000
1993-03-17,3443.0000,3444.8401,3422.9600,3426.7400,19970000
1993-03-18,3426.7000,3477.5300,3426.7000,3465.6399,24480000
1993-03-19,3465.6001,3477.2600,3459.1599,3471.5801,35360000
1993-03-22,3470.8000,3470.8000,3444.0300,3463.4800,25670000
1993-03-23,3463.5000,3469.6899,3453.4800,3461.8601,21810000
1993-03-24,3450.5000,3450.5000,3430.2500,3445.3799,36020000
1993-03-25,3445.3999,3472.6699,3445.3799,3461.3201,32190000
1993-03-26,3461.3000,3471.3101,3439.4399,3439.9800,25300000
1993-03-29,3440.3000,3478.3401,3440.2500,3455.1001,21850000
1993-03-30,3455.1001,3458.6201,3434.8401,3457.2700,23450000
1993-03-31,3457.3000,3470.7700,3435.1101,3435.1101,25670000
1993-04-01,3435.1001,3452.6699,3432.1399,3439.4399,20660000
1993-04-02,3439.3999,3439.4399,3365.4099,3370.8101,53740000
1993-04-05,3370.8000,3381.3501,3364.8701,3379.1899,35090000
1993-04-06,3379.2000,3391.6201,3363.7900,3377.5701,34650000
1993-04-07,3377.6001,3397.8301,3372.9800,3397.0200,33620000
1993-04-08,3397.0000,3408.1001,3378.6499,3396.4800,35880000
1993-04-12,3396.5000,3434.8401,3395.6699,3428.0901,24990000
1993-04-13,3428.3999,3450.7800,3428.3601,3444.0300,30070000
1993-04-14,3444.0000,3461.8601,3441.6001,3455.6399,24620000
1993-04-15,3455.6001,3466.1799,3437.5400,3455.9199,27510000
1993-04-16,3456.5000,3478.6101,3456.4600,3478.6101,31770000
1993-04-19,3478.6001,3481.5801,3457.8101,3466.9900,25050000
1993-04-20,3467.0000,3468.6101,3420.2500,3443.4900,32410000
1993-04-21,3443.5000,3453.4800,3426.7400,3439.4399,27720000
1993-04-22,3439.3999,3471.0400,3423.7700,3429.1699,34030000
1993-04-23,3428.6001,3428.6299,3403.5000,3413.7700,27600000
1993-04-26,3413.8000,3425.6599,3387.0200,3398.3701,27070000
1993-04-27,3398.3999,3416.7400,3383.2400,3415.9299,29780000
1993-04-28,3415.8999,3424.5801,3395.3999,3413.5000,39030000
1993-04-29,3413.5000,3427.0100,3392.4299,3425.1201,27410000
1993-04-30,3425.1001,3446.1899,3422.4099,3427.5500,23290000
1993-05-03,3439.3999,3459.4299,3439.3999,3446.4600,22190000
1993-05-04,3446.5000,3459.4299,3439.4399,3446.1899,22790000
1993-05-05,3446.2000,3457.3999,3439.4099,3449.1001,25640000
1993-05-06,3449.1001,3454.3501,3439.1299,3441.8999,24460000
1993-05-07,3441.8999,3447.9900,3427.2300,3437.1899,25390000
1993-05-10,3437.2000,3467.9199,3435.2600,3443.2800,26170000
1993-05-11,3443.3000,3468.7500,3435.2600,3468.7500,21360000
1993-05-12,3468.8000,3483.1399,3458.2300,3482.3101,26630000
1993-05-13,3482.0000,3482.0300,3447.7100,3447.9900,27250000
1993-05-14,3448.0000,3457.1201,3437.4700,3443.0100,18370000
1993-05-17,3437.5000,3451.3000,3428.8999,3449.9299,17680000
1993-05-18,3449.8999,3454.6299,3422.5200,3444.3899,22040000
1993-05-19,3444.3999,3503.3501,3415.3301,3500.0300,36140000
1993-05-20,3500.0000,3523.2800,3494.7700,3523.2800,26620000
1993-05-21,3523.3000,3524.1101,3476.2200,3492.8301,25660000
1993-05-24,3492.8000,3513.5901,3485.6299,3507.7800,17840000
1993-05-25,3507.8000,3519.1201,3501.6899,3516.6299,19740000
1993-05-26,3516.6001,3548.1899,3513.8601,3540.1599,24440000
1993-05-27,3541.0000,3565.0701,3540.9900,3554.8301,24550000
1993-05-28,3554.8000,3554.8301,3510.2700,3527.4299,17700000
1993-06-01,3527.3999,3569.7800,3527.3999,3552.3401,18550000
1993-06-02,3552.3000,3562.3000,3543.7600,3553.4500,19610000
1993-06-03,3553.5000,3553.7200,3531.5801,3544.8701,19830000
1993-06-04,3544.8999,3545.9700,3530.2000,3545.1399,17300000
1993-06-07,3545.1001,3550.1201,3527.7000,3532.1299,18010000
1993-06-08,3532.1001,3533.2400,3506.1101,3510.5400,18590000
1993-06-09,3510.5000,3530.7500,3505.2800,3511.9299,19110000
1993-06-10,3511.8999,3516.9099,3483.9700,3491.7200,22010000
1993-06-11,3492.0000,3514.9700,3492.0000,3505.0100,20440000
1993-06-14,3505.0000,3519.1201,3504.4500,3514.6899,18850000
1993-06-15,3514.1001,3514.1399,3491.7200,3492.0000,22690000
1993-06-16,3492.0000,3512.7600,3475.9399,3511.6499,24410000
1993-06-17,3511.7000,3525.2100,3506.3899,3521.8899,19950000
1993-06-18,3528.3000,3528.3000,3494.5000,3494.7700,28860000
1993-06-21,3494.8000,3511.9299,3491.7200,3510.8201,20250000
1993-06-22,3510.8000,3511.3701,3489.5100,3497.5300,22830000
1993-06-23,3497.5000,3497.8101,3466.8101,3466.8101,26330000
1993-06-24,3466.8000,3493.1101,3462.6599,3490.6101,22990000
1993-06-25,3490.6001,3501.1299,3485.6299,3490.8899,16030000
1993-06-28,3491.2000,3531.5801,3491.1699,3530.2000,19180000
1993-06-29,3530.2000,3530.4700,3505.8401,3518.8501,21210000
1993-06-30,3518.8999,3525.7700,3512.7600,3516.0801,24110000
1993-07-01,3516.1001,3523.0000,3503.6201,3510.5400,22680000
1993-07-02,3510.5000,3511.1001,3480.9299,3483.9700,19160000
1993-07-06,3484.0000,3492.8301,3449.9299,3449.9299,19400000
1993-07-07,3449.8999,3476.5000,3449.8999,3475.6699,23220000
1993-07-08,3475.7000,3517.1899,3475.3899,3514.4199,31020000
1993-07-09,3514.3999,3527.9800,3507.2200,3521.0601,23630000
1993-07-12,3521.1001,3526.0400,3514.9700,3524.3799,17440000
1993-07-13,3524.3999,3533.3401,3509.8501,3515.4399,22810000
1993-07-14,3515.3999,3550.6499,3515.1599,3542.5500,23040000
1993-07-15,3542.6001,3550.9299,3526.0601,3550.9299,22820000
1993-07-16,3550.8999,3550.9299,3525.2200,3528.2900,26990000
1993-07-19,3528.3000,3540.8701,3524.6599,3535.2800,22240000
1993-07-20,3535.3000,3548.9700,3511.5300,3544.7800,30110000
1993-07-21,3544.8000,3556.5200,3532.7700,3555.3999,21030000
1993-07-22,3555.1001,3555.1201,3521.3101,3525.2200,20720000
1993-07-23,3525.2000,3548.6899,3524.1001,3546.7400,19690000
1993-07-26,3546.7000,3571.0500,3546.7000,3567.7000,19570000
1993-07-27,3567.7000,3583.5000,3549.2500,3565.4600,30150000
1993-07-28,3565.5000,3566.0200,3544.7800,3553.4500,32370000
1993-07-29,3553.5000,3579.7100,3551.4900,3567.4199,27590000
1993-07-30,3567.1001,3567.1399,3530.8101,3539.4700,25300000
1993-08-02,3539.5000,3562.6699,3536.9600,3560.9900,20980000
1993-08-03,3561.0000,3566.0200,3547.3000,3561.2700,23060000
1993-08-04,3561.3000,3562.1101,3548.9700,3552.0500,23760000
1993-08-05,3552.1001,3560.1499,3537.8000,3548.9700,18220000
1993-08-06,3549.0000,3566.0200,3548.6899,3560.4299,21460000
1993-08-09,3560.3999,3585.3000,3554.8401,3576.0801,22450000
1993-08-10,3576.1001,3579.4299,3564.6201,3572.7300,23000000
1993-08-11,3573.3000,3584.1799,3573.2900,3583.3501,22030000
1993-08-12,3583.3999,3595.0801,3552.3301,3569.0901,22390000
1993-08-13,3569.1001,3576.6399,3563.2300,3569.6499,17740000
1993-08-16,3569.7000,3591.7300,3564.3401,3579.1499,24820000
1993-08-17,3579.2000,3590.6101,3574.1201,3586.9800,25650000
1993-08-18,3587.0000,3617.7200,3586.9800,3604.8601,35860000
1993-08-19,3604.8999,3612.1299,3597.6001,3612.1299,33920000
1993-08-20,3612.1001,3615.4800,3595.3601,3615.4800,32040000
1993-08-23,3614.6001,3614.6399,3595.6399,3605.9800,20750000
1993-08-24,3606.0000,3639.2400,3604.5801,3638.9600,24980000
1993-08-25,3639.0000,3657.9600,3638.9600,3652.0901,30750000
1993-08-26,3652.1001,3663.8301,3640.9099,3648.1799,26540000
1993-08-27,3648.2000,3648.2000,3624.9800,3640.6299,18760000
1993-08-30,3640.6001,3655.1599,3637.8401,3643.9900,17750000
1993-08-31,3641.3000,3651.3000,3633.3701,3651.2500,19700000
1993-09-01,3651.3000,3655.7200,3638.1201,3645.1001,22410000
1993-09-02,3645.1001,3649.8501,3623.8701,3626.1001,24090000
1993-09-03,3626.1001,3638.3999,3616.6001,3633.9299,16950000
1993-09-07,3633.8999,3636.4399,3600.3899,3607.1001,18170000
1993-09-08,3607.1001,3608.7800,3573.5701,3588.9299,23420000
1993-09-09,3588.8999,3598.9900,3575.8000,3589.4900,19730000
1993-09-10,3589.5000,3622.4700,3588.3799,3621.6299,21340000
1993-09-13,3621.8999,3639.2400,3621.8999,3634.2100,20670000
1993-09-14,3634.2000,3634.2100,3606.8201,3615.7600,18550000
1993-09-15,3615.8000,3636.7200,3586.1399,3633.6499,27710000
1993-09-16,3633.7000,3633.7000,3617.4399,3630.8501,18230000
1993-09-17,3630.6001,3630.6001,3600.6699,3613.2500,50350000
1993-09-20,3613.3000,3621.3501,3575.5200,3575.8000,19610000
1993-09-21,3575.8000,3584.1799,3507.0601,3537.2400,30360000
1993-09-22,3537.2000,3557.0801,3529.1299,3547.0200,27420000
1993-09-23,3547.0000,3554.2800,3530.8101,3539.7500,25320000
1993-09-24,3539.8000,3548.4199,3528.5701,3543.1101,20370000
1993-09-27,3543.1001,3573.8401,3542.8301,3567.7000,19560000
1993-09-28,3567.7000,3571.3301,3559.8701,3566.0200,18740000
1993-09-29,3566.0000,3576.3601,3554.2800,3566.3000,21860000
1993-09-30,3566.3000,3567.7000,3547.8601,3555.1201,22930000
1993-10-01,3555.1001,3587.2600,3553.7200,3581.1101,24150000
1993-10-04,3581.1001,3584.4600,3566.8601,3577.7600,17830000
1993-10-05,3577.8000,3599.2700,3575.5200,3587.2600,24010000
1993-10-06,3587.3000,3605.9800,3584.1799,3598.9900,21830000
1993-10-07,3599.0000,3600.6699,3583.0701,3583.6299,18000000
1993-10-08,3583.6001,3597.0400,3557.3601,3584.7400,19300000
1993-10-11,3584.7000,3597.0400,3583.6299,3593.4099,14950000
1993-10-12,3593.3999,3602.6299,3588.6599,3593.1299,21130000
1993-10-13,3593.1001,3608.2200,3588.6599,3603.1899,27770000
1993-10-14,3603.2000,3637.5000,3598.4399,3621.6299,39740000
1993-10-15,3621.6001,3642.3101,3618.8401,3629.7300,36390000
1993-10-18,3629.7000,3646.5000,3620.2300,3642.3101,29180000
1993-10-19,3642.3000,3653.2100,3623.8701,3635.3201,24920000
1993-10-20,3635.3000,3645.1001,3629.4500,3645.1001,19670000
1993-10-21,3645.1001,3656.0000,3630.8501,3636.1599,23140000
1993-10-22,3637.3000,3676.9600,3637.2800,3649.3000,27840000
1993-10-25,3649.3000,3676.9600,3644.8201,3673.6101,25720000
1993-10-26,3673.6001,3674.7300,3654.0500,3672.4900,27070000
1993-10-27,3672.5000,3673.3301,3654.3301,3664.6599,27130000
1993-10-28,3664.7000,3708.8201,3664.6599,3687.8601,34530000
1993-10-29,3687.8999,3690.9299,3675.0000,3680.5901,24830000
1993-11-01,3680.6001,3695.1201,3674.4500,3692.6101,22940000
1993-11-02,3692.6001,3703.2300,3667.4600,3697.6399,32640000
1993-11-03,3697.6001,3700.4299,3644.5400,3661.8701,34190000
1993-11-04,3661.8999,3670.5300,3623.8701,3624.9800,25030000
1993-11-05,3625.0000,3644.5400,3600.6699,3643.4299,26950000
1993-11-08,3643.3999,3661.0300,3634.4800,3647.8999,21130000
1993-11-09,3647.8999,3669.9700,3640.0701,3640.0701,24890000
1993-11-10,3640.1001,3663.5500,3631.9700,3663.5500,31390000
1993-11-11,3663.6001,3679.7600,3658.5200,3662.4299,32580000
1993-11-12,3663.0000,3691.2100,3662.9900,3684.5000,29940000
1993-11-15,3684.5000,3687.8201,3669.9700,3677.5200,23520000
1993-11-16,3677.5000,3711.8899,3668.5801,3710.7700,29660000
1993-11-17,3710.8000,3717.7600,3684.5100,3704.3501,34120000
1993-11-18,3704.3501,3704.3501,3668.0200,3685.3401,38270000
1993-11-19,3685.3000,3694.0100,3657.1201,3694.0100,31060000
1993-11-22,3693.1699,3693.1699,3650.6899,3670.2500,28660000
1993-11-23,3670.3000,3684.5100,3663.5500,3674.1699,31770000
1993-11-24,3674.2000,3690.6499,3672.4900,3687.5801,20270000
1993-11-26,3687.6001,3697.9199,3675.5601,3683.9500,8880000
1993-11-29,3684.0000,3700.7100,3676.1201,3677.8000,25570000
1993-11-30,3677.8000,3698.7600,3673.6101,3683.9500,23220000
1993-12-01,3685.1001,3711.6101,3685.0601,3697.0801,27910000
1993-12-02,3697.1001,3707.7000,3690.6499,3702.1101,19520000
1993-12-03,3702.1001,3709.9399,3694.2900,3704.0701,19750000
1993-12-06,3704.1001,3721.1101,3702.1101,3710.2100,29020000
1993-12-07,3710.2000,3723.6299,3709.9399,3718.8799,27120000
1993-12-08,3718.8999,3735.0901,3716.0801,3734.5300,22100000
1993-12-09,3734.5000,3748.7800,3725.8601,3729.7800,22570000
1993-12-10,3729.8000,3741.2300,3723.9099,3740.6699,21350000
1993-12-13,3740.7000,3766.6599,3732.0100,3764.4299,21680000
1993-12-14,3764.3999,3770.0200,3741.5100,3742.6299,29490000
1993-12-15,3742.6001,3743.7500,3716.9199,3716.9199,34310000
1993-12-16,3716.8999,3734.8101,3713.8501,3726.1399,29050000
1993-12-17,3726.1001,3751.5701,3723.3501,3751.5701,38900000
1993-12-20,3751.6001,3760.5200,3742.6299,3755.2100,21960000
1993-12-21,3755.2000,3756.0400,3736.7600,3745.1499,22390000
1993-12-22,3745.2000,3762.7500,3744.8701,3762.1899,23490000
1993-12-23,3762.2000,3774.2100,3757.4399,3757.7200,22630000
1993-12-27,3757.7000,3792.9299,3755.7600,3792.9299,16280000
1993-12-28,3792.8999,3796.5601,3779.8000,3793.7700,17470000
1993-12-29,3793.8000,3799.9199,3782.0300,3794.3301,19680000
1993-12-30,3794.3000,3794.8899,3769.7400,3775.8799,15850000
1993-12-31,3775.8999,3792.0901,3754.0901,3754.0901,14730000
1994-01-03,3754.1001,3764.9900,3745.4299,3756.6001,24960000
1994-01-04,3756.6001,3783.8999,3742.8101,3783.8999,30500000
1994-01-05,3783.8999,3798.8201,3771.8000,3798.8201,43950000
1994-01-06,3798.8000,3813.1699,3798.2500,3803.8799,36320000
1994-01-07,3803.8999,3826.3899,3799.1001,3820.7700,29210000
1994-01-10,3820.8000,3865.5100,3813.4500,3865.5100,32390000
1994-01-11,3864.9500,3864.9500,3845.8101,3850.3101,31440000
1994-01-12,3850.3000,3858.4800,3824.9900,3848.6299,31200000
1994-01-13,3848.3000,3848.3401,3829.2100,3842.4299,22900000
1994-01-14,3842.3999,3873.6699,3841.8701,3867.2000,26500000
1994-01-17,3867.2000,3878.4600,3856.2200,3870.2900,18550000
1994-01-18,3870.3000,3882.1101,3863.8201,3870.2900,30400000
1994-01-19,3870.3000,3885.4900,3864.3799,3884.3701,28700000
1994-01-20,3884.3999,3893.0901,3877.3301,3891.9600,25950000
1994-01-21,3892.0000,3914.4800,3884.6499,3914.4800,30970000
1994-01-24,3914.5000,3934.4600,3902.6599,3912.7900,27020000
1994-01-25,3912.8000,3920.9500,3887.1799,3895.3401,38410000
1994-01-26,3895.3000,3911.1001,3887.1799,3908.0000,30050000
1994-01-27,3908.0000,3930.5200,3901.2500,3926.3000,27770000
1994-01-28,3926.3000,3953.3101,3926.0100,3945.4299,25890000
1994-01-31,3945.4299,3985.9600,3945.4299,3978.3601,26450000
1994-02-01,3978.3999,3982.0200,3957.2500,3964.0100,23150000
1994-02-02,3964.0000,3976.9500,3956.6899,3975.5400,26990000
1994-02-03,3975.5000,3975.5400,3948.5300,3967.6599,25090000
1994-02-04,3967.7000,3968.5100,3870.0100,3871.4199,34480000
1994-02-07,3871.3999,3910.2600,3859.0400,3906.3201,36370000
1994-02-08,3906.3000,3918.7000,3892.5300,3906.0300,30970000
1994-02-09,3906.0000,3936.9900,3904.9099,3931.9199,29380000
1994-02-10,3931.8999,3938.3999,3893.9299,3895.3401,29890000
1994-02-11,3895.3000,3908.8999,3867.2000,3894.7800,21110000
1994-02-14,3894.8000,3923.2000,3880.1399,3904.0601,23220000
1994-02-15,3904.1001,3930.8000,3904.1001,3928.2700,24940000
1994-02-16,3928.3000,3949.6499,3927.1399,3937.2700,25320000
1994-02-17,3937.3000,3958.1001,3906.6001,3922.6399,31710000
1994-02-18,3922.6001,3923.2000,3880.1399,3887.4600,26280000
1994-02-22,3887.5000,3911.6599,3885.7700,3911.6599,20610000
1994-02-23,3911.7000,3914.4800,3882.6799,3891.6799,23560000
1994-02-24,3890.8000,3890.8401,3837.3701,3839.8999,27420000
1994-02-25,3839.8999,3855.3799,3826.3899,3838.7800,23870000
1994-02-28,3838.8000,3852.2800,3632.0200,3832.0200,24200000
1994-03-01,3832.0000,3835.6799,3786.1499,3809.2300,30290000
1994-03-02,3809.2000,3832.3000,3755.7600,3831.7400,38360000
1994-03-03,3831.7000,3832.5801,3808.6599,3824.4199,27300000
1994-03-04,3824.3999,3847.2200,3815.1399,3832.3000,25710000
1994-03-07,3832.3000,3861.8501,3832.0200,3856.2200,22150000
1994-03-08,3856.2000,3859.8799,3840.4600,3851.7200,28660000
1994-03-09,3851.7000,3856.5100,3829.7700,3853.4099,24820000
1994-03-10,3853.3999,3856.5100,3814.8601,3830.6201,24660000
1994-03-11,3830.6001,3862.7000,3815.4199,3862.7000,21390000
1994-03-14,3862.7000,3871.4199,3855.9399,3862.9800,24600000
1994-03-15,3863.0000,3872.0500,3839.2200,3849.5901,27500000
1994-03-16,3849.6001,3866.2900,3836.6299,3848.1499,25830000
1994-03-17,3848.2000,3865.1399,3842.9700,3865.1399,26420000
1994-03-18,3865.1001,3895.6499,3848.1499,3895.6499,56360000
1994-03-21,3895.7000,3895.9399,3857.9399,3864.8501,20080000
1994-03-22,3864.8999,3879.5300,3861.3899,3862.5500,25090000
1994-03-23,3862.6001,3881.5500,3857.0801,3869.4600,23340000
1994-03-24,3869.4600,3869.4600,3803.2400,3821.0901,27440000
1994-03-25,3821.1001,3826.8501,3774.7300,3774.7300,21530000
1994-03-28,3774.7000,3779.0500,3728.3799,3762.3501,27190000
1994-03-29,3762.3999,3762.9299,3697.8601,3699.0200,26850000
1994-03-30,3699.0000,3699.0200,3626.7500,3626.7500,44570000
1994-03-31,3626.8000,3650.6499,3559.0901,3635.9600,47350000
1994-04-04,3634.5000,3634.5200,3552.4700,3593.3501,43710000
1994-04-05,3593.9299,3680.3000,3593.9299,3675.4099,41360000
1994-04-06,3675.3999,3695.8501,3655.8301,3679.7300,34540000
1994-04-07,3679.7000,3697.2900,3657.8401,3693.2600,26900000
1994-04-08,3693.3000,3701.0300,3655.2500,3674.2600,26120000
1994-04-11,3674.3000,3701.0200,3670.6899,3688.8301,22680000
1994-04-12,3688.8000,3704.0000,3673.9600,3681.6899,21530000
1994-04-13,3681.7000,3685.8601,3631.1299,3661.4700,26330000
1994-04-14,3661.5000,3674.5500,3640.3501,3663.2500,26190000
1994-04-15,3663.3000,3679.3101,3655.8101,3661.4700,29590000
1994-04-18,3661.5000,3668.0100,3613.5801,3620.4199,26780000
1994-04-19,3620.3999,3642.1299,3582.9399,3619.8201,35380000
1994-04-20,3619.8000,3646.0000,3570.1499,3598.7100,38020000
1994-04-21,3599.3000,3652.8401,3599.3000,3652.5400,38970000
1994-04-22,3652.5000,3664.1399,3640.6399,3648.6799,27430000
1994-04-25,3648.7000,3706.0801,3648.6799,3705.7800,24330000
1994-04-26,3705.8000,3710.8401,3692.9900,3699.5400,23930000
1994-04-28,3699.5000,3704.8899,3657.3000,3668.3101,31000000
1994-04-29,3668.3000,3689.7200,3659.3799,3681.6899,21890000
1994-05-02,3681.7000,3713.8101,3665.0300,3701.0200,25070000
1994-05-03,3701.0000,3714.4099,3683.4800,3714.4099,24260000
1994-05-04,3714.3999,3715.6001,3684.9600,3697.7500,21300000
1994-05-05,3697.8000,3712.3301,3691.5100,3695.9700,21220000
1994-05-06,3695.6699,3695.6699,3641.5400,3669.5000,28060000
1994-05-09,3669.5000,3669.7900,3625.1799,3629.0400,24440000
1994-05-10,3629.3401,3666.5200,3629.3401,3656.4099,30020000
1994-05-11,3656.3999,3661.7600,3623.1001,3629.0400,26130000
1994-05-12,3629.6399,3664.1399,3629.6399,3652.8401,24570000
1994-05-13,3652.8000,3665.0300,3637.3701,3659.6799,23350000
1994-05-16,3659.7000,3676.1001,3647.5500,3671.5000,20920000
1994-05-17,3671.5000,3720.6101,3667.5100,3720.6101,28440000
1994-05-18,3720.6001,3741.1799,3700.6599,3732.8899,31180000
1994-05-19,3732.8999,3763.2800,3723.6799,3758.9800,29500000
1994-05-20,3759.0000,3768.8000,3740.8701,3766.3501,32750000
1994-05-23,3765.7000,3765.7300,3727.0601,3742.4099,24120000
1994-05-24,3742.3999,3766.3501,3729.2100,3745.1699,31440000
1994-05-25,3745.2000,3755.3000,3721.2300,3755.3000,21710000
1994-05-26,3755.3000,3772.7900,3742.7100,3753.4600,27230000
1994-05-27,3753.5000,3757.1399,3739.0300,3757.1399,18130000
1994-05-31,3757.1001,3767.2900,3742.0601,3758.3701,19630000
1994-06-01,3758.3999,3768.5200,3732.2100,3760.8301,25050000
1994-06-02,3760.8000,3770.3601,3753.7500,3758.9900,23920000
1994-06-03,3759.0000,3775.6001,3742.6699,3772.2200,24540000
1994-06-06,3772.2000,3793.4399,3768.2100,3768.5200,24280000
1994-06-07,3768.5000,3773.1299,3752.2100,3755.9099,20420000
1994-06-08,3755.8999,3767.2900,3730.9800,3749.4500,21210000
1994-06-09,3749.5000,3755.2900,3740.5200,3753.1399,23340000
1994-06-10,3753.1001,3779.6001,3751.9099,3773.4500,19160000
1994-06-13,3773.5000,3787.2400,3759.9700,3783.1201,22290000
1994-06-14,3783.4299,3816.4099,3783.4299,3814.8301,30330000
1994-06-15,3814.8000,3823.3899,3783.7500,3790.4099,27500000
1994-06-16,3790.3999,3811.3401,3785.3401,3811.3401,25210000
1994-06-17,3811.3000,3812.6101,3775.5100,3776.7800,44450000
1994-06-20,3776.1001,3776.1399,3729.8501,3741.8999,23160000
1994-06-21,3741.5801,3741.5801,3686.4099,3707.9700,30140000
1994-06-22,3708.0000,3733.3401,3707.9700,3724.7700,22890000
1994-06-23,3724.8000,3741.2600,3694.0200,3699.0901,24210000
1994-06-24,3698.7700,3698.7700,3629.0200,3636.9399,25080000
1994-06-27,3636.8999,3687.7700,3610.3999,3685.5000,25190000
1994-06-28,3685.5000,3694.2500,3639.5300,3669.6399,22910000
1994-06-29,3669.6001,3700.0701,3661.5500,3667.0500,23780000
1994-06-30,3667.1001,3675.7900,3622.7000,3624.9600,25500000
1994-07-01,3625.0000,3650.5400,3623.0200,3646.6499,21310000
1994-07-05,3646.6001,3667.7000,3636.2900,3652.4800,19190000
1994-07-06,3652.5000,3682.9099,3643.0901,3674.5000,20490000
1994-07-07,3674.5000,3694.2500,3668.9900,3688.4199,22150000
1994-07-08,3688.3999,3709.4600,3674.1699,3709.1399,20580000
1994-07-11,3709.1001,3718.2000,3680.3201,3702.9900,20550000
1994-07-12,3703.0000,3706.8701,3672.2300,3702.6599,24280000
1994-07-13,3702.7000,3722.0901,3696.1899,3704.2800,20780000
1994-07-14,3705.8999,3748.6299,3705.8999,3739.2500,27740000
1994-07-15,3739.3000,3753.8101,3731.1499,3753.8101,27590000
1994-07-18,3753.8000,3761.2600,3739.2500,3755.4299,20590000
1994-07-19,3755.3999,3762.5601,3748.3101,3748.3101,20120000
1994-07-20,3748.3000,3753.4900,3720.4099,3727.2700,21100000
1994-07-21,3727.3000,3744.1001,3714.6399,3732.4500,27850000
1994-07-22,3732.3999,3742.4800,3724.6799,3735.0400,24700000
1994-07-25,3735.0000,3744.1001,3731.8000,3741.8401,19620000
1994-07-26,3741.8401,3743.7800,3727.5901,3735.6799,23060000
1994-07-27,3735.7000,3736.6599,3714.9600,3720.4700,22900000
1994-07-28,3720.5000,3757.0500,3717.5500,3730.8301,21210000
1994-07-29,3730.8301,3770.0000,3730.8301,3764.5000,24800000
1994-08-01,3764.5000,3798.8101,3760.9399,3798.1699,24680000
1994-08-02,3798.2000,3811.4399,3791.3701,3796.2200,27140000
1994-08-03,3796.2000,3796.5500,3780.6799,3792.6599,22200000
1994-08-04,3792.0000,3792.0200,3765.7900,3765.7900,27650000
1994-08-05,3765.7900,3765.7900,3742.1599,3747.0200,21170000
1994-08-08,3747.0200,3761.9099,3747.0200,3753.8101,19270000
1994-08-09,3753.8000,3758.6699,3743.7800,3755.7600,24700000
1994-08-10,3756.1001,3777.4500,3756.0801,3766.7600,25900000
1994-08-11,3766.8000,3773.5601,3736.3301,3750.8999,23860000
1994-08-12,3750.8999,3774.2100,3750.2500,3768.7100,24450000
1994-08-15,3768.7000,3781.3301,3759.9700,3760.2900,22820000
1994-08-16,3760.3000,3788.1299,3740.5400,3784.5701,31860000
1994-08-17,3784.6001,3795.2500,3772.9099,3776.4800,30250000
1994-08-18,3776.4800,3776.4800,3749.2800,3755.4299,32360000
1994-08-19,3755.3999,3762.2300,3741.5100,3755.1101,30960000
1994-08-22,3755.1001,3755.1101,3737.6299,3751.2200,18830000
1994-08-23,3751.2000,3791.3701,3750.8999,3775.8301,30060000
1994-08-24,3775.8301,3846.7300,3775.8301,3846.7300,29410000
1994-08-25,3846.7000,3856.1201,3827.9500,3829.8899,29800000
1994-08-26,3829.8999,3893.6699,3829.8899,3881.0500,35580000
1994-08-29,3881.3999,3911.1499,3881.3701,3898.8501,29030000
1994-08-30,3898.8999,3920.8701,3888.4900,3917.3000,25830000
1994-08-31,3917.3000,3939.3201,3906.9500,3913.4199,37360000
1994-09-01,3913.1001,3913.1001,3887.5200,3901.4399,27820000
1994-09-02,3901.3999,3919.8899,3880.3999,3885.5801,21520000
1994-09-06,3885.6001,3898.7000,3877.1699,3898.7000,19880000
1994-09-07,3898.7000,3903.4099,3881.5400,3886.2500,28160000
1994-09-08,3886.3000,3911.1499,3882.8899,3908.4600,25950000
1994-09-09,3907.7800,3907.7800,3858.3301,3874.8101,27580000
1994-09-12,3874.8000,3880.5300,3859.0000,3860.3401,22750000
1994-09-13,3861.0200,3992.6399,3861.0200,3879.8601,24040000
1994-09-14,3879.8999,3900.7200,3869.0901,3895.3301,27690000
1994-09-15,3895.3000,3953.8799,3894.3301,3953.8799,27340000
1994-09-16,3953.5000,3953.5400,3912.8301,3933.3501,56570000
1994-09-19,3933.3999,3953.2000,3928.3101,3936.7200,29440000
1994-09-20,3936.3799,3936.3799,3869.0901,3869.0901,32960000
1994-09-21,3869.1001,3876.1599,3821.6499,3851.6001,37500000
1994-09-22,3851.6001,3864.7200,3832.7600,3837.1299,25790000
1994-09-23,3837.1001,3851.2600,3820.3101,3831.7500,27120000
1994-09-26,3831.8000,3849.9099,3826.3601,3849.2400,24580000
1994-09-27,3849.2000,3871.7800,3844.8701,3863.0400,27440000
1994-09-28,3863.0400,3890.9600,3863.0400,3878.1799,27210000
1994-09-29,3878.1799,3878.1799,3847.8999,3854.6299,22700000
1994-09-30,3854.6001,3875.8201,3838.8101,3843.1899,27410000
1994-10-03,3843.2000,3852.2700,3826.3601,3846.8899,25880000
1994-10-04,3846.8999,3858.3301,3794.0701,3801.1299,32340000
1994-10-05,3801.1001,3802.1399,3747.9700,3787.3401,35610000
1994-10-06,3787.3000,3795.0701,3768.1599,3775.5601,22510000
1994-10-07,3775.6001,3802.8101,3769.1699,3797.4299,30080000
1994-10-10,3798.1001,3825.3501,3798.1001,3821.3201,18750000
1994-10-11,3821.3201,3882.5500,3821.3201,3876.8301,33170000
1994-10-12,3876.8000,3887.2600,3862.0300,3875.1499,23990000
1994-10-13,3876.8301,3927.6299,3876.8301,3889.9500,28900000
1994-10-14,3889.8999,3912.1599,3878.5100,3910.4700,21500000
1994-10-17,3910.5000,3934.0300,3901.0500,3923.9299,26450000
1994-10-18,3923.8999,3927.9700,3903.7500,3917.5400,23060000
1994-10-19,3917.5000,3949.8401,3901.0500,3936.0400,28380000
1994-10-20,3936.0000,3942.1001,3894.6599,3911.1499,41190000
1994-10-21,3911.1001,3911.1499,3883.8999,3891.3000,41960000
1994-10-24,3891.3000,3911.4800,3853.6201,3855.3000,34750000
1994-10-25,3855.3000,3863.0400,3832.4199,3850.5901,36020000
1994-10-26,3850.6001,3870.1001,3837.4700,3848.2300,31250000
1994-10-27,3848.9099,3875.1499,3848.9099,3875.1499,31560000
1994-10-28,3875.1001,3931.6699,3873.4700,3930.6599,36980000
1994-10-31,3930.7000,3937.0500,3907.7800,3908.1201,31920000
1994-11-01,3907.7800,3907.7800,3858.3301,3863.3701,36640000
1994-11-02,3863.3999,3875.1499,3837.1299,3837.1299,31240000
1994-11-03,3837.1001,3853.6201,3833.4299,3845.8799,26450000
1994-11-04,3845.8999,3865.0500,3807.5200,3807.5200,28910000
1994-11-07,3807.5000,3819.3000,3798.1001,3808.8701,24810000
1994-11-08,3808.8999,3846.5500,3808.8701,3830.7400,27960000
1994-11-09,3810.6001,3868.8000,3810.5500,3831.7500,35550000
1994-11-10,3831.8000,3858.6599,3814.9199,3821.9900,31050000
1994-11-11,3821.6499,3821.6499,3795.4099,3801.4700,19520000
1994-11-14,3801.5000,3833.4299,3800.4600,3829.7300,25530000
1994-11-15,3829.7000,3856.3101,3807.8601,3826.3601,29980000
1994-11-16,3826.3999,3845.5400,3820.3101,3845.2000,27730000
1994-11-17,3845.2000,3849.5801,3808.5300,3828.0500,35820000
1994-11-18,3828.0500,3828.0500,3784.9800,3815.2600,38500000
1994-11-21,3815.3000,3833.4299,3763.4500,3769.5100,23400000
1994-11-22,3769.5000,3770.1799,3677.9900,3677.9900,35790000
1994-11-23,3678.0000,3685.7300,3638.6299,3674.6299,47280000
1994-11-25,3674.6001,3713.3201,3673.9600,3708.2700,10610000
1994-11-28,3708.3000,3741.9199,3707.9399,3739.5601,25630000
1994-11-29,3739.6001,3742.9299,3717.6899,3738.5500,22870000
1994-11-30,3738.6001,3763.1101,3731.1499,3739.2300,28000000
1994-12-01,3739.2000,3743.2600,3690.4399,3700.8701,24680000
1994-12-02,3700.8999,3745.9500,3690.4399,3745.6201,24660000
1994-12-05,3745.6001,3762.7800,3727.1101,3741.9199,24050000
1994-12-06,3741.8999,3749.3201,3716.0100,3745.9500,26430000
1994-12-07,3744.8999,3744.9399,3718.0300,3735.5200,33820000
1994-12-08,3735.5000,3742.9299,3677.6599,3685.7300,26580000
1994-12-09,3685.7000,3691.1101,3655.1101,3691.1101,27300000
1994-12-12,3691.1001,3718.3701,3682.0300,3718.3701,25710000
1994-12-13,3718.3999,3727.4500,3710.2900,3715.3401,24970000
1994-12-14,3715.3000,3758.7400,3713.6599,3746.2900,31490000
1994-12-15,3746.3000,3775.8999,3743.6001,3765.4700,24870000
1994-12-16,3765.8000,3807.1899,3765.8000,3807.1899,59070000
1994-12-19,3806.8501,3806.8501,3780.9399,3790.7000,22440000
1994-12-20,3790.7000,3791.0400,3767.1499,3767.1499,24170000
1994-12-21,3768.2000,3817.9500,3768.1599,3801.8000,29310000
1994-12-22,3801.8000,3829.0601,3800.7900,3814.9199,28570000
1994-12-23,3814.8999,3846.8899,3812.5701,3833.4299,18380000
1994-12-27,3833.8000,3866.3999,3833.7700,3861.6899,17320000
1994-12-28,3861.7000,3862.3601,3826.0300,3839.4900,15670000
1994-12-29,3839.5000,3847.8999,3832.4199,3833.4299,16910000
1994-12-30,3833.3999,3850.5901,3833.0901,3834.4399,17210000
1995-01-03,3834.3999,3845.2000,3827.7100,3838.4800,24440000
1995-01-04,3838.5000,3857.9900,3831.0701,3857.6499,27220000
1995-01-05,3857.6001,3860.6799,3843.1899,3850.9199,25810000
1995-01-06,3850.8999,3887.2600,3841.8401,3867.4099,30240000
1995-01-09,3867.3999,3874.4800,3853.2800,3861.3501,20820000
1995-01-10,3861.3999,3898.7000,3861.3501,3866.7400,28250000
1995-01-11,3866.7000,3882.8899,3840.1599,3862.0300,28100000
1995-01-12,3862.0000,3864.0500,3851.2600,3859.0000,23740000
1995-01-13,3859.0000,3910.1399,3859.0000,3908.4600,30580000
1995-01-16,3908.5000,3936.7200,3907.4500,3932.3401,29250000
1995-01-17,3932.3000,3934.7000,3916.1899,3930.6599,26880000
1995-01-18,3930.7000,3931.3301,3906.1001,3928.9800,22990000
1995-01-19,3928.3000,3928.3101,3878.5100,3882.2100,24460000
1995-01-20,3882.2000,3882.5500,3847.2200,3869.4299,31750000
1995-01-23,3869.3999,3871.1101,3838.4800,3867.4099,31630000
1995-01-24,3867.3999,3876.4900,3862.3601,3862.7000,26470000
1995-01-25,3862.7000,3891.3000,3845.8799,3871.4500,32340000
1995-01-26,3871.3999,3879.5200,3853.2800,3870.4399,29440000
1995-01-27,3870.3999,3887.2600,3848.2300,3857.9900,47930000
1995-01-30,3858.0000,3859.0000,3817.2600,3832.0801,34450000
1995-01-31,3832.1001,3851.9299,3828.0500,3843.8601,38970000
1995-02-01,3843.8999,3868.0801,3831.4099,3847.5601,37880000
1995-02-02,3847.6001,3871.1101,3843.8601,3870.7700,25280000
1995-02-03,3872.1201,3944.4600,3872.1201,3928.6399,43270000
1995-02-06,3928.6001,3948.8301,3920.5701,3937.7300,29340000
1995-02-07,3937.7000,3942.1001,3924.9399,3937.3899,25000000
1995-02-08,3937.3999,3953.5400,3930.6599,3935.3701,27290000
1995-02-09,3935.3999,3948.8301,3928.3101,3932.6799,26870000
1995-02-10,3932.7000,3945.1299,3923.9299,3939.0701,24550000
1995-02-13,3939.1001,3956.8999,3935.0300,3954.2100,19380000
1995-02-14,3954.2000,3965.6499,3949.5000,3958.2500,29760000
1995-02-15,3958.3000,3997.9500,3953.2000,3986.1699,41530000
1995-02-16,3986.2000,3987.5200,3964.3101,3987.5200,37770000
1995-02-17,3969.6899,3969.6899,3952.5300,3953.5400,36110000
1995-02-21,3953.5000,3969.6899,3952.5300,3963.9700,30060000
1995-02-22,3964.0000,3986.8501,3962.2900,3973.0500,28680000
1995-02-23,3973.7300,4020.4900,3973.7300,4003.3301,37840000
1995-02-24,4003.3000,4013.0901,3990.8799,4011.7400,27220000
1995-02-27,4011.7000,4021.2300,3974.7400,3988.5701,25820000
1995-02-28,3988.6001,4011.0500,3978.8899,4011.0500,22440000
1995-03-01,4011.1001,4014.5100,3985.1101,3994.8000,33450000
1995-03-02,3994.8000,3995.4900,3959.1799,3979.9299,31590000
1995-03-03,3979.8999,3989.6101,3959.1799,3989.6101,27300000
1995-03-06,3989.6001,4001.0200,3955.3701,3997.5601,30840000
1995-03-07,3997.6001,3997.9099,3945.6899,3962.6299,31540000
1995-03-08,3962.6001,3985.4600,3956.0601,3979.2300,29030000
1995-03-09,3979.2000,3993.7600,3971.2800,3983.3899,23710000
1995-03-10,3984.1001,4048.3999,3984.0801,4035.6101,30910000
1995-03-13,4035.6001,4042.5200,4019.7000,4025.2300,25950000
1995-03-14,4025.6001,4060.5100,4025.5801,4048.7500,32390000
1995-03-15,4048.8000,4054.6299,4029.0400,4038.3701,28270000
1995-03-16,4038.3999,4075.3799,4038.0300,4069.1499,33510000
1995-03-17,4069.2000,4080.2200,4058.7800,4073.6499,45540000
1995-03-20,4073.7000,4088.8701,4071.5701,4083.6799,27480000
1995-03-21,4083.7000,4109.2700,4061.8899,4072.6101,31480000
1995-03-22,4072.6001,4082.9900,4060.5100,4082.9900,28500000
1995-03-23,4083.0000,4094.7500,4068.1201,4087.8301,27750000
1995-03-24,4087.8000,4139.3599,4087.1399,4138.6699,30780000
1995-03-27,4138.7002,4157.3398,4132.1001,4157.3398,24330000
1995-03-28,4156.6499,4156.6499,4137.6299,4151.8101,22290000
1995-03-29,4151.7998,4198.8398,4139.7002,4160.7998,37490000
1995-03-30,4160.7998,4183.2798,4153.8799,4172.5601,33970000
1995-03-31,4172.2002,4172.2100,4111.6899,4157.6899,34440000
1995-04-03,4157.7002,4172.5601,4155.9600,4168.4102,25610000
1995-04-04,4168.4102,4201.6099,4168.4102,4201.6099,30290000
1995-04-05,4201.6001,4210.6001,4188.1201,4200.5698,26740000
1995-04-06,4200.6001,4224.0898,4197.9600,4205.4102,25780000
1995-04-07,4205.3999,4211.2900,4169.4502,4192.6201,28940000
1995-04-10,4192.6001,4203.6899,4180.8599,4198.1499,22090000
1995-04-11,4198.2002,4216.8301,4182.9302,4187.0801,22740000
1995-04-12,4187.1001,4201.9600,4182.2402,4197.8101,24990000
1995-04-13,4197.7998,4221.3198,4195.7300,4208.1802,27620000
1995-04-17,4208.2002,4237.2300,4189.5098,4195.3799,30900000
1995-04-18,4195.3999,4205.0698,4169.1001,4179.1299,27000000
1995-04-19,4179.1001,4210.9502,4156.6499,4207.4902,32680000
1995-04-20,4207.5000,4244.8398,4203.6899,4230.6602,35080000
1995-04-21,4231.3999,4270.4302,4231.3501,4270.0898,40430000
1995-04-24,4270.1001,4310.8999,4255.9102,4303.9800,33280000
1995-04-25,4304.0000,4315.3901,4294.6401,4300.1699,31810000
1995-04-26,4300.2002,4307.7798,4283.2300,4299.8301,26790000
1995-04-27,4299.7998,4316.0801,4289.1099,4314.7002,25210000
1995-04-28,4314.7002,4328.5298,4282.8799,4321.2700,29590000
1995-05-01,4321.2998,4327.1499,4301.5601,4316.0801,27070000
1995-05-02,4316.1001,4331.6499,4306.3999,4328.8799,26010000
1995-05-03,4328.8999,4375.5698,4327.8398,4373.1499,33900000
1995-05-04,4373.1001,4410.5000,4347.2100,4359.6602,40000000
1995-05-05,4359.7002,4371.7598,4327.5000,4343.3999,33640000
1995-05-08,4343.3999,4395.6299,4335.1001,4383.8701,25670000
1995-05-09,4383.8999,4403.9302,4374.8799,4390.7798,27790000
1995-05-10,4390.7998,4407.0400,4375.2202,4404.6201,39920000
1995-05-11,4404.6001,4420.8701,4390.4399,4411.1899,35260000
1995-05-12,4411.2002,4435.0498,4393.5498,4430.5601,36660000
1995-05-15,4430.6001,4446.1201,4417.7598,4437.4702,35130000
1995-05-16,4437.5000,4443.3501,4429.5200,4435.0498,31200000
1995-05-17,4435.0000,4436.0898,4403.2300,4422.6001,27070000
1995-05-18,4422.2598,4422.2598,4340.6401,4340.6401,32800000
1995-05-19,4340.6001,4345.4800,4311.2402,4341.3301,41940000
1995-05-22,4341.3301,4403.9302,4341.3301,4395.6299,24330000
1995-05-23,4395.6001,4436.7798,4393.2100,4436.4399,32210000
1995-05-24,4436.3999,4458.5698,4404.6201,4438.1602,33710000
1995-05-25,4438.1602,4438.1602,4388.7100,4412.2300,28960000
1995-05-26,4412.2002,4412.5698,4355.1602,4369.0000,25460000
1995-05-30,4377.0000,4390.0898,4352.3999,4378.6802,21740000
1995-05-31,4378.7002,4465.1401,4367.6099,4465.1401,29470000
1995-06-01,4465.1001,4478.6299,4437.4702,4472.7500,32350000
1995-06-02,4472.7998,4488.6602,4430.5601,4444.3901,31720000
1995-06-05,4444.3999,4493.8398,4439.5498,4476.5498,35950000
1995-06-06,4476.6001,4493.5000,4470.3301,4485.2002,32360000
1995-06-07,4484.5000,4484.5098,4448.8901,4462.0298,26960000
1995-06-08,4462.0000,4468.9399,4452.6899,4458.5698,22540000
1995-06-09,4458.2002,4458.2300,4406.6899,4423.9902,30320000
1995-06-12,4424.0000,4465.8301,4423.9902,4446.4600,24860000
1995-06-13,4447.2002,4491.7700,4447.1602,4484.5098,25490000
1995-06-14,4484.5000,4492.8101,4463.7598,4491.0801,33960000
1995-06-15,4491.1001,4510.4502,4482.0898,4496.2700,24250000
1995-06-16,4496.6099,4517.0200,4496.6099,4510.7900,47480000
1995-06-19,4510.7998,4557.1299,4509.0601,4553.6802,23840000
1995-06-20,4553.7002,4554.3701,4535.0000,4550.5601,29350000
1995-06-21,4550.6001,4559.2100,4541.9199,4547.1001,30370000
1995-06-22,4547.7998,4589.6401,4547.7998,4589.6401,35090000
1995-06-23,4589.6001,4589.6401,4572.0000,4585.8398,24240000
1995-06-26,4585.7998,4593.1001,4549.5298,4551.2500,23260000
1995-06-27,4551.2998,4574.0801,4535.6899,4542.6099,28190000
1995-06-28,4542.6001,4574.0801,4528.4302,4556.7900,31520000
1995-06-29,4556.7998,4577.8799,4521.8599,4550.5601,25420000
1995-06-30,4550.6001,4581.0000,4544.3398,4556.1001,22000000
1995-07-03,4556.1001,4585.1499,4551.2500,4585.1499,11960000
1995-07-05,4585.1001,4630.1099,4583.7598,4615.2300,34190000
1995-07-06,4615.2002,4664.6899,4607.2798,4664.0000,33910000
1995-07-07,4664.0000,4704.8101,4653.6201,4702.7300,44200000
1995-07-10,4702.7002,4728.3198,4692.7002,4702.3901,31430000
1995-07-11,4702.3999,4704.1201,4670.5698,4680.6001,27590000
1995-07-12,4680.6001,4733.8599,4671.2598,4727.2900,33660000
1995-07-13,4727.2998,4735.5801,4706.3501,4727.4800,31170000
1995-07-14,4726.0801,4726.0801,4687.6899,4708.8198,29260000
1995-07-17,4708.7998,4747.2100,4704.5898,4736.2900,26820000
1995-07-18,4735.8999,4735.9399,4678.1802,4686.2798,40010000
1995-07-19,4686.2998,4688.0400,4552.0898,4628.8701,49330000
1995-07-20,4628.8999,4650.3501,4607.7402,4641.5498,36460000
1995-07-21,4641.6001,4651.0601,4611.6099,4641.5498,44760000
1995-07-24,4641.5000,4679.2300,4640.4902,4668.6699,28140000
1995-07-25,4668.7002,4719.0298,4668.6699,4714.4502,39210000
1995-07-26,4714.5000,4725.3701,4691.5601,4707.0601,38480000
1995-07-27,4707.4102,4741.9199,4707.4102,4732.7700,30670000
1995-07-28,4732.7998,4738.0498,4705.2998,4715.5098,25080000
1995-07-31,4715.5000,4726.7798,4687.3301,4708.4702,29250000
1995-08-01,4708.5000,4709.5200,4666.9102,4700.3701,35540000
1995-08-02,4700.3999,4754.9600,4682.3999,4690.1499,37600000
1995-08-03,4690.1001,4701.4199,4649.2998,4701.4199,32210000
1995-08-04,4701.3999,4709.5200,4682.0498,4683.4600,20170000
1995-08-07,4683.5000,4702.8301,4683.4600,4693.3198,19590000
1995-08-08,4693.2998,4702.1299,4667.9600,4693.3198,22680000
1995-08-09,4693.2998,4696.8398,4666.5498,4671.4902,22270000
1995-08-10,4671.5000,4683.8101,4633.1001,4643.6602,25120000
1995-08-11,4647.5000,4647.8901,4597.1699,4618.2998,24260000
1995-08-14,4615.7998,4660.2202,4615.1299,4659.8599,23130000
1995-08-15,4652.5000,4661.2700,4614.0801,4640.8398,30780000
1995-08-16,4634.2002,4643.6602,4627.4600,4639.0801,33760000
1995-08-17,4628.5000,4638.3799,4606.6802,4630.6299,29770000
1995-08-18,4640.5000,4647.1802,4612.3198,4617.6001,32160000
1995-08-21,4628.2002,4656.3398,4614.0801,4614.7798,34830000
1995-08-22,4618.2998,4623.5898,4595.7598,4620.4199,29160000
1995-08-23,4618.0000,4624.2900,4584.4902,4584.8501,27230000
1995-08-24,4592.2002,4595.7598,4573.2202,4580.6201,26540000
1995-08-25,4584.8999,4614.4302,4579.9199,4601.3999,24520000
1995-08-28,4611.6001,4620.7700,4580.2700,4594.0000,22570000
1995-08-29,4591.2002,4609.8501,4570.8501,4608.4399,25310000
1995-08-30,4615.5000,4621.4702,4601.0498,4604.6001,23820000
1995-08-31,4605.2998,4615.8398,4599.9902,4610.5601,20010000
1995-09-01,4610.2002,4648.9502,4607.0298,4647.5400,21020000
1995-09-05,4660.2002,4679.2300,4645.7798,4670.0801,26870000
1995-09-06,4675.7002,4694.3799,4669.7202,4683.8101,27870000
1995-09-07,4685.2002,4688.0400,4663.7402,4669.7202,24360000
1995-09-08,4683.1001,4701.4199,4664.4399,4700.7202,27070000
1995-09-11,4703.5000,4723.6099,4698.9600,4704.9399,26090000
1995-09-12,4718.7002,4747.2100,4704.2402,4747.2100,33210000
1995-09-13,4741.2002,4771.1602,4732.7700,4765.5200,44140000
1995-09-14,4765.5000,4801.7998,4759.8901,4801.7998,41530000
1995-09-15,4801.7998,4815.1802,4784.5400,4797.5698,53960000
1995-09-18,4795.6001,4795.7598,4755.8398,4780.4102,32940000
1995-09-19,4780.7998,4781.1299,4730.5498,4767.0400,34570000
1995-09-20,4766.2998,4796.3101,4763.0698,4792.6899,52430000
1995-09-21,4788.7002,4794.1401,4742.8398,4767.3999,38620000
1995-09-22,4767.7998,4773.1802,4728.3901,4764.1499,38200000
1995-09-25,4766.2998,4769.9302,4744.6401,4769.9302,34520000
1995-09-26,4770.2998,4798.1099,4755.1201,4765.6001,35490000
1995-09-27,4763.1001,4790.1602,4692.9800,4762.3501,49210000
1995-09-28,4763.1001,4787.6401,4758.3701,4787.6401,36100000
1995-09-29,4787.6001,4816.5400,4781.8599,4789.0801,28990000
1995-10-02,4789.7998,4789.7998,4761.2598,4761.2598,29050000
1995-10-03,4763.1001,4767.3999,4716.1001,4749.7002,32970000
1995-10-04,4749.2998,4749.7002,4726.9399,4740.6699,33080000
1995-10-05,4740.0000,4762.7100,4735.2500,4762.7100,32630000
1995-10-06,4762.3999,4783.6602,4749.7002,4769.2100,25080000
1995-10-09,4767.0000,4768.1299,4711.7700,4726.2202,26780000
1995-10-10,4721.5000,4726.5801,4659.7402,4720.7998,40920000
1995-10-11,4719.0000,4738.8599,4711.4102,4735.2500,31000000
1995-10-12,4737.7998,4764.8799,4735.2500,4764.8799,30770000
1995-10-13,4765.6001,4816.8999,4765.6001,4793.7798,31430000
1995-10-16,4794.1001,4796.6699,4722.8198,4784.3799,23080000
1995-10-17,4784.7998,4798.1099,4771.3799,4795.9502,33480000
1995-10-18,4794.5000,4810.7598,4771.0200,4777.5200,33800000
1995-10-19,4779.0000,4802.4502,4770.2900,4802.4502,32060000
1995-10-20,4802.5000,4815.8198,4786.9102,4794.8599,34640000
1995-10-23,4795.2002,4795.2202,4746.8101,4755.4800,28010000
1995-10-24,4758.0000,4788.7202,4755.8398,4783.6602,28050000
1995-10-25,4784.3999,4800.2798,4733.8101,4753.6802,38380000
1995-10-26,4754.3999,4755.4800,4667.6899,4703.8198,36360000
1995-10-27,4703.7998,4742.4800,4676.0000,4741.7500,30510000
1995-10-30,4742.8398,4765.6001,4742.8398,4756.5698,24460000
1995-10-31,4756.8999,4801.0000,4755.4800,4755.4800,29030000
1995-11-01,4753.7002,4770.2900,4744.6401,4766.6802,26950000
1995-11-02,4767.0000,4808.5898,4766.3198,4808.5898,29070000
1995-11-03,4805.7002,4825.9302,4802.8101,4825.5698,25330000
1995-11-06,4825.6001,4832.4302,4810.0298,4814.0098,25060000
1995-11-07,4814.7002,4888.7100,4788.7202,4797.0298,24900000
1995-11-08,4795.8999,4852.6699,4794.8599,4852.6699,28100000
1995-11-09,4851.2002,4876.8701,4840.7402,4864.2300,29320000
1995-11-10,4864.2002,4873.6201,4840.0200,4870.3701,21020000
1995-11-13,4867.7998,4886.6299,4847.6099,4872.8999,25470000
1995-11-14,4870.3999,4890.2402,4861.3398,4871.8101,34310000
1995-11-15,4867.5000,4922.7500,4860.6099,4922.7500,36800000
1995-11-16,4922.3999,4969.3599,4920.5898,4969.3599,37180000
1995-11-17,4969.7002,4996.8101,4958.5200,4989.9502,34740000
1995-11-20,4990.2998,5003.6802,4976.2202,4983.0898,27370000
1995-11-21,4980.6001,5024.6299,4976.5801,5023.5498,32370000
1995-11-22,5022.7998,5067.6201,5018.4902,5041.6099,34820000
1995-11-24,5042.0000,5057.5098,5041.6099,5048.8398,9990000
1995-11-27,5048.8398,5090.0200,5048.8398,5070.8799,30890000
1995-11-28,5070.5000,5078.1001,5032.9399,5078.1001,31610000
1995-11-29,5077.0000,5105.5601,5075.9302,5105.5601,27690000
1995-11-30,5107.0000,5118.9302,5074.4902,5074.4902,25980000
1995-12-01,5075.6001,5107.3701,5073.4102,5087.1299,28450000
1995-12-04,5086.3999,5139.5200,5074.1299,5139.5200,30260000
1995-12-05,5138.3999,5191.5400,5134.8198,5177.4502,30000000
1995-12-06,5176.0000,5209.2500,5168.7798,5199.1299,29460000
1995-12-07,5199.1001,5199.1299,5148.1899,5159.3901,57210000
1995-12-08,5159.3999,5175.6499,5137.7100,5156.8599,23630000
1995-12-11,5156.1001,5194.4302,5145.6602,5184.3198,25470000
1995-12-12,5183.2002,5188.2900,5169.1401,5174.9199,26070000
1995-12-13,5171.7002,5219.3599,5166.6099,5216.4702,33320000
1995-12-14,5217.2002,5235.6201,5172.3901,5182.1499,36380000
1995-12-15,5185.3999,5188.6499,5163.0000,5176.7300,36400000
1995-12-18,5174.2002,5176.3701,5069.7900,5075.2100,36780000
1995-12-19,5075.6001,5114.5898,5051.7300,5109.8901,40910000
1995-12-20,5110.2998,5140.2402,5059.3198,5059.3198,33120000
1995-12-21,5057.5098,5099.4199,5057.5098,5096.5298,35300000
1995-12-22,5096.2002,5126.8701,5092.9102,5097.9702,21360000
1995-12-26,5098.0000,5117.1201,5097.9702,5110.2598,14540000
1995-12-27,5106.6001,5126.5098,5098.3301,5105.9199,19480000
1995-12-28,5106.2798,5106.2798,5088.2202,5095.7998,21490000
1995-12-29,5096.5000,5117.1201,5087.8599,5117.1201,21530000
1996-01-02,5115.7002,5184.6802,5098.3301,5177.4502,39910000
1996-01-03,5177.1001,5207.0801,5176.3701,5194.0698,44760000
1996-01-04,5191.2002,5227.3101,5139.8799,5173.8398,52010000
1996-01-05,5173.1001,5181.7900,5133.3799,5181.4302,35530000
1996-01-08,5181.1001,5207.0801,5179.9800,5197.7002,11090000
1996-01-09,5197.7002,5213.5801,5116.0400,5130.1299,37100000
1996-01-10,5127.2002,5127.6001,5014.5200,5032.9399,45260000
1996-01-11,5033.7002,5066.1802,5020.2998,5065.1001,34530000
1996-01-12,5065.7998,5090.0200,5022.8301,5061.1201,34010000
1996-01-15,5060.3999,5078.8198,5036.9199,5043.7798,29900000
1996-01-16,5044.1001,5088.5801,5018.8501,5088.2202,34400000
1996-01-17,5086.3999,5097.9702,5052.0898,5066.8999,42410000
1996-01-18,5065.8198,5125.0698,5065.8198,5124.3501,52130000
1996-01-19,5124.7002,5194.0698,5111.7002,5184.6802,51170000
1996-01-22,5184.0000,5219.3599,5175.6499,5219.3599,37580000
1996-01-23,5219.7002,5219.7202,5177.8101,5192.2700,38980000
1996-01-24,5193.7100,5260.5498,5193.7100,5242.8398,41720000
1996-01-25,5244.2998,5249.7100,5209.2500,5216.8301,39270000
1996-01-26,5214.2998,5276.4399,5205.9902,5271.7500,31630000
1996-01-29,5271.3999,5306.0698,5271.3901,5304.9800,28030000
1996-01-30,5306.1001,5381.5698,5304.6201,5381.2100,44910000
1996-01-31,5378.7002,5408.6699,5350.1401,5395.2998,44700000
1996-02-01,5394.8999,5405.0601,5370.3701,5405.0601,38250000
1996-02-02,5402.8999,5410.8398,5357.0098,5373.9902,33350000
1996-02-05,5373.2998,5407.9502,5348.3398,5407.5898,29360000
1996-02-06,5407.6001,5460.3301,5397.1099,5459.6099,38710000
1996-02-07,5458.2002,5492.4902,5452.0200,5492.1201,37460000
1996-02-08,5488.5000,5542.7002,5471.5298,5539.4502,48280000
1996-02-09,5539.5000,5584.9702,5513.4399,5541.6201,49230000
1996-02-12,5541.2998,5616.3999,5541.2598,5600.1499,37010000
1996-02-13,5593.6001,5627.9600,5562.5698,5601.2300,42720000
1996-02-14,5599.1001,5610.6201,5553.8999,5579.5498,35430000
1996-02-15,5578.1001,5595.8101,5547.0400,5551.3701,34610000
1996-02-16,5552.1001,5552.1001,5499.3501,5503.3198,43490000
1996-02-20,5502.2002,5502.2402,5433.2402,5458.5298,35180000
1996-02-21,5454.8999,5520.6699,5454.1899,5515.9702,36970000
1996-02-22,5516.3301,5613.8799,5516.3301,5608.4600,41570000
1996-02-23,5608.5000,5659.3999,5560.4102,5630.4902,41670000
1996-02-26,5629.1001,5629.7700,5559.6802,5565.1001,31720000
1996-02-27,5564.0000,5564.0200,5509.1001,5549.2100,37090000
1996-02-28,5547.7998,5593.2798,5495.7402,5506.2100,37220000
1996-02-29,5506.2002,5530.7798,5461.7798,5485.6201,39810000
1996-03-01,5488.2002,5537.2798,5436.1299,5536.5601,41360000
1996-03-04,5535.1201,5629.0498,5535.1201,5600.1499,31200000
1996-03-05,5600.8999,5642.4199,5577.0200,5642.4199,30240000
1996-03-06,5643.5000,5666.9800,5624.3501,5629.7700,33860000
1996-03-07,5630.0000,5641.6899,5599.7900,5641.6899,31940000
1996-03-08,5636.6001,5636.6401,5424.2002,5470.4502,50790000
1996-03-11,5470.7998,5583.1699,5444.0801,5581.0000,46980000
1996-03-12,5580.6001,5584.2500,5485.2598,5583.8901,47250000
1996-03-13,5581.7002,5595.4502,5548.8501,5568.7202,42130000
1996-03-14,5569.1001,5629.7700,5569.0801,5586.0601,52380000
1996-03-15,5586.3999,5590.0298,5550.6499,5584.9702,54830000
1996-03-18,5585.7002,5683.6001,5585.7002,5683.6001,49300000
1996-03-19,5683.6001,5709.9702,5652.5298,5669.5098,51450000
1996-03-20,5668.7998,5683.9600,5616.3999,5655.4199,46260000
1996-03-21,5652.2002,5668.7900,5613.8799,5626.8799,32550000
1996-03-22,5628.2998,5649.2798,5620.3799,5636.6401,27790000
1996-03-25,5638.3999,5678.5400,5619.6602,5643.8599,35660000
1996-03-26,5642.7998,5678.5400,5623.6299,5670.6001,31410000
1996-03-27,5670.6001,5680.7100,5608.4600,5626.8799,32660000
1996-03-28,5624.7002,5636.2700,5591.4800,5630.8501,29010000
1996-03-29,5633.3999,5645.3101,5576.6602,5587.1401,32020000
1996-04-01,5588.6001,5640.2500,5587.5000,5637.7202,32470000
1996-04-02,5637.3999,5671.6802,5623.2700,5671.6802,34940000
1996-04-03,5671.7002,5689.7402,5641.6899,5689.7402,28830000
1996-04-04,5689.7002,5697.6899,5671.3198,5682.8799,29390000
1996-04-08,5679.9902,5679.9902,5542.3398,5594.3701,39940000
1996-04-09,5595.1001,5618.9302,5549.9302,5560.4102,35270000
1996-04-10,5559.2998,5567.9902,5472.9800,5485.9800,45430000
1996-04-11,5488.5000,5512.3599,5415.5298,5487.0698,58930000
1996-04-12,5487.3999,5536.2002,5480.2002,5532.5898,39970000
1996-04-15,5535.7998,5592.9199,5534.7598,5592.9199,27040000
1996-04-16,5593.6001,5627.9600,5577.3901,5620.0200,35270000
1996-04-17,5618.6001,5620.7402,5527.8901,5549.9302,48600000
1996-04-18,5547.7998,5564.3799,5522.8301,5551.7402,38770000
1996-04-19,5551.3999,5572.3301,5518.8599,5535.4800,37590000
1996-04-22,5536.2002,5588.2202,5536.2002,5564.7402,30650000
1996-04-23,5565.1001,5598.3398,5562.2100,5588.5898,31980000
1996-04-24,5590.3999,5599.0601,5530.7798,5553.8999,36710000
1996-04-25,5554.2998,5582.8101,5508.3799,5566.9102,39790000
1996-04-26,5566.8999,5590.3901,5546.3198,5567.9902,29490000
1996-04-29,5567.6001,5589.6699,5552.8198,5573.4102,27010000
1996-04-30,5574.1001,5579.9199,5547.0400,5569.0801,28460000
1996-05-01,5567.6001,5594.7002,5547.7998,5575.2202,29210000
1996-05-02,5574.5000,5574.5000,5475.5098,5498.2700,43620000
1996-05-03,5495.3999,5527.1699,5458.1602,5478.0298,38880000
1996-05-06,5479.5000,5500.0698,5423.1201,5464.3101,36470000
1996-05-07,5464.7002,5468.2798,5414.4502,5420.9502,34740000
1996-05-08,5417.2998,5475.8701,5342.2002,5474.0601,43880000
1996-05-09,5470.7998,5504.0498,5460.6899,5475.1401,33030000
1996-05-10,5476.6001,5533.6699,5476.2300,5518.1401,26740000
1996-05-13,5516.5000,5587.7700,5516.4702,5582.6001,33230000
1996-05-14,5577.4199,5633.5698,5577.4199,5624.7100,43370000
1996-05-15,5622.8999,5673.1001,5619.5298,5625.4399,40650000
1996-05-16,5622.1001,5654.2598,5607.3398,5635.0498,38130000
1996-05-17,5635.7998,5698.5801,5635.4199,5687.5000,43890000
1996-05-20,5688.2002,5750.2998,5671.9902,5748.8198,40740000
1996-05-21,5749.8999,5759.1602,5731.4600,5736.2598,35570000
1996-05-22,5730.2998,5782.4399,5715.2100,5778.0000,41360000
1996-05-23,5778.0000,5796.1001,5728.5000,5762.1201,42450000
1996-05-24,5761.7002,5789.0801,5745.1299,5762.8599,29270000
1996-05-28,5762.1001,5783.9102,5697.8501,5709.6699,30460000
1996-05-29,5709.7002,5717.0498,5645.3901,5673.8301,31830000
1996-05-30,5671.6001,5715.5801,5644.2798,5693.4102,37340000
1996-05-31,5693.0000,5698.5801,5636.8999,5643.1802,27040000
1996-06-03,5643.8999,5643.9102,5606.2402,5624.7100,23730000
1996-06-04,5625.8101,5671.9902,5625.8101,5665.7100,30700000
1996-06-05,5665.7002,5699.3198,5656.8398,5697.4800,26980000
1996-06-06,5696.0000,5723.3301,5665.3398,5667.1899,39760000
1996-06-07,5665.0000,5697.1099,5580.3799,5697.1099,38410000
1996-06-10,5697.1001,5703.0200,5663.8599,5687.8701,24550000
1996-06-11,5687.8999,5728.8701,5657.5801,5668.6602,31220000
1996-06-12,5667.6001,5705.2300,5662.0098,5668.2900,28700000
1996-06-13,5668.2998,5683.4399,5639.8501,5657.9502,29900000
1996-06-14,5658.2998,5664.9702,5630.9902,5649.4502,30400000
1996-06-17,5650.2002,5677.8999,5637.2700,5652.7798,24750000
1996-06-18,5652.7998,5663.4902,5622.8599,5628.0298,26670000
1996-06-19,5629.1001,5674.5698,5627.6602,5648.3501,25230000
1996-06-20,5645.0000,5680.4800,5632.8301,5659.4302,40390000
1996-06-21,5660.2002,5705.2300,5660.1699,5705.2300,60900000
1996-06-24,5704.5000,5742.5400,5704.4902,5717.7900,33330000
1996-06-25,5717.7998,5729.9800,5698.9502,5719.2700,33600000
1996-06-26,5717.7998,5720.7500,5673.8301,5682.7002,29930000
1996-06-27,5682.7002,5683.0698,5646.5000,5677.5298,36810000
1996-06-28,5677.5000,5704.8599,5652.0400,5654.6299,31830000
1996-07-01,5654.6001,5729.9800,5653.8901,5729.9800,27740000
1996-07-02,5729.6001,5733.3101,5695.6299,5720.3799,29020000
1996-07-03,5720.0000,5720.7500,5682.7002,5703.0200,28910000
1996-07-05,5700.3999,5702.2798,5581.4902,5588.1401,19020000
1996-07-08,5586.2998,5598.8501,5538.6401,5550.8301,30850000
1996-07-09,5552.2998,5596.6299,5550.8301,5581.8599,28580000
1996-07-10,5582.6001,5604.3901,5533.4702,5603.6499,33760000
1996-07-11,5603.6499,5603.6499,5469.9302,5520.5400,47780000
1996-07-12,5520.8999,5543.0698,5471.4102,5510.5601,34130000
1996-07-15,5509.7998,5509.8301,5318.7700,5349.5098,43110000
1996-07-16,5349.5000,5402.0400,5182.3198,5358.7598,69580000
1996-07-17,5357.2998,5430.1499,5357.2798,5376.8799,43010000
1996-07-18,5376.8999,5473.0601,5368.7402,5464.1802,45800000
1996-07-19,5464.2002,5469.3599,5408.6899,5426.8198,36050000
1996-07-22,5426.5000,5426.8198,5369.4902,5390.9399,32890000
1996-07-23,5392.7998,5434.2202,5330.6499,5346.5498,39370000
1996-07-24,5346.6001,5379.1001,5270.3501,5354.6899,43600000
1996-07-25,5355.7998,5431.2598,5355.0601,5422.0098,37190000
1996-07-26,5422.7998,5474.5400,5422.0098,5473.0601,27420000
1996-07-29,5473.1001,5473.4302,5434.5898,5434.5898,23200000
1996-07-30,5435.7002,5481.9302,5421.6401,5481.9302,26540000
1996-07-31,5479.3999,5536.3101,5473.7998,5528.9102,34300000
1996-08-01,5528.8999,5607.3301,5524.1001,5594.7500,36710000
1996-08-02,5595.8999,5679.8301,5592.5400,5679.8301,34470000
1996-08-05,5680.2002,5696.4800,5661.3398,5674.2798,22670000
1996-08-06,5674.2998,5700.9199,5648.0200,5696.1099,26770000
1996-08-07,5695.7002,5719.4102,5679.8301,5718.6699,31840000
1996-08-08,5716.4502,5716.4502,5685.7500,5713.4902,26890000
1996-08-09,5709.7998,5729.0298,5667.6299,5681.3101,22460000
1996-08-12,5681.2998,5706.1001,5648.0200,5704.9800,45180000
1996-08-13,5696.5000,5699.4399,5635.4399,5647.2798,37320000
1996-08-14,5645.3999,5668.0000,5630.2700,5666.8999,27900000
1996-08-15,5666.5000,5679.0898,5649.8701,5665.7798,24030000
1996-08-16,5666.5200,5698.7002,5666.5200,5689.4502,28460000
1996-08-19,5689.7998,5704.9902,5686.4902,5699.4399,24620000
1996-08-20,5699.3999,5723.8501,5692.7798,5721.2598,24530000
1996-08-21,5717.8999,5717.9302,5672.7998,5689.8198,26720000
1996-08-22,5689.7998,5733.4702,5684.2700,5733.4702,34760000
1996-08-23,5733.7998,5739.0200,5700.9199,5722.7402,25410000
1996-08-26,5723.5000,5733.4702,5675.3901,5693.8901,23080000
1996-08-27,5696.1001,5712.0098,5690.9302,5711.2700,20030000
1996-08-28,5710.2002,5727.1802,5702.3999,5712.3799,23090000
1996-08-29,5710.8999,5710.8999,5625.8301,5647.6499,26800000
1996-08-30,5646.5000,5647.2798,5588.4702,5616.2100,22080000
1996-09-03,5611.7998,5650.9800,5561.4600,5648.3901,29820000
1996-09-04,5646.8999,5659.8599,5631.0098,5656.8999,27340000
1996-09-05,5655.7998,5656.5298,5601.4102,5606.9600,22650000
1996-09-06,5607.0000,5681.3101,5605.8501,5659.8599,28220000
1996-09-09,5660.2300,5735.6899,5660.2300,5733.8398,24910000
1996-09-10,5732.3999,5741.6099,5709.4199,5727.1802,32860000
1996-09-11,5726.3999,5767.5000,5713.4902,5754.9199,28420000
1996-09-12,5752.7002,5794.1299,5751.5898,5771.9399,29020000
1996-09-13,5773.1001,5855.1699,5773.0498,5838.5200,36360000
1996-09-16,5837.7998,5905.4702,5837.4102,5889.2002,33160000
1996-09-17,5889.6001,5897.7002,5849.6201,5888.8301,38180000
1996-09-18,5889.2002,5890.6802,5864.4102,5877.3599,34200000
1996-09-19,5875.1001,5881.4302,5847.3999,5867.7402,31640000
1996-09-20,5868.1001,5897.3301,5864.7798,5888.4600,49820000
1996-09-23,5887.7002,5896.5898,5835.1899,5894.7402,23310000
1996-09-24,5894.3999,5929.8901,5852.5801,5874.0298,48210000
1996-09-25,5874.3999,5895.1099,5855.5298,5877.3599,37190000
1996-09-26,5877.3999,5903.9902,5851.4702,5868.8501,36770000
1996-09-27,5870.0000,5876.6201,5845.1802,5872.9199,29400000
1996-09-30,5873.2998,5907.3198,5872.5498,5882.1699,27840000
1996-10-01,5878.3999,5910.8701,5861.6699,5904.8999,34710000
1996-10-02,5906.3999,5939.9302,5906.3901,5933.9702,34610000
1996-10-03,5933.2002,5942.1699,5917.2002,5932.8501,28640000
1996-10-04,5934.7002,5995.4702,5932.8501,5992.8599,39940000
1996-10-07,5992.8999,6002.1699,5970.5000,5979.8101,26820000
1996-10-08,5979.3999,6010.3701,5959.3101,5966.7700,41980000
1996-10-09,5964.2002,5974.9702,5915.3398,5930.6201,35770000
1996-10-10,5930.9902,5930.9902,5904.8999,5921.6699,26740000
1996-10-11,5923.5000,5973.1001,5922.4199,5969.3799,23690000
1996-10-14,5970.1201,6020.8101,5970.1201,6010.0000,27420000
1996-10-15,6010.3999,6044.2900,5970.5000,6004.7798,37720000
1996-10-16,6004.0000,6021.1802,5969.3799,6020.8101,34680000
1996-10-17,6021.2002,6065.8999,6020.0601,6059.2002,34330000
1996-10-18,6059.2002,6095.3501,6040.1899,6094.2300,39940000
1996-10-21,6093.8999,6133.7300,6059.9399,6090.8701,41960000
1996-10-22,6090.1001,6091.2500,6037.5801,6061.7998,29440000
1996-10-23,6059.8999,6060.3101,5992.8599,6036.4600,37480000
1996-10-24,6036.1001,6039.0698,5988.3799,5992.4800,34590000
1996-10-25,5990.2998,6020.4399,5981.6802,6007.0200,25980000
1996-10-28,6007.0000,6043.1699,5972.3599,5972.7300,30260000
1996-10-29,5974.2002,6032.7300,5959.6899,6007.0200,32280000
1996-10-30,6009.2998,6028.6401,5990.9902,5993.2300,30250000
1996-10-31,5992.8999,6041.3101,5990.6201,6029.3799,37030000
1996-11-01,6027.1001,6057.7002,5998.8198,6021.9302,37030000
1996-11-04,6023.3999,6049.5098,6011.4902,6041.6802,37310000
1996-11-05,6042.7998,6093.4800,6042.4199,6081.1802,40560000
1996-11-06,6079.7002,6178.4600,6074.1001,6177.7100,46010000
1996-11-07,6174.3999,6222.8101,6149.7598,6206.0400,39680000
1996-11-08,6206.0000,6222.0601,6181.0698,6219.8198,32560000
1996-11-11,6220.6001,6262.3101,6220.5698,6255.6001,30720000
1996-11-12,6251.5000,6278.7100,6236.2202,6266.0400,46090000
1996-11-13,6262.2998,6285.0498,6243.6802,6274.2402,39650000
1996-11-14,6272.7998,6314.1201,6254.1099,6313.0000,41260000
1996-11-15,6312.6201,6377.8501,6312.6201,6348.0298,50690000
1996-11-18,6348.7998,6376.3501,6324.1802,6346.9102,31300000
1996-11-19,6347.2998,6397.9702,6347.2798,6397.6001,34750000
1996-11-20,6392.3999,6447.1699,6389.7700,6430.0200,38570000
1996-11-21,6430.0000,6438.9702,6393.5000,6418.4702,36250000
1996-11-22,6418.5000,6471.7598,6418.4702,6471.7598,32810000
1996-11-25,6471.7998,6548.1602,6464.3101,6547.7900,33910000
1996-11-26,6546.7002,6589.5298,6497.1099,6528.4102,51000000
1996-11-27,6526.6001,6538.8501,6491.1401,6499.3398,29200000
1996-11-29,6500.5000,6532.1401,6499.3398,6521.7002,12210000
1996-12-02,6520.6001,6523.9399,6472.8799,6521.7002,31220000
1996-12-03,6521.0000,6554.5000,6438.2202,6442.6899,38390000
1996-12-04,6442.0000,6443.0698,6367.4102,6422.9399,44900000
1996-12-05,6421.7998,6452.0098,6402.0698,6437.1001,36900000
1996-12-06,6432.6001,6433.3799,6291.7500,6381.9399,48660000
1996-12-09,6383.4399,6467.2900,6383.4399,6463.9399,31720000
1996-12-10,6464.7002,6512.3901,6463.9399,6473.2500,35490000
1996-12-11,6471.7002,6472.8701,6343.3101,6402.5200,49940000
1996-12-12,6399.1001,6436.7300,6302.1802,6303.7100,41520000
1996-12-13,6304.5000,6344.4702,6251.0498,6304.8701,44530000
1996-12-16,6305.2998,6355.6099,6253.3501,6268.3501,43480000
1996-12-17,6268.0000,6324.8599,6236.0498,6308.3301,42060000
1996-12-18,6308.7002,6356.7700,6308.3301,6346.7700,38030000
1996-12-19,6343.7002,6479.0200,6343.7002,6473.6401,43220000
1996-12-20,6479.3999,6548.9902,6479.0200,6484.3999,72430000
1996-12-23,6481.7002,6508.6201,6450.1899,6489.0200,25220000
1996-12-24,6490.2002,6523.6201,6486.3301,6522.8501,13350000
1996-12-26,6523.6001,6563.2100,6522.0801,6546.6802,20870000
1996-12-27,6543.6001,6576.2798,6537.4600,6560.9102,20860000
1996-12-30,6561.2998,6587.0498,6540.5298,6549.3701,26480000
1996-12-31,6550.8999,6553.6001,6448.2700,6448.2700,31910000
1997-01-02,6447.5000,6468.6602,6352.8301,6442.4902,53850000
1997-01-03,6443.7002,6545.6299,6443.6499,6544.0898,43050000
1997-01-06,6546.0000,6619.1299,6531.0000,6567.1802,51680000
1997-01-07,6567.6001,6603.3501,6512.5298,6600.6602,45470000
1997-01-08,6600.2998,6627.9800,6536.7798,6549.4800,43040000
1997-01-09,6547.8999,6657.2300,6544.8599,6625.6699,40440000
1997-01-10,6623.7998,6708.0298,6557.9399,6703.7900,49590000
1997-01-13,6706.1001,6734.2002,6669.5400,6709.1802,36300000
1997-01-14,6709.2002,6788.8398,6707.6401,6762.2900,40130000
1997-01-15,6760.3999,6762.2900,6704.1802,6726.8799,42830000
1997-01-16,6725.3999,6781.5298,6715.7202,6765.3701,43870000
1997-01-17,6764.6001,6835.7900,6764.6001,6833.1001,46580000
1997-01-20,6836.2002,6855.7998,6808.0801,6843.8701,34240000
1997-01-21,6843.8999,6894.2900,6800.0000,6883.8999,48860000
1997-01-22,6882.3999,6888.1299,6808.0801,6850.0298,52960000
1997-01-23,6850.7998,6906.6001,6742.2798,6755.7500,54650000
1997-01-24,6756.5000,6759.9800,6662.2300,6696.4800,56480000
1997-01-27,6696.5000,6708.7998,6635.6802,6660.6899,47760000
1997-01-28,6663.3999,6761.1401,6622.9800,6656.0801,50600000
1997-01-29,6657.2300,6740.7402,6657.2300,6740.7402,41190000
1997-01-30,6740.7402,6823.8599,6740.7402,6823.8599,38880000
1997-01-31,6824.6001,6873.8901,6808.0801,6813.0898,41470000
1997-02-03,6810.7998,6819.2402,6766.9102,6806.1602,39060000
1997-02-04,6804.2002,6833.4800,6767.6802,6833.4800,34110000
1997-02-05,6833.1001,6875.4302,6710.7202,6746.8999,47390000
1997-02-06,6743.1001,6773.0601,6713.7998,6773.0601,47520000
1997-02-07,6775.0000,6868.5000,6762.6699,6855.7998,42200000
1997-02-10,6856.2002,6876.5801,6798.4600,6806.5400,40360000
1997-02-11,6806.6001,6860.8101,6783.4600,6858.1099,39080000
1997-02-12,6855.3999,6961.6299,6854.6499,6961.6299,42700000
1997-02-13,6962.0000,7040.9102,6960.4800,7022.4399,44740000
1997-02-14,7024.0000,7024.7500,6983.9502,6988.9600,37820000
1997-02-18,6994.0000,7067.4600,6977.4102,7067.4600,35870000
1997-02-19,7062.7998,7073.6201,7010.8901,7020.1299,38330000
1997-02-20,7015.1001,7017.8198,6905.8301,6927.3799,34310000
1997-02-21,6927.7998,6950.8599,6906.2202,6931.6201,38340000
1997-02-24,6931.6001,7013.5801,6905.4502,7008.2002,35560000
1997-02-25,7009.0000,7046.6802,6972.7900,7037.8301,40790000
1997-02-26,7037.1001,7045.5298,6915.4502,6983.1802,49840000
1997-02-27,6982.3999,6989.3398,6920.4600,6925.0698,36230000
1997-02-28,6923.5000,6923.9199,6868.1201,6877.7402,41650000
1997-03-03,6874.2998,6918.9199,6828.1001,6918.9199,46030000
1997-03-04,6918.5000,6942.7798,6845.4102,6852.7202,54590000
1997-03-05,6852.0000,6945.8501,6851.1899,6945.8501,66550000
1997-03-06,6947.7998,6987.7998,6937.0000,6944.7002,44030000
1997-03-07,6944.7002,7018.5898,6944.7002,7000.8901,39030000
1997-03-10,7001.7002,7079.3901,6993.1899,7079.3901,32750000
1997-03-11,7079.3999,7112.1001,7063.6099,7085.1602,37680000
1997-03-12,7084.3999,7088.2402,7010.8901,7039.3701,36540000
1997-03-13,7034.3701,7034.3701,6874.6602,6878.8901,44120000
1997-03-14,6878.5098,6956.6299,6878.5098,6935.4600,37890000
1997-03-17,6934.2998,6969.4502,6854.2700,6955.4800,51520000
1997-03-18,6954.3999,6970.5898,6854.6401,6896.5601,43240000
1997-03-19,6896.2002,6913.9399,6826.3198,6877.6802,51040000
1997-03-20,6872.3999,6879.5698,6798.3701,6820.2798,47410000
1997-03-21,6819.8999,6851.6201,6790.0601,6804.7900,70970000
1997-03-24,6805.2002,6906.0098,6783.6401,6905.2500,47960000
1997-03-25,6909.0000,6952.4600,6867.8599,6876.1699,51530000
1997-03-26,6874.2998,6915.0698,6846.3301,6880.7002,47450000
1997-03-27,6880.0000,6891.2798,6663.9199,6740.5898,48610000
1997-03-31,6739.7998,6739.8301,6561.2002,6583.4800,63290000
1997-04-01,6583.5000,6621.6201,6522.6699,6611.0498,54790000
1997-04-02,6609.8999,6610.2900,6499.6401,6517.0000,47190000
1997-04-03,6516.2998,6517.3901,6421.4600,6477.3999,52060000
1997-04-04,6477.3999,6527.2100,6404.8398,6526.1001,54080000
1997-04-07,6528.7002,6589.1401,6527.2100,6555.8999,37370000
1997-04-08,6556.7002,6609.5400,6520.0298,6609.2002,39990000
1997-04-09,6610.2998,6639.0000,6546.0898,6563.7998,43950000
1997-04-10,6563.7998,6593.2998,6535.1401,6540.0498,41600000
1997-04-11,6537.7002,6537.7002,6387.0000,6391.7002,52070000
1997-04-14,6392.1001,6455.1099,6356.7798,6451.8999,45830000
1997-04-15,6452.7002,6587.1602,6452.7002,6587.1602,52710000
1997-04-16,6583.1001,6679.8701,6558.6602,6679.8701,63490000
1997-04-17,6677.8999,6713.5898,6648.1699,6658.6001,49890000
1997-04-18,6657.7998,6711.9800,6657.3999,6703.3501,52060000
1997-04-21,6705.2002,6721.2100,6616.8599,6660.2002,43490000
1997-04-22,6659.7998,6834.3999,6657.3999,6833.6001,59680000
1997-04-23,6835.2002,6850.0498,6799.0801,6812.7002,51320000
1997-04-24,6813.5000,6890.5898,6777.3999,6792.2998,51400000
1997-04-25,6791.1001,6792.2500,6726.0298,6738.8999,43080000
1997-04-28,6736.5000,6788.6401,6701.1499,6783.0000,43720000
1997-04-29,6783.8301,6970.8599,6783.8301,6962.0000,58750000
1997-04-30,6957.6001,7057.5498,6935.5400,7009.0000,60410000
1997-05-01,7008.9902,7008.9902,6913.4702,6976.5000,40180000
1997-05-02,6978.1001,7077.6201,6976.8799,7071.2002,46350000
1997-05-05,7070.0000,7215.2900,7056.3501,7213.6802,60160000
1997-05-06,7215.7002,7269.4702,7187.1899,7225.2998,67150000
1997-05-07,7225.2998,7225.3198,7075.6201,7085.6499,46820000
1997-05-08,7085.7002,7215.2900,7056.7500,7136.6001,55560000
1997-05-09,7135.7998,7196.0200,7094.4800,7169.5000,47690000
1997-05-12,7169.1201,7296.4600,7169.1201,7292.7998,52370000
1997-05-13,7288.6001,7315.8301,7241.6499,7274.2002,55940000
1997-05-14,7272.6001,7351.6802,7263.0801,7286.2002,46000000
1997-05-15,7285.2998,7336.4302,7254.0098,7333.5000,44050000
1997-05-16,7328.6001,7329.0098,7190.5498,7194.7002,68120000
1997-05-19,7194.2998,7243.2998,7172.4199,7228.8999,38050000
1997-05-20,7228.1001,7313.3501,7152.6401,7303.5000,50010000
1997-05-21,7299.7998,7352.9102,7239.1802,7290.7002,58380000
1997-05-22,7290.7002,7310.0601,7242.4702,7258.1001,41950000
1997-05-23,7260.6001,7362.7998,7259.7798,7345.8999,39290000
1997-05-27,7342.2002,7394.9502,7302.2300,7383.3999,49620000
1997-05-28,7380.7998,7391.1401,7308.7202,7357.2002,49170000
1997-05-29,7351.7002,7368.8101,7306.5698,7330.2002,38620000
1997-05-30,7327.6001,7371.3901,7241.7598,7331.0000,51120000
1997-06-02,7331.0000,7354.2202,7279.9600,7289.3999,43820000
1997-06-03,7287.2998,7342.2002,7253.7798,7312.1001,45300000
1997-06-04,7312.1499,7312.1499,7258.9302,7269.7002,42260000
1997-06-05,7269.7002,7351.6499,7267.9399,7305.2998,44730000
1997-06-06,7305.7002,7445.2202,7304.8599,7435.7998,44840000
1997-06-09,7442.3999,7511.5298,7437.9800,7478.5000,44340000
1997-06-10,7479.7998,7572.2998,7478.0601,7539.2700,51510000
1997-06-11,7538.3999,7584.1899,7534.4302,7575.7998,55680000
1997-06-12,7574.1001,7712.7900,7573.6201,7711.5000,62670000
1997-06-13,7713.7002,7799.6802,7712.3701,7782.0000,70700000
1997-06-16,7781.1001,7795.1602,7753.0898,7772.1001,45000000
1997-06-17,7771.2002,7810.0801,7703.7798,7760.7998,53760000
1997-06-18,7759.8701,7759.8701,7697.8999,7718.7002,44890000
1997-06-19,7716.4399,7810.5400,7716.4399,7777.1001,52310000
1997-06-20,7778.8999,7834.0601,7777.0601,7796.5000,82430000
1997-06-23,7797.8701,7797.8701,7602.4502,7604.2998,49260000
1997-06-24,7607.7002,7764.6201,7607.6499,7758.0601,56800000
1997-06-25,7758.1001,7812.1201,7629.1401,7690.0000,59860000
1997-06-26,7688.8999,7730.2402,7594.0801,7654.2998,46500000
1997-06-27,7653.7998,7770.7300,7653.7900,7687.7002,41090000
1997-06-30,7688.6001,7727.2998,7612.1699,7672.7998,48990000
1997-07-01,7678.0000,7748.3398,7667.3599,7722.2998,53430000
1997-07-02,7721.7002,7795.3799,7697.4502,7795.3799,51400000
1997-07-03,7797.0000,7896.2598,7796.9702,7895.7998,40870000
1997-07-07,7896.5000,7951.4502,7828.1802,7858.5000,53230000
1997-07-08,7858.0000,7962.3101,7857.1299,7962.2998,47220000
1997-07-09,7961.3999,7991.2598,7794.9302,7842.3999,67000000
1997-07-10,7852.7998,7913.2202,7809.6299,7886.7998,58930000
1997-07-11,7887.2100,7955.2900,7887.2100,7921.7998,46330000
1997-07-14,7920.3999,7950.6201,7860.0400,7923.0000,49490000
1997-07-15,7926.0000,7983.1401,7879.0801,7975.7002,59190000
1997-07-16,7973.2002,8069.7700,7953.4102,8038.8999,74910000
1997-07-17,8037.0000,8068.3799,7990.7998,8020.7998,78860000
1997-07-18,8020.5000,8036.1001,7875.3599,7890.5000,73340000
1997-07-21,7890.8999,7919.9600,7840.0601,7906.7002,56890000
1997-07-22,7906.0200,8068.6099,7906.0200,8061.6001,68760000
1997-07-23,8063.2998,8147.8198,8058.1602,8088.3599,71420000
1997-07-24,8089.2998,8132.9502,7993.8198,8116.8999,57790000
1997-07-25,8116.2002,8157.1099,8080.4600,8113.3999,52410000
1997-07-28,8113.3999,8178.0098,8108.3301,8121.1001,49850000
1997-07-29,8121.1001,8176.6201,8092.0698,8174.5000,55350000
1997-07-30,8175.0000,8274.1699,8172.8999,8254.9004,50390000
1997-07-31,8257.0000,8282.7695,8207.2803,8222.5996,48220000
1997-08-01,8222.7998,8247.6904,8103.4502,8194.0000,53770000
1997-08-04,8191.0000,8215.8701,8134.1099,8198.5000,45010000
1997-08-05,8198.2002,8209.1396,8162.4502,8187.5000,41370000
1997-08-06,8186.7998,8274.8701,8155.9502,8259.2998,50320000
1997-08-07,8258.7998,8299.4902,8181.0298,8188.0000,56100000
1997-08-08,8182.2002,8184.0498,7876.3999,8031.2002,65470000
1997-08-11,8030.7998,8076.5098,7964.5601,8062.1001,64450000
1997-08-12,8066.5000,8095.5601,7948.9902,7960.7998,56430000
1997-08-13,7963.3999,8040.5098,7879.0801,7928.2998,68900000
1997-08-14,7928.7998,7997.7700,7864.9102,7942.0000,56410000
1997-08-15,7937.3799,7937.3799,7694.6602,7694.7002,61190000
1997-08-18,7701.6001,7803.3599,7618.4702,7803.3599,69260000
1997-08-19,7802.8999,7918.7998,7802.8999,7918.1001,57640000
1997-08-20,7915.1001,8021.2300,7893.7100,8021.2002,49680000
1997-08-21,8021.7002,8023.0898,7847.4902,7894.0000,45670000
1997-08-22,7893.7002,7893.7100,7716.4902,7887.8999,52970000
1997-08-25,7888.7998,7944.1201,7833.0898,7859.6001,40480000
1997-08-26,7859.2998,7860.7300,7770.6099,7782.2002,44860000
1997-08-27,7774.2998,7809.1699,7697.6802,7787.2998,51550000
1997-08-28,7784.2998,7812.4199,7658.1899,7694.3999,49710000
1997-08-29,7694.0000,7710.4502,7606.8599,7622.3999,41950000
1997-09-02,7631.7002,7880.2402,7624.0498,7879.7998,54770000
1997-09-03,7875.7998,7944.3501,7866.5400,7894.6001,54600000
1997-09-04,7894.6001,7899.9902,7817.9902,7867.2002,52710000
1997-09-05,7867.2002,7942.2598,7785.9399,7822.3999,51450000
1997-09-08,7821.7100,7881.1699,7821.7100,7835.2002,38990000
1997-09-09,7835.0000,7899.0601,7797.7900,7851.8999,48790000
1997-09-10,7847.7002,7847.7202,7712.5400,7719.2998,60370000
1997-09-11,7716.9600,7716.9600,7580.8501,7661.0000,74030000
1997-09-12,7661.0000,7752.9600,7607.5601,7743.0000,58660000
1997-09-15,7743.3999,7794.5298,7718.1201,7721.1001,47700000
1997-09-16,7722.7998,7910.6299,7722.7998,7895.8999,81000000
1997-09-17,7897.6001,7931.5000,7862.2500,7886.3999,63070000
1997-09-18,7882.3999,8020.8999,7882.3999,7922.7002,66770000
1997-09-19,7923.0000,7931.0200,7865.5698,7917.2998,74700000
1997-09-22,7918.7002,8021.8799,7918.0000,7996.7998,59820000
1997-09-23,7997.2998,8005.1802,7929.0498,7970.1001,53080000
1997-09-24,7972.2998,8035.6299,7901.2998,7906.7002,68040000
1997-09-25,7906.7002,7929.5400,7840.3999,7848.0000,55040000
1997-09-26,7848.7998,7928.8101,7848.7500,7922.2002,51050000
1997-09-29,7922.2002,7995.6001,7893.4502,7991.3999,48070000
1997-09-30,7990.8999,8001.2500,7937.3999,7945.2998,49840000
1997-10-01,7948.5000,8028.7598,7945.0200,8015.5000,54310000
1997-10-02,8015.2998,8033.6699,7984.0601,8027.5000,47190000
1997-10-03,8031.5000,8144.4199,7956.0698,8038.6001,77870000
1997-10-06,8039.6001,8109.2998,8039.5601,8100.2002,46020000
1997-10-07,8101.7002,8181.7500,8088.9199,8178.2998,54930000
1997-10-08,8178.7998,8184.7002,8051.3501,8095.1001,59730000
1997-10-09,8094.0801,8094.0801,8002.7300,8061.3999,49660000
1997-10-10,8059.4502,8059.4502,8002.7300,8045.2002,40120000
1997-10-13,8042.7998,8114.7100,8042.7500,8072.2002,29900000
1997-10-14,8073.2002,8112.2500,8018.9302,8096.2998,57860000
1997-10-15,8093.1001,8093.1001,8035.3901,8058.0000,44920000
1997-10-16,8058.5000,8112.7402,7896.3901,7938.8999,67500000
1997-10-17,7931.2998,7934.2100,7755.6802,7847.0000,81010000
1997-10-20,7847.5000,7924.8799,7815.6001,7921.3999,64290000
1997-10-21,7922.2002,8064.6099,7921.9302,8060.3999,66020000
1997-10-22,8058.7002,8059.9399,7993.8901,8034.6001,89950000
1997-10-23,8023.3999,8029.0000,7805.0400,7847.7998,86340000
1997-10-24,7852.7002,7939.6099,7695.5098,7715.3999,91090000
1997-10-27,7714.3999,7714.4199,7159.9199,7161.2002,91830000
1997-10-28,7160.8999,7515.0200,6971.0698,7498.2998,160970000
1997-10-29,7498.6001,7621.6001,7456.0801,7506.7002,95990000
1997-10-30,7497.7998,7543.0098,7381.1802,7381.7002,77160000
1997-10-31,7390.0000,7495.8599,7352.6899,7442.1001,70370000
1997-11-03,7445.7998,7674.3999,7443.0698,7674.3999,67160000
1997-11-04,7674.2002,7701.6499,7622.3301,7689.1001,56330000
1997-11-05,7688.2002,7765.7500,7664.5698,7692.6001,56780000
1997-11-06,7691.7998,7708.0400,7640.2598,7683.2002,54580000
1997-11-07,7678.5698,7678.5698,7487.7598,7581.2998,66150000
1997-11-10,7581.6001,7656.2202,7540.5601,7552.6001,51810000
1997-11-11,7552.6001,7599.7402,7518.2100,7558.7002,47530000
1997-11-12,7554.2998,7554.3101,7393.7100,7401.2998,63890000
1997-11-13,7400.1001,7499.7900,7349.9902,7487.7998,66900000
1997-11-14,7486.7998,7590.1602,7467.3799,7572.5000,60500000
1997-11-17,7582.7998,7738.4902,7575.6699,7698.2002,64880000
1997-11-18,7693.2998,7720.8101,7643.2100,7650.7998,59380000
1997-11-19,7646.3999,7753.9600,7625.5298,7724.7002,50760000
1997-11-20,7725.8999,7856.2002,7724.6499,7826.6001,61630000
1997-11-21,7827.8999,7881.0698,7791.5498,7881.0698,63730000
1997-11-24,7876.6001,7881.0698,7753.2500,7767.8999,52420000
1997-11-25,7767.2002,7821.3901,7739.5698,7809.0000,56360000
1997-11-26,7809.2002,7846.5000,7794.5298,7794.7998,47420000
1997-11-28,7795.2998,7853.2202,7794.7798,7823.1001,20080000
1997-12-01,7825.1201,8015.1001,7825.1201,8013.1001,58280000
1997-12-02,8012.6001,8041.7100,7995.2100,8018.7998,55750000
1997-12-03,8017.2998,8076.0200,7961.6401,8032.0000,63020000
1997-12-04,8032.7998,8113.8198,8023.7998,8050.2002,64380000
1997-12-05,8046.2002,8166.2900,8017.0898,8149.1001,60710000
1997-12-08,8148.8999,8158.0801,8083.7300,8110.7998,46280000
1997-12-09,8110.7998,8111.0898,8029.7700,8049.7002,51060000
1997-12-10,8048.8999,8049.4199,7922.3501,7978.7998,62990000
1997-12-11,7973.7998,7973.9702,7815.1699,7849.0000,63790000
1997-12-12,7849.5000,7904.9399,7784.3301,7838.2998,55520000
1997-12-15,7838.2998,7947.7100,7838.2998,7922.6001,54110000
1997-12-16,7924.3301,8019.8198,7924.3301,7976.2998,57110000
1997-12-17,7978.2998,8034.0000,7932.0400,7957.3999,56990000
1997-12-18,7953.3999,7955.8701,7810.4502,7846.5000,62330000
1997-12-19,7846.4702,7846.4702,7576.9302,7756.2998,98690000
1997-12-22,7758.5000,7844.7202,7743.3398,7819.2998,50130000
1997-12-23,7818.7998,7823.0498,7689.2798,7691.7998,40540000
1997-12-24,7693.0000,7740.3501,7660.1299,7660.1299,25510000
1997-12-26,7660.1001,7717.9302,7659.1401,7679.2998,13340000
1997-12-29,7679.2998,7801.6299,7677.2998,7792.3999,35190000
1997-12-30,7796.3999,7922.7002,7791.5098,7916.0000,43620000
1997-12-31,7916.2002,7959.5601,7886.5698,7908.2998,36720000
1998-01-02,7910.2002,7965.0400,7880.8501,7965.0000,47030000
1998-01-05,7967.0000,8035.5400,7912.9800,7979.0000,67560000
1998-01-06,7978.2500,7978.2500,7880.3501,7906.2500,60200000
1998-01-07,7904.7998,7905.7598,7776.9702,7902.2998,60990000
1998-01-08,7902.0000,7902.0200,7796.1499,7802.6001,63720000
1998-01-09,7799.8999,7800.1299,7527.3599,7580.3999,86300000
1998-01-12,7575.2002,7652.6602,7443.4102,7647.2002,80340000
1998-01-13,7646.3999,7733.1201,7645.6899,7732.1001,69010000
1998-01-14,7732.1001,7788.9199,7707.9600,7784.7002,60650000
1998-01-15,7783.7002,7783.9399,7686.5400,7691.7998,55900000
1998-01-16,7696.0098,7803.1201,7696.0098,7753.5000,72620000
1998-01-20,7753.7998,7874.8701,7749.5601,7873.1001,69310000
1998-01-21,7871.8999,7872.1201,7737.3599,7794.3999,69130000
1998-01-22,7793.3999,7797.8901,7701.9800,7730.8999,73460000
1998-01-23,7730.6001,7776.9702,7642.7002,7700.7002,61250000
1998-01-26,7701.7300,7757.7798,7690.7700,7712.9399,52540000
1998-01-27,7713.1899,7848.4600,7708.7100,7815.0801,69300000
1998-01-28,7815.0801,7919.2100,7815.0801,7915.4702,73510000
1998-01-29,7916.7202,8015.1201,7883.0898,7973.0200,77770000
1998-01-30,7971.2700,7985.9702,7893.0498,7906.5000,53670000
1998-02-02,7909.9902,8122.2300,7909.9902,8107.7798,64720000
1998-02-03,8107.7798,8164.3301,8057.7100,8160.3501,59100000
1998-02-04,8158.6001,8160.1001,8090.1001,8129.7100,56070000
1998-02-05,8128.7100,8182.2700,8071.9102,8117.2500,60110000
1998-02-06,8113.7598,8211.9102,8113.1299,8189.4902,49520000
1998-02-09,8191.4902,8216.6504,8141.9102,8180.5200,45450000
1998-02-10,8179.7798,8320.0303,8178.2798,8295.6104,67300000
1998-02-11,8293.3701,8314.5498,8276.9297,8314.5498,50190000
1998-02-12,8311.3096,8390.2695,8238.3203,8369.5996,57830000
1998-02-13,8366.8604,8374.8301,8311.8096,8370.0996,44030000
1998-02-17,8368.5996,8446.3203,8368.5996,8398.5000,57180000
1998-02-18,8393.5098,8451.0596,8361.8799,8451.0596,55000000
1998-02-19,8451.8096,8451.8096,8369.3496,8375.5801,54340000
1998-02-20,8375.8301,8424.4004,8318.5303,8413.9404,57230000
1998-02-23,8413.9404,8446.5703,8374.8301,8410.2002,47940000
1998-02-24,8408.2100,8421.6602,8345.4404,8370.0996,53390000
1998-02-25,8368.8496,8489.1699,8368.8496,8457.7803,47540000
1998-02-26,8455.2900,8503.1201,8419.9199,8490.6699,49390000
1998-02-27,8489.6699,8566.8896,8474.9697,8545.7197,55150000
1998-03-02,8544.4697,8566.8896,8510.8398,8550.4502,55600000
1998-03-03,8548.7100,8585.0801,8509.3496,8584.8301,57200000
1998-03-04,8582.5898,8583.0400,8494.6504,8539.2402,51380000
1998-03-05,8536.7998,8537.0498,8405.7197,8444.3301,57110000
1998-03-06,8446.8203,8570.8799,8444.5801,8569.3896,56180000
1998-03-09,8570.6299,8624.4404,8541.2402,8567.1396,60730000
1998-03-10,8567.6396,8650.0996,8566.6396,8643.1201,52660000
1998-03-11,8642.3701,8695.1904,8639.6299,8675.7500,48620000
1998-03-12,8673.7598,8682.4805,8611.2402,8659.5596,46110000
1998-03-13,8659.5596,8698.4199,8592.7998,8602.5195,48870000
1998-03-16,8603.5098,8718.8496,8602.0195,8718.8496,49980000
1998-03-17,8718.8496,8749.9902,8683.9805,8749.9902,51720000
1998-03-18,8746.5000,8780.1299,8706.8896,8775.4004,48740000
1998-03-19,8770.9199,8803.0498,8759.9502,8803.0498,54710000
1998-03-20,8803.7998,8913.4102,8803.2998,8906.4297,78600000
1998-03-23,8899.7100,8900.1396,8807.2900,8816.2500,52570000
1998-03-24,8817.5000,8920.3799,8817.5000,8904.4404,46280000
1998-03-25,8905.1904,8959.2402,8800.0596,8872.7998,59390000
1998-03-26,8868.5703,8892.9805,8820.9902,8846.8896,52240000
1998-03-27,8846.1504,8895.7197,8771.9102,8796.0801,57390000
1998-03-30,8795.0801,8827.9600,8748.7402,8782.1201,44030000
1998-03-31,8783.1201,8898.9600,8776.8896,8799.8096,61770000
1998-04-01,8801.5596,8883.7598,8748.7402,8868.3203,79540000
1998-04-02,8868.3203,8997.1104,8861.3398,8986.6396,74630000
1998-04-03,8986.6396,9030.4902,8946.2900,8983.4102,65520000
1998-04-06,8983.4102,9094.5098,8983.4102,9033.2305,76620000
1998-04-07,9033.2305,9033.9805,8893.4805,8956.5000,74580000
1998-04-08,8956.5000,8968.9600,8861.8398,8891.4805,71630000
1998-04-09,8891.4805,9014.2998,8890.7402,8994.8604,56620000
1998-04-13,8997.1104,9025.2598,8925.6104,9012.2998,62320000
1998-04-14,9014.2998,9121.4102,9013.7998,9110.2002,61980000
1998-04-15,9110.4502,9162.2695,9083.5498,9162.2695,67260000
1998-04-16,9162.2695,9164.7598,9041.9502,9076.5703,64980000
1998-04-17,9077.5703,9167.5000,9052.9102,9167.5000,62810000
1998-04-20,9166.7500,9172.7305,9091.5195,9141.8398,60310000
1998-04-21,9137.8496,9193.6504,9098.2500,9184.9404,67520000
1998-04-22,9184.9297,9213.3301,9165.2598,9176.7197,55020000
1998-04-23,9176.9600,9209.0996,9114.6904,9143.3301,66130000
1998-04-24,9143.8301,9160.0195,9020.0303,9064.6201,68360000
1998-04-27,9058.1396,9058.6396,8840.6699,8917.6396,78750000
1998-04-28,8920.8799,9006.5703,8863.5801,8898.9600,63230000
1998-04-29,8899.2100,8995.1104,8899.2100,8951.5195,51340000
1998-04-30,8953.5098,9128.6396,8953.5098,9063.3701,58810000
1998-05-01,9066.6104,9147.8203,9066.6104,9147.0703,50100000
1998-05-04,9145.3301,9261.9102,9145.3301,9192.6602,50980000
1998-05-05,9192.6602,9198.1396,9104.4697,9147.5703,42750000
1998-05-06,9146.1904,9180.2002,9049.9199,9054.6504,45340000
1998-05-07,9053.1602,9055.6504,8965.2197,8976.6797,52340000
1998-05-08,8978.1699,9095.7500,8971.2002,9055.1504,51560000
1998-05-11,9055.5098,9189.6699,9055.4004,9091.5195,56820000
1998-05-12,9089.5303,9175.7197,9059.8799,9161.7695,56310000
1998-05-13,9158.6201,9225.5400,9157.0303,9211.8398,59710000
1998-05-14,9211.3398,9221.5596,9113.9404,9172.2305,72870000
1998-05-15,9170.3398,9186.1797,9090.5195,9096.0000,65290000
1998-05-18,9092.9697,9128.8896,8999.8496,9050.9102,53140000
1998-05-19,9052.1602,9113.4404,9038.2100,9054.6504,55270000
1998-05-20,9053.7598,9172.9805,9052.0195,9171.4805,62430000
1998-05-21,9171.7305,9202.3701,9104.9697,9132.3701,58660000
1998-05-22,9132.3701,9164.2598,9077.3203,9114.4404,34130000
1998-05-26,9114.4404,9168.7402,8962.7305,8963.7305,43350000
1998-05-27,8963.8096,8964.0596,8788.0996,8936.5703,66910000
1998-05-28,8933.4697,8993.1201,8900.7002,8970.2002,47970000
1998-05-29,8970.2002,9027.0000,8899.9502,8899.9502,49310000
1998-06-01,8900.9502,8981.4102,8864.0801,8922.3701,54770000
1998-06-02,8922.8701,8976.6797,8872.2998,8891.2402,55160000
1998-06-03,8889.4404,8928.3496,8789.8496,8803.7998,46970000
1998-06-04,8804.2998,8876.5400,8749.7402,8870.5596,49950000
1998-06-05,8870.5596,9039.4600,8870.5596,9037.7100,53630000
1998-06-08,9039.9502,9104.7197,9034.9697,9069.5996,49410000
1998-06-09,9070.5898,9086.5400,9014.5400,9049.9199,45310000
1998-06-10,9050.1699,9096.0000,8952.2695,8971.7002,62720000
1998-06-11,8971.7002,8993.6201,8808.5303,8811.7695,59840000
1998-06-12,8811.7695,8834.9404,8684.2197,8834.9404,59700000
1998-06-15,8831.9502,8831.9502,8623.1904,8627.9297,58000000
1998-06-16,8635.1504,8675.5098,8569.8799,8665.2900,68610000
1998-06-17,8666.2305,8892.4805,8665.7305,8829.4600,72940000
1998-06-18,8824.9199,8853.8701,8793.3301,8813.0098,64310000
1998-06-19,8812.7695,8861.8398,8688.9600,8712.8701,79840000
1998-06-22,8711.7402,8763.6904,8684.2197,8711.1299,45540000
1998-06-23,8713.3701,8830.4502,8713.3701,8828.4600,54910000
1998-06-24,8829.2100,8934.3301,8777.8896,8923.8701,73650000
1998-06-25,8923.8701,9025.0098,8915.4004,8935.5801,68640000
1998-06-26,8934.2598,8991.6299,8934.0801,8944.5400,52140000
1998-06-29,8945.5400,9052.6602,8945.5400,8997.3604,50170000
1998-06-30,8994.7197,9020.5195,8929.5996,8952.0195,61360000
1998-07-01,8958.9902,9049.1699,8958.9902,9048.6699,66790000
1998-07-02,9047.6797,9047.6797,9003.3301,9025.2598,50060000
1998-07-06,9023.0596,9091.7695,9000.5898,9091.7695,48820000
1998-07-07,9091.2695,9150.8096,9067.1104,9085.0400,56520000
1998-07-08,9086.2900,9184.4404,9084.2998,9174.9697,59980000
1998-07-09,9174.9697,9174.9697,9065.6104,9089.7803,65780000
1998-07-10,9090.8096,9135.5996,9029.7900,9105.7402,67280000
1998-07-13,9107.0303,9132.7695,9073.2998,9096.2100,57050000
1998-07-14,9100.0703,9256.6104,9098.5303,9245.5400,61490000
1998-07-15,9246.5703,9305.5303,9228.0303,9234.4697,75860000
1998-07-16,9233.2305,9332.3096,9206.1504,9328.1904,63190000
1998-07-17,9328.1904,9354.7100,9310.1699,9337.9697,56870000
1998-07-20,9340.5498,9367.8398,9264.5898,9295.7500,58490000
1998-07-21,9296.2598,9344.6699,9173.9697,9190.1904,75250000
1998-07-22,9185.7100,9186.3701,9075.0996,9128.9102,90780000
1998-07-23,9130.4600,9156.4600,8932.9805,8932.9805,9440000
1998-07-24,8934.5195,8998.3799,8863.2100,8937.3604,83960000
1998-07-27,8937.3604,9028.2402,8855.7402,9028.2402,73130000
1998-07-28,9028.5000,9028.5000,8816.0898,8934.7803,77500000
1998-07-29,8935.8096,9001.2100,8880.7100,8914.9600,66510000
1998-07-30,8913.4102,9041.3701,8913.4102,9026.9502,73500000
1998-07-31,9026.9502,9030.0400,8828.1904,8883.2900,75420000
1998-08-03,8883.2900,8886.1201,8785.9697,8786.7402,65830000
1998-08-04,8788.7998,8857.0303,8487.3096,8487.3096,96980000
1998-08-05,8486.0195,8574.8496,8361.9199,8546.7803,98760000
1998-08-06,8546.1299,8593.3799,8486.0195,8577.6797,77090000
1998-08-07,8579.2197,8710.0195,8552.9600,8598.0195,80620000
1998-08-10,8596.7305,8635.3496,8543.1797,8574.8496,59290000
1998-08-11,8570.8398,8570.8398,8316.8701,8462.8496,90960000
1998-08-12,8462.6299,8564.5498,8460.0596,8552.9600,72300000
1998-08-13,8550.7002,8603.4297,8459.5000,8459.5000,71100000
1998-08-14,8458.9902,8556.5703,8380.7197,8425.0000,83000000
1998-08-17,8419.9600,8574.8496,8368.6201,8574.8496,67560000
1998-08-18,8572.4902,8730.6104,8568.1104,8714.6504,66320000
1998-08-19,8712.7002,8753.7803,8663.4102,8693.2803,55810000
1998-08-20,8694.0498,8694.5703,8604.9697,8611.4102,60590000
1998-08-21,8607.7998,8608.0596,8328.2002,8533.6504,83410000
1998-08-24,8533.6504,8619.1299,8502.7598,8566.6104,61940000
1998-08-25,8568.4102,8689.4199,8538.5400,8602.6504,65560000
1998-08-26,8600.9297,8600.9297,8467.4805,8523.3496,67770000
1998-08-27,8518.0898,8518.3496,8164.1899,8165.9902,104250000
1998-08-28,8164.1802,8244.5195,8011.5200,8051.6802,94630000
1998-08-31,8052.4502,8095.4502,7539.0698,7539.0698,117890000
1998-09-01,7545.7598,7897.9702,7400.2998,7827.4302,147170000
1998-09-02,7824.1699,7952.5601,7767.4399,7782.3701,95880000
1998-09-03,7781.3398,7781.3398,7578.4600,7682.2202,108280000
1998-09-04,7685.0498,7760.7500,7495.8101,7640.2500,96750000
1998-09-08,7645.1401,8033.1401,7645.1401,8020.7798,100540000
1998-09-09,8020.7798,8030.5698,7851.8901,7865.0200,85190000
1998-09-10,7858.0698,7858.0698,7519.5000,7615.5400,101550000
1998-09-11,7612.1802,7817.3901,7518.9902,7795.5000,91320000
1998-09-14,7796.5298,8039.0601,7796.5298,7945.3501,89750000
1998-09-15,7945.0898,8035.7202,7881.5000,8024.3901,72890000
1998-09-16,8026.1299,8102.9199,7962.8501,8089.7798,88360000
1998-09-17,8078.1499,8078.1499,7854.4600,7873.7700,71890000
1998-09-18,7876.3501,7930.6699,7827.9399,7895.6602,99090000
1998-09-21,7889.3301,7945.3501,7711.0498,7933.2500,77720000
1998-09-22,7934.2798,7986.7998,7855.7500,7897.2002,70850000
1998-09-23,7897.2002,8160.5898,7896.4302,8154.4102,94270000
1998-09-24,8152.3501,8182.4702,7935.8198,8001.9902,83180000
1998-09-25,8001.9902,8086.4399,7889.9902,8028.7700,79140000
1998-09-28,8026.1699,8160.3301,8026.1699,8108.8398,74480000
1998-09-29,8109.8701,8150.5498,8015.6299,8080.5200,81200000
1998-09-30,8079.4902,8079.4902,7825.3701,7842.6201,87640000
1998-10-01,7841.3301,7841.3301,7582.8398,7632.5298,100930000
1998-10-02,7631.2402,7818.1602,7530.3101,7784.6899,102730000
1998-10-05,7787.0098,7788.0400,7551.6802,7726.2402,98080000
1998-10-06,7733.9702,7880.9800,7683.5098,7742.9800,91560000
1998-10-07,7745.1802,7858.3198,7629.1802,7741.6899,105820000
1998-10-08,7734.4800,7756.3701,7467.4902,7731.9102,138480000
1998-10-09,7734.7402,7917.2798,7666.5098,7899.5200,101640000
1998-10-12,7900.5498,8084.6401,7900.5498,8001.4702,74370000
1998-10-13,8002.5000,8009.9702,7884.5898,7938.1401,78690000
1998-10-14,7938.1401,8048.3301,7878.1499,7968.7798,80570000
1998-10-15,7966.9702,8347.7598,7920.1201,8299.3604,99690000
1998-10-16,8300.3896,8429.3799,8300.3896,8416.7598,126790000
1998-10-19,8415.4805,8515.3701,8388.9600,8466.4502,72630000
1998-10-20,8471.8604,8652.8604,8471.8604,8505.8496,99750000
1998-10-21,8504.6699,8561.9697,8446.1201,8519.2305,81660000
1998-10-22,8519.0303,8555.7900,8422.1699,8533.1396,71460000
1998-10-23,8531.3398,8531.3398,8426.8096,8452.2900,64440000
1998-10-26,8448.9502,8521.0400,8408.0098,8432.2100,57130000
1998-10-27,8433.2402,8533.1396,8346.2197,8366.0400,75880000
1998-10-28,8365.2695,8432.9805,8328.7100,8371.9697,61660000
1998-10-29,8371.2197,8496.3203,8352.4004,8495.0303,61420000
1998-10-30,8498.1201,8659.8096,8498.1201,8592.0996,70950000
1998-11-02,8595.7002,8742.9697,8595.7002,8706.1504,80840000
1998-11-03,8706.6699,8744.5195,8677.5801,8706.1504,75340000
1998-11-04,8708.4697,8854.4502,8708.4697,8783.1396,87020000
1998-11-05,8782.1104,8917.2695,8714.9102,8915.4697,78000000
1998-11-06,8915.3398,8990.9102,8897.1904,8975.4600,67750000
1998-11-09,8971.9697,8985.5000,8845.9600,8897.9600,61020000
1998-11-10,8895.1699,8928.3496,8854.7100,8863.9805,72800000
1998-11-11,8863.9805,8936.0703,8792.6602,8823.8203,71300000
1998-11-12,8822.3203,8907.7500,8810.9404,8829.7402,58850000
1998-11-13,8830.6104,8925.5098,8829.8398,8919.5898,56060000
1998-11-16,8921.1396,9030.2998,8920.8799,9011.2500,68030000
1998-11-17,9010.9902,9103.1602,8929.1201,8986.2803,83800000
1998-11-18,8978.6201,9041.1104,8957.1797,9041.1104,63440000
1998-11-19,9039.8301,9087.7197,9010.7305,9056.0498,64210000
1998-11-20,9058.6201,9161.3496,9058.6201,9159.5498,75920000
1998-11-23,9159.5498,9374.2695,9159.2900,9374.2695,84080000
1998-11-24,9371.5195,9380.2002,9289.0498,9301.1504,81140000
1998-11-25,9300.7803,9318.1504,9252.4902,9314.2803,58200000
1998-11-27,9311.8496,9346.2100,9304.5000,9333.0801,29010000
1998-11-30,9333.0801,9333.0801,9116.5498,9116.5498,72220000
1998-12-01,9116.5498,9141.2695,8987.8203,9133.5400,87730000
1998-12-02,9129.7803,9129.7803,8955.1201,9064.5400,92350000
1998-12-03,9064.7998,9082.5703,8871.4502,8879.6797,78460000
1998-12-04,8879.6797,9025.1504,8879.6797,9016.1396,69610000
1998-12-07,9017.1699,9084.1104,9003.7803,9070.4697,53310000
1998-12-08,9070.4697,9088.7500,8946.6299,9027.9805,79240000
1998-12-09,9027.1504,9050.9004,8968.5098,9009.1904,80310000
1998-12-10,9008.4199,9012.7900,8823.2998,8841.5801,95150000
1998-12-11,8839.5098,8844.9297,8730.0996,8821.7598,71700000
1998-12-14,8820.7305,8820.7305,8676.0303,8695.5996,71520000
1998-12-15,8699.4600,8823.2998,8678.6104,8823.2998,77340000
1998-12-16,8823.2998,8851.3604,8740.6504,8790.5996,70310000
1998-12-17,8787.5498,8879.9404,8785.7500,8875.8203,71750000
1998-12-18,8877.6299,8928.5996,8858.5703,8903.6299,95150000
1998-12-21,8902.9697,9079.2197,8898.7402,8988.8496,77840000
1998-12-22,8989.1104,9069.4404,8948.6904,9044.4600,58510000
1998-12-23,9044.7197,9211.0400,9043.1699,9202.0303,58320000
1998-12-24,9202.2900,9245.5400,9178.5996,9217.9902,20210000
1998-12-28,9220.5703,9262.7900,9189.4102,9226.7500,45910000
1998-12-29,9221.1104,9334.8799,9187.6104,9320.9805,51150000
1998-12-30,9320.9805,9326.3896,9268.2002,9274.6396,48250000
1998-12-31,9274.1201,9287.7695,9181.4297,9181.4297,53400000
1999-01-04,9184.0098,9350.3301,9122.4697,9184.2695,89410000
1999-01-05,9184.7803,9338.7402,9182.9805,9311.1904,79860000
1999-01-06,9315.4199,9562.2197,9315.4199,9544.9697,103340000
1999-01-07,9542.1396,9542.1396,9426.0195,9537.7598,88290000
1999-01-08,9538.2803,9647.9600,9525.4102,9643.3203,103250000
1999-01-11,9643.3203,9643.3203,9532.6104,9619.8896,98720000
1999-01-12,9618.8604,9620.1504,9451.7695,9474.6797,95680000
1999-01-13,9471.3398,9471.3398,9213.0996,9349.5596,109060000
1999-01-14,9349.5596,9359.0801,9087.7197,9120.9297,90510000
1999-01-15,9127.1602,9342.6104,9127.1602,9340.5498,79440000
1999-01-19,9343.1201,9399.2500,9210.0098,9355.2197,76360000
1999-01-20,9354.0498,9480.0898,9300.9004,9335.9102,105220000
1999-01-21,9335.9102,9377.3604,9228.5498,9264.0801,98340000
1999-01-22,9264.0801,9264.5898,9088.4902,9120.6699,93640000
1999-01-25,9120.6699,9203.8301,9063.2598,9203.3203,89250000
1999-01-26,9203.3203,9329.9902,9188.3799,9324.5801,90780000
1999-01-27,9325.3604,9385.8604,9195.3398,9200.2305,88800000
1999-01-28,9203.5703,9301.1504,9203.5703,9281.3301,80490000
1999-01-29,9281.5898,9383.2803,9224.1699,9358.8301,86050000
1999-02-01,9359.5996,9430.6602,9341.5801,9345.7002,77790000
1999-02-02,9342.6104,9344.9199,9198.1699,9274.1201,82520000
1999-02-03,9272.5801,9398.2197,9239.6201,9366.8096,89760000
1999-02-04,9365.1504,9397.9600,9274.8896,9304.5000,88340000
1999-02-05,9305.0195,9347.2402,9247.3398,9304.2402,88360000
1999-02-08,9301.5898,9334.8799,9209.2402,9291.1104,72880000
1999-02-09,9291.1104,9305.0195,9123.2500,9133.0303,73550000
1999-02-10,9133.9102,9183.4902,9099.0400,9177.3096,86030000
1999-02-11,9175.0498,9363.4600,9143.3301,9363.4600,87430000
1999-02-12,9367.3203,9389.9805,9228.0303,9274.8896,78430000
1999-02-16,9277.3096,9387.6602,9234.7305,9297.0303,76970000
1999-02-17,9289.7803,9365.5400,9179.2100,9195.4697,83350000
1999-02-18,9201.8701,9308.7598,9190.9404,9298.6299,75070000
1999-02-19,9299.1699,9395.6699,9267.7100,9339.9502,73110000
1999-02-22,9339.9502,9558.2803,9331.1602,9552.6797,81950000
1999-02-23,9553.4805,9611.3301,9473.2402,9544.4199,84810000
1999-02-24,9544.2305,9600.1299,9391.1396,9399.6699,82630000
1999-02-25,9395.6602,9396.1904,9233.3203,9366.3398,80780000
1999-02-26,9365.2598,9398.4004,9252.5195,9306.5801,81460000
1999-03-01,9307.3896,9355.2100,9222.6299,9324.7803,104740000
1999-03-02,9324.2402,9421.2197,9268.0000,9297.6104,79710000
1999-03-03,9296.4404,9337.0000,9211.2305,9275.8799,74640000
1999-03-04,9275.7197,9480.7100,9275.7197,9467.4004,110950000
1999-03-05,9467.6699,9738.7900,9467.6699,9736.0801,97210000
1999-03-08,9737.1904,9764.7998,9674.3301,9727.6104,78540000
1999-03-09,9725.3896,9798.9297,9669.8896,9693.7598,96620000
1999-03-10,9695.9805,9776.1699,9675.7197,9772.8398,90040000
1999-03-11,9769.9600,9935.4600,9769.9600,9897.4404,97870000
1999-03-12,9897.7197,9958.7695,9861.9199,9876.3496,97760000
1999-03-15,9876.0801,9970.1504,9862.4805,9958.7695,78860000
1999-03-16,9957.6602,10001.7803,9926.5801,9930.4697,74480000
1999-03-17,9931.1299,9960.7100,9859.1504,9879.4102,84570000
1999-03-18,9873.9004,10001.5098,9845.8301,9997.6201,86480000
1999-03-19,10001.2305,10085.3096,9899.9404,9903.5498,117430000
1999-03-22,9902.2803,9934.6299,9874.9697,9890.5098,61210000
1999-03-23,9890.2305,9891.0596,9632.7100,9671.8301,87510000
1999-03-24,9671.5596,9703.1904,9625.2100,9666.8398,72990000
1999-03-25,9664.9004,9841.9404,9664.9004,9836.3896,80470000
1999-03-26,9836.3896,9853.3203,9747.3096,9822.2402,66210000
1999-03-29,9821.6104,10040.3604,9821.6104,10006.7803,69040000
1999-03-30,10003.8398,10003.8398,9874.4102,9913.2598,73970000
1999-03-31,9914.3701,10002.3398,9781.4502,9786.1602,111740000
1999-04-01,9786.4404,9840.0000,9765.6299,9832.5098,68310000
1999-04-05,9836.1201,10023.1504,9836.1201,10007.3301,71120000
1999-04-06,10004.8398,10030.3701,9915.7598,9963.4902,74900000
1999-04-07,9963.4902,10089.7500,9955.1602,10085.3096,95470000
1999-04-08,10086.4199,10209.0801,10059.7803,10197.7002,91210000
1999-04-09,10197.7002,10212.1299,10094.4697,10173.8398,79950000
1999-04-12,10174.1104,10340.6201,10096.6904,10339.5098,84540000
1999-04-13,10340.6201,10418.8701,10316.4697,10395.0098,88310000
1999-04-14,10394.7305,10526.5400,10367.8096,10411.6602,107230000
1999-04-15,10411.6602,10500.7402,10378.6299,10462.7197,137100000
1999-04-16,10463.5596,10520.0098,10386.6104,10493.8896,113560000
1999-04-19,10493.8896,10765.7402,10404.8701,10440.5303,145000000
1999-04-20,10440.5303,10496.3701,10333.1504,10448.5498,113400000
1999-04-21,10448.9600,10581.4199,10420.7695,10581.4199,95180000
1999-04-22,10580.6201,10753.8096,10580.0498,10727.1797,107780000
1999-04-23,10726.0400,10754.6699,10646.7100,10689.6699,106990000
1999-04-26,10689.6699,10729.1904,10649.8604,10718.5898,86860000
1999-04-27,10719.1602,10847.7402,10719.1602,10831.7100,103340000
1999-04-28,10831.9902,10935.3701,10811.0898,10845.4502,99540000
1999-04-29,10844.7803,10928.2100,10834.8604,10878.3799,104670000
1999-04-30,10876.9502,10961.7100,10654.7305,10789.0400,122040000
1999-05-03,10789.0400,11014.6904,10756.1104,11014.6904,94430000
1999-05-04,11014.6904,11035.3096,10868.3604,10886.1104,105900000
1999-05-05,10883.5400,10955.4102,10775.8604,10955.4102,110840000
1999-05-06,10949.7305,10980.0400,10852.3203,10946.8203,118310000
1999-05-07,10947.1104,11033.8799,10933.6504,11031.5898,91890000
1999-05-10,11029.1396,11100.5996,10951.9805,11007.2500,91670000
1999-05-11,11001.2305,11102.3203,10970.5898,11026.1504,95280000
1999-05-12,11023.6104,11043.6104,10812.8096,11000.3701,93550000
1999-05-13,10998.4297,11130.6699,10998.4297,11107.1904,86560000
1999-05-14,11105.9004,11106.7598,10870.0801,10913.3203,88150000
1999-05-17,10910.5703,10910.5703,10745.7998,10853.4697,78880000
1999-05-18,10849.7900,10930.7500,10740.7998,10836.9502,95790000
1999-05-19,10836.6699,10891.8096,10797.1299,10887.3896,83780000
1999-05-20,10887.6797,10946.0801,10866.7402,10866.7402,77580000
1999-05-21,10867.0400,10888.8604,10787.4004,10829.2803,79810000
1999-05-24,10829.8701,10856.4199,10626.6504,10654.6699,92340000
1999-05-25,10651.7305,10754.6602,10530.2100,10531.0898,89820000
1999-05-26,10530.8896,10721.3301,10518.7002,10702.1602,97200000
1999-05-27,10701.2803,10701.2803,10434.2598,10466.9297,98020000
1999-05-28,10468.4902,10589.5000,10467.2402,10559.7402,72820000
1999-06-01,10561.0098,10597.5195,10409.1396,10596.2598,84670000
1999-06-02,10594.8896,10627.5996,10464.5498,10577.8896,79170000
1999-06-03,10577.2598,10667.1797,10577.2598,10663.6904,71280000
1999-06-04,10661.7900,10799.8398,10659.5801,10799.8398,87580000
1999-06-07,10799.2002,10917.2998,10782.7402,10909.3799,84220000
1999-06-08,10908.1201,10909.0703,10724.1699,10765.6396,80040000
1999-06-09,10765.6396,10790.0195,10672.5596,10690.2900,77250000
1999-06-10,10690.2900,10690.2900,10526.2900,10621.2695,86330000
1999-06-11,10618.2305,10691.5596,10430.6699,10490.5098,77530000
1999-06-14,10490.8301,10606.3896,10486.7100,10563.3301,67040000
1999-06-15,10563.3301,10682.0596,10562.0596,10594.9902,73190000
1999-06-16,10598.5400,10800.4697,10598.2197,10784.9502,86490000
1999-06-17,10777.7197,10870.4404,10714.3496,10841.6299,70150000
1999-06-18,10847.6396,10888.4902,10811.5498,10855.5596,111100000
1999-06-21,10854.7500,10880.2500,10755.8301,10815.9805,74690000
1999-06-22,10815.9805,10815.9805,10708.6504,10721.6299,67370000
1999-06-23,10721.6299,10725.1201,10616.8398,10666.8604,68710000
1999-06-24,10666.8604,10666.8604,10471.2002,10534.8301,78750000
1999-06-25,10542.4297,10650.4004,10538.0000,10552.5596,62020000
1999-06-28,10555.8799,10692.5098,10555.8799,10655.1504,71640000
1999-06-29,10655.4600,10815.3496,10633.9297,10815.3496,82390000
1999-06-30,10813.8896,11003.4102,10731.4502,10970.7998,125380000
1999-07-01,10966.0498,11080.3496,10903.6797,11066.4199,100670000
1999-07-02,11065.1504,11139.5596,11058.8203,11139.2402,65820000
1999-07-06,11137.4697,11236.7598,11104.0996,11135.1201,78110000
1999-07-07,11135.1201,11187.3604,11080.3496,11187.3604,81750000
1999-07-08,11182.6201,11211.1104,11092.0703,11126.8896,97370000
1999-07-09,11125.6299,11194.3301,11124.0400,11193.7002,88430000
1999-07-12,11193.3799,11230.7402,11149.6904,11200.9805,75300000
1999-07-13,11200.0303,11211.1104,11085.0996,11175.0195,80110000
1999-07-14,11177.5498,11209.2100,11112.0098,11148.0996,72720000
1999-07-15,11149.3701,11217.7598,11149.3701,11186.4102,83290000
1999-07-16,11186.3496,11213.3301,11143.0400,11209.8398,80450000
1999-07-19,11209.8398,11252.2695,11159.8203,11187.6797,79780000
1999-07-20,11188.0000,11188.6299,10969.5400,10996.1299,88320000
1999-07-21,10998.9404,11055.9697,10945.4805,11002.7803,85190000
1999-07-22,11002.7803,11044.2598,10880.2500,10969.2197,84310000
1999-07-23,10969.2197,11006.5801,10861.8896,10910.9600,64990000
1999-07-26,10907.7998,10929.3301,10831.8096,10863.1602,69510000
1999-07-27,10862.8398,11031.2803,10862.8398,10979.0400,73550000
1999-07-28,10970.7998,11023.9902,10925.8496,10972.0703,65370000
1999-07-29,10971.3604,10971.3604,10714.0303,10791.2900,74600000
1999-07-30,10791.2900,10825.7998,10647.8604,10655.1504,82550000
1999-08-02,10654.8301,10791.5996,10615.2500,10645.9600,68670000
1999-08-03,10645.9600,10727.9697,10613.9902,10677.3096,76710000
1999-08-04,10675.6602,10829.9102,10670.0303,10674.7695,88660000
1999-08-05,10675.4102,10798.2500,10566.1797,10793.8203,124250000
1999-08-06,10792.5801,10818.2002,10653.2500,10714.0303,84820000
1999-08-09,10714.0303,10761.8398,10683.3203,10707.7002,81310000
1999-08-10,10704.2197,10714.6699,10549.0801,10655.1504,98920000
1999-08-11,10650.5898,10795.7197,10646.9102,10787.7998,85160000
1999-08-12,10785.6504,10900.8301,10780.8398,10789.3896,71310000
1999-08-13,10786.7002,10981.8896,10786.7002,10973.6504,77850000
1999-08-16,10980.1104,11046.7900,10950.8604,11046.7900,65130000
1999-08-17,11049.6396,11117.0801,11011.6504,11117.0801,84280000
1999-08-18,11109.6602,11110.9199,10982.8398,10991.3799,85320000
1999-08-19,10988.8496,10995.5000,10873.2900,10963.8398,87200000
1999-08-20,10963.8398,11100.6104,10963.8398,11100.6104,104090000
1999-08-23,11099.6602,11299.7598,11098.0801,11299.7598,85070000
1999-08-24,11297.5400,11365.9297,11194.0098,11283.2998,83020000
1999-08-25,11282.3799,11334.5898,11198.4502,11326.0400,99870000
1999-08-26,11326.0400,11333.0000,11191.4805,11198.4502,74930000
1999-08-27,11198.4502,11229.1602,11077.8203,11090.1699,60340000
1999-08-30,11087.6904,11123.0898,10902.0996,10914.1299,70320000
1999-08-31,10909.7002,10982.2002,10782.1104,10829.2803,100530000
1999-09-01,10828.4404,10941.3604,10828.4404,10937.8799,80830000
1999-09-02,10934.0801,10934.0801,10732.7100,10843.2100,77110000
1999-09-03,10856.1904,11087.0000,10856.1904,11078.4502,79660000
1999-09-07,11079.0801,11104.0996,11011.9600,11034.1299,79910000
1999-09-08,11034.1299,11117.3896,10967.0000,11036.3398,86070000
1999-09-09,11031.2803,11095.8604,10981.8896,11079.4004,78920000
1999-09-10,11087.0000,11142.4102,11023.9902,11028.4297,70470000
1999-09-13,11027.4004,11042.3604,10982.2002,11030.3301,67130000
1999-09-14,11028.7402,11028.7402,10886.2695,10910.3301,74200000
1999-09-15,10910.4004,11013.8604,10798.5703,10801.4199,78970000
1999-09-16,10795.7695,10799.2500,10626.6504,10737.4600,77200000
1999-09-17,10745.3799,10860.9404,10745.0596,10803.6299,102600000
1999-09-20,10801.8701,10845.7402,10780.8398,10823.9004,57670000
1999-09-21,10822.9502,10822.9502,10551.9297,10598.4697,82630000
1999-09-22,10599.4199,10606.0703,10493.9902,10524.0703,95220000
1999-09-23,10524.0703,10572.5098,10302.1299,10318.5898,99500000
1999-09-24,10311.9404,10336.3203,10187.2002,10279.3301,94080000
1999-09-27,10279.3301,10402.4902,10279.3301,10303.3896,79050000
1999-09-28,10300.5098,10310.0400,10081.1299,10275.5303,93520000
1999-09-29,10274.2695,10334.7402,10210.9404,10213.4805,88810000
1999-09-30,10214.1104,10402.8096,10212.8398,10336.9502,108360000
1999-10-01,10335.6904,10335.6904,10184.0303,10273.0000,109890000
1999-10-04,10274.5801,10417.6904,10274.2695,10401.2305,99080000
1999-10-05,10401.2305,10509.1904,10277.1104,10400.5898,118510000
1999-10-06,10399.7695,10588.3398,10399.4502,10588.3398,100930000
1999-10-07,10588.3398,10604.4902,10508.2402,10537.0498,87860000
1999-10-08,10534.5195,10655.7803,10506.3398,10649.7598,96890000
1999-10-11,10649.7598,10719.0996,10634.8799,10648.1797,71710000
1999-10-12,10648.8096,10648.8096,10417.0596,10417.0596,77470000
1999-10-13,10412.3096,10443.0195,10226.4600,10232.1602,92230000
1999-10-14,10230.8896,10342.9697,10133.6904,10286.6104,10030000
1999-10-15,10286.6104,10286.6104,9998.1797,10019.7100,114640000
1999-10-18,10018.4502,10127.9902,9976.0195,10116.2803,91680000
1999-10-19,10117.5400,10335.3701,10117.5400,10204.9297,99720000
1999-10-20,10203.3096,10392.3604,10203.3096,10392.3604,111750000
1999-10-21,10390.7100,10390.7100,10177.3799,10297.6904,188050000
1999-10-22,10298.9600,10520.9004,10298.9600,10470.2500,127480000
1999-10-25,10468.9805,10469.2998,10315.1104,10349.9297,99380000
1999-10-26,10350.8799,10408.1904,10300.8604,10302.1299,116660000
1999-10-27,10302.7598,10420.5400,10273.9502,10394.8896,108010000
1999-10-28,10397.6699,10637.7305,10397.6699,10622.5303,144440000
1999-10-29,10629.1797,10790.0195,10628.8701,10729.8604,136620000
1999-11-01,10730.7803,10745.7695,10648.5098,10648.5098,150060000
1999-11-02,10653.7100,10751.8799,10572.6699,10581.8398,143460000
1999-11-03,10582.5400,10650.3496,10563.1904,10609.0596,153890000
1999-11-04,10612.4199,10711.8203,10602.9404,10639.6396,195700000
1999-11-05,10639.9502,10842.7197,10638.4199,10704.4805,171660000
1999-11-08,10668.4199,10776.0498,10650.3496,10718.8496,213120000
1999-11-09,10715.0996,10765.6504,10585.2100,10617.3203,168950000
1999-11-10,10611.9404,10654.6299,10536.2695,10597.7402,148240000
1999-11-11,10603.2500,10643.9297,10543.9199,10595.2998,130060000
1999-11-12,10593.5098,10771.7598,10542.3896,10769.3203,158320000
1999-11-15,10764.7305,10798.3701,10712.1299,10760.7500,130860000
1999-11-16,10762.8896,10937.8301,10757.3896,10932.3301,162770000
1999-11-17,10929.0000,10937.5303,10879.1104,10883.0898,157130000
1999-11-18,10887.6699,11054.3496,10886.1504,11035.7002,165080000
1999-11-19,11033.2500,11036.6201,10976.0596,11003.8896,157690000
1999-11-22,11008.7803,11112.7695,10978.2002,11089.5195,181940000
1999-11-23,11090.2900,11101.7598,10976.3701,10995.6299,159840000
1999-11-24,11000.2197,11044.2598,10949.1504,11008.1699,132160000
1999-11-26,11007.2598,11055.5801,10984.0098,10988.9102,64240000
1999-11-29,10985.7305,10987.3799,10886.1504,10947.9199,148330000
1999-11-30,10945.4902,11045.4805,10873.6104,10877.8096,157390000
1999-12-01,10876.4697,11000.8301,10859.6504,10998.3896,145820000
1999-12-02,10995.0195,11070.7197,10988.5996,11039.0596,132560000
1999-12-03,11046.0996,11341.2305,11045.7900,11286.1797,167790000
1999-12-06,11286.7900,11297.7998,11193.5098,11225.0098,134760000
1999-12-07,11221.6504,11253.4502,11106.6504,11106.6504,169040000
1999-12-08,11107.2598,11171.7900,11068.1201,11068.1201,148810000
1999-12-09,11073.6201,11204.2100,11054.6602,11134.7900,177980000
1999-12-10,11137.8496,11274.5498,11118.2695,11224.7002,170110000
1999-12-13,11217.4600,11250.3896,11162.3096,11192.5898,149860000
1999-12-14,11195.3398,11235.7100,11143.0498,11160.1699,200620000
1999-12-15,11158.7803,11282.2002,11130.5098,11225.3203,234240000
1999-12-16,11224.4004,11244.8896,11124.3896,11244.8896,190760000
1999-12-17,11257.4297,11383.7402,11257.4297,11257.4297,274050000
1999-12-20,11254.5000,11310.0303,11110.9297,11144.2695,131240000
1999-12-21,11142.4297,11237.8496,11098.0098,11200.5400,141380000
1999-12-22,11199.4502,11260.1797,11181.8896,11203.5996,115110000
1999-12-23,11202.0703,11443.0703,11202.0703,11405.7598,97860000
1999-12-27,11410.6504,11475.1797,11380.5996,11391.0801,111500000
1999-12-28,11389.2402,11517.3896,11382.2100,11476.7100,91560000
1999-12-29,11472.8799,11543.0801,11425.6396,11484.6602,69880000
1999-12-30,11484.3604,11568.7695,11446.7402,11452.8604,67600000
1999-12-31,11453.4805,11542.4102,11442.8203,11497.1201,43620000
2000-01-03,11501.8496,11522.0098,11305.6904,11357.5098,169750000
2000-01-04,11349.7500,11350.0596,10986.4502,10997.9297,178420000
2000-01-05,10989.3701,11215.0996,10938.6699,11122.6504,203190000
2000-01-06,11113.3701,11313.4502,11098.4502,11253.2598,176550000
2000-01-07,11247.0596,11528.1396,11239.9199,11522.5596,184900000
2000-01-10,11532.4805,11638.2803,11532.4805,11572.2002,168180000
2000-01-11,11568.4697,11663.0996,11502.7002,11511.0801,177300000
2000-01-12,11506.7305,11612.5303,11505.1797,11551.0996,194060000
2000-01-13,11558.2402,11656.5801,11524.1104,11582.4297,174910000
2000-01-14,11619.3496,11750.2803,11612.5303,11722.9805,266830000
2000-01-18,11719.1904,11720.1201,11546.4502,11560.7197,200220000
2000-01-19,11535.2402,11574.6797,11456.0098,11489.3604,193090000
2000-01-20,11490.2900,11558.7002,11274.9805,11351.2998,191230000
2000-01-21,11356.2598,11387.5996,11232.4805,11251.7100,205840000
2000-01-24,11251.9404,11366.5000,10917.2695,11008.1699,202740000
2000-01-25,11010.9600,11079.5195,10883.4502,11029.8896,209230000
2000-01-26,11025.8496,11131.0303,11002.5801,11032.9902,188840000
2000-01-27,11035.5498,11164.1396,10915.4004,11028.0195,194280000
2000-01-28,11024.9199,11024.9199,10735.7695,10738.8701,183090000
2000-01-31,10735.7695,10956.6699,10701.6396,10940.5303,191880000
2000-02-01,10937.7402,11073.3203,10907.9600,11041.0498,183110000
2000-02-02,11037.6396,11118.9297,10987.0703,11003.2002,164170000
2000-02-03,11010.4805,11079.5195,10842.2598,11013.4404,178630000
2000-02-04,11014.3701,11089.4502,10943.0195,10963.7998,166590000
2000-02-07,10965.9697,10970.9404,10846.2197,10905.7900,145660000
2000-02-08,10904.2598,11023.0596,10904.2598,10957.5996,168890000
2000-02-09,10948.8203,10948.8203,10698.8496,10699.1602,168550000
2000-02-10,10697.9199,10738.2500,10606.4004,10643.6299,156390000
2000-02-11,10638.6396,10638.6396,10356.9600,10425.2100,193540000
2000-02-14,10431.6504,10549.0000,10430.7998,10519.8398,167240000
2000-02-15,10520.1504,10763.0703,10494.4805,10718.0898,183320000
2000-02-16,10711.8203,10741.6699,10561.4102,10561.4102,163280000
2000-02-17,10565.7598,10671.8604,10454.6104,10514.5703,195830000
2000-02-18,10514.5703,10517.7500,10199.9805,10219.5195,208930000
2000-02-22,10219.8301,10336.7900,10103.7998,10304.8398,194340000
2000-02-23,10294.8203,10338.3496,10164.9199,10225.7305,185280000
2000-02-24,10242.4805,10248.0596,9942.7803,10092.6299,237540000
2000-02-25,10090.7695,10132.4199,9836.0596,9862.1201,195240000
2000-02-28,9854.6602,10156.5400,9842.5703,10038.6504,213230000
2000-02-29,10039.5801,10204.9404,10029.9600,10128.3096,191360000
2000-03-01,10128.1104,10186.3301,10084.5596,10137.9297,216780000
2000-03-02,10135.4404,10212.3896,10103.4902,10164.9199,206510000
2000-03-03,10171.1201,10443.5195,10171.1201,10367.2002,210460000
2000-03-06,10358.9600,10383.9502,10121.4805,10170.5000,172590000
2000-03-07,10197.6104,10229.1396,9752.6797,9796.0303,278180000
2000-03-08,9800.6904,9918.8896,9731.8096,9856.5303,223310000
2000-03-09,9855.2900,10010.7305,9738.9502,10010.7305,187360000
2000-03-10,10008.5498,10091.3896,9907.2598,9928.8203,197440000
2000-03-13,9911.2197,9998.5498,9735.5400,9947.1299,186210000
2000-03-14,9957.6699,10043.2998,9811.2402,9811.2402,186080000
2000-03-15,9808.1504,10180.2002,9776.4902,10131.4102,204920000
2000-03-16,10139.5801,10632.4600,10138.3398,10630.5996,253790000
2000-03-17,10629.9805,10763.3799,10567.3096,10595.2305,247830000
2000-03-20,10594.7500,10727.7100,10586.9902,10680.2402,177730000
2000-03-21,10680.2402,10907.3398,10603.6104,10907.3398,211950000
2000-03-22,10916.9600,10917.2695,10789.1299,10866.7002,195830000
2000-03-23,10884.3799,11136.6104,10831.0195,11119.8604,224710000
2000-03-24,11107.4502,11234.6504,11045.0898,11112.7197,217140000
2000-03-27,11093.2500,11170.8203,10982.7305,11025.8496,184880000
2000-03-28,11023.6797,11094.3398,10932.7803,10936.1104,177780000
2000-03-29,10939.0498,11101.5498,10910.7500,11018.7197,199370000
2000-03-30,11008.1699,11144.0596,10916.3398,10980.2500,214190000
2000-03-31,10993.2803,11107.7598,10921.9199,10921.9199,179590000
2000-04-03,10863.2803,11223.7900,10862.9697,11221.9297,279950000
2000-04-04,11225.3398,11418.2402,10717.7803,11164.8398,319280000
2000-04-05,11163.2900,11218.2100,11002.5801,11033.9199,189310000
2000-04-06,11029.5596,11201.1396,11029.5596,11114.2695,161820000
2000-04-07,11122.0303,11192.4502,11062.7695,11111.4805,156500000
2000-04-10,11114.8896,11287.7002,11097.2100,11186.5596,150070000
2000-04-11,11180.9805,11361.1504,11102.4805,11287.0801,171130000
2000-04-12,11283.0498,11425.4502,11116.7500,11125.1299,234780000
2000-04-13,11132.5801,11144.0596,10920.7598,10923.5498,200240000
2000-04-14,10922.8496,10922.8496,10201.5303,10305.7695,267580000
2000-04-17,10303.2900,10583.7500,10232.5498,10582.5098,247520000
2000-04-18,10584.0195,10773.9297,10571.3398,10767.4199,218380000
2000-04-19,10748.9697,10789.4404,10632.1504,10674.9600,193860000
2000-04-20,10668.1904,10845.2900,10665.0898,10844.0498,158390000
2000-04-24,10822.3301,10910.7500,10695.4404,10906.0996,295330000
2000-04-25,10916.6504,11136.6104,10881.0400,11124.8203,240200000
2000-04-26,11127.9199,11141.8799,10902.0596,10945.5000,198970000
2000-04-27,10941.9102,10941.9102,10747.2500,10888.0996,192920000
2000-04-28,10892.7598,10959.2305,10715.2998,10733.9102,173520000
2000-05-01,10749.4199,10926.2598,10724.2197,10811.7803,174020000
2000-05-02,10805.5801,10824.5000,10710.0195,10731.1201,208610000
2000-05-03,10732.2100,10732.2100,10400.0898,10480.1299,200220000
2000-05-04,10478.8896,10523.0996,10407.5303,10412.4902,169170000
2000-05-05,10409.7002,10585.9199,10375.8096,10577.8604,138300000
2000-05-08,10571.3096,10627.8496,10522.0703,10603.6299,144180000
2000-05-09,10607.5400,10684.8496,10514.2500,10536.7500,166320000
2000-05-10,10533.0898,10533.0898,10292.0996,10367.7803,225970000
2000-05-11,10369.2695,10575.0996,10369.2695,10545.9697,185720000
2000-05-12,10549.0596,10673.7900,10543.9199,10609.3701,137770000
2000-05-15,10606.9697,10811.5498,10605.2598,10807.7803,155810000
2000-05-16,10816.0098,10971.2402,10816.0098,10934.5703,181920000
2000-05-17,10930.6396,10930.6396,10752.6104,10769.7402,169570000
2000-05-18,10771.7998,10864.3203,10764.2598,10777.2803,161220000
2000-05-19,10764.2197,10764.2197,10570.6504,10626.8496,188270000
2000-05-22,10624.7900,10664.5400,10369.4902,10542.5498,185570000
2000-05-23,10539.1201,10557.4502,10416.7803,10422.2695,157080000
2000-05-24,10420.9004,10554.8799,10364.0098,10535.3496,225350000
2000-05-25,10529.8701,10558.6504,10266.0000,10323.9199,184380000
2000-05-26,10322.8896,10387.6602,10258.8096,10299.2402,129200000
2000-05-30,10302.3096,10528.1504,10302.3096,10527.1299,165450000
2000-05-31,10528.2803,10599.4297,10490.7998,10522.3301,162880000
2000-06-01,10532.2695,10673.4502,10513.0801,10652.2002,183990000
2000-06-02,10660.0898,10846.0801,10660.0898,10794.7598,200900000
2000-06-05,10793.1104,10863.0000,10752.2803,10815.2998,151120000
2000-06-06,10822.6104,10822.6104,10707.7197,10735.5703,169370000
2000-06-07,10733.4805,10848.3799,10695.1797,10812.8604,154430000
2000-06-08,10818.7803,10823.6602,10635.7305,10668.7197,176280000
2000-06-09,10678.4697,10763.7695,10588.2900,10614.0596,136750000
2000-06-12,10615.1201,10652.5898,10564.2100,10564.2100,136750000
2000-06-13,10562.3096,10654.7197,10492.7900,10621.8398,155190000
2000-06-14,10632.4600,10737.7100,10624.6797,10687.9502,166340000
2000-06-15,10689.6299,10763.7002,10669.2100,10714.8203,176200000
2000-06-16,10717.7598,10724.8301,10449.2998,10449.2998,233100000
2000-06-19,10448.4004,10597.4404,10440.1104,10557.8398,169330000
2000-06-20,10558.9004,10561.3799,10407.9404,10435.1602,179000000
2000-06-21,10446.8301,10521.0703,10410.0596,10497.7402,204540000
2000-06-22,10495.9697,10495.9697,10335.4600,10376.1201,189280000
2000-06-23,10376.4697,10478.6504,10376.4697,10404.7500,142390000
2000-06-26,10403.6904,10566.6797,10403.6904,10542.9902,157390000
2000-06-27,10541.5801,10615.8301,10504.4600,10504.4600,159240000
2000-06-28,10506.3896,10620.4199,10506.3896,10527.7900,189270000
2000-06-29,10523.9004,10523.9004,10359.5000,10398.0400,168670000
2000-06-30,10393.0898,10448.2402,10336.1602,10447.8896,224060000
2000-07-03,10450.3604,10565.6201,10422.0801,10560.6699,74690000
2000-07-05,10538.2305,10572.6904,10463.1797,10483.5996,154490000
2000-07-06,10481.4502,10527.7900,10393.0898,10481.4697,147120000
2000-07-07,10483.3301,10658.2500,10483.3301,10635.9805,158820000
2000-07-10,10627.1396,10703.1504,10604.8604,10646.5801,148470000
2000-07-11,10649.0596,10807.4502,10626.7900,10727.1904,160920000
2000-07-12,10722.2402,10834.3203,10722.2402,10783.7598,151430000
2000-07-13,10774.9199,10829.7305,10754.4199,10788.7100,175240000
2000-07-14,10793.3096,10821.9502,10753.7100,10812.7500,150970000
2000-07-17,10812.4004,10847.4004,10749.4697,10804.2695,162780000
2000-07-18,10799.1602,10799.1602,10703.0596,10739.9199,170620000
2000-07-19,10724.1504,10790.4805,10685.4805,10696.0801,213930000
2000-07-20,10700.6797,10874.6299,10700.6797,10843.8701,178590000
2000-07-21,10843.5098,10851.6504,10716.1504,10733.5596,170710000
2000-07-24,10731.4404,10778.1104,10678.4004,10685.1201,147970000
2000-07-25,10689.2803,10744.5195,10680.1699,10699.9697,168950000
2000-07-26,10689.3604,10692.5498,10516.4805,10516.4805,201880000
2000-07-27,10516.8301,10643.4004,10516.8301,10586.1299,160760000
2000-07-28,10594.9697,10649.0596,10464.5000,10511.1699,174720000
2000-07-31,10514.2900,10603.2900,10497.7998,10521.9805,175820000
2000-08-01,10523.8096,10626.9199,10516.7598,10606.9502,151420000
2000-08-02,10609.1504,10724.5303,10587.5400,10687.5303,163400000
2000-08-03,10679.3701,10744.3096,10623.4404,10706.5801,161580000
2000-08-04,10713.3604,10769.9502,10664.4600,10767.7500,150750000
2000-08-07,10773.9805,10892.2803,10736.9805,10867.0098,145090000
2000-08-08,10865.1504,10988.2500,10836.6104,10976.8896,204720000
2000-08-09,10970.9404,10978.2695,10892.6504,10905.8301,186430000
2000-08-10,10901.0596,10946.4902,10886.7900,10908.7598,144290000
2000-08-11,10905.9805,11067.7305,10902.6797,11027.7998,155120000
2000-08-14,11027.0703,11177.6104,11006.1904,11176.1396,140280000
2000-08-15,11175.0498,11175.0498,11046.1201,11067.0000,155190000
2000-08-16,11068.8301,11088.9697,10961.1396,11008.3896,162550000
2000-08-17,11010.9502,11091.5400,10984.4004,11055.6396,177570000
2000-08-18,11051.2002,11082.3799,11006.1904,11046.4805,164870000
2000-08-21,11058.8496,11106.1904,11027.0703,11079.8096,147300000
2000-08-22,11082.2002,11189.7002,11081.2803,11139.1504,146810000
2000-08-23,11130.5498,11172.2998,11059.6699,11144.6504,145650000
2000-08-24,11143.9102,11197.7598,11120.0996,11182.7402,143970000
2000-08-25,11182.7402,11210.9404,11155.6299,11192.6299,127920000
2000-08-28,11194.4805,11319.0596,11188.9297,11252.8398,166710000
2000-08-29,11249.2695,11256.1699,11196.5996,11215.0996,149300000
2000-08-30,11209.0098,11210.2900,11096.3496,11103.0098,146490000
2000-08-31,11105.2305,11310.5498,11104.8604,11215.0996,183320000
2000-09-01,11219.5400,11313.5996,11219.5400,11238.7803,125140000
2000-09-05,11221.7598,11301.6699,11184.7695,11260.6104,174500000
2000-09-06,11253.5801,11401.1904,11253.2100,11310.6396,224760000
2000-09-07,11316.0098,11323.8701,11223.2402,11259.8701,222220000
2000-09-08,11261.7197,11261.7197,11191.0498,11220.6504,181620000
2000-09-11,11219.5400,11286.1299,11139.2598,11195.4902,160120000
2000-09-12,11197.7100,11255.7998,11113.7305,11233.2305,172030000
2000-09-13,11225.0303,11231.0098,11140.7402,11182.1797,216210000
2000-09-14,11189.5801,11208.0703,11069.3398,11087.4697,218810000
2000-09-15,11087.8398,11110.0400,10916.9199,10927.0000,291270000
2000-09-18,10926.4199,10935.5801,10798.1699,10808.5195,198950000
2000-09-19,10812.2197,10839.1396,10761.9102,10789.2900,214080000
2000-09-20,10794.4697,10824.0596,10567.3203,10687.9199,243780000
2000-09-21,10680.5195,10783.3701,10660.5400,10765.5195,186170000
2000-09-22,10678.2998,10858.0996,10621.7002,10847.3701,487370000
2000-09-25,10847.3701,10897.3096,10783.0000,10808.1504,259920000
2000-09-26,10806.2998,10813.2402,10615.7803,10631.3203,321770000
2000-09-27,10631.3203,10678.6699,10579.5195,10628.3604,271660000
2000-09-28,10629.8398,10856.2500,10623.1797,10824.0596,233190000
2000-09-29,10821.4004,10821.4004,10650.5498,10650.9199,236360000
2000-10-02,10659.0596,10721.2197,10631.3203,10700.1299,215090000
2000-10-03,10709.8398,10857.7305,10709.8398,10719.7402,259600000
2000-10-04,10723.3301,10849.9600,10713.6201,10784.4805,264380000
2000-10-05,10783.7197,10843.2998,10722.7002,10724.9199,217400000
2000-10-06,10726.7598,10779.8496,10518.8496,10596.5400,237860000
2000-10-09,10596.9102,10641.3096,10546.2305,10568.4297,167770000
2000-10-10,10569.1699,10623.5498,10488.8896,10524.4004,212070000
2000-10-11,10521.0703,10566.5801,10350.8896,10413.7900,324520000
2000-10-12,10424.1396,10460.4004,10023.4902,10034.5801,367130000
2000-10-13,10031.6201,10208.0898,10014.2402,10192.1797,300410000
2000-10-16,10184.7803,10272.0898,10177.7598,10238.7998,270220000
2000-10-17,10242.8701,10293.9199,10026.4502,10089.7100,253140000
2000-10-18,10085.9902,10085.9902,9654.6396,9975.0195,372410000
2000-10-19,10014.6104,10142.9805,10014.6104,10142.9805,343710000
2000-10-20,10141.1299,10229.5498,10067.5098,10226.5898,319750000
2000-10-23,10230.2900,10361.2500,10216.2305,10271.7197,339180000
2000-10-24,10273.5703,10439.3096,10273.5703,10393.0703,274990000
2000-10-25,10395.6602,10461.9697,10306.5898,10326.4805,312490000
2000-10-26,10326.4805,10454.8496,10265.0596,10380.1201,277120000
2000-10-27,10381.5996,10590.6201,10380.8604,10590.6201,377740000
2000-10-30,10588.0596,10869.5195,10578.4902,10835.7695,266040000
2000-10-31,10835.3896,10995.4102,10812.2598,10971.1396,281800000
2000-11-01,10966.2100,10993.5098,10838.0400,10899.4697,249720000
2000-11-02,10903.1699,10946.4902,10869.9004,10880.5098,250440000
2000-11-03,10883.1699,10883.1699,10756.9004,10817.9502,195280000
2000-11-06,10820.5996,11006.5000,10809.9805,10977.2100,186860000
2000-11-07,10978.7197,10996.5498,10926.0195,10952.1797,171150000
2000-11-08,10954.3398,11002.2305,10903.2695,10907.0596,264700000
2000-11-09,10902.1104,10902.1104,10618.4902,10834.2500,252890000
2000-11-10,10813.7803,10813.7803,10602.5703,10602.9502,273910000
2000-11-13,10595.3496,10595.7305,10369.7402,10517.2500,298020000
2000-11-14,10528.2500,10728.3604,10528.2500,10681.0596,227080000
2000-11-15,10681.2100,10799.3701,10635.9404,10707.5996,189850000
2000-11-16,10705.3301,10757.6602,10639.3496,10656.0303,175280000
2000-11-17,10657.1299,10762.5898,10565.7900,10629.8701,221680000
2000-11-20,10624.1797,10624.2803,10449.2803,10462.6504,203170000
2000-11-21,10465.5703,10569.0098,10415.2500,10494.5000,191420000
2000-11-22,10484.2598,10493.2695,10371.6396,10399.3203,204630000
2000-11-24,10403.8701,10508.1504,10397.0498,10470.2305,87980000
2000-11-27,10479.3301,10626.8398,10479.3301,10546.0703,203320000
2000-11-28,10537.8604,10613.9404,10489.5703,10507.5801,235020000
2000-11-29,10502.7402,10646.1699,10480.8301,10629.1104,235620000
2000-11-30,10610.5303,10610.5303,10292.3896,10414.4902,362290000
2000-12-01,10416.7598,10524.4502,10348.7002,10373.5400,301730000
2000-12-04,10377.3301,10604.4600,10319.3096,10560.9502,261400000
2000-12-05,10576.7803,10917.2998,10576.7803,10898.7197,291620000
2000-12-06,10896.1396,10896.1396,10620.8604,10664.3799,312570000
2000-12-07,10644.6602,10689.0195,10583.2305,10617.3604,249400000
2000-12-08,10632.1396,10803.5400,10631.8604,10712.9102,275080000
2000-12-11,10719.3604,10792.1602,10670.0596,10725.7998,256450000
2000-12-12,10725.7998,10856.2500,10703.8096,10768.2695,238100000
2000-12-13,10777.9502,10915.4004,10772.5400,10794.4404,239430000
2000-12-14,10794.8203,10798.9902,10615.8398,10674.9902,193430000
2000-12-15,10647.9805,10653.3799,10434.5898,10434.9600,479460000
2000-12-18,10433.3398,10679.9199,10433.3398,10645.4199,217520000
2000-12-19,10643.1396,10784.5801,10582.8496,10584.3701,278950000
2000-12-20,10580.9697,10580.9697,10318.9297,10318.9297,311500000
2000-12-21,10314.3799,10520.4697,10299.2100,10487.2900,321300000
2000-12-22,10495.2598,10640.8701,10475.3496,10635.5596,230880000
2000-12-26,10638.2100,10701.1602,10597.6396,10692.4404,153960000
2000-12-27,10690.0996,10828.9404,10645.0400,10803.1602,190400000
2000-12-28,10795.2002,10901.3701,10774.7197,10868.7598,188600000
2000-12-29,10868.7598,10917.6797,10758.3203,10787.9902,210800000
2001-01-02,10790.9199,10797.0195,10585.3604,10646.1504,253300000
2001-01-03,10637.4199,11019.0498,10581.0898,10945.7500,420720000
2001-01-04,10944.9404,11028.0000,10888.4199,10912.4102,382800000
2001-01-05,10912.8096,10919.4199,10627.7500,10662.0098,272650000
2001-01-08,10658.7305,10700.8496,10516.0195,10621.3496,225780000
2001-01-09,10625.2100,10680.7197,10531.0703,10572.5498,254160000
2001-01-10,10568.4805,10611.5898,10472.5098,10604.2695,263700000
2001-01-11,10600.2002,10638.0195,10552.6201,10609.5498,279720000
2001-01-12,10608.7402,10623.8896,10468.0400,10525.3799,247020000
2001-01-16,10525.7803,10664.0498,10486.6396,10652.6602,233330000
2001-01-17,10660.9502,10705.9297,10545.2998,10584.3398,304800000
2001-01-18,10584.5703,10737.2402,10567.4697,10678.2803,307320000
2001-01-19,10686.0000,10717.7197,10564.0098,10587.5898,363100000
2001-01-22,10581.9004,10634.3604,10509.9199,10578.2402,233850000
2001-01-23,10575.7998,10679.0898,10553.8398,10649.8096,269970000
2001-01-24,10651.8496,10680.3096,10619.7197,10646.9697,283190000
2001-01-25,10664.5303,10778.7197,10633.4404,10729.5195,249120000
2001-01-26,10727.0801,10742.9404,10625.0098,10659.9805,232990000
2001-01-29,10657.1299,10725.1396,10612.5303,10702.1904,224980000
2001-01-30,10702.1904,10900.7695,10682.9600,10881.2002,242900000
2001-01-31,10882.2500,10957.5000,10832.5801,10887.3604,280560000
2001-02-01,10884.8203,10983.7998,10864.1699,10983.6299,221680000
2001-02-02,10982.7100,11022.7803,10848.5801,10864.0996,206940000
2001-02-05,10860.4404,10977.6602,10851.4297,10965.8496,189850000
2001-02-06,10965.0303,11035.1396,10932.1797,10957.4199,199510000
2001-02-07,10948.9502,11004.0400,10911.2598,10946.7197,236350000
2001-02-08,10940.6201,10965.2002,10871.5000,10880.5498,208300000
2001-02-09,10878.5098,10889.2197,10754.9600,10781.4502,207600000
2001-02-12,10779.4199,10953.6299,10771.6504,10946.7695,176090000
2001-02-13,10950.1797,11012.9004,10894.3398,10903.3203,198270000
2001-02-14,10899.4199,10917.9102,10780.4102,10795.4102,189300000
2001-02-15,10800.6504,10922.5801,10800.6504,10891.0195,219670000
2001-02-16,10884.1104,10884.1104,10722.1504,10799.8203,202390000
2001-02-20,10800.2305,10903.1699,10727.5303,10730.8799,212820000
2001-02-21,10721.2900,10746.2100,10520.2695,10526.5801,219630000
2001-02-22,10527.7998,10566.1904,10372.4297,10526.8096,278520000
2001-02-23,10529.2500,10529.2500,10294.0098,10441.9004,261840000
2001-02-26,10447.5898,10642.5303,10421.9102,10642.5303,243270000
2001-02-27,10638.4404,10698.4297,10560.1201,10636.8799,239400000
2001-02-28,10639.3203,10684.7695,10423.5000,10495.2803,253390000
2001-03-01,10493.2500,10493.2500,10302.8896,10450.1396,259030000
2001-03-02,10438.0400,10579.2695,10302.0596,10466.3096,255120000
2001-03-05,10468.9297,10571.6201,10468.5303,10562.2998,171780000
2001-03-06,10570.1699,10690.9297,10570.1699,10591.2197,218690000
2001-03-07,10591.8604,10731.4805,10591.8604,10729.5996,238490000
2001-03-08,10727.1602,10859.5000,10711.2998,10858.2500,216130000
2001-03-09,10850.1104,10850.1104,10579.2695,10644.6201,280060000
2001-03-12,10638.5195,10638.6299,10166.6201,10208.2500,293230000
2001-03-13,10206.8896,10293.0801,10108.0898,10290.7998,281280000
2001-03-14,10279.4199,10279.4199,9895.5703,9973.4600,307630000
2001-03-15,9982.9199,10097.7305,9980.8496,10031.2803,233720000
2001-03-16,10023.5498,10049.7197,9814.3496,9823.4102,365020000
2001-03-19,9820.0498,9992.6602,9794.0703,9959.1104,239520000
2001-03-20,9961.1396,10019.9404,9718.1602,9720.7598,268070000
2001-03-21,9717.4600,9719.4404,9461.5400,9487.0000,312960000
2001-03-22,9490.6602,9497.7803,9106.5400,9389.4805,416820000
2001-03-23,9395.5801,9529.4004,9338.1504,9504.7803,377640000
2001-03-26,9509.2500,9724.8701,9509.2500,9687.5303,256080000
2001-03-27,9687.9297,9960.8799,9649.8096,9947.5400,325020000
2001-03-28,9941.2002,9941.2002,9695.8096,9785.3496,271130000
2001-03-29,9784.9404,9882.7998,9687.6104,9799.0596,250050000
2001-03-30,9799.4697,9908.1396,9760.6396,9878.7803,249000000
2001-04-02,9877.1602,9992.5303,9705.0703,9777.9297,237210000
2001-04-03,9774.7803,9774.7803,9428.0703,9485.7100,273290000
2001-04-04,9480.9502,9625.9004,9375.7197,9515.4199,301600000
2001-04-05,9527.2100,9929.7900,9527.2100,9918.0498,281710000
2001-04-06,9913.9404,9913.9404,9698.0703,9791.0898,270000000
2001-04-09,9793.5801,9935.5898,9775.7900,9845.1504,208530000
2001-04-10,9850.3496,10155.2402,9849.5000,10102.7402,282830000
2001-04-11,10109.0498,10173.7900,9951.9199,10013.4697,299280000
2001-04-12,10013.0801,10127.4600,9934.3496,10126.9404,215510000
2001-04-16,10118.1602,10184.6504,10046.5195,10158.5596,195790000
2001-04-17,10151.7305,10219.4004,10075.5400,10216.7305,234710000
2001-04-18,10226.8799,10687.1396,10226.8799,10615.8301,461800000
2001-04-19,10616.0898,10694.2402,10562.1504,10693.7100,332610000
2001-04-20,10690.3301,10706.4697,10517.0703,10579.8496,324360000
2001-04-23,10571.0000,10571.0000,10483.2305,10532.2305,229400000
2001-04-24,10529.7500,10636.9102,10448.0303,10454.3398,224220000
2001-04-25,10453.4297,10639.1904,10444.0596,10625.2002,200210000
2001-04-26,10633.0098,10766.9805,10623.7100,10692.3496,238630000
2001-04-27,10694.9502,10810.0498,10694.9502,10810.0498,222990000
2001-04-30,10814.4102,10906.4102,10712.1904,10734.9697,206420000
2001-05-01,10734.0498,10904.2002,10731.4502,10898.3398,203770000
2001-05-02,10902.7695,10939.2002,10802.5596,10876.6797,228290000
2001-05-03,10872.3203,10872.3203,10723.5703,10796.6504,197610000
2001-05-04,10793.2002,10958.1396,10673.2197,10951.2402,214010000
2001-05-07,10952.3496,10995.2803,10893.5898,10935.1699,190710000
2001-05-08,10936.6602,10946.8096,10819.8096,10883.5098,192290000
2001-05-09,10875.9600,10914.0098,10800.9404,10866.9805,212720000
2001-05-10,10868.8701,10979.0898,10868.7998,10910.4404,189970000
2001-05-11,10908.2998,10920.1396,10774.1299,10821.3096,174720000
2001-05-14,10819.5498,10878.7598,10800.1299,10877.3301,151230000
2001-05-15,10877.4600,10922.1699,10816.1699,10872.9697,202050000
2001-05-16,10864.7402,11231.1504,10814.3096,11215.9199,223850000
2001-05-17,11218.6504,11328.6104,11181.9102,11248.5801,283080000
2001-05-18,11245.7803,11303.7598,11193.5996,11301.7402,214370000
2001-05-21,11299.1396,11345.7197,11232.8398,11337.9199,227630000
2001-05-22,11339.7998,11350.0498,11239.5996,11257.2402,221970000
2001-05-23,11257.7598,11262.2500,11101.2100,11105.5098,224130000
2001-05-24,11107.0703,11173.3701,11044.9697,11122.4199,201170000
2001-05-25,11122.0303,11123.9902,10993.7900,11005.3701,146210000
2001-05-29,11004.6602,11066.0098,10970.4297,11039.1396,214540000
2001-05-30,11032.9600,11042.1299,10864.8301,10872.6396,213120000
2001-05-31,10873.2305,10978.9600,10865.9404,10911.9404,190660000
2001-06-01,10913.5703,11021.5703,10835.4902,10990.4102,196260000
2001-06-04,10991.7695,11071.6699,10938.8799,11061.5195,150960000
2001-06-05,11061.3896,11196.5303,11043.4404,11175.8398,211730000
2001-06-06,11177.7305,11179.6797,11059.6396,11070.2402,232580000
2001-06-07,11069.5801,11100.0400,11008.9502,11090.7402,231460000
2001-06-08,11095.6201,11096.4600,10938.0801,10977.0000,176020000
2001-06-11,10974.7900,10975.4404,10871.3398,10922.0898,162750000
2001-06-12,10914.6699,10982.1396,10788.5801,10948.3799,234420000
2001-06-13,10942.0000,11004.3301,10866.5195,10871.6201,195810000
2001-06-14,10868.2695,10868.4805,10659.4697,10690.1299,309640000
2001-06-15,10680.8096,10716.2998,10566.5498,10623.6396,379300000
2001-06-18,10622.5000,10709.0498,10614.7197,10645.3799,196230000
2001-06-19,10654.2998,10740.7900,10563.6602,10596.6699,240250000
2001-06-20,10593.7900,10702.0703,10563.8604,10647.3301,244140000
2001-06-21,10646.3896,10759.6396,10597.1396,10715.4297,266590000
2001-06-22,10716.5000,10724.6904,10573.9902,10604.5898,210360000
2001-06-25,10607.8799,10644.2402,10468.1201,10504.2197,228190000
2001-06-26,10497.2998,10534.2100,10394.7197,10472.4805,235950000
2001-06-27,10470.3496,10531.1904,10408.0000,10434.8398,210560000
2001-06-28,10438.7305,10646.4502,10438.6602,10566.2100,272820000
2001-06-29,10565.2695,10605.5898,10491.5996,10502.4004,328480000
2001-07-02,10504.9502,10638.8701,10467.3799,10593.7197,215830000
2001-07-03,10588.8896,10595.1299,10531.5195,10571.1104,128500000
2001-07-05,10566.2305,10567.6396,10461.1396,10479.8604,179190000
2001-07-06,10476.7305,10476.7305,10220.1396,10252.6797,207540000
2001-07-09,10253.6201,10323.1104,10222.2402,10299.4004,216290000
2001-07-10,10300.8203,10335.6299,10162.7100,10175.6396,264970000
2001-07-11,10174.7002,10274.0195,10120.8896,10241.0195,267370000
2001-07-12,10269.3096,10496.6396,10269.3096,10478.9902,278190000
2001-07-13,10478.3896,10549.7598,10432.5996,10539.0596,200390000
2001-07-16,10537.9805,10568.6904,10446.5996,10472.1201,220170000
2001-07-17,10468.6201,10628.4805,10438.6602,10606.3896,283640000
2001-07-18,10594.5400,10594.5400,10480.8799,10569.8301,261170000
2001-07-19,10574.3301,10679.1201,10523.9199,10610.0000,235870000
2001-07-20,10606.1904,10606.1904,10529.2500,10576.6504,231850000
2001-07-23,10576.9199,10595.4004,10419.7100,10424.4199,185500000
2001-07-24,10423.7998,10423.7998,10203.6904,10241.1201,214180000
2001-07-25,10241.7500,10405.6699,10241.1904,10405.6699,228180000
2001-07-26,10403.4600,10459.0195,10284.0898,10455.6299,233860000
2001-07-27,10451.8896,10460.1201,10375.2900,10416.6699,172870000
2001-07-30,10418.6797,10440.4805,10361.4502,10401.7197,155870000
2001-07-31,10403.1797,10595.0498,10402.9697,10522.8096,224450000
2001-08-01,10527.3799,10599.9600,10484.2002,10510.0098,201290000
2001-08-02,10513.4697,10609.6504,10513.4697,10551.1797,219400000
2001-08-03,10550.0098,10550.5596,10433.0703,10512.7803,151270000
2001-08-06,10504.1299,10504.1299,10374.9502,10401.3096,163160000
2001-08-07,10399.0303,10472.7197,10376.0498,10458.7402,161480000
2001-08-08,10456.1797,10479.6396,10267.9697,10293.5000,185130000
2001-08-09,10291.1504,10312.1904,10205.5596,10298.5596,170020000
2001-08-10,10296.8896,10433.4600,10197.3203,10416.2500,161930000
2001-08-13,10411.9004,10445.7998,10367.0596,10415.9102,141380000
2001-08-14,10416.9502,10478.8096,10386.9199,10412.1699,145780000
2001-08-15,10407.0498,10469.7402,10340.7598,10345.9502,172000000
2001-08-16,10342.0996,10395.2100,10271.5703,10392.5195,196520000
2001-08-17,10385.4600,10385.4600,10180.9297,10240.7803,217550000
2001-08-20,10239.3301,10320.0703,10210.4805,10320.0703,180510000
2001-08-21,10320.0703,10378.7500,10156.0195,10174.1396,182840000
2001-08-22,10170.2998,10305.1299,10134.5000,10276.9004,204500000
2001-08-23,10276.4102,10286.7900,10213.5195,10229.1504,153280000
2001-08-24,10232.4805,10440.6797,10223.7598,10423.1699,187860000
2001-08-27,10422.7598,10441.3701,10382.3496,10382.3496,136800000
2001-08-28,10382.5596,10382.8301,10214.3398,10222.0303,172820000
2001-08-29,10224.4502,10267.7002,10075.6104,10090.9004,160980000
2001-08-30,10077.0703,10117.5400,9869.1396,9919.5801,240630000
2001-08-31,9918.9600,10036.9404,9887.2002,9949.7500,176270000
2001-09-04,9946.9805,10182.3799,9894.8799,9997.4902,262020000
2001-09-05,9998.1201,10066.6904,9885.8799,10033.2695,298080000
2001-09-06,10028.3496,10028.3496,9826.0898,9840.8398,303090000
2001-09-07,9841.2500,9842.0801,9558.3896,9605.8496,304980000
2001-09-10,9603.3604,9671.7998,9493.5498,9605.5098,280040000
2001-09-17,9580.3203,9580.3203,8883.4004,8920.7002,565600000
2001-09-18,8922.7002,9022.0596,8861.0498,8903.4004,372230000
2001-09-19,8903.5400,8945.4697,8480.2100,8759.1299,457990000
2001-09-20,8748.6104,8748.8203,8375.7197,8376.2100,439990000
2001-09-21,8356.5596,8438.4102,8062.3398,8235.8096,623480000
2001-09-24,8242.3203,8649.3896,8242.3203,8603.8604,403530000
2001-09-25,8605.5898,8695.5400,8506.3604,8659.9697,349470000
2001-09-26,8660.0596,8718.1602,8527.0498,8567.3896,271690000
2001-09-27,8567.4600,8681.4199,8471.9697,8681.4199,282040000
2001-09-28,8679.0703,8856.5498,8679.0000,8847.5596,340790000
2001-10-01,8845.9697,8850.6699,8732.1396,8836.8301,247430000
2001-10-02,8836.6904,8950.5898,8798.4297,8950.5898,259810000
2001-10-03,8946.0195,9148.3496,8860.8398,9123.7803,327530000
2001-10-04,9127.2402,9187.3701,9045.3799,9060.8799,307660000
2001-10-05,9058.8301,9131.7402,8951.0703,9119.7695,256640000
2001-10-08,9115.7500,9144.8096,9012.2998,9067.9404,193330000
2001-10-09,9066.5596,9086.9697,9004.1396,9052.4404,212700000
2001-10-10,9052.2998,9252.9004,9000.1396,9240.8604,253720000
2001-10-11,9242.6299,9432.0400,9242.6299,9410.4502,312240000
2001-10-12,9409.0703,9409.0703,9193.7305,9344.1602,275630000
2001-10-15,9340.8398,9352.0498,9238.7803,9347.6201,199960000
2001-10-16,9346.3096,9411.1396,9298.7002,9384.2305,227850000
2001-10-17,9389.7598,9489.3301,9226.9502,9232.9697,303640000
2001-10-18,9230.7500,9233.9404,9134.2998,9163.2197,238660000
2001-10-19,9162.8096,9218.0195,9080.8096,9204.1104,243950000
2001-10-22,9203.9102,9392.8096,9167.4502,9377.0303,222210000
2001-10-23,9379.1699,9439.2100,9300.3701,9340.0801,233120000
2001-10-24,9341.4004,9388.8604,9278.7002,9345.6201,245640000
2001-10-25,9342.2900,9462.9004,9177.8896,9462.9004,252930000
2001-10-26,9462.2803,9598.1699,9423.3203,9545.1699,212840000
2001-10-29,9543.3701,9543.3701,9269.5000,9269.5000,203990000
2001-10-30,9264.5195,9264.5195,9065.5898,9121.9805,245350000
2001-10-31,9123.6396,9223.0703,9064.4102,9075.1396,245200000
2001-11-01,9087.4502,9284.4502,9014.4600,9263.9004,256480000
2001-11-02,9264.5195,9343.8203,9209.6504,9323.5400,222980000
2001-11-05,9326.5898,9476.4502,9326.1699,9441.0303,210700000
2001-11-06,9437.0898,9600.5996,9386.5098,9591.1201,260340000
2001-11-07,9584.6797,9644.1201,9522.4102,9554.3701,233400000
2001-11-08,9558.3896,9721.7500,9558.3896,9587.5195,256000000
2001-11-09,9586.9600,9630.4102,9519.7695,9608.0000,174670000
2001-11-12,9606.1299,9606.1299,9408.5801,9554.3701,196140000
2001-11-13,9551.4297,9755.7803,9551.4297,9750.9502,244230000
2001-11-14,9751.1299,9859.3799,9741.4102,9823.6104,297690000
2001-11-15,9824.6504,9903.0400,9808.2500,9872.3896,317340000
2001-11-16,9871.5098,9908.7900,9792.4697,9866.9902,244600000
2001-11-19,9870.4502,9976.4600,9870.4502,9976.4600,210100000
2001-11-20,9968.6396,9976.7305,9893.4902,9901.3799,205690000
2001-11-21,9894.1904,9894.1904,9796.4102,9834.6797,173020000
2001-11-23,9833.0898,9961.5801,9833.0195,9959.7100,70520000
2001-11-26,9961.5801,9992.7900,9903.8096,9982.7500,191870000
2001-11-27,9980.3301,9992.7197,9831.1504,9872.5996,271610000
2001-11-28,9867.0596,9867.2002,9706.6104,9711.8604,252200000
2001-11-29,9710.3398,9829.4199,9691.3896,9829.4199,212460000
2001-11-30,9828.7998,9891.5801,9802.9102,9851.5596,220520000
2001-12-03,9848.9297,9848.9297,9703.9004,9763.9600,223660000
2001-12-04,9765.5498,9893.8398,9743.0498,9893.8398,213650000
2001-12-05,9891.3496,10142.3203,9891.3496,10114.2900,304070000
2001-12-06,10113.5303,10169.4404,10079.7695,10099.1396,238340000
2001-12-07,10099.1396,10099.2100,10002.4102,10049.4600,204020000
2001-12-10,10047.0400,10075.6104,9921.4502,9921.4502,193100000
2001-12-11,9925.5996,10015.9004,9866.8496,9888.3701,234510000
2001-12-12,9887.2695,9919.7197,9806.0996,9894.8096,253990000
2001-12-13,9889.1299,9889.2002,9745.0703,9766.4502,287530000
2001-12-14,9764.7197,9848.4502,9736.4199,9811.1504,225820000
2001-12-17,9809.4199,9930.9297,9798.8398,9891.9697,220780000
2001-12-18,9893.2197,10015.3398,9892.5898,9998.3896,217100000
2001-12-19,9994.5898,10088.3398,9919.7900,10070.4902,247500000
2001-12-20,10064.1299,10076.0303,9985.1797,9985.1797,273560000
2001-12-21,9986.8398,10069.5000,9986.8398,10035.3398,359380000
2001-12-24,10036.5898,10072.9102,10034.4404,10035.3398,63010000
2001-12-26,10035.5498,10169.0898,10034.9297,10088.1396,125890000
2001-12-27,10088.7100,10147.2305,10080.8701,10131.3096,132950000
2001-12-28,10133.9404,10184.4502,10109.8604,10136.9902,136950000
2001-12-31,10136.3604,10137.6104,10019.1504,10021.5703,146900000
2002-01-02,10021.7100,10074.0195,9935.7002,10073.4004,203990000
2002-01-03,10073.8799,10174.0098,10051.9502,10172.1396,275020000
2002-01-04,10176.8398,10283.6699,10174.8398,10259.7402,239480000
2002-01-07,10261.3301,10300.1504,10188.1201,10197.0498,225880000
2002-01-08,10195.7598,10211.2305,10121.3496,10150.5498,193640000
2002-01-09,10153.1797,10270.8799,10069.4502,10094.0898,247850000
2002-01-10,10092.5000,10101.7695,10032.2305,10067.8604,199300000
2002-01-11,10069.5195,10098.3799,9985.2500,9987.5303,197880000
2002-01-14,9985.3799,9985.3799,9889.2695,9891.4199,229950000
2002-01-15,9892.7305,9986.2100,9865.6104,9924.1504,239830000
2002-01-16,9916.5400,9916.5400,9711.0996,9712.2695,261920000
2002-01-17,9712.2100,9857.7900,9712.2100,9850.0400,243530000
2002-01-18,9830.9404,9830.9404,9738.4297,9771.8496,253830000
2002-01-22,9772.3398,9842.8398,9696.5703,9713.7998,222040000
2002-01-23,9710.9600,9773.3701,9680.5098,9730.9600,246200000
2002-01-24,9734.2100,9856.9697,9734.2100,9796.0703,251040000
2002-01-25,9793.2305,9897.8496,9755.1104,9840.0801,195230000
2002-01-28,9843.0498,9894.5303,9798.5596,9865.7500,169030000
2002-01-29,9865.5400,9908.1602,9616.6504,9618.2402,265460000
2002-01-30,9619.1396,9775.5898,9529.4600,9762.8604,322690000
2002-01-31,9763.2002,9922.4902,9763.2002,9920.0000,271970000
2002-02-01,9923.0400,9943.9404,9860.6904,9907.2598,228390000
2002-02-04,9905.4600,9905.4600,9677.5400,9687.0898,249680000
2002-02-05,9684.7402,9773.7197,9603.9902,9685.4297,273760000
2002-02-06,9682.0400,9733.0996,9608.2100,9653.3896,263670000
2002-02-07,9650.9697,9743.0498,9624.1201,9625.4404,228910000
2002-02-08,9627.6504,9745.5596,9580.3203,9744.2402,244750000
2002-02-11,9739.8096,9892.7998,9710.6797,9884.7803,189050000
2002-02-12,9880.3496,9906.0195,9811.6396,9863.7402,178160000
2002-02-13,9856.9902,9998.2500,9856.9902,9989.6699,208240000
2002-02-14,9989.6699,10052.2900,9959.2305,10001.9902,224190000
2002-02-15,10000.8301,10007.4600,9893.7695,9903.0400,246600000
2002-02-19,9899.2402,9899.3799,9734.9004,9745.1396,226130000
2002-02-20,9742.3701,9956.0498,9734.2100,9941.1699,284530000
2002-02-21,9933.5596,10029.9404,9831.9805,9834.6797,277780000
2002-02-22,9834.8896,10002.5400,9796.1396,9968.1504,278200000
2002-02-25,9969.7500,10172.6201,9966.3604,10145.7100,256580000
2002-02-26,10145.8604,10186.8799,10033.7500,10115.2598,259700000
2002-02-27,10117.6504,10255.2402,10058.6602,10127.5801,263980000
2002-02-28,10130.2803,10238.7002,10104.8799,10106.1299,269590000
2002-03-01,10111.0400,10374.8799,10111.0400,10368.8604,261080000
2002-03-04,10368.0996,10600.0996,10366.7803,10586.8203,298820000
2002-03-05,10591.3799,10596.0898,10425.0498,10433.4102,288840000
2002-03-06,10431.9600,10601.5098,10425.7998,10574.2900,246850000
2002-03-07,10578.0996,10606.8799,10468.6396,10525.3701,258070000
2002-03-08,10531.6699,10663.8301,10531.6699,10572.4902,271140000
2002-03-11,10570.0703,10647.0898,10526.0000,10611.2402,214210000
2002-03-12,10604.3203,10639.6797,10510.9102,10632.3496,218940000
2002-03-13,10620.1699,10620.1699,10474.1699,10501.8496,226430000
2002-03-14,10501.2900,10551.1104,10474.7197,10517.1396,185250000
2002-03-15,10516.4502,10607.2305,10511.4697,10607.2305,330430000
2002-03-18,10608.5400,10661.0596,10525.0303,10577.7500,182800000
2002-03-19,10578.3799,10673.0996,10577.4805,10635.2500,189720000
2002-03-20,10626.8496,10626.9805,10496.0400,10501.5703,209070000
2002-03-21,10501.9902,10505.7197,10354.7402,10479.8398,227260000
2002-03-22,10477.7002,10491.1904,10386.3604,10427.6699,188650000
2002-03-25,10428.4297,10449.2598,10280.7695,10281.6699,218840000
2002-03-26,10280.5098,10432.8604,10276.7598,10353.3604,202990000
2002-03-27,10351.2803,10453.9004,10337.8604,10426.9102,190880000
2002-03-28,10429.6797,10502.6104,10403.7305,10403.9404,179480000
2002-04-01,10402.0703,10402.0703,10263.6797,10362.7002,173820000
2002-04-02,10352.4600,10352.4600,10264.8604,10313.7100,191170000
2002-04-03,10311.8096,10339.8604,10139.4805,10198.2900,217770000
2002-04-04,10199.5400,10261.8799,10157.2598,10235.1699,214030000
2002-04-05,10235.7998,10335.2998,10217.3896,10271.6396,181160000
2002-04-08,10258.9102,10258.9102,10120.8701,10249.0801,220420000
2002-04-09,10249.8398,10304.9902,10201.1299,10208.6699,239080000
2002-04-10,10210.4004,10394.6699,10210.4004,10381.7305,267700000
2002-04-11,10378.8896,10378.8896,10154.2803,10176.0801,309050000
2002-04-12,10178.5703,10237.9404,10138.6504,10190.8203,231400000
2002-04-15,10189.5703,10225.7598,10070.4902,10093.6699,231610000
2002-04-16,10100.3799,10308.1699,10100.1104,10301.3203,253910000
2002-04-17,10299.6602,10326.4404,10188.2598,10220.7803,254320000
2002-04-18,10219.4697,10258.8398,10057.0000,10205.2803,266470000
2002-04-19,10212.6904,10270.8799,10212.6904,10257.1104,249560000
2002-04-22,10256.0000,10256.0000,10109.2402,10136.4297,207120000
2002-04-23,10137.2002,10177.1299,10069.4600,10089.2402,238640000
2002-04-24,10090.0703,10163.4199,10027.6602,10030.4297,219790000
2002-04-25,10028.7002,10039.5596,9926.5703,10035.0596,248480000
2002-04-26,10037.4199,10082.6699,9910.7197,9910.7197,213180000
2002-04-29,9910.5195,9937.0898,9811.5703,9819.8701,211930000
2002-04-30,9818.9004,10006.2803,9818.9004,9946.2197,271250000
2002-05-01,9944.9004,10086.6104,9830.6699,10059.6299,262390000
2002-05-02,10057.6201,10117.5400,10040.1201,10091.8701,221770000
2002-05-03,10091.7305,10092.0801,9943.7100,10006.6299,227940000
2002-05-06,10005.7998,10023.8604,9807.6904,9808.0400,213910000
2002-05-07,9810.5303,9919.0303,9810.5303,9836.5498,270090000
2002-05-08,9847.9600,10148.9404,9847.9600,10141.8301,281990000
2002-05-09,10137.9600,10144.7402,10016.7305,10037.4199,215340000
2002-05-10,10040.2500,10062.0498,9922.3496,9939.9199,212260000
2002-05-13,9938.8203,10110.9697,9920.2002,10109.6602,201420000
2002-05-14,10119.3398,10304.4404,10119.3398,10298.1396,254830000
2002-05-15,10288.5596,10349.0703,10223.6904,10243.6797,254000000
2002-05-16,10242.1104,10318.8301,10230.6797,10289.2100,198100000
2002-05-17,10291.0498,10353.4297,10256.7197,10353.0801,228190000
2002-05-20,10348.9297,10348.9297,10211.7197,10229.5000,167470000
2002-05-21,10229.0801,10292.9502,10086.5498,10105.7100,208290000
2002-05-22,10098.5801,10157.8799,10063.5000,10157.8799,198520000
2002-05-23,10158.2998,10216.0801,10086.9600,10216.0801,203610000
2002-05-24,10211.9199,10217.6699,10084.7500,10104.2598,143810000
2002-05-28,10106.5400,10118.5098,9961.8604,9981.5801,183870000
2002-05-29,9976.9404,9988.5000,9922.9697,9923.0400,198060000
2002-05-30,9915.0098,9943.5195,9802.2305,9911.6904,233250000
2002-05-31,9915.1504,10042.2598,9915.0098,9925.2500,221700000
2002-06-03,9923.9404,9986.4902,9704.1797,9709.7900,221400000
2002-06-04,9710.3398,9739.4102,9592.7900,9687.8398,263590000
2002-06-05,9688.5303,9800.8896,9688.3203,9796.7998,224800000
2002-06-06,9795.7002,9802.5498,9594.6602,9624.6396,269660000
2002-06-07,9592.3799,9636.4697,9472.5400,9589.6699,366490000
2002-06-10,9587.3799,9718.0898,9562.5400,9645.4004,226060000
2002-06-11,9647.6201,9758.7998,9508.6904,9517.2598,252640000
2002-06-12,9515.1201,9624.7695,9449.9805,9617.7100,332400000
2002-06-13,9612.8701,9625.4004,9491.8604,9502.7998,227630000
2002-06-14,9498.9199,9498.9199,9260.9902,9474.2100,286920000
2002-06-17,9476.5000,9687.7695,9476.5000,9687.4199,247560000
2002-06-18,9684.5195,9721.7500,9636.9600,9706.1201,212730000
2002-06-19,9702.0000,9733.3896,9542.7402,9561.5703,248010000
2002-06-20,9561.6396,9573.8896,9425.8799,9431.7695,277030000
2002-06-21,9430.6602,9430.6602,9220.6299,9253.7900,416400000
2002-06-24,9252.4697,9369.9502,9083.5596,9281.8203,341190000
2002-06-25,9285.5596,9413.0801,9111.2500,9126.8203,294930000
2002-06-26,9108.2197,9160.8096,8926.5703,9120.1104,407350000
2002-06-27,9122.1201,9269.9199,9034.9600,9269.9199,335340000
2002-06-28,9270.3301,9362.8203,9237.7305,9243.2598,331590000
2002-07-01,9239.2500,9327.4404,9106.8896,9109.7900,258620000
2002-07-02,9104.9502,9135.8203,8960.5400,9007.7500,313900000
2002-07-03,9006.3701,9070.8896,8897.5400,9054.9697,272750000
2002-07-05,9061.5400,9379.8496,9061.5400,9379.5000,143040000
2002-07-08,9375.7002,9410.3799,9240.3604,9274.9004,244270000
2002-07-09,9273.3799,9318.0996,9081.9600,9096.0898,255570000
2002-07-10,9098.1602,9134.2305,8811.7002,8813.5000,383600000
2002-07-11,8812.1201,8854.9004,8605.3398,8801.5303,413260000
2002-07-12,8805.3301,8849.2197,8599.6602,8684.5303,339060000
2002-07-15,8681.2803,8681.9004,8244.8701,8639.1904,379100000
2002-07-16,8635.3096,8635.6602,8406.4502,8473.1104,364500000
2002-07-17,8476.2100,8723.3701,8452.7598,8542.4805,377580000
2002-07-18,8540.4697,8621.9502,8404.4297,8409.4902,276320000
2002-07-19,8406.0996,8406.0996,7966.7202,8019.2598,379120000
2002-07-22,8015.0400,8103.8599,7717.2900,7784.5801,477860000
2002-07-23,7785.5498,7894.4102,7682.8901,7702.3398,528730000
2002-07-24,7698.4600,8202.0195,7532.6602,8191.2900,568650000
2002-07-25,8185.8901,8309.3896,7945.9502,8186.3101,442460000
2002-07-26,8192.6104,8267.7197,8114.5898,8264.3896,306600000
2002-07-29,8267.9902,8711.8799,8267.9902,8711.8799,328750000
2002-07-30,8707.0303,8762.1396,8540.1201,8680.0303,332810000
2002-07-31,8678.6504,8736.7305,8537.0996,8736.5898,328050000
2002-08-01,8732.5801,8734.3096,8479.9004,8506.6201,306600000
2002-08-02,8504.9600,8508.7695,8203.8203,8313.1299,298050000
2002-08-05,8312.9199,8312.9199,8030.8198,8043.6299,281930000
2002-08-06,8049.9302,8418.1504,8049.9302,8274.0898,303670000
2002-08-07,8282.2500,8460.1699,8214.6201,8456.1504,282860000
2002-08-08,8456.2900,8717.4199,8430.3301,8712.0195,308760000
2002-08-09,8707.2402,8796.6797,8575.9805,8745.4502,240400000
2002-08-12,8741.9199,8742.0596,8582.0098,8688.8896,194200000
2002-08-13,8683.1504,8745.5195,8473.3203,8482.3896,263650000
2002-08-14,8479.1396,8748.2900,8353.0703,8743.3096,308960000
2002-08-15,8745.0400,8854.2100,8687.9199,8818.1396,285810000
2002-08-16,8813.0703,8837.5195,8709.3896,8778.0596,250960000
2002-08-19,8777.0898,8994.1201,8753.5195,8990.7900,250510000
2002-08-20,8986.5000,8986.5000,8822.0195,8872.0703,250310000
2002-08-21,8866.1396,8974.3604,8798.8896,8957.2305,280710000
2002-08-22,8961.1797,9077.0098,8926.9199,9053.6396,236710000
2002-08-23,9051.4902,9051.4902,8829.9600,8872.9600,208070000
2002-08-26,8873.9297,8949.5303,8756.0195,8919.0098,187120000
2002-08-27,8917.4902,9017.0195,8782.0303,8824.4102,231250000
2002-08-28,8823.9297,8823.9902,8646.1904,8694.0898,219470000
2002-08-29,8690.6904,8742.0098,8558.0195,8670.9902,224250000
2002-08-30,8669.2598,8783.3496,8605.8701,8663.5000,177100000
2002-09-03,8659.2695,8659.2695,8304.2998,8308.0498,267290000
2002-09-04,8308.5303,8452.5898,8280.4004,8425.1201,273410000
2002-09-05,8420.2002,8420.2002,8217.0498,8283.7002,285590000
2002-09-06,8296.4600,8474.7100,8296.4600,8427.2002,253650000
2002-09-09,8425.8799,8558.0098,8315.4697,8519.3799,230080000
2002-09-10,8520.1396,8602.6104,8502.3203,8602.6104,220350000
2002-09-11,8604.2695,8726.9004,8570.2197,8581.1699,185470000
2002-09-12,8574.9404,8574.9404,8359.0898,8379.4102,222760000
2002-09-13,8377.6797,8378.4404,8247.8398,8312.6904,248270000
2002-09-16,8311.7900,8389.2598,8257.6904,8380.1797,189900000
2002-09-17,8386.3496,8482.3398,8192.0098,8207.5498,260470000
2002-09-18,8203.0703,8253.3203,8051.9102,8172.4502,289370000
2002-09-19,8170.6499,8170.6499,7939.8301,7942.3901,276320000
2002-09-20,7945.9302,8017.3701,7922.0698,7986.0200,431280000
2002-09-23,7984.7700,7984.7700,7788.4199,7872.1499,268190000
2002-09-24,7871.2300,7871.2300,7666.0000,7683.1299,336190000
2002-09-25,7687.1602,7891.2798,7665.6602,7841.8198,328040000
2002-09-26,7844.6201,8012.4199,7844.6201,7997.1201,334600000
2002-09-27,7996.0098,7996.0098,7694.7202,7701.4502,327120000
2002-09-30,7698.8101,7698.8101,7460.7798,7591.9302,373450000
2002-10-01,7593.0400,7940.5898,7593.0400,7938.7900,339910000
2002-10-02,7936.5698,7969.3701,7742.0200,7755.6099,322970000
2002-10-03,7753.4600,7913.4702,7693.3301,7717.1899,316980000
2002-10-04,7719.3398,7784.8101,7472.0098,7528.3999,338800000
2002-10-07,7528.6802,7637.9102,7404.9399,7422.8398,300960000
2002-10-08,7425.8198,7622.6602,7331.4199,7501.4902,377960000
2002-10-09,7499.9600,7500.0298,7282.3901,7286.2700,377870000
2002-10-10,7286.3398,7560.9302,7197.4902,7533.9502,393740000
2002-10-11,7540.7402,7901.2598,7540.7402,7850.2900,351520000
2002-10-14,7848.2100,7915.0000,7745.7002,7877.3999,228340000
2002-10-15,7883.2300,8255.6797,7883.2300,8255.6797,410910000
2002-10-16,8232.0996,8232.0996,8013.4102,8036.0298,385800000
2002-10-17,8038.3101,8318.4502,8038.2402,8275.0400,390240000
2002-10-18,8287.7197,8331.5596,8147.2002,8322.4004,319260000
2002-10-21,8320.7402,8547.8301,8230.5000,8538.2402,311250000
2002-10-22,8534.0801,8534.0801,8376.1504,8450.1602,294820000
2002-10-23,8448.5596,8494.7598,8294.3799,8494.2695,332100000
2002-10-24,8495.3799,8558.6299,8277.8701,8317.3398,303020000
2002-10-25,8317.4805,8445.2998,8258.5195,8443.9902,242650000
2002-10-28,8448.9805,8531.4502,8325.4502,8368.0400,290400000
2002-10-29,8367.2803,8399.7402,8198.0400,8368.9404,287600000
2002-10-30,8363.9502,8459.3096,8307.4199,8427.4102,290370000
2002-10-31,8427.3398,8493.9199,8336.3398,8397.0303,291380000
2002-11-01,8395.6396,8542.2695,8309.5000,8517.6396,281290000
2002-11-04,8521.5996,8730.6396,8521.5996,8571.5996,336230000
2002-11-05,8568.7598,8691.3799,8544.4199,8678.2695,252030000
2002-11-06,8677.1699,8800.0000,8590.1904,8771.0098,321670000
2002-11-07,8766.0801,8766.2197,8549.8203,8586.2402,328020000
2002-11-08,8585.7500,8668.9102,8498.9199,8537.1299,250130000
2002-11-11,8535.8096,8535.8799,8349.5303,8358.9502,213540000
2002-11-12,8356.7305,8504.6699,8356.7305,8386.0000,275330000
2002-11-13,8380.3203,8493.5098,8298.6797,8398.4902,301160000
2002-11-14,8403.6904,8545.1104,8403.6904,8542.1299,267380000
2002-11-15,8535.6396,8583.9502,8460.7695,8579.0898,290040000
2002-11-18,8579.7402,8636.2402,8480.6797,8486.5703,232900000
2002-11-19,8484.9297,8546.8398,8405.1201,8474.7803,263730000
2002-11-20,8469.5703,8643.0303,8439.0596,8623.0098,299740000
2002-11-21,8625.4805,8856.5703,8625.4805,8845.1504,399040000
2002-11-22,8842.4102,8880.3896,8801.0000,8804.8398,279420000
2002-11-25,8804.9697,8868.8701,8756.0195,8849.4004,228250000
2002-11-26,8844.1201,8844.4004,8670.1797,8676.4199,254320000
2002-11-27,8678.9600,8939.9102,8678.9600,8931.6797,226450000
2002-11-29,8933.6699,8950.3301,8891.2900,8896.0898,109700000
2002-12-02,8902.9502,9043.3701,8787.1504,8862.5703,282090000
2002-12-03,8861.1299,8861.1299,8721.8799,8742.9297,240680000
2002-12-04,8734.2197,8811.6201,8653.3799,8737.8496,283220000
2002-12-05,8740.6602,8769.0498,8608.7500,8623.2803,241330000
2002-12-06,8620.8799,8679.5098,8501.8604,8645.7695,242140000
2002-12-09,8643.9902,8643.9902,8473.0000,8473.4102,227690000
2002-12-10,8473.6104,8578.9902,8469.5498,8574.2598,224650000
2002-12-11,8571.5195,8625.8896,8487.5303,8589.1396,219990000
2002-12-12,8590.9902,8615.1299,8510.8398,8538.4004,206020000
2002-12-13,8536.0703,8536.0703,8422.9404,8433.7100,213100000
2002-12-16,8436.5898,8627.5400,8434.7402,8627.4004,207040000
2002-12-17,8626.9902,8638.6396,8525.0303,8535.3896,224130000
2002-12-18,8531.3096,8531.3799,8407.7197,8447.3496,227620000
2002-12-19,8441.9404,8505.2305,8327.7803,8364.7998,249130000
2002-12-20,8367.4102,8513.6504,8367.4102,8511.3203,386140000
2002-12-23,8511.3896,8554.0400,8462.6396,8493.2900,184910000
2002-12-24,8491.9902,8491.9902,8443.6504,8448.1104,81600000
2002-12-26,8448.8604,8565.0098,8408.7100,8432.6104,130760000
2002-12-27,8429.2803,8449.4102,8285.1396,8303.7803,143720000
2002-12-30,8304.0596,8364.7402,8252.5098,8332.8496,200850000
2002-12-31,8332.2402,8361.3096,8242.9102,8341.6299,190390000
2003-01-02,8342.3799,8608.2695,8342.3799,8607.5195,243910000
2003-01-03,8607.3799,8635.4902,8552.8701,8601.6904,234000000
2003-01-06,8602.7803,8800.5898,8602.0996,8773.5703,258040000
2003-01-07,8775.8398,8802.6396,8713.0303,8740.5898,266970000
2003-01-08,8735.9297,8736.0703,8580.0996,8595.3096,255650000
2003-01-09,8596.6797,8787.7002,8596.6104,8776.1797,253560000
2003-01-10,8776.0400,8818.5498,8689.5801,8784.8896,235610000
2003-01-13,8787.8301,8869.2900,8746.9697,8785.9805,231990000
2003-01-14,8787.2197,8843.3701,8746.3496,8842.6201,225130000
2003-01-15,8843.6396,8854.6104,8702.1396,8723.1797,254600000
2003-01-16,8721.1201,8805.5195,8673.0498,8697.8701,230790000
2003-01-17,8695.8203,8695.8203,8559.1104,8586.7402,293830000
2003-01-21,8586.2598,8623.4902,8438.1797,8442.9004,231720000
2003-01-22,8439.5400,8444.6104,8306.5898,8318.7305,265550000
2003-01-23,8320.7197,8386.6104,8255.8604,8369.4697,274990000
2003-01-24,8367.8896,8367.8896,8112.4302,8131.0098,267450000
2003-01-27,8128.5400,8150.3398,7957.8198,7989.5601,272190000
2003-01-28,7991.0698,8114.0000,7991.0698,8088.8398,265270000
2003-01-29,8087.9502,8158.0200,7945.0000,8110.7100,297990000
2003-01-30,8109.1401,8141.0898,7938.6201,7945.1299,259940000
2003-01-31,7939.7202,8089.6602,7917.1602,8053.8101,307420000
2003-02-03,8053.7402,8152.0801,8053.7402,8109.8198,221770000
2003-02-04,8104.6099,8104.6099,7934.7700,8013.2900,228700000
2003-02-05,8014.4502,8152.5298,7967.8198,7985.1802,229550000
2003-02-06,7981.9502,7991.9600,7881.2998,7929.2998,218870000
2003-02-07,7932.4502,8001.0801,7830.0200,7864.2300,220080000
2003-02-10,7865.7402,7933.6802,7801.2900,7920.1099,224630000
2003-02-11,7920.9302,7985.5200,7806.5000,7843.1099,227230000
2003-02-12,7836.3599,7854.6201,7753.7100,7758.1699,205990000
2003-02-13,7756.5498,7781.8901,7628.9902,7749.8701,238130000
2003-02-14,7750.8999,7908.7998,7725.3198,7908.7998,237900000
2003-02-18,7909.2998,8076.0200,7909.2998,8041.1499,225050000
2003-02-19,8033.7998,8043.1099,7935.2700,8000.6001,199120000
2003-02-20,8002.7002,8027.3501,7893.7402,7914.9600,219580000
2003-02-21,7915.5200,8039.2700,7854.3799,8018.1099,261470000
2003-02-24,8017.3398,8017.3398,7851.1099,7858.2402,229020000
2003-02-25,7856.4199,7920.4902,7719.6401,7909.5000,270080000
2003-02-26,7907.3901,7925.8101,7793.8901,7806.9800,261170000
2003-02-27,7807.9600,7924.6201,7789.9502,7884.9902,254920000
2003-02-28,7886.1099,7965.7998,7855.4399,7891.0801,245060000
2003-03-03,7890.2402,7981.4600,7822.7300,7837.8599,216370000
2003-03-04,7838.1401,7845.7100,7704.3101,7704.8701,219770000
2003-03-05,7702.3501,7775.6001,7661.3198,7775.6001,237140000
2003-03-06,7774.7598,7777.4199,7659.0898,7673.9902,231760000
2003-03-07,7671.7500,7743.8198,7562.6499,7740.0298,310190000
2003-03-10,7739.3999,7739.4702,7559.6401,7568.1802,215960000
2003-03-11,7568.5298,7642.4102,7520.6299,7524.0601,227470000
2003-03-12,7517.7598,7552.0698,7416.6401,7552.0698,286350000
2003-03-13,7555.2900,7824.3398,7555.2900,7821.7500,346650000
2003-03-14,7822.1699,7931.6299,7799.4800,7859.7100,301760000
2003-03-17,7857.9600,8145.8398,7779.7300,8141.9199,356750000
2003-03-18,8142.6899,8209.3604,8096.1201,8194.2305,302750000
2003-03-19,8193.0400,8277.6396,8141.5000,8265.4502,277110000
2003-03-20,8264.6797,8318.8096,8130.8599,8286.5996,266450000
2003-03-21,8290.3799,8522.1797,8290.3799,8521.9697,360490000
2003-03-24,8514.8203,8514.8203,8185.2002,8214.6797,259460000
2003-03-25,8216.8496,8337.7197,8180.7202,8280.2305,258050000
2003-03-26,8279.8799,8284.9902,8187.7300,8229.8799,227160000
2003-03-27,8226.3896,8251.7998,8104.0498,8201.4502,225400000
2003-03-28,8198.8496,8205.0898,8105.7900,8145.7700,187980000
2003-03-31,8142.8301,8142.8301,7929.3101,7992.1299,301270000
2003-04-01,7992.8301,8100.5298,7979.6899,8069.8599,263590000
2003-04-02,8069.8599,8316.5801,8069.8599,8285.0596,289360000
2003-04-03,8285.7598,8335.6201,8237.5400,8240.3799,258180000
2003-04-04,8240.5898,8305.8604,8215.0996,8277.1504,246900000
2003-04-07,8284.1504,8520.2100,8284.1504,8300.4102,285610000
2003-04-08,8299.1201,8342.8301,8260.4805,8298.9199,229810000
2003-04-09,8299.2803,8388.3301,8195.1396,8197.9404,261020000
2003-04-10,8198.9902,8225.0400,8145.8701,8221.3301,206280000
2003-04-11,8223.2197,8337.5801,8179.8799,8203.4102,214360000
2003-04-14,8203.9697,8351.9404,8201.5498,8351.0996,199690000
2003-04-15,8347.6602,8402.4297,8307.5400,8402.3604,255820000
2003-04-16,8405.7197,8446.4697,8233.7305,8257.6104,303520000
2003-04-17,8255.7900,8347.4502,8235.4102,8337.6504,246320000
2003-04-21,8336.6699,8397.9502,8301.9404,8328.9004,175900000
2003-04-22,8326.3799,8487.5098,8263.9805,8484.9902,250980000
2003-04-23,8484.9199,8526.3799,8451.4502,8515.6602,271240000
2003-04-24,8512.4404,8512.4404,8395.7002,8440.0400,239460000
2003-04-25,8438.9805,8439.3301,8288.4902,8306.3496,226270000
2003-04-28,8306.8398,8501.6602,8305.0303,8471.6104,214870000
2003-04-29,8472.8799,8559.7695,8442.3398,8502.9902,236500000
2003-04-30,8501.3799,8528.7500,8432.1201,8480.0898,252910000
2003-05-01,8478.4805,8488.3496,8340.2305,8454.2500,198580000
2003-05-02,8453.4805,8593.2500,8409.2900,8582.6797,216790000
2003-05-05,8583.1699,8601.9404,8511.1104,8531.5703,200340000
2003-05-06,8531.2803,8641.2197,8525.7500,8588.3604,225340000
2003-05-07,8585.4199,8635.0596,8529.0400,8560.6299,210880000
2003-05-08,8558.6699,8575.1104,8477.3604,8491.2197,192890000
2003-05-09,8492.6904,8612.7900,8492.6904,8604.5996,19950000
2003-05-12,8603.9004,8743.4697,8569.4404,8726.7305,224780000
2003-05-13,8722.8799,8723.2900,8647.5996,8679.2500,194040000
2003-05-14,8673.2900,8728.4102,8608.3096,8647.8203,202190000
2003-05-15,8649.2197,8727.7803,8643.1104,8713.1396,213370000
2003-05-16,8710.3604,8742.5801,8644.8203,8678.9697,244540000
2003-05-19,8676.5195,8676.5898,8483.3096,8493.3896,220770000
2003-05-20,8494.0898,8550.2598,8416.7197,8491.3604,263620000
2003-05-21,8485.6201,8523.1602,8431.2100,8516.4297,316410000
2003-05-22,8516.9902,8628.1396,8509.2197,8594.0195,278820000
2003-05-23,8594.0195,8625.8203,8541.5703,8601.3799,197850000
2003-05-27,8600.5400,8792.4404,8540.5898,8781.3496,266320000
2003-05-28,8781.8398,8854.5303,8773.9297,8793.1201,265520000
2003-05-29,8787.2305,8862.5801,8679.5996,8711.1797,286300000
2003-05-30,8711.4600,8868.3301,8711.3896,8850.2598,246980000
2003-06-02,8851.4502,9003.2695,8851.4502,8897.8096,261750000
2003-06-03,8898.2305,8940.3799,8861.3203,8922.9502,222930000
2003-06-04,8919.9404,9057.4004,8909.0098,9038.9805,253390000
2003-06-05,9036.6699,9045.1504,8969.2402,9041.2998,300130000
2003-06-06,9045.5703,9215.8799,9045.5703,9062.7900,348170000
2003-06-09,9061.1797,9066.4502,8945.5898,8980.0000,210890000
2003-06-10,8980.7900,9059.2900,8980.6504,9054.8896,211700000
2003-06-11,9048.8496,9183.2197,9038.0703,9183.2197,217720000
2003-06-12,9184.2900,9236.1104,9116.8604,9196.5498,215420000
2003-06-13,9197.8799,9222.6699,9074.0801,9117.1201,189390000
2003-06-16,9117.5596,9318.9600,9117.5596,9318.9600,209150000
2003-06-17,9319.6602,9352.7695,9268.9600,9323.0195,266920000
2003-06-18,9322.6699,9333.6602,9232.0498,9293.7998,259520000
2003-06-19,9293.7998,9313.2900,9154.7402,9179.5303,234810000
2003-06-20,9180.9297,9276.5098,9180.9297,9200.7500,338410000
2003-06-23,9199.4902,9199.7002,9038.2900,9072.9502,197010000
2003-06-24,9071.4805,9140.8096,9057.8896,9109.8496,205210000
2003-06-25,9109.5703,9161.7402,9000.6797,9011.5303,217660000
2003-06-26,9011.0596,9092.2100,8987.1602,9079.0400,190510000
2003-06-27,9079.7402,9105.5098,8970.2803,8989.0498,213230000
2003-06-30,8990.7402,9068.0498,8970.4297,8985.4404,223930000
2003-07-01,8983.6602,9050.8203,8871.2002,9040.9502,230460000
2003-07-02,9043.5400,9148.2998,9043.5400,9142.8398,253550000
2003-07-03,9141.1602,9149.6299,9035.3398,9070.2100,132100000
2003-07-07,9073.9199,9261.1201,9073.9199,9216.7900,235220000
2003-07-08,9213.4805,9236.3896,9162.9404,9223.0898,225570000
2003-07-09,9221.9004,9229.1104,9108.2402,9156.2100,273640000
2003-07-10,9154.5303,9154.5303,8996.7598,9036.0400,213540000
2003-07-11,9036.3896,9146.4805,9035.5195,9119.5898,192970000
2003-07-14,9126.4502,9278.4102,9126.4502,9177.1504,250150000
2003-07-15,9179.1797,9238.0098,9091.2998,9128.9697,271370000
2003-07-16,9133.7002,9153.4199,9042.1904,9094.5898,279140000
2003-07-17,9089.3398,9113.5703,9017.8398,9050.8203,245390000
2003-07-18,9052.2900,9188.1504,9052.2900,9188.1504,229880000
2003-07-21,9187.7998,9187.7998,9075.1904,9096.6904,204350000
2003-07-22,9098.6504,9174.4199,9037.2998,9158.4502,217580000
2003-07-23,9159.0801,9203.4805,9102.2803,9194.2402,190150000
2003-07-24,9196.5596,9281.4199,9106.4199,9112.5098,210790000
2003-07-25,9113.8496,9284.5703,9085.1299,9284.5703,201620000
2003-07-28,9284.9199,9303.8301,9234.5000,9266.5098,205610000
2003-07-29,9268.1904,9289.6904,9168.2598,9204.4600,227410000
2003-07-30,9204.3896,9236.5400,9164.9697,9200.0498,176990000
2003-07-31,9199.3496,9361.4004,9199.2803,9233.7998,243910000
2003-08-01,9232.6797,9234.2197,9138.2900,9153.9697,212650000
2003-08-04,9154.1797,9209.1504,9048.5801,9186.0400,195740000
2003-08-05,9185.2695,9187.7305,9034.5703,9036.3203,198620000
2003-08-06,9032.9600,9134.5703,8997.1104,9061.7402,214380000
2003-08-07,9060.4805,9135.0000,9031.1396,9126.4502,191330000
2003-08-08,9127.3604,9191.3701,9127.3604,9191.0898,171640000
2003-08-11,9189.6201,9251.5898,9146.6201,9217.3496,145460000
2003-08-12,9218.1201,9310.2695,9208.7998,9310.0596,167710000
2003-08-13,9303.6904,9322.1104,9233.9404,9271.7598,165850000
2003-08-14,9272.2500,9334.5703,9218.8203,9310.5596,168170000
2003-08-15,9308.5195,9337.1699,9281.5000,9321.6904,104780000
2003-08-18,9320.6602,9419.3799,9320.5898,9412.4502,185580000
2003-08-19,9412.1699,9445.0801,9351.7305,9428.9004,214810000
2003-08-20,9420.1299,9423.2598,9364.0303,9397.5098,244570000
2003-08-21,9399.9600,9481.4404,9391.8896,9423.6797,221730000
2003-08-22,9436.0400,9499.9697,9345.8604,9348.8701,250780000
2003-08-25,9349.4404,9350.7695,9280.9404,9317.6396,148680000
2003-08-26,9316.0303,9353.8604,9233.0801,9340.4502,190330000
2003-08-27,9339.8203,9346.9805,9306.4902,9333.7900,147560000
2003-08-28,9334.3496,9392.5898,9261.5703,9374.2100,163340000
2003-08-29,9373.3301,9421.2305,9350.0703,9415.8203,150050000
2003-09-02,9416.6699,9535.9697,9389.5801,9523.2695,226800000
2003-09-03,9521.8604,9597.3799,9514.4902,9568.4600,260220000
2003-09-04,9569.0898,9609.0898,9541.7197,9587.9004,203050000
2003-09-05,9589.5195,9589.5195,9461.3701,9503.3398,201900000
2003-09-08,9503.4102,9599.3398,9503.4102,9586.2900,174430000
2003-09-09,9584.9199,9584.9502,9490.8398,9507.2002,190790000
2003-09-10,9504.8799,9504.9502,9400.3799,9420.4600,206080000
2003-09-11,9415.0498,9502.8398,9410.4199,9459.7598,181230000
2003-09-12,9456.8799,9488.3203,9380.9502,9471.5498,183360000
2003-09-15,9471.1904,9490.9102,9436.5996,9448.8096,171610000
2003-09-16,9449.1602,9571.1299,9449.1602,9567.3398,196800000
2003-09-17,9566.0801,9594.4297,9536.8096,9545.6504,203820000
2003-09-18,9544.0400,9662.8398,9538.2803,9659.1299,223390000
2003-09-19,9661.7998,9686.0801,9610.1504,9644.8203,261600000
2003-09-22,9641.7998,9641.8701,9501.7197,9535.4102,191540000
2003-09-23,9535.7598,9583.4805,9511.4102,9576.0400,186460000
2003-09-24,9575.9697,9592.6699,9423.5400,9425.5098,233670000
2003-09-25,9425.5801,9458.4902,9342.9805,9343.9600,223450000
2003-09-26,9342.4297,9358.2803,9303.8203,9313.0801,227350000
2003-09-29,9314.4199,9395.3203,9293.2197,9380.2402,204810000
2003-09-30,9378.0996,9378.0996,9230.4697,9275.0596,233100000
2003-10-01,9276.7998,9472.7598,9276.7998,9469.2002,283380000
2003-10-02,9464.7598,9511.0596,9427.6504,9487.7998,173820000
2003-10-03,9492.5400,9666.5303,9492.5400,9572.3096,248430000
2003-10-06,9572.3896,9624.9102,9562.5303,9594.9805,130430000
2003-10-07,9593.2803,9654.6104,9536.0195,9654.6104,196530000
2003-10-08,9653.3301,9672.0195,9595.2803,9630.9004,183620000
2003-10-09,9633.3496,9768.6904,9633.2002,9680.0098,254740000
2003-10-10,9682.9004,9712.2402,9656.5303,9674.6797,181510000
2003-10-13,9675.7197,9783.4902,9675.5703,9764.3799,166220000
2003-10-14,9763.2695,9812.9805,9732.3096,9812.9805,182210000
2003-10-15,9824.0898,9850.0098,9764.4600,9803.0498,245140000
2003-10-16,9798.6797,9823.4199,9730.3799,9791.7197,209300000
2003-10-17,9791.8604,9815.7900,9701.7197,9721.7900,191120000
2003-10-20,9721.5000,9777.9404,9705.5703,9777.9404,173840000
2003-10-21,9778.3096,9784.3096,9736.6797,9747.6396,207690000
2003-10-22,9741.9805,9742.0498,9580.2402,9598.2402,226890000
2003-10-23,9597.2002,9622.1602,9551.7305,9613.1299,198250000
2003-10-24,9600.9805,9600.9805,9497.7197,9582.4600,297430000
2003-10-27,9584.5400,9663.7900,9584.5400,9608.1602,193710000
2003-10-28,9609.7197,9749.9404,9609.7197,9748.3096,232950000
2003-10-29,9747.0498,9787.2695,9724.6797,9774.5303,224900000
2003-10-30,9772.0098,9838.7598,9754.0098,9786.6104,239250000
2003-10-31,9786.7500,9839.8604,9786.7500,9801.1201,199610000
2003-11-03,9802.4600,9896.1602,9802.3799,9858.4600,190630000
2003-11-04,9857.4902,9874.8301,9819.8604,9838.8301,197300000
2003-11-05,9837.6396,9859.3398,9778.3096,9820.8301,178470000
2003-11-06,9820.6797,9870.5996,9773.1201,9856.9697,183020000
2003-11-07,9857.1201,9903.5703,9798.6104,9809.7900,199350000
2003-11-10,9807.4902,9824.3799,9736.9004,9756.5303,172460000
2003-11-11,9756.5303,9761.2002,9719.0498,9737.7900,162750000
2003-11-12,9729.5000,9859.3398,9729.4199,9848.8301,188850000
2003-11-13,9846.9697,9852.9004,9792.0098,9837.9404,205640000
2003-11-14,9836.4600,9892.9697,9737.7900,9768.6797,222160000
2003-11-17,9765.6396,9765.6396,9629.8701,9710.8301,204910000
2003-11-18,9711.4404,9750.4600,9622.3896,9624.1602,229300000
2003-11-19,9620.6797,9707.6396,9614.2402,9690.4600,192500000
2003-11-20,9688.4600,9726.0898,9613.7197,9619.4199,205970000
2003-11-21,9622.0195,9650.3096,9585.5000,9628.5303,209010000
2003-11-24,9629.8701,9749.3496,9629.8701,9747.7900,192330000
2003-11-25,9748.6797,9795.2100,9723.7900,9763.9404,172500000
2003-11-26,9763.4902,9794.6797,9706.0098,9779.5703,162210000
2003-11-28,9779.7197,9804.9805,9764.8301,9782.4600,79160000
2003-12-01,9785.3496,9902.2305,9785.3496,9899.0498,227650000
2003-12-02,9899.6396,9900.4502,9837.2695,9853.6396,257640000
2003-12-03,9851.9404,9942.0098,9851.4199,9873.4199,222570000
2003-12-04,9874.8301,9933.8604,9865.7803,9930.8203,267840000
2003-12-05,9923.2695,9923.4199,9846.3096,9862.6797,201640000
2003-12-08,9862.0098,9970.1602,9859.5703,9965.2695,192730000
2003-12-09,9966.4502,10003.1201,9916.9004,9923.4199,231390000
2003-12-10,9922.3799,9958.3799,9882.3799,9921.8604,220980000
2003-12-11,9922.4502,10026.5303,9920.9697,10008.1602,208630000
2003-12-12,10008.7500,10052.0703,9976.7900,10042.1602,176900000
2003-12-15,10046.5303,10139.6299,10021.6396,10022.8203,247020000
2003-12-16,10023.3398,10137.6299,10023.3398,10129.5596,233730000
2003-12-17,10128.7500,10146.3799,10094.7500,10145.2598,179180000
2003-12-18,10141.4102,10254.0801,10137.3398,10248.0801,218010000
2003-12-19,10249.4805,10293.1904,10230.0801,10278.2197,279780000
2003-12-22,10276.4805,10338.0000,10255.2598,10338.0000,165730000
2003-12-23,10337.5596,10375.9297,10296.1504,10341.2598,151090000
2003-12-24,10341.4102,10341.4805,10305.1201,10305.1904,86180000
2003-12-26,10305.8496,10343.0400,10304.8203,10324.6699,49520000
2003-12-29,10321.3496,10450.0000,10321.3496,10450.0000,156400000
2003-12-30,10449.7002,10456.0703,10405.8496,10425.0400,132800000
2003-12-31,10426.2998,10462.4404,10407.0400,10453.9199,138670000
2004-01-02,10452.7402,10527.0303,10384.2998,10409.8496,168890000
2004-01-05,10411.8496,10544.0703,10411.8496,10544.0703,221290000
2004-01-06,10543.8496,10549.1797,10499.8496,10538.6602,191460000
2004-01-07,10535.4600,10539.4600,10466.2900,10529.0303,225490000
2004-01-08,10530.0703,10592.5898,10530.0703,10592.4404,237770000
2004-01-09,10589.2500,10589.2500,10448.6699,10458.8896,223250000
2004-01-12,10461.5498,10491.6299,10444.1504,10485.1797,197960000
2004-01-13,10485.1797,10509.8496,10367.4102,10427.1797,197310000
2004-01-14,10428.6699,10548.5098,10428.6699,10538.3701,186280000
2004-01-15,10534.5195,10592.7402,10477.1797,10553.8496,260090000
2004-01-16,10556.3701,10600.7402,10542.5195,10600.5098,254170000
2004-01-20,10601.4004,10616.9600,10519.4902,10528.6602,224300000
2004-01-21,10522.7695,10643.5498,10490.9600,10623.6201,214920000
2004-01-22,10624.2197,10660.8799,10607.4004,10623.1797,219720000
2004-01-23,10625.2500,10643.4805,10523.8496,10568.2900,234260000
2004-01-26,10568.0000,10705.1797,10561.8496,10702.5098,186170000
2004-01-27,10701.0996,10701.7695,10609.9199,10609.9199,206560000
2004-01-28,10610.0703,10658.4297,10437.7803,10468.3701,247660000
2004-01-29,10467.4102,10522.5898,10417.8496,10510.2900,273970000
2004-01-30,10510.2197,10510.8096,10438.9600,10488.0703,208990000
2004-02-02,10487.7803,10568.9600,10434.6699,10499.1797,224800000
2004-02-03,10499.4805,10528.9600,10457.1104,10505.1797,183810000
2004-02-04,10503.1104,10524.2197,10447.1797,10470.7402,227760000
2004-02-05,10469.3301,10522.5195,10453.5498,10495.5498,187810000
2004-02-06,10494.8896,10593.4004,10464.5195,10593.0303,182880000
2004-02-09,10592.0000,10618.5098,10564.4404,10579.0303,160720000
2004-02-10,10578.7402,10626.6602,10559.2598,10613.8496,160590000
2004-02-11,10605.4805,10746.8799,10572.5898,10737.7002,277850000
2004-02-12,10735.1797,10735.2900,10688.3604,10694.0703,197560000
2004-02-13,10696.2197,10734.6904,10604.1396,10627.8496,244990000
2004-02-17,10628.8799,10735.2500,10628.7402,10714.8799,169730000
2004-02-18,10706.6797,10720.5098,10646.9600,10671.9902,164370000
2004-02-19,10674.5898,10753.6299,10656.5898,10664.7305,219890000
2004-02-20,10666.2900,10688.2197,10580.6602,10619.0303,220560000
2004-02-23,10619.5498,10644.9600,10560.4404,10609.6201,229950000
2004-02-24,10609.5498,10637.1104,10521.7002,10566.3701,225670000
2004-02-25,10566.5898,10615.5596,10560.0703,10601.6201,192420000
2004-02-26,10598.1396,10612.1396,10539.3301,10580.1396,223230000
2004-02-27,10581.5498,10652.3604,10563.6299,10583.9199,200050000
2004-03-01,10582.2500,10695.5498,10582.2197,10678.1396,185030000
2004-03-02,10678.3604,10678.3604,10568.8799,10591.4805,215580000
2004-03-03,10588.5898,10610.0000,10550.1396,10593.1104,188800000
2004-03-04,10593.4805,10603.2500,10562.7402,10588.0000,161050000
2004-03-05,10582.5898,10651.3301,10524.5898,10595.5498,266500000
2004-03-08,10595.3701,10634.2900,10526.8896,10529.4805,199300000
2004-03-09,10529.5195,10529.7002,10424.0703,10456.9600,246270000
2004-03-10,10457.5898,10473.8604,10284.6699,10296.8896,259000000
2004-03-11,10288.8496,10321.4102,10120.3799,10128.3799,292050000
2004-03-12,10130.6699,10241.1904,10130.6699,10240.0801,223350000
2004-03-15,10238.4502,10241.1104,10092.4697,10102.8896,219150000
2004-03-16,10103.4102,10221.1104,10103.4102,10184.6699,194560000
2004-03-17,10184.6699,10326.5195,10184.2998,10300.2998,181210000
2004-03-18,10298.9600,10328.8203,10214.1504,10295.7803,218820000
2004-03-19,10295.8496,10314.5898,10182.5996,10186.5996,261590000
2004-03-22,10185.9297,10186.1504,10012.1602,10064.7500,248930000
2004-03-23,10066.6699,10131.3496,10047.4102,10063.6396,215260000
2004-03-24,10065.4102,10108.1504,10007.4902,10048.2305,224310000
2004-03-25,10049.5596,10226.0801,10049.4902,10218.8203,216420000
2004-03-26,10218.3701,10271.7803,10181.0400,10212.9697,198830000
2004-03-29,10212.9102,10350.4502,10212.9102,10329.6299,197150000
2004-03-30,10327.6299,10387.2598,10306.1504,10381.7002,189060000
2004-03-31,10380.8896,10401.7002,10314.8896,10357.7002,207420000
2004-04-01,10357.5195,10419.0400,10342.5898,10373.3301,218660000
2004-04-02,10375.3301,10496.4404,10375.3301,10470.5898,243070000
2004-04-05,10470.5898,10558.6602,10465.6299,10558.3701,182130000
2004-04-06,10553.7598,10570.8096,10505.1104,10570.8096,175720000
2004-04-07,10569.2598,10569.2598,10465.3301,10480.1504,218040000
2004-04-08,10482.7695,10554.0996,10393.9102,10442.0303,187730000
2004-04-12,10444.3799,10526.2695,10443.8096,10515.5596,142190000
2004-04-13,10516.0498,10552.6104,10361.9902,10381.2803,202540000
2004-04-14,10378.0996,10415.2803,10322.9404,10377.9502,230460000
2004-04-15,10377.9502,10430.6201,10322.1602,10397.4600,262880000
2004-04-16,10398.3203,10460.0596,10376.3896,10451.9697,234660000
2004-04-19,10451.6201,10451.7598,10399.4697,10437.8496,173340000
2004-04-20,10437.8496,10487.6699,10313.5801,10314.5000,204710000
2004-04-21,10311.8701,10332.8799,10250.4805,10317.2695,232630000
2004-04-22,10314.9902,10496.6104,10292.2803,10461.2002,265740000
2004-04-23,10463.1104,10482.9102,10410.5996,10472.8398,277070000
2004-04-26,10472.9102,10512.7900,10418.1201,10444.7305,183040000
2004-04-27,10445.3799,10537.3496,10441.7500,10478.1602,213410000
2004-04-28,10476.6699,10476.9502,10333.8701,10342.5996,232090000
2004-04-29,10339.4102,10407.9697,10219.1797,10272.2695,231880000
2004-04-30,10273.0596,10333.8701,10225.5703,10225.5703,218010000
2004-05-03,10227.2695,10329.0498,10227.1299,10314.0000,198830000
2004-05-04,10314.3203,10386.3203,10266.1699,10317.2002,208020000
2004-05-05,10316.9805,10348.3496,10291.0801,10310.9502,172170000
2004-05-06,10308.2002,10308.2002,10170.5098,10241.2598,202690000
2004-05-07,10240.6201,10271.9902,10114.8604,10117.3398,228140000
2004-05-10,10116.2803,10116.2803,9932.7402,9990.0195,272130000
2004-05-11,9989.2402,10038.3496,9974.0498,10019.4697,223650000
2004-05-12,10011.5195,10048.2100,9852.1904,10045.1602,246410000
2004-05-13,10044.3096,10074.1104,9970.9297,10010.7402,215300000
2004-05-14,10008.4297,10065.6797,9938.4199,10012.8701,175180000
2004-05-17,10009.9199,10009.9199,9862.7695,9906.9102,199660000
2004-05-18,9906.7100,9987.0400,9906.6396,9968.5098,191770000
2004-05-19,9962.5498,10093.2100,9933.1104,9937.7100,227420000
2004-05-20,9939.1201,9970.6396,9900.5898,9937.6396,155570000
2004-05-21,9939.3398,10036.7803,9939.2695,9966.7402,180980000
2004-05-24,9968.0195,10045.4502,9927.1396,9958.4297,187000000
2004-05-25,9958.0801,10121.6699,9915.8604,10117.6201,213950000
2004-05-26,10116.8398,10128.8398,10077.8096,10109.8896,171700000
2004-05-27,10109.8896,10222.2402,10109.8896,10205.2002,186670000
2004-05-28,10205.8301,10216.6299,10172.7695,10188.4502,159560000
2004-06-01,10187.1797,10214.5703,10134.8604,10202.6504,166590000
2004-06-02,10199.7803,10288.8096,10197.0596,10262.9697,183540000
2004-06-03,10261.8496,10281.9199,10193.7803,10195.9102,162840000
2004-06-04,10196.8301,10302.0801,10196.6904,10242.8203,161190000
2004-06-07,10243.3096,10391.1504,10243.3096,10391.0801,172490000
2004-06-08,10389.4102,10432.8096,10353.0498,10432.5195,170220000
2004-06-09,10431.0996,10431.3203,10364.9600,10368.4404,175090000
2004-06-10,10367.7998,10410.9502,10367.7998,10410.0996,154090000
2004-06-14,10401.2305,10401.2998,10307.0498,10334.7305,166530000
2004-06-15,10336.5098,10428.0498,10336.5098,10380.4297,223780000
2004-06-16,10380.2305,10393.4199,10355.5098,10379.5801,153020000
2004-06-17,10378.5898,10390.0098,10338.1299,10377.5195,169820000
2004-06-18,10375.8203,10437.9004,10358.0000,10416.4102,300680000
2004-06-21,10417.8203,10440.0498,10363.3604,10371.4697,175300000
2004-06-22,10370.2100,10401.1797,10307.2500,10395.0703,203470000
2004-06-23,10395.1396,10498.6699,10323.3203,10479.5703,210770000
2004-06-24,10477.4297,10487.4600,10433.5596,10443.8096,214330000
2004-06-25,10444.2402,10487.5400,10369.9199,10371.8398,308250000
2004-06-28,10377.5195,10464.3799,10337.7002,10357.0898,231100000
2004-06-29,10356.3496,10429.1299,10341.6797,10413.4297,180210000
2004-06-30,10413.4297,10471.2402,10375.6699,10435.4805,227800000
2004-07-01,10434.0000,10448.0898,10274.5098,10334.1602,234900000
2004-07-02,10334.0000,10334.0801,10264.9199,10282.8301,146600000
2004-07-06,10280.2598,10280.2598,10191.4004,10219.3398,180070000
2004-07-07,10211.9199,10266.6104,10199.2900,10240.2900,179940000
2004-07-08,10238.5195,10263.7305,10166.2500,10171.5596,181790000
2004-07-09,10173.1201,10239.2500,10173.1201,10213.2197,161230000
2004-07-12,10211.7500,10257.0996,10162.1797,10238.2197,155520000
2004-07-13,10238.3701,10257.0996,10230.6299,10247.5898,160630000
2004-07-14,10232.8398,10286.8896,10172.3896,10208.7998,298900000
2004-07-15,10208.2002,10235.6504,10162.9404,10163.1602,231930000
2004-07-16,10162.3398,10238.3701,10135.1299,10139.7803,267310000
2004-07-19,10140.9502,10148.6299,10063.3096,10094.0596,198380000
2004-07-20,10094.4297,10155.6299,10072.6797,10149.0703,197640000
2004-07-21,10156.2998,10237.1201,10045.6104,10046.1299,277570000
2004-07-22,10047.5996,10073.4902,9946.8799,10050.3301,247870000
2004-07-23,10045.4600,10045.4697,9931.7695,9962.2197,238540000
2004-07-26,9964.7100,10003.7998,9913.9199,9961.9199,221240000
2004-07-27,9963.5400,10103.1299,9963.5400,10085.1396,236270000
2004-07-28,10084.0303,10146.8604,9994.2197,10117.0703,223560000
2004-07-29,10115.5195,10163.0098,10084.8398,10129.2402,215050000
2004-07-30,10129.1201,10149.6504,10086.3203,10139.7100,197240000
2004-08-02,10138.4502,10203.5596,10101.3604,10179.1602,177330000
2004-08-03,10178.2695,10178.2803,10102.8398,10120.2402,190880000
2004-08-04,10117.9600,10162.4199,10068.1104,10126.5098,157430000
2004-08-05,10127.0996,10129.0898,9955.7305,9963.0303,178250000
2004-08-06,9960.6699,9960.7402,9793.0498,9815.3301,215870000
2004-08-09,9816.1396,9858.6797,9811.1201,9814.6602,148320000
2004-08-10,9815.5498,9944.6699,9815.4697,9944.6699,167590000
2004-08-11,9931.2402,9954.1797,9841.3604,9938.3203,182920000
2004-08-12,9936.4805,9936.4805,9808.5400,9814.5898,248090000
2004-08-13,9814.1104,9854.9199,9783.9102,9825.3496,182590000
2004-08-16,9825.3496,9967.0801,9825.3496,9954.5498,176390000
2004-08-17,9955.5000,10023.9404,9952.1104,9972.8301,186120000
2004-08-18,9964.2197,10083.1504,9934.0498,10083.1504,187150000
2004-08-19,10082.7803,10082.7803,9989.8701,10040.8203,162780000
2004-08-20,10040.8096,10126.8799,10012.5098,10110.1396,209750000
2004-08-23,10111.0996,10131.0801,10067.9697,10073.0498,144500000
2004-08-24,10074.8896,10146.7900,10062.1299,10098.6299,143050000
2004-08-25,10098.4902,10199.2100,10068.1104,10181.7402,172570000
2004-08-26,10181.0703,10193.5400,10155.8604,10173.4102,131960000
2004-08-27,10174.0703,10211.2500,10166.6904,10195.0098,114580000
2004-08-30,10193.8301,10196.7803,10122.5195,10122.5195,114850000
2004-08-31,10121.9697,10173.9199,10074.2197,10173.9199,163580000
2004-09-01,10170.1201,10208.2695,10110.6504,10168.4600,171950000
2004-09-02,10168.3896,10301.4902,10162.0498,10290.2803,181200000
2004-09-03,10277.8203,10321.7695,10260.2002,10260.2002,215670000
2004-09-07,10261.5195,10363.3604,10261.4502,10342.7900,204530000
2004-09-08,10342.4199,10361.2197,10305.1797,10313.3604,222220000
2004-09-09,10314.6904,10337.3301,10269.4902,10289.0996,223160000
2004-09-10,10289.4697,10321.9199,10237.7803,10313.0703,217580000
2004-09-13,10306.6504,10348.3896,10292.5703,10314.7598,203200000
2004-09-14,10315.1299,10340.1299,10303.4102,10318.1602,186180000
2004-09-15,10316.9004,10317.0498,10228.7803,10231.3604,203740000
2004-09-16,10231.5898,10281.8799,10228.6396,10244.4902,173240000
2004-09-17,10245.8203,10314.7598,10245.7402,10284.4600,295880000
2004-09-20,10283.8701,10283.8701,10187.1904,10204.8896,222360000
2004-09-21,10204.5195,10270.5195,10200.2500,10244.9297,223840000
2004-09-22,10244.0498,10244.0498,10097.3701,10109.1797,240390000
2004-09-23,10108.2900,10108.7402,10031.1602,10038.9004,222620000
2004-09-24,10039.4199,10081.2998,10034.8496,10047.2402,204060000
2004-09-27,10046.6504,10046.6504,9985.3701,9988.5400,198710000
2004-09-28,9989.7305,10099.5195,9977.9199,10077.4004,232170000
2004-09-29,10056.7500,10136.2402,10050.5596,10136.2402,218540000
2004-09-30,10136.3799,10142.9404,10038.9004,10080.2695,377130000
2004-10-01,10082.0400,10198.6201,10082.0400,10192.6504,267550000
2004-10-04,10191.4004,10270.3701,10191.4004,10216.5400,253190000
2004-10-05,10216.7598,10221.1104,10158.0703,10177.6797,224410000
2004-10-06,10170.7002,10240.1396,10157.9902,10239.9199,232020000
2004-10-07,10239.8398,10240.9502,10124.5195,10125.4004,275340000
2004-10-08,10124.1104,10148.0400,10036.3203,10055.2002,228590000
2004-10-11,10056.0898,10098.7803,10056.0898,10081.9697,157180000
2004-10-12,10080.4199,10102.3301,10017.1504,10077.1797,215820000
2004-10-13,10085.2100,10127.1699,9957.7900,10002.3301,276800000
2004-10-14,10002.5400,10003.3604,9875.1299,9894.4502,268650000
2004-10-15,9895.6299,9982.7100,9895.5498,9933.3799,317590000
2004-10-18,9932.9805,9960.1504,9861.6299,9956.3203,227840000
2004-10-19,9958.3799,10020.5498,9894.8896,9897.6201,264220000
2004-10-20,9895.1904,9895.7002,9804.1904,9886.9297,272670000
2004-10-21,9884.6504,9903.1504,9800.8701,9865.7598,272050000
2004-10-22,9863.8496,9883.2500,9753.0195,9757.8096,258220000
2004-10-25,9757.2197,9777.8701,9708.4004,9749.9902,233370000
2004-10-26,9750.5898,9888.4805,9749.5498,9888.4805,273770000
2004-10-27,9888.2500,10018.5498,9841.9502,10002.0303,256200000
2004-10-28,9998.9404,10044.9502,9952.4805,10004.5400,254490000
2004-10-29,10004.6904,10044.1396,9990.8301,10027.4697,262950000
2004-11-01,10028.7305,10076.5898,10010.1504,10054.3896,267040000
2004-11-02,10053.8701,10132.9902,10011.1797,10035.7305,369480000
2004-11-03,10037.5000,10215.5098,10037.4297,10137.0498,332790000
2004-11-04,10132.4805,10318.2305,10127.9805,10314.7598,365770000
2004-11-05,10317.0498,10416.6699,10316.9805,10387.5400,325770000
2004-11-08,10385.1504,10405.6904,10361.4404,10391.3096,258040000
2004-11-09,10387.6201,10427.8096,10368.5898,10386.3701,248430000
2004-11-10,10378.5898,10439.4004,10378.5898,10385.4805,281290000
2004-11-11,10386.9502,10486.6504,10386.9502,10469.8398,254080000
2004-11-12,10469.2100,10539.5996,10460.4004,10539.0098,322250000
2004-11-15,10541.8896,10563.0195,10517.1299,10550.2402,266460000
2004-11-16,10549.7900,10549.7900,10477.9502,10487.6504,237060000
2004-11-17,10481.8301,10602.8496,10481.8301,10549.5703,295230000
2004-11-18,10549.2002,10585.2598,10547.3896,10572.5498,242230000
2004-11-19,10571.6299,10573.7402,10438.5801,10456.9102,275340000
2004-11-22,10455.7305,10508.0400,10432.0098,10489.4199,240410000
2004-11-23,10486.6904,10514.9902,10436.3799,10492.5996,254780000
2004-11-24,10493.8604,10527.4004,10482.2598,10520.3096,204070000
2004-11-26,10518.6904,10543.2900,10508.5596,10522.2305,91510000
2004-11-29,10520.6396,10557.4102,10417.0801,10475.9004,247670000
2004-11-30,10475.2695,10483.1396,10428.0195,10428.0195,286900000
2004-12-01,10425.7998,10590.2197,10425.7598,10590.2197,307970000
2004-12-02,10590.4404,10629.1602,10544.7695,10585.1201,296050000
2004-12-03,10597.9004,10643.0498,10560.5801,10592.2100,286270000
2004-12-06,10591.3203,10591.9902,10526.8203,10547.0596,218660000
2004-12-07,10546.7998,10567.1602,10440.3604,10440.5801,258710000
2004-12-08,10438.7695,10506.8496,10438.6602,10494.2305,247020000
2004-12-09,10492.4502,10562.5098,10418.6299,10552.8203,278740000
2004-12-10,10552.1602,10575.5801,10522.6797,10543.2197,242290000
2004-12-13,10543.4404,10642.5303,10543.2100,10638.3203,257530000
2004-12-14,10640.5303,10695.0703,10621.0303,10676.4502,303800000
2004-12-15,10675.7100,10706.1602,10636.4697,10691.4502,305010000
2004-12-16,10691.7100,10726.8496,10661.6699,10705.6396,293600000
2004-12-17,10704.8301,10739.3301,10641.8799,10649.9199,619180000
2004-12-20,10652.1396,10735.2695,10652.0703,10661.5996,298650000
2004-12-21,10661.8896,10765.2695,10661.8896,10759.4297,294880000
2004-12-22,10752.3398,10822.6797,10739.1904,10815.8896,252910000
2004-12-23,10815.0000,10864.6699,10809.5303,10827.1201,193270000
2004-12-27,10828.0098,10868.0703,10776.1299,10776.1299,170140000
2004-12-28,10776.0596,10859.0400,10773.9199,10854.5400,169870000
2004-12-29,10853.7197,10853.7197,10795.5703,10829.1904,162830000
2004-12-30,10829.1201,10850.1797,10799.7100,10800.2998,146210000
2004-12-31,10800.2998,10832.5195,10781.0098,10783.0098,141140000
2005-01-03,10783.7500,10867.3896,10710.0703,10729.4297,270620000
2005-01-04,10727.8096,10769.5596,10605.1504,10630.7803,293280000
2005-01-05,10629.5303,10684.4297,10597.7500,10597.8301,263550000
2005-01-06,10593.1904,10667.5801,10589.3301,10622.8799,232850000
2005-01-07,10624.7998,10653.2500,10571.7402,10603.9600,283770000
2005-01-10,10603.4404,10663.7402,10582.3799,10621.0303,279500000
2005-01-11,10619.7695,10619.7695,10531.5400,10556.2197,292050000
2005-01-12,10561.3203,10622.8799,10499.4697,10617.7803,293140000
2005-01-13,10617.4102,10618.1504,10485.7305,10505.8301,271180000
2005-01-14,10506.7100,10567.0098,10503.7598,10558.0000,223070000
2005-01-18,10554.2305,10628.9404,10500.5801,10628.7900,267680000
2005-01-19,10626.0498,10626.2803,10536.4902,10539.9697,242250000
2005-01-20,10538.9004,10546.7695,10457.9404,10471.4697,242810000
2005-01-21,10471.9805,10512.1797,10390.8496,10392.9902,275680000
2005-01-24,10393.5801,10442.8701,10368.6104,10368.6104,259170000
2005-01-25,10369.4199,10509.8301,10369.4199,10461.5596,260720000
2005-01-26,10463.1904,10531.9902,10463.1904,10498.5898,247140000
2005-01-27,10498.1396,10498.1396,10429.9404,10467.4004,269690000
2005-01-28,10470.5801,10488.3896,10386.5596,10427.2002,358720000
2005-01-31,10428.7598,10510.1904,10428.7598,10489.9404,298060000
2005-02-01,10489.7197,10570.2598,10489.6396,10551.9404,283800000
2005-02-02,10551.0498,10616.3701,10544.4805,10596.7900,279860000
2005-02-03,10592.2100,10601.1504,10550.0898,10593.0996,229000000
2005-02-04,10593.1699,10723.8896,10586.8896,10716.1299,246270000
2005-02-07,10715.7598,10733.5000,10699.7305,10715.7598,218040000
2005-02-08,10712.5098,10744.5098,10695.9600,10724.6299,244710000
2005-02-09,10717.7598,10741.5498,10660.4199,10664.1104,310030000
2005-02-10,10665.0000,10763.9404,10664.3301,10749.6104,254150000
2005-02-11,10742.9199,10829.1904,10703.4297,10796.0098,263370000
2005-02-14,10795.7197,10802.2900,10773.1797,10791.1299,215370000
2005-02-15,10791.0596,10852.3896,10779.3096,10837.3203,241500000
2005-02-16,10832.0303,10853.4297,10794.1602,10834.8799,256940000
2005-02-17,10835.0303,10841.1602,10752.3398,10754.2598,257860000
2005-02-18,10755.1504,10792.0195,10730.3203,10785.2197,335660000
2005-02-22,10783.3799,10783.4502,10610.5400,10611.2002,340910000
2005-02-23,10609.2803,10700.6904,10608.9805,10673.7900,268490000
2005-02-24,10672.2402,10755.7402,10647.3398,10748.7900,257340000
2005-02-25,10748.4199,10845.5996,10735.7695,10841.5996,247140000
2005-02-28,10842.0498,10842.0498,10730.4697,10766.2305,288160000
2005-03-01,10769.0400,10849.1396,10769.0400,10830.0000,247210000
2005-03-02,10825.6797,10869.8301,10774.2900,10811.9697,235950000
2005-03-03,10812.2695,10869.1699,10767.1904,10833.0303,233480000
2005-03-04,10834.5098,10962.4199,10834.2900,10940.5498,240210000
2005-03-07,10940.5498,10984.4600,10931.4600,10936.8604,229120000
2005-03-08,10935.5996,10952.4502,10900.1299,10912.6201,205970000
2005-03-09,10912.3203,10923.1797,10802.0596,10805.6201,267970000
2005-03-10,10806.2803,10875.5195,10780.3496,10851.5098,224040000
2005-03-11,10845.2998,10872.3496,10758.5498,10774.3604,243050000
2005-03-14,10773.9199,10805.4697,10754.4102,10804.5098,237050000
2005-03-15,10804.2900,10838.6504,10745.0996,10745.0996,237710000
2005-03-16,10741.6299,10741.6299,10612.3799,10633.0703,278620000
2005-03-17,10633.2998,10658.6396,10598.3398,10626.3496,228160000
2005-03-18,10627.8301,10653.6904,10557.0400,10629.6699,531670000
2005-03-21,10629.9004,10630.4902,10534.0596,10565.3896,254560000
2005-03-22,10565.3896,10609.9502,10470.2803,10470.5098,308690000
2005-03-23,10470.5801,10497.4199,10430.5303,10456.0195,327490000
2005-03-24,10457.0596,10518.6299,10442.8701,10442.8701,238110000
2005-03-28,10444.1299,10533.5498,10439.9902,10485.6504,213820000
2005-03-29,10485.6504,10520.8398,10396.2402,10405.7002,301970000
2005-03-30,10405.7695,10544.1797,10404.8096,10540.9297,276060000
2005-03-31,10541.5898,10542.0400,10490.3799,10503.7598,259250000
2005-04-01,10504.5703,10568.9297,10381.0195,10404.2998,318810000
2005-04-04,10401.7100,10444.2803,10356.7100,10421.1396,293800000
2005-04-05,10421.1396,10476.4902,10419.4404,10458.4600,271690000
2005-04-06,10453.4502,10526.0000,10453.3799,10486.0195,237570000
2005-04-07,10485.8799,10557.1104,10476.7100,10546.3203,283340000
2005-04-08,10546.3203,10553.5596,10460.4600,10461.3398,201110000
2005-04-11,10462.0801,10482.1797,10438.4404,10448.5596,192720000
2005-04-12,10448.6299,10529.7695,10360.9199,10507.9697,267070000
2005-04-13,10507.4502,10521.0596,10379.7002,10403.9297,274850000
2005-04-14,10403.7100,10417.8896,10273.4297,10278.7500,303780000
2005-04-15,10276.6104,10278.5303,10076.5703,10087.5098,417360000
2005-04-18,10088.5400,10105.3896,10020.9297,10071.2500,301220000
2005-04-19,10071.5498,10156.5303,10071.5498,10127.4102,285960000
2005-04-20,10131.1797,10186.4502,10000.4600,10012.3604,323910000
2005-04-21,10010.5098,10218.5996,10010.5098,10218.5996,287550000
2005-04-22,10218.5996,10219.3398,10069.9199,10157.7100,273540000
2005-04-25,10158.5195,10260.2002,10158.5195,10242.4697,231210000
2005-04-26,10240.9902,10263.5996,10150.9902,10151.1299,255270000
2005-04-27,10150.3203,10219.5596,10079.4502,10198.7998,248390000
2005-04-28,10194.5801,10194.5801,10070.1396,10070.3701,279300000
2005-04-29,10070.3701,10196.3604,10048.1201,10192.5098,303790000
2005-05-02,10192.0000,10258.4297,10188.0703,10251.7002,239610000
2005-05-03,10251.0400,10304.5400,10208.0303,10256.9502,277710000
2005-05-04,10255.2500,10392.4697,10255.2500,10384.6396,275240000
2005-05-05,10384.4902,10405.7695,10296.4805,10340.3799,236460000
2005-05-06,10339.7100,10400.5996,10339.6396,10345.4004,230410000
2005-05-09,10345.4004,10384.8604,10320.1396,10384.3398,204600000
2005-05-10,10382.9404,10382.9404,10250.2305,10281.1104,234910000
2005-05-11,10272.9102,10311.1904,10184.9004,10300.2500,214890000
2005-05-12,10299.7402,10322.3496,10183.4297,10189.4805,249840000
2005-05-13,10188.2305,10234.3398,10075.5498,10140.1201,258410000
2005-05-16,10139.6104,10255.2500,10138.2803,10252.2900,217230000
2005-05-17,10247.4902,10336.9004,10213.1396,10331.8799,241110000
2005-05-18,10323.1904,10480.8496,10323.0400,10464.4502,299760000
2005-05-19,10464.4502,10494.7402,10435.3203,10493.1904,209180000
2005-05-20,10492.7500,10499.2598,10423.8799,10471.9102,232250000
2005-05-23,10472.7998,10560.8096,10466.0703,10523.5596,225290000
2005-05-24,10522.6797,10522.6797,10471.9102,10503.6797,204650000
2005-05-25,10503.1699,10503.1699,10426.3896,10457.7998,187990000
2005-05-26,10458.6797,10544.0996,10458.6104,10537.5996,194620000
2005-05-27,10537.0801,10552.0098,10517.6602,10542.5498,168060000
2005-05-31,10541.8896,10542.3301,10467.4805,10467.4805,240780000
2005-06-01,10462.8604,10586.3701,10457.9102,10549.8701,232630000
2005-06-02,10548.8301,10559.9297,10510.4102,10553.4902,187680000
2005-06-03,10552.8203,10553.1904,10448.4102,10460.9697,222230000
2005-06-06,10461.6396,10481.0000,10430.9697,10467.0303,170200000
2005-06-07,10466.0000,10578.8398,10465.9199,10483.0703,213990000
2005-06-08,10484.8398,10543.2900,10465.3203,10476.8604,195810000
2005-06-09,10477.7500,10526.3701,10443.3096,10503.0195,209810000
2005-06-10,10503.0195,10538.6396,10452.6201,10512.6299,217100000
2005-06-13,10503.5703,10589.1602,10474.3799,10522.5596,205630000
2005-06-14,10521.9502,10586.7002,10521.7900,10547.5703,192030000
2005-06-15,10548.6504,10589.9297,10495.3896,10566.3701,220840000
2005-06-16,10566.7598,10595.4502,10540.0596,10578.6504,217730000
2005-06-17,10580.4102,10656.2900,10579.4902,10623.0703,373400000
2005-06-20,10621.5400,10637.5703,10562.3799,10609.1104,173110000
2005-06-21,10608.8799,10630.3604,10580.8701,10599.6699,204330000
2005-06-22,10599.3604,10646.2402,10578.0400,10587.9297,198810000
2005-06-23,10587.0898,10589.0098,10419.5996,10421.4404,288030000
2005-06-24,10422.2803,10422.2803,10297.8398,10297.8398,343150000
2005-06-27,10298.0703,10332.1299,10253.4902,10290.7803,220510000
2005-06-28,10291.0098,10409.7002,10290.5498,10405.6299,215350000
2005-06-29,10405.9404,10433.7900,10363.2803,10374.4805,222550000
2005-06-30,10374.1797,10412.7900,10267.2197,10274.9697,301810000
2005-07-01,10273.5898,10343.7900,10273.5195,10303.4404,231380000
2005-07-05,10303.1299,10389.0596,10282.6504,10371.7998,235620000
2005-07-06,10366.5195,10380.4697,10267.6104,10270.6797,237210000
2005-07-07,10269.7598,10310.0400,10175.4004,10302.2900,275310000
2005-07-08,10302.9004,10462.2598,10300.4502,10449.1396,249260000
2005-07-11,10449.5996,10534.2197,10449.5996,10519.7197,225470000
2005-07-12,10519.4902,10544.0400,10483.2002,10513.8896,233390000
2005-07-13,10513.3604,10564.9102,10512.3604,10557.3896,216660000
2005-07-14,10559.8604,10657.6904,10559.8604,10628.8896,267790000
2005-07-15,10629.4404,10654.1201,10600.4805,10640.8301,239700000
2005-07-18,10640.1904,10640.1904,10574.9902,10574.9902,206290000
2005-07-19,10576.9004,10668.5195,10576.9004,10646.5596,318160000
2005-07-20,10629.5195,10691.2998,10581.1201,10689.1504,312420000
2005-07-21,10690.0303,10700.0596,10608.4297,10627.7695,281750000
2005-07-22,10624.1904,10658.5801,10588.0498,10651.1797,231480000
2005-07-25,10651.6602,10686.5303,10591.5498,10596.4805,190250000
2005-07-26,10597.5996,10626.0000,10572.9199,10579.7695,220390000
2005-07-27,10579.4502,10645.9199,10577.3799,10637.0898,213220000
2005-07-28,10633.5000,10710.4805,10629.6797,10705.5498,220170000
2005-07-29,10705.1602,10717.7305,10640.9102,10640.9102,215280000
2005-08-01,10641.7803,10672.3604,10610.8896,10623.1504,192790000
2005-08-02,10623.7900,10699.1904,10623.4697,10683.7402,241690000
2005-08-03,10681.5098,10698.0703,10638.4805,10697.5898,237650000
2005-08-04,10696.7998,10696.8799,10606.6699,10610.0996,230600000
2005-08-05,10610.3398,10610.8096,10554.4502,10558.0303,218240000
2005-08-08,10557.2402,10606.0400,10524.9102,10536.9297,185880000
2005-08-09,10537.6504,10639.0801,10537.6504,10615.6699,207460000
2005-08-10,10606.5195,10719.4102,10570.0498,10594.4102,258420000
2005-08-11,10591.8301,10685.8896,10588.5195,10685.8896,234250000
2005-08-12,10682.7002,10682.7803,10568.2998,10600.3096,218890000
2005-08-15,10599.1904,10655.0801,10557.8701,10634.3799,173340000
2005-08-16,10631.5898,10640.2695,10510.3398,10513.4502,232520000
2005-08-17,10505.5996,10588.9297,10503.3701,10550.7100,235040000
2005-08-18,10549.7500,10592.9004,10517.4297,10554.9297,213900000
2005-08-19,10552.7002,10626.2598,10552.7002,10559.2305,219830000
2005-08-22,10559.2305,10641.1504,10523.9600,10569.8896,215570000
2005-08-23,10571.0098,10577.4600,10496.7305,10519.5801,210670000
2005-08-24,10519.3398,10559.0000,10432.0801,10434.8701,256640000
2005-08-25,10434.3896,10465.3604,10428.3398,10450.6299,188100000
2005-08-26,10450.9502,10450.9502,10383.9805,10397.2900,192100000
2005-08-29,10396.9004,10487.5000,10349.3701,10463.0498,202970000
2005-08-30,10461.5400,10461.5400,10350.0000,10412.8203,234650000
2005-08-31,10409.0801,10484.7900,10356.8701,10481.5996,281200000
2005-09-01,10481.4404,10513.7598,10425.7998,10459.6299,278990000
2005-09-02,10460.6699,10497.4502,10434.7100,10447.3701,204490000
2005-09-06,10447.6904,10593.0596,10447.6904,10589.2402,233670000
2005-09-07,10588.6797,10640.4297,10573.9502,10633.5000,226790000
2005-09-08,10633.1104,10636.4902,10569.3398,10595.9297,222990000
2005-09-09,10594.0996,10695.9199,10593.9404,10678.5596,247140000
2005-09-12,10678.4102,10701.8096,10664.0898,10682.9404,201190000
2005-09-13,10673.7100,10674.0303,10595.2900,10597.4404,222620000
2005-09-14,10597.5195,10633.1904,10536.6201,10544.9004,225350000
2005-09-15,10545.8496,10582.0703,10520.9297,10558.7500,225350000
2005-09-16,10560.5000,10647.3604,10560.4199,10641.9404,546940000
2005-09-19,10641.8701,10644.5703,10521.1797,10557.6299,233530000
2005-09-20,10558.1904,10604.7598,10467.1104,10481.5195,244560000
2005-09-21,10484.2305,10484.5498,10375.2402,10378.0303,266650000
2005-09-22,10376.2002,10444.5098,10350.9600,10422.0498,254260000
2005-09-23,10422.0498,10455.8096,10372.0596,10419.5898,238590000
2005-09-26,10420.2197,10509.2305,10410.1104,10443.6299,234320000
2005-09-27,10444.5801,10496.2500,10415.6201,10456.2100,224960000
2005-09-28,10456.6104,10512.0996,10423.9805,10473.0898,238740000
2005-09-29,10472.6104,10563.3701,10418.0098,10552.7803,236020000
2005-09-30,10552.7002,10569.8096,10526.1201,10568.7002,222160000
2005-10-03,10569.5000,10608.5596,10523.6299,10535.4805,239190000
2005-10-04,10534.3604,10567.8203,10434.7900,10441.1104,301840000
2005-10-05,10434.8096,10438.4697,10316.1602,10317.3604,266720000
2005-10-06,10317.3604,10369.5498,10218.0898,10287.0996,316440000
2005-10-07,10287.4199,10347.2998,10280.6201,10292.3096,237340000
2005-10-10,10292.9502,10323.1201,10237.7998,10238.7598,236540000
2005-10-11,10239.1602,10312.8799,10234.2002,10253.1699,261000000
2005-10-12,10253.8096,10308.8799,10186.0898,10216.9102,293420000
2005-10-13,10216.9102,10241.3203,10156.4600,10216.5898,270400000
2005-10-14,10216.5898,10291.9102,10200.0996,10287.3398,238950000
2005-10-17,10287.4199,10350.9902,10269.8096,10348.0996,242880000
2005-10-18,10349.1396,10361.4697,10285.2598,10285.2598,297590000
2005-10-19,10277.1797,10414.1299,10232.9805,10414.1299,316880000
2005-10-20,10411.7305,10432.7803,10252.1299,10281.0996,334850000
2005-10-21,10282.2197,10350.9805,10193.4502,10215.2197,357930000
2005-10-24,10216.1104,10387.0000,10216.1104,10385.0000,263690000
2005-10-25,10383.8799,10411.6504,10316.8799,10377.8701,246960000
2005-10-26,10377.3896,10434.4697,10336.8203,10344.9805,266810000
2005-10-27,10344.7402,10349.2197,10229.9502,10229.9502,236490000
2005-10-28,10231.1504,10404.7002,10231.1504,10402.7695,283060000
2005-10-31,10403.1699,10486.6504,10403.1699,10440.0703,320080000
2005-11-01,10440.0703,10455.2803,10406.0400,10406.7695,294480000
2005-11-02,10406.2900,10493.5400,10388.7598,10472.7305,279710000
2005-11-03,10470.4902,10561.1602,10470.4902,10522.5898,320900000
2005-11-04,10523.2305,10552.3799,10479.3896,10530.7598,230870000
2005-11-07,10531.2402,10593.3496,10520.4297,10586.2305,241260000
2005-11-08,10574.1797,10574.2197,10524.2803,10539.7197,201770000
2005-11-09,10539.2402,10601.9199,10519.5498,10546.2100,244430000
2005-11-10,10541.1602,10655.5303,10519.3896,10640.0996,293350000
2005-11-11,10640.0996,10696.4502,10637.4297,10686.0400,195880000
2005-11-14,10686.5996,10710.0596,10674.2803,10697.1699,211290000
2005-11-15,10697.1699,10741.9902,10664.2695,10686.4404,267560000
2005-11-16,10683.0303,10712.2197,10652.2695,10674.7598,286000000
2005-11-17,10677.0000,10727.6699,10665.5498,10720.2197,274320000
2005-11-18,10719.3398,10796.2598,10697.2500,10766.3301,351030000
2005-11-21,10766.3301,10835.3301,10761.0498,10820.2803,250280000
2005-11-22,10815.9600,10877.4297,10787.2197,10871.4297,311190000
2005-11-23,10871.4297,10950.7500,10855.3398,10916.0898,236740000
2005-11-25,10916.0898,10955.4805,10914.4902,10931.6201,122460000
2005-11-28,10932.7402,10951.9297,10881.6299,10890.7197,259360000
2005-11-29,10888.4805,10959.7900,10888.0703,10888.1602,255250000
2005-11-30,10883.9102,10924.8203,10803.8701,10805.8701,257650000
2005-12-01,10806.0303,10934.9004,10806.0303,10912.5703,256980000
2005-12-02,10912.0098,10921.3701,10861.6602,10877.5098,214900000
2005-12-05,10876.9502,10876.9502,10810.6699,10835.0098,237340000
2005-12-06,10835.4102,10936.2002,10835.4102,10856.8604,264630000
2005-12-07,10856.8604,10868.0596,10764.0098,10810.9102,243490000
2005-12-08,10808.4297,10847.2500,10729.6699,10755.1201,253290000
2005-12-09,10751.7598,10805.9502,10729.9102,10778.5801,238930000
2005-12-12,10778.6602,10811.7100,10735.1104,10767.7695,254130000
2005-12-13,10765.6904,10871.5098,10751.3604,10823.7197,329050000
2005-12-14,10821.3203,10919.7695,10820.3203,10883.5098,336440000
2005-12-15,10883.4297,10938.7402,10865.4199,10881.6699,297560000
2005-12-16,10881.6699,10940.3398,10869.2695,10875.5898,419040000
2005-12-19,10875.5098,10922.4102,10825.6396,10836.5303,331170000
2005-12-20,10836.9297,10860.1396,10789.6201,10805.5498,254440000
2005-12-21,10805.6299,10900.8896,10805.6299,10833.7305,257850000
2005-12-22,10831.5596,10891.0400,10829.1602,10889.4404,229500000
2005-12-23,10883.2695,10904.7998,10869.8301,10883.2695,126720000
2005-12-27,10883.7500,10932.8203,10776.4902,10777.7695,174190000
2005-12-28,10778.2500,10825.1602,10778.2500,10796.2598,153230000
2005-12-29,10795.7002,10825.2402,10779.2197,10784.8203,160010000
2005-12-30,10783.8604,10783.8604,10709.4199,10717.5000,191020000
2006-01-03,10718.2998,10862.7803,10684.4502,10847.4102,302950000
2006-01-04,10843.9697,10892.6396,10833.9004,10880.1504,271490000
2006-01-05,10880.3896,10908.2500,10843.6504,10882.1504,250910000
2006-01-06,10875.4502,10968.8398,10875.4502,10959.3096,291740000
2006-01-09,10959.4697,11020.1504,10944.4297,11011.9004,248240000
2006-01-10,11010.4600,11013.9805,10949.8701,11011.5801,264270000
2006-01-11,11011.6602,11047.7598,10991.9697,11043.4404,266260000
2006-01-12,11043.4404,11045.8398,10951.2305,10962.3604,296400000
2006-01-13,10961.4805,10992.6904,10921.5303,10959.8701,209940000
2006-01-17,10957.8701,10957.8701,10875.5996,10896.3203,251470000
2006-01-18,10890.0801,10890.0801,10817.3203,10854.8604,361540000
2006-01-19,10855.1797,10915.9502,10852.1299,10880.7100,370960000
2006-01-20,10880.7100,10880.7100,10661.1504,10667.3896,519090000
2006-01-23,10668.7500,10737.0400,10666.3496,10688.7695,366090000
2006-01-24,10690.2100,10750.3096,10686.0400,10712.2197,375980000
2006-01-25,10713.2598,10760.5703,10672.5996,10709.7402,412460000
2006-01-26,10711.0195,10827.9600,10710.9404,10809.4697,400550000
2006-01-27,10815.3203,10932.3398,10804.7500,10907.2100,398810000
2006-01-30,10908.4902,10930.5000,10887.4404,10899.9199,323690000
2006-01-31,10900.4004,10923.4502,10862.1396,10864.8604,369370000
2006-02-01,10862.1396,10967.5703,10852.8203,10953.9502,333580000
2006-02-02,10950.1104,10950.1104,10827.1602,10851.9805,314190000
2006-02-03,10849.5703,10863.5801,10779.0596,10793.6201,346600000
2006-02-06,10793.2998,10814.5098,10770.9697,10798.2695,263190000
2006-02-07,10796.4199,10822.7598,10737.6699,10749.7598,351880000
2006-02-08,10742.1602,10865.4199,10740.6299,10858.6201,330080000
2006-02-09,10859.4199,10952.2695,10855.7402,10883.3496,314190000
2006-02-10,10883.5098,10944.9902,10820.2002,10919.0498,303570000
2006-02-13,10915.2100,10939.8604,10849.8896,10892.3203,244330000
2006-02-14,10890.7197,11047.6797,10890.7197,11028.3896,307060000
2006-02-15,11025.6699,11068.7402,10989.7197,11058.9697,298850000
2006-02-16,11059.0498,11120.7598,11046.4004,11120.6797,302980000
2006-02-17,11119.5596,11131.9502,11077.7002,11115.3203,329160000
2006-02-21,11115.4805,11140.7695,11050.8096,11069.0596,270410000
2006-02-22,11065.2900,11159.1797,11060.3301,11137.1699,337280000
2006-02-23,11133.5195,11135.8896,11052.7305,11069.2197,270410000
2006-02-24,11065.7695,11085.5400,11010.2197,11061.8496,247270000
2006-02-27,11062.8096,11132.6104,11061.7305,11097.5498,268610000
2006-02-28,11096.7500,11100.1904,10978.6104,10993.4102,325450000
2006-03-01,10993.2500,11069.3799,10991.9697,11053.5303,270620000
2006-03-02,11052.5703,11052.5703,10986.0498,11025.5098,274280000
2006-03-03,11024.2305,11106.6797,10984.6104,11021.5898,365750000
2006-03-06,11022.4697,11037.1201,10929.2197,10958.5898,292510000
2006-03-07,10957.3096,10989.0098,10928.7402,10980.6904,284770000
2006-03-08,10977.0801,11026.7100,10922.7305,11005.7402,276610000
2006-03-09,11005.6602,11049.1201,10963.8799,10972.2803,266390000
2006-03-10,10972.9199,11098.9902,10972.9199,11076.3398,257440000
2006-03-13,11067.6104,11116.6797,11056.3301,11076.0195,251020000
2006-03-14,11076.0195,11161.3496,11058.6504,11151.3398,251560000
2006-03-15,11149.7598,11226.7402,11138.9297,11209.7695,274740000
2006-03-16,11210.9697,11282.4502,11210.5703,11253.2402,306150000
2006-03-17,11254.1201,11290.0703,11254.1201,11279.6504,480830000
2006-03-20,11278.9297,11308.3896,11259.7998,11274.5303,247410000
2006-03-21,11275.8896,11334.9600,11221.5400,11235.4697,331800000
2006-03-22,11234.5098,11328.7998,11226.4199,11317.4297,342980000
2006-03-23,11317.3496,11327.2002,11237.1504,11270.2900,292420000
2006-03-24,11270.6104,11316.0898,11244.0303,11279.9697,240800000
2006-03-27,11280.1299,11280.4502,11229.8604,11250.1104,226240000
2006-03-28,11250.1104,11281.7695,11145.0195,11154.5400,272490000
2006-03-29,11154.9404,11244.3496,11154.9404,11215.7002,279470000
2006-03-30,11216.3398,11259.1602,11117.6396,11150.7002,276900000
2006-03-31,11151.3398,11191.3604,11105.6504,11109.3203,317000000
2006-04-03,11113.0000,11247.8701,11113.0000,11144.9404,278440000
2006-04-04,11142.5400,11226.9805,11123.5703,11203.8496,246950000
2006-04-05,11203.2100,11250.9902,11169.3496,11239.5498,250190000
2006-04-06,11233.0098,11246.9102,11167.0303,11216.5000,240370000
2006-04-07,11217.1396,11269.2998,11108.0195,11120.0400,256290000
2006-04-10,11119.8799,11185.5400,11117.0801,11141.3301,207380000
2006-04-11,11141.3301,11186.6396,11053.1699,11089.6299,266080000
2006-04-12,11089.4697,11144.1396,11087.4697,11129.9697,212590000
2006-04-13,11130.1299,11178.4004,11105.7998,11137.6504,230870000
2006-04-17,11137.3301,11159.9902,11039.1201,11073.7803,239730000
2006-04-18,11074.5801,11280.4502,11074.5801,11268.7695,309660000
2006-04-19,11265.4004,11302.9502,11236.1904,11278.7695,292280000
2006-04-20,11278.5303,11384.1104,11275.0498,11342.8896,336420000
2006-04-21,11343.4502,11405.8799,11316.7900,11347.4502,325090000
2006-04-24,11346.8096,11359.7002,11305.8301,11336.3203,232000000
2006-04-25,11336.5596,11355.3701,11260.8398,11283.2500,289230000
2006-04-26,11283.2500,11379.8701,11282.7695,11354.4902,270270000
2006-04-27,11349.5303,11416.9297,11275.2998,11382.5098,361740000
2006-04-28,11358.3301,11417.6602,11347.2100,11367.1396,738440000
2006-05-01,11367.7803,11428.3701,11329.4404,11343.2900,365970000
2006-05-02,11345.2100,11427.6504,11345.1299,11416.4502,335420000
2006-05-03,11414.6904,11424.9297,11362.4199,11400.2803,380540000
2006-05-04,11401.7998,11463.1104,11401.7998,11438.8604,333940000
2006-05-05,11440.6201,11586.3799,11440.6201,11577.7402,338910000
2006-05-08,11576.3701,11603.5898,11561.9697,11584.5400,309920000
2006-05-09,11584.6201,11640.7305,11572.0498,11639.7695,263250000
2006-05-10,11630.4805,11670.1904,11595.1797,11642.6504,284530000
2006-05-11,11639.2900,11639.4502,11479.4404,11500.7305,322510000
2006-05-12,11500.0098,11500.0098,11374.7402,11380.9902,321240000
2006-05-15,11380.4297,11435.3398,11333.0400,11428.7695,300550000
2006-05-16,11428.2100,11460.5498,11392.6699,11419.8896,307170000
2006-05-17,11410.1299,11410.1299,11174.3799,11205.6104,399460000
2006-05-18,11206.1699,11247.3896,11127.0898,11128.2900,338300000
2006-05-19,11124.3701,11180.2900,11075.2197,11144.0596,485500000
2006-05-22,11143.4199,11175.3496,11040.0703,11125.3301,340590000
2006-05-23,11126.2900,11202.6504,11097.3096,11098.3496,315860000
2006-05-24,11100.1104,11168.2402,11030.4697,11117.3203,466330000
2006-05-25,11114.9600,11214.9805,11114.9600,11211.0498,295350000
2006-05-26,11211.6904,11283.4902,11211.5400,11278.6104,240330000
2006-05-30,11277.2500,11278.1299,11094.3496,11094.4297,261260000
2006-05-31,11091.1504,11183.0400,11085.3799,11168.3096,353660000
2006-06-01,11169.0303,11270.2100,11150.0703,11260.2803,295150000
2006-06-02,11260.5195,11285.8203,11191.5303,11247.8701,268640000
2006-06-05,11247.5498,11248.7900,11040.2402,11048.7197,254990000
2006-06-06,11048.2402,11094.2598,10926.4199,11002.1396,385870000
2006-06-07,11002.0596,11077.3799,10928.3398,10930.9004,333490000
2006-06-08,10929.7002,10964.6797,10757.5498,10938.8203,442150000
2006-06-09,10939.1396,10976.2002,10871.5898,10891.9199,272930000
2006-06-12,10892.0000,10927.1201,10790.2598,10792.5801,272490000
2006-06-13,10783.1396,10862.2998,10700.9297,10706.1396,399220000
2006-06-14,10706.7803,10817.0000,10698.8496,10816.9199,355620000
2006-06-15,10817.4805,11036.4805,10817.4805,11015.1904,358870000
2006-06-16,11014.3799,11045.2002,10984.1299,11014.5498,451930000
2006-06-19,11014.8701,11057.6104,10907.2900,10942.1104,377040000
2006-06-20,10942.0303,11029.8301,10938.4199,10974.8398,274060000
2006-06-21,10975.2402,11131.7305,10971.7197,11079.4600,309290000
2006-06-22,11077.7803,11077.7803,10986.1396,11019.1104,250460000
2006-06-23,11019.1904,11074.2598,10973.4004,10989.0898,221940000
2006-06-26,10990.2900,11048.7197,10973.7197,11045.2803,202770000
2006-06-27,11048.2402,11064.0898,10920.7305,10924.7402,269010000
2006-06-28,10925.2998,10981.2500,10902.4805,10973.5596,260240000
2006-06-29,10974.3604,11195.5400,10974.3604,11190.7998,337830000
2006-06-30,11190.7998,11235.6299,11150.0596,11150.2197,365670000
2006-07-03,11149.3398,11231.2998,11149.3398,11228.0195,134790000
2006-07-05,11225.0596,11225.0596,11123.3203,11151.8203,248320000
2006-07-06,11147.1201,11257.0801,11147.1201,11225.2998,224520000
2006-07-07,11224.1797,11224.1797,11066.0098,11090.6699,253730000
2006-07-10,11091.7100,11174.4697,11090.0400,11103.5498,207740000
2006-07-11,11102.5898,11151.1797,11027.9902,11134.7695,298130000
2006-07-12,11133.9697,11149.9600,10995.9697,11013.1797,266320000
2006-07-13,11012.6201,11012.6201,10832.9297,10846.2900,328780000
2006-07-14,10846.5303,10848.3701,10701.3398,10739.3496,312080000
2006-07-17,10739.3496,10802.6699,10714.7100,10747.3604,251640000
2006-07-18,10745.8398,10813.7900,10683.3203,10799.2305,288860000
2006-07-19,10797.3896,11038.4805,10797.3896,11011.4199,343400000
2006-07-20,11007.2598,11037.2803,10924.9805,10928.0996,336300000
2006-07-21,10937.9404,10951.7695,10838.8496,10868.3799,433240000
2006-07-24,10868.7002,11065.9502,10868.6201,11051.0498,269370000
2006-07-25,11051.0498,11133.8096,10999.9004,11103.7100,281840000
2006-07-26,11102.9102,11157.8203,11048.1602,11102.5098,287170000
2006-07-27,11104.1904,11187.7598,11087.5498,11100.4297,286530000
2006-07-28,11102.1104,11243.3096,11102.0303,11219.7002,269730000
2006-07-31,11218.9004,11219.0596,11178.3203,11185.6797,226190000
2006-08-01,11184.7998,11185.2803,11083.8604,11125.7305,199150000
2006-08-02,11125.5703,11229.4600,11125.2500,11199.9297,229410000
2006-08-03,11195.2803,11269.4902,11144.4600,11242.5898,211890000
2006-08-04,11244.5898,11344.1699,11187.3604,11240.3496,210410000
2006-08-07,11239.4697,11245.9502,11190.5596,11219.3799,169710000
2006-08-08,11218.1797,11276.2900,11141.8203,11173.5898,261520000
2006-08-09,11168.4697,11250.8398,11068.5703,11076.1797,231270000
2006-08-10,11073.1396,11143.9805,11044.7197,11124.3701,211270000
2006-08-11,11121.1602,11121.1602,11042.6396,11088.0303,166870000
2006-08-14,11089.0703,11202.7305,11079.7803,11097.8701,205830000
2006-08-15,11098.0303,11234.2695,11098.0303,11230.2598,208750000
2006-08-16,11224.9102,11340.7998,11224.9102,11327.1201,219190000
2006-08-17,11327.3604,11372.4199,11298.3799,11334.9600,243000000
2006-08-18,11333.7598,11381.4697,11317.6699,11381.4697,282660000
2006-08-21,11380.6699,11380.9902,11321.9902,11345.0498,196220000
2006-08-22,11344.4102,11383.7100,11303.3398,11339.8398,213690000
2006-08-23,11337.1201,11370.8203,11264.0400,11297.9004,170410000
2006-08-24,11297.8203,11334.7197,11273.8896,11304.4600,170710000
2006-08-25,11301.2197,11317.4297,11260.2803,11284.0498,150200000
2006-08-28,11285.3301,11387.7900,11273.4902,11352.0098,180810000
2006-08-29,11352.6504,11379.5498,11299.5801,11369.9404,198620000
2006-08-30,11365.9805,11407.0801,11355.6904,11382.9102,180100000
2006-08-31,11383.4697,11405.3203,11369.7803,11381.1504,156960000
2006-09-01,11382.7500,11476.4805,11382.7500,11464.1504,168010000
2006-09-05,11461.8301,11488.1699,11438.0596,11469.2803,184960000
2006-09-06,11466.2305,11466.2305,11395.1504,11406.2002,190990000
2006-09-07,11405.1602,11405.2402,11323.8398,11331.4404,213670000
2006-09-08,11332.2402,11402.8398,11331.0400,11392.1104,161650000
2006-09-11,11389.8701,11421.2500,11342.1699,11396.8398,216000000
2006-09-12,11396.8398,11512.9805,11395.7100,11498.0898,237300000
2006-09-13,11487.6904,11567.2500,11476.1602,11543.3203,214190000
2006-09-14,11543.4004,11549.0801,11495.3701,11527.3896,203780000
2006-09-15,11528.7500,11613.5098,11528.7500,11560.7695,365450000
2006-09-18,11559.9697,11588.3799,11528.1104,11555.0000,192680000
2006-09-19,11554.5996,11562.0498,11480.5596,11540.9102,178880000
2006-09-20,11542.2803,11628.8799,11542.2002,11613.1904,226390000
2006-09-21,11611.6699,11630.5596,11501.7695,11533.2305,241370000
2006-09-22,11532.9102,11533.0703,11474.5596,11508.0996,198480000
2006-09-25,11509.2998,11616.4805,11486.0000,11575.8096,267990000
2006-09-26,11575.7305,11670.2695,11567.6504,11669.3896,283670000
2006-09-27,11670.1904,11720.7695,11659.6201,11689.2402,296890000
2006-09-28,11689.4004,11728.4600,11660.4199,11718.4502,236500000
2006-09-29,11718.0498,11741.9902,11677.7900,11679.0703,216040000
2006-10-02,11678.9902,11726.9404,11658.6602,11670.3496,198010000
2006-10-03,11670.1104,11758.9502,11653.0596,11727.3398,230570000
2006-10-04,11722.9404,11851.2500,11707.4902,11850.6104,281860000
2006-10-05,11844.3799,11870.0596,11821.2305,11866.6904,253550000
2006-10-06,11865.4902,11865.5703,11800.5000,11850.2100,242980000
2006-10-09,11849.5596,11872.9404,11813.2197,11857.8096,177940000
2006-10-10,11857.7305,11877.9004,11829.7100,11867.1699,227210000
2006-10-11,11865.4902,11875.9805,11794.1699,11852.1299,256040000
2006-10-12,11854.1299,11959.6299,11854.0498,11947.7002,291010000
2006-10-13,11947.2197,11960.5098,11908.7998,11960.5098,295100000
2006-10-16,11961.3096,11997.2500,11945.5400,11980.5996,271740000
2006-10-17,11977.4004,11979.0801,11887.1904,11950.0195,238130000
2006-10-18,11947.6201,12049.5098,11947.6201,11992.6797,344650000
2006-10-19,11988.9199,12027.7402,11966.9102,12011.7305,260150000
2006-10-20,12013.0098,12048.8701,11941.9404,12002.3701,313840000
2006-10-23,12116.5098,12125.1602,11971.7900,12116.9102,288780000
2006-10-24,12116.5098,12133.7998,12079.0498,12127.8799,257650000
2006-10-25,12127.2402,12147.9697,12081.7695,12134.6797,238470000
2006-10-26,12134.8398,12167.0195,12096.0996,12163.6602,237150000
2006-10-27,12164.7803,12164.8604,12073.5303,12090.2598,277340000
2006-10-30,12089.1396,12117.2305,12049.9199,12086.5000,206240000
2006-10-31,12086.1797,12113.3896,12025.3398,12080.7305,277410000
2006-11-01,12080.2500,12123.9600,12007.1699,12031.0195,245720000
2006-11-02,12023.9805,12032.5498,11979.0000,12018.5400,222140000
2006-11-03,12018.2998,12061.5195,11965.3096,11986.0400,197740000
2006-11-06,11985.1602,12117.7100,11984.7598,12105.5498,211250000
2006-11-07,12104.7500,12196.3203,12101.0596,12156.7695,222400000
2006-11-08,12147.3799,12193.7500,12102.9004,12176.5400,252650000
2006-11-09,12174.7002,12187.0303,12090.0996,12103.2998,275340000
2006-11-10,12102.7402,12127.0801,12074.0098,12108.4297,204440000
2006-11-13,12097.7002,12164.7002,12084.8096,12131.8799,194050000
2006-11-14,12132.4404,12228.0098,12084.9697,12218.0098,255300000
2006-11-15,12214.3701,12291.7305,12205.7598,12251.7100,258840000
2006-11-16,12250.0498,12325.9102,12250.0498,12305.8203,223350000
2006-11-17,12304.6201,12342.5596,12277.4004,12342.5596,285110000
2006-11-20,12340.7100,12355.2305,12302.5195,12316.5400,228960000
2006-11-21,12312.1299,12339.8496,12296.0303,12321.5898,216660000
2006-11-22,12321.9102,12361.0000,12302.7598,12326.9502,177740000
2006-11-24,12321.7100,12324.1104,12258.8604,12280.1699,77630000
2006-11-27,12279.1299,12279.5303,12110.8096,12121.7100,236740000
2006-11-28,12118.9404,12149.1904,12072.5996,12136.4502,222630000
2006-11-29,12134.4004,12240.6699,12134.4004,12226.7305,219270000
2006-11-30,12226.7305,12275.1201,12162.4805,12221.9297,294890000
2006-12-01,12220.9697,12248.0400,12089.9805,12194.1299,275410000
2006-12-04,12195.5703,12309.9697,12195.5703,12283.8496,270630000
2006-12-05,12283.6904,12335.3701,12276.0801,12331.5996,233170000
2006-12-06,12328.7197,12335.4502,12294.8301,12309.2500,220840000
2006-12-07,12310.1299,12360.7598,12264.4697,12278.4102,251340000
2006-12-08,12278.4102,12332.8799,12243.0801,12307.4902,240800000
2006-12-11,12306.2100,12354.5898,12297.6299,12328.4805,213850000
2006-12-12,12328.2402,12333.9199,12252.0498,12315.5801,248140000
2006-12-13,12312.7100,12368.6104,12301.5596,12317.5000,213520000
2006-12-14,12317.5000,12431.2598,12307.0098,12416.7598,253900000
2006-12-15,12417.9600,12486.2998,12417.8799,12445.5195,417750000
2006-12-18,12446.2402,12490.7002,12428.9404,12441.2695,237310000
2006-12-19,12439.5098,12491.9102,12397.6104,12471.3203,233450000
2006-12-20,12471.3203,12498.4697,12456.5801,12463.8701,193300000
2006-12-21,12461.6201,12483.7305,12396.0098,12421.2500,192090000
2006-12-22,12413.0801,12420.2100,12341.7002,12343.2197,143650000
2006-12-26,12341.9404,12418.2002,12337.0498,12407.6299,110210000
2006-12-27,12408.4297,12519.2197,12407.7900,12510.5703,143650000
2006-12-28,12510.5703,12529.8799,12478.1299,12501.5195,126740000
2006-12-29,12500.4805,12526.0303,12451.1299,12463.1504,161560000
2007-01-03,12459.5400,12580.3496,12404.8203,12474.5195,327200000
2007-01-04,12473.1602,12510.4102,12403.8604,12480.6904,259060000
2007-01-05,12480.0498,12480.1299,12365.4102,12398.0098,235220000
2007-01-08,12392.0098,12445.9199,12337.3701,12423.4902,223500000
2007-01-09,12424.7695,12466.4297,12369.1699,12416.5996,225190000
2007-01-10,12417.0000,12451.6104,12355.6299,12442.1602,226570000
2007-01-11,12442.9600,12544.4600,12442.9600,12514.9805,261720000
2007-01-12,12514.6602,12561.0400,12489.6602,12556.0801,256530000
2007-01-16,12555.8398,12585.0801,12538.9297,12582.5898,242720000
2007-01-17,12571.4600,12614.0000,12550.5498,12577.1504,272720000
2007-01-18,12575.0596,12611.9102,12547.3398,12567.9297,250690000
2007-01-19,12567.9297,12586.8398,12523.5498,12565.5303,287480000
2007-01-22,12565.5303,12572.5801,12450.8896,12477.1602,293400000
2007-01-23,12477.8096,12554.2305,12468.3496,12533.7998,236760000
2007-01-24,12534.3701,12623.4502,12531.0801,12621.7695,216920000
2007-01-25,12621.7695,12622.6504,12487.3398,12502.5596,275780000
2007-01-26,12503.2803,12539.0898,12431.3398,12487.0195,247020000
2007-01-29,12487.0996,12542.7002,12481.4902,12490.7803,234510000
2007-01-30,12492.2305,12538.4502,12459.4600,12523.3096,244040000
2007-01-31,12520.0303,12657.0195,12505.2002,12621.6904,258410000
2007-02-01,12617.2002,12682.5703,12616.0801,12673.6797,235130000
2007-02-02,12673.8398,12683.9297,12638.3496,12653.4902,203610000
2007-02-05,12653.4102,12681.2100,12629.8604,12661.7402,204140000
2007-02-06,12661.6602,12680.5703,12633.9404,12666.3096,201010000
2007-02-07,12656.8604,12700.2803,12630.5000,12666.8701,194020000
2007-02-08,12665.6699,12665.8301,12575.8604,12637.6299,193820000
2007-02-09,12638.0303,12675.6797,12545.0996,12580.8301,220330000
2007-02-12,12580.1104,12607.5098,12536.2100,12552.5498,174980000
2007-02-13,12549.1904,12658.2197,12549.1904,12654.8496,204940000
2007-02-14,12651.2900,12759.4004,12651.2100,12741.8604,210880000
2007-02-15,12741.7002,12779.0303,12728.7197,12765.0098,183280000
2007-02-16,12764.1299,12769.1699,12744.0195,12767.5703,243560000
2007-02-20,12766.8496,12795.9297,12704.6797,12786.6396,205760000
2007-02-21,12782.8701,12782.8701,12707.1699,12738.4102,213470000
2007-02-22,12735.7695,12763.7305,12650.6104,12686.0195,206860000
2007-02-23,12679.8896,12682.1299,12628.0195,12647.4805,215430000
2007-02-26,12647.8799,12697.2305,12608.4697,12632.2598,230080000
2007-02-27,12628.9004,12629.3799,12086.0596,12216.2402,393300000
2007-02-28,12214.9199,12353.4697,12186.0400,12268.6299,412820000
2007-03-01,12268.6299,12289.2197,12059.5400,12234.3398,372010000
2007-03-02,12233.7803,12247.4004,12107.3701,12114.0996,315180000
2007-03-05,12111.6104,12188.8398,12039.1104,12050.4102,278770000
2007-03-06,12051.1699,12224.4102,12050.6104,12207.5898,278810000
2007-03-07,12204.4600,12256.9404,12178.9902,12192.4502,263540000
2007-03-08,12193.3301,12303.6396,12193.3301,12260.7002,241070000
2007-03-09,12262.0596,12330.8799,12228.5000,12276.3203,211040000
2007-03-12,12275.6797,12349.9502,12246.5195,12318.6201,219580000
2007-03-13,12307.4902,12307.5703,12071.4805,12075.9600,312340000
2007-03-14,12074.5195,12142.9404,11939.6104,12133.4004,333450000
2007-03-15,12133.1602,12188.1201,12105.9199,12159.6797,232600000
2007-03-16,12159.6797,12190.3604,12082.1299,12110.4102,388660000
2007-03-19,12110.4102,12234.6699,12110.4102,12226.1699,208480000
2007-03-20,12226.8096,12294.0303,12213.1104,12288.0996,196620000
2007-03-21,12288.9805,12480.4502,12263.5098,12447.5195,246000000
2007-03-22,12446.7197,12476.2803,12408.5098,12461.1396,232700000
2007-03-23,12460.5000,12511.0498,12448.6504,12481.0098,206410000
2007-03-26,12480.3701,12486.7803,12367.1699,12469.0703,219960000
2007-03-27,12468.6699,12468.6699,12377.2695,12397.2900,209340000
2007-03-28,12396.4902,12396.4902,12257.4199,12300.3604,224830000
2007-03-29,12301.4805,12381.9102,12267.5898,12348.7500,208160000
2007-03-30,12348.9102,12416.6797,12242.5996,12354.3496,233630000
2007-04-02,12354.5195,12394.9805,12324.2803,12382.2998,209420000
2007-04-03,12379.0498,12534.2695,12379.0498,12510.2998,220470000
2007-04-04,12511.3604,12541.5098,12495.7500,12530.0498,210130000
2007-04-05,12523.2197,12572.4697,12500.3896,12560.2002,164930000
2007-04-09,12562.6396,12593.5996,12555.3203,12569.1396,191590000
2007-04-10,12568.4902,12588.5596,12549.4697,12573.8496,214690000
2007-04-11,12573.1201,12580.0303,12455.8496,12484.6201,245470000
2007-04-12,12483.6396,12557.3496,12428.2197,12552.9600,218300000
2007-04-13,12551.9102,12615.3799,12530.2100,12612.1299,224240000
2007-04-16,12611.6396,12731.1797,12611.3096,12720.4600,225020000
2007-04-17,12719.5596,12790.0195,12707.4502,12773.0400,256880000
2007-04-18,12771.0801,12838.4600,12728.9902,12803.8398,261950000
2007-04-19,12799.7695,12830.0801,12734.9199,12808.6299,262590000
2007-04-20,12811.1504,12966.2900,12810.1699,12961.9805,415650000
2007-04-23,12961.9805,12983.9199,12916.6299,12919.4004,223290000
2007-04-24,12919.6396,12989.8604,12901.6797,12953.9404,238400000
2007-04-25,12951.4199,13107.4502,12951.4199,13089.8896,250170000
2007-04-26,13088.8398,13132.7998,13068.1201,13105.5000,251620000
2007-04-27,13104.0400,13148.0000,13073.4004,13120.9404,270910000
2007-04-30,13120.2100,13162.0596,13061.5303,13062.9102,264090000
2007-05-01,13062.7500,13137.7598,13041.2998,13136.1396,248960000
2007-05-02,13133.9404,13256.3301,13130.5303,13211.8799,251340000
2007-05-03,13206.6504,13246.8203,13196.0303,13241.3799,247240000
2007-05-04,13243.0801,13284.5303,13228.7803,13264.6201,236320000
2007-05-07,13264.1299,13317.6904,13260.7998,13312.9697,206190000
2007-05-08,13309.4004,13314.4297,13237.5596,13309.0703,225600000
2007-05-09,13300.6201,13369.2900,13278.3496,13362.8701,237040000
2007-05-10,13359.0498,13359.1299,13210.9004,13215.1299,224640000
2007-05-11,13212.2002,13333.4502,13212.0400,13326.2197,257840000
2007-05-14,13325.8096,13383.7598,13297.0400,13346.7803,199620000
2007-05-15,13346.0498,13481.5996,13339.4697,13383.8398,265250000
2007-05-16,13486.9600,13489.5703,13363.9297,13487.5303,237790000
2007-05-17,13487.5303,13516.7100,13447.7900,13476.7197,195800000
2007-05-18,13476.4004,13558.4805,13476.4004,13556.5303,282930000
2007-05-21,13556.5303,13586.0303,13529.1396,13542.8799,215550000
2007-05-22,13544.9902,13586.6797,13528.9805,13539.9502,201290000
2007-05-23,13540.8398,13609.7598,13505.1699,13525.6504,208260000
2007-05-24,13522.5996,13624.5498,13423.9004,13441.1299,240810000
2007-05-25,13441.9404,13516.1396,13440.0703,13507.2803,183470000
2007-05-29,13507.2803,13564.6602,13465.3496,13521.3398,205620000
2007-05-30,13517.8896,13636.0898,13456.7305,13633.0801,224780000
2007-05-31,13633.0000,13673.0703,13614.7197,13627.6396,243510000
2007-06-01,13628.6904,13692.0000,13624.3896,13668.1104,212780000
2007-06-04,13667.2100,13690.3799,13618.7803,13676.3203,177830000
2007-06-05,13673.1904,13673.5098,13551.0000,13595.4600,223040000
2007-06-06,13590.6602,13591.0703,13437.3096,13465.6699,236830000
2007-06-07,13463.4805,13480.2197,13259.8203,13266.7305,298880000
2007-06-08,13267.1396,13431.2197,13251.5303,13424.3896,242000000
2007-06-11,13424.3896,13478.1104,13381.6396,13424.9600,183300000
2007-06-12,13424.3896,13449.5000,13294.6104,13295.0098,233420000
2007-06-13,13287.6201,13485.1201,13287.6201,13482.3496,253050000
2007-06-14,13482.4297,13581.6104,13479.3496,13553.7305,228680000
2007-06-15,13556.6504,13688.6602,13556.4902,13639.4805,425080000
2007-06-18,13639.0000,13667.9404,13608.7598,13612.9805,174380000
2007-06-19,13611.6797,13652.1699,13577.2197,13635.4199,233720000
2007-06-20,13636.5596,13674.3604,13483.2500,13489.4199,274670000
2007-06-21,13486.6602,13564.2100,13398.8701,13545.8398,241170000
2007-06-22,13545.0303,13545.1104,13359.6904,13360.2598,380870000
2007-06-25,13360.0898,13488.7695,13299.7803,13352.0498,251720000
2007-06-26,13352.3701,13452.5195,13308.7197,13337.6602,240950000
2007-06-27,13336.9297,13433.0098,13259.8604,13427.7305,246010000
2007-06-28,13427.4805,13498.2900,13389.2803,13422.2803,207130000
2007-06-29,13422.6104,13524.5400,13314.0000,13408.6201,262110000
2007-07-02,13409.5996,13537.8701,13409.5195,13535.4297,196410000
2007-07-03,13531.5303,13591.6904,13531.5303,13577.2998,111580000
2007-07-05,13576.2402,13580.0596,13513.4902,13565.8398,188840000
2007-07-06,13559.0098,13633.6299,13537.9502,13611.6797,176040000
2007-07-09,13612.6602,13670.4600,13609.0000,13649.9697,192840000
2007-07-10,13648.5898,13649.2402,13496.1699,13501.7002,274420000
2007-07-11,13500.4004,13590.9502,13474.7900,13577.8701,224410000
2007-07-12,13579.3301,13869.9404,13579.1699,13861.7305,300520000
2007-07-13,13859.8604,13932.2900,13845.8799,13907.2500,223820000
2007-07-16,13907.0898,13989.1104,13894.9805,13950.9805,209060000
2007-07-17,13951.9600,14021.9502,13942.8496,13971.5498,266020000
2007-07-18,13955.0498,13965.9404,13823.5996,13918.2197,324400000
2007-07-19,13918.7900,14015.8496,13918.7900,14000.4102,265390000
2007-07-20,14000.7305,14009.2695,13797.6699,13851.0801,377650000
2007-07-23,13851.7305,13973.9902,13851.7305,13943.4199,237450000
2007-07-24,13940.9004,13940.9902,13701.5898,13716.9502,296990000
2007-07-25,13718.2500,13822.2197,13674.8398,13785.0703,266860000
2007-07-26,13783.1201,13783.4502,13335.2998,13473.5703,426880000
2007-07-27,13472.6797,13520.7998,13265.4697,13265.4697,337120000
2007-07-30,13266.2100,13397.7305,13219.1396,13358.3096,295450000
2007-07-31,13360.6602,13498.5303,13199.7900,13211.9902,319890000
2007-08-01,13211.0898,13393.0195,13132.6504,13362.3701,355960000
2007-08-02,13357.8203,13503.3301,13350.4199,13463.3301,264830000
2007-08-03,13462.2500,13471.7900,13175.2402,13181.9102,301800000
2007-08-06,13183.1299,13470.1602,13158.5801,13468.7803,311810000
2007-08-07,13467.7197,13608.1104,13347.1699,13504.2998,273340000
2007-08-08,13497.2305,13695.8203,13484.7900,13657.8604,288040000
2007-08-09,13652.3301,13652.3301,13270.6797,13270.6797,362490000
2007-08-10,13270.5898,13306.5195,13057.8604,13239.5400,338560000
2007-08-13,13239.5400,13338.1504,13219.4600,13236.5303,215260000
2007-08-14,13235.7197,13269.7803,13018.2695,13028.9199,269120000
2007-08-15,13021.9297,13119.3203,12834.2402,12861.4697,272760000
2007-08-16,12861.4697,12885.8496,12517.9404,12845.7803,457150000
2007-08-17,12848.0498,13167.6797,12847.8096,13079.0801,423940000
2007-08-20,13079.0801,13181.6602,12982.7500,13121.3496,231800000
2007-08-21,13120.0498,13178.3301,13052.1699,13090.8604,204000000
2007-08-22,13090.8604,13248.0801,13088.2598,13236.1299,205530000
2007-08-23,13236.1299,13298.6396,13169.1504,13235.8799,198160000
2007-08-24,13235.8799,13381.4697,13208.6504,13378.8701,186060000
2007-08-27,13377.1602,13387.3301,13305.5498,13322.1299,152440000
2007-08-28,13318.4297,13318.5996,13034.7803,13041.8496,230470000
2007-08-29,13043.0703,13293.4404,13043.0703,13289.2900,227440000
2007-08-30,13287.9102,13315.1396,13184.5898,13238.7305,193240000
2007-08-31,13240.8398,13428.9502,13240.8398,13357.7402,234920000
2007-09-04,13358.3896,13494.0596,13317.5000,13448.8604,262260000
2007-09-05,13442.8496,13443.1699,13248.2402,13305.4697,231850000
2007-09-06,13306.4404,13398.7100,13274.8203,13363.3496,203600000
2007-09-07,13360.7402,13360.8301,13082.1699,13113.3799,238300000
2007-09-10,13116.3896,13207.1904,13021.9297,13127.8496,221760000
2007-09-11,13129.4004,13325.9502,13129.1504,13308.3896,200160000
2007-09-12,13298.3096,13360.0098,13263.0303,13291.6504,195280000
2007-09-13,13292.3799,13469.2695,13292.3799,13424.8799,209950000
2007-09-14,13421.3896,13459.7500,13323.8398,13442.5195,204780000
2007-09-17,13441.9502,13451.5400,13362.3701,13403.4199,169710000
2007-09-18,13403.1797,13739.9600,13403.1797,13739.3896,277620000
2007-09-19,13740.6104,13867.5000,13739.8799,13815.5596,276590000
2007-09-20,13813.5195,13822.1396,13741.0098,13766.7002,200880000
2007-09-21,13768.3301,13877.1699,13768.2500,13820.1904,419390000
2007-09-24,13821.5703,13874.4102,13750.9297,13759.0596,236690000
2007-09-25,13757.8398,13787.1904,13696.3096,13778.6504,213040000
2007-09-26,13779.2998,13915.7900,13779.2998,13878.1504,206560000
2007-09-27,13879.5303,13920.4199,13868.1504,13912.9404,156920000
2007-09-28,13912.9404,13924.8096,13850.2695,13895.6299,203030000
2007-10-01,13895.7100,14115.5098,13893.5098,14087.5498,205720000
2007-10-02,14087.1396,14107.4697,14012.1104,14047.3096,169270000
2007-10-03,14038.8604,14038.9404,13947.7305,13968.0498,178920000
2007-10-04,13967.8896,14010.4102,13951.6299,13974.3096,143300000
2007-10-05,13969.0703,14124.5400,13968.8301,14066.0098,183540000
2007-10-08,14065.3604,14067.9600,14009.6699,14043.7305,116420000
2007-10-09,14043.7305,14166.9697,14034.3896,14164.5303,176740000
2007-10-10,14165.0195,14165.0195,14009.5098,14078.6904,163280000
2007-10-11,14079.0996,14198.0996,13950.2500,14015.1201,235090000
2007-10-12,14016.3398,14101.7695,14013.7402,14093.0801,178740000
2007-10-15,14092.4297,14118.5195,13904.3203,13984.7998,220490000
2007-10-16,13986.3398,13992.0303,13877.9004,13912.9404,229920000
2007-10-17,13920.6602,14012.8398,13774.6699,13892.5400,315420000
2007-10-18,13887.9004,13913.7500,13820.3496,13888.9600,205540000
2007-10-19,13888.4697,13888.4697,13511.9404,13522.0195,332350000
2007-10-22,13521.6201,13587.2197,13407.4902,13566.9697,229440000
2007-10-23,13568.9297,13684.5996,13540.8799,13676.2305,206550000
2007-10-24,13675.5801,13690.4502,13470.1602,13675.2500,259150000
2007-10-25,13677.8496,13741.2598,13547.6299,13671.9199,274330000
2007-10-26,13675.6602,13811.2500,13675.2500,13806.7002,311390000
2007-10-29,13807.3496,13901.4004,13805.3096,13870.2598,207930000
2007-10-30,13869.0400,13869.2900,13778.4102,13792.4697,189730000
2007-10-31,13792.0596,13962.5303,13767.6797,13930.0098,277660000
2007-11-01,13924.1602,13924.1602,13548.9297,13567.8701,335560000
2007-11-02,13569.9004,13632.9004,13446.0195,13595.0996,279780000
2007-11-05,13592.5801,13618.2695,13446.9102,13543.4004,259590000
2007-11-06,13542.3398,13669.7197,13511.8604,13660.9404,252360000
2007-11-07,13646.7197,13647.2900,13285.6299,13300.0195,273050000
2007-11-08,13299.7002,13354.0000,13079.4805,13266.2900,403680000
2007-11-09,13261.1699,13262.1396,13017.2998,13042.7402,356840000
2007-11-12,13039.1602,13162.6396,12981.0400,12987.5498,291980000
2007-11-13,12975.1104,13319.4502,12975.1104,13307.0898,298250000
2007-11-14,13305.4697,13367.1699,13197.8398,13231.0098,267510000
2007-11-15,13231.0098,13262.1396,13055.8301,13110.0498,242570000
2007-11-16,13109.4805,13211.1699,13050.5498,13176.7900,314920000
2007-11-19,13176.2998,13176.2998,12937.6299,12958.4404,285790000
2007-11-20,12955.9199,13107.3701,12839.6797,13010.1396,325810000
2007-11-21,13006.6504,13007.7100,12786.0303,12799.0400,284550000
2007-11-23,12796.0703,12980.8799,12796.0703,12980.8799,122250000
2007-11-26,12979.9902,13037.2998,12724.0898,12743.4404,265610000
2007-11-27,12744.7803,12991.8496,12744.7803,12958.4404,296070000
2007-11-28,12958.0400,13325.8701,12958.0400,13289.4502,310080000
2007-11-29,13287.9102,13346.2695,13214.7500,13311.7305,201410000
2007-11-30,13314.2500,13466.9902,13281.6504,13371.7197,312570000
2007-12-03,13368.2197,13407.2402,13296.2803,13314.5703,212170000
2007-12-04,13311.2402,13316.2803,13237.5898,13248.7305,204940000
2007-12-05,13244.0098,13460.2402,13244.0098,13444.9600,256800000
2007-12-06,13445.8496,13632.9004,13426.1797,13619.8896,197270000
2007-12-07,13618.2695,13668.0996,13601.3604,13625.5801,179420000
2007-12-10,13623.5498,13754.0195,13623.5498,13727.0303,190220000
2007-12-11,13726.8701,13780.1104,13413.7402,13432.7695,280630000
2007-12-12,13434.7998,13704.5195,13321.6396,13473.9004,310470000
2007-12-13,13473.9805,13527.6299,13353.9199,13517.9600,248800000
2007-12-14,13515.1104,13515.3604,13332.1299,13339.8496,245590000
2007-12-17,13339.2002,13339.4502,13158.4199,13167.2002,243400000
2007-12-18,13168.6602,13279.4600,13092.0000,13232.4697,233020000
2007-12-19,13231.9805,13300.4297,13146.7900,13207.2695,208330000
2007-12-20,13206.4600,13288.4004,13153.6201,13245.6396,203910000
2007-12-21,13241.6602,13473.9805,13241.5703,13450.6504,430600000
2007-12-24,13450.7305,13563.4805,13449.2695,13550.0400,86400000
2007-12-26,13547.9502,13563.3203,13492.6797,13551.6904,122410000
2007-12-27,13549.1699,13551.0400,13349.2803,13359.6104,145770000
2007-12-28,13361.2305,13451.3799,13298.1504,13365.8701,142930000
2007-12-31,13364.1602,13364.7305,13246.5303,13264.8203,167240000
2008-01-02,13261.8203,13279.5400,12991.3701,13043.9600,239580000
2008-01-03,13044.1201,13137.9297,13023.5596,13056.7197,200620000
2008-01-04,13046.5596,13046.7197,12789.0400,12800.1797,304210000
2008-01-07,12801.1504,12884.1504,12733.8398,12827.4902,306700000
2008-01-08,12820.9004,12906.4199,12565.4102,12589.0703,322690000
2008-01-09,12590.2100,12738.6396,12501.7598,12735.3096,332900000
2008-01-10,12733.1104,12931.2900,12632.1504,12853.0898,325330000
2008-01-11,12850.7402,12851.1396,12543.8701,12606.2998,301890000
2008-01-14,12613.7803,12794.5703,12613.7002,12778.1504,245370000
2008-01-15,12777.5000,12777.5000,12488.7598,12501.1104,339700000
2008-01-16,12476.8096,12613.1299,12392.2695,12466.1602,500040000
2008-01-17,12467.0498,12517.6104,12125.5596,12159.2100,439830000
2008-01-18,12159.9404,12341.5400,12022.4805,12099.2998,483300000
2008-01-22,12092.7197,12092.7197,11634.8203,11971.1904,506500000
2008-01-23,11969.0801,12276.6699,11644.8096,12270.1699,536520000
2008-01-24,12272.6904,12399.1797,12241.7998,12378.6104,387900000
2008-01-25,12391.7002,12486.8896,12183.6797,12207.1699,393660000
2008-01-28,12205.7100,12386.0098,12112.1396,12383.8896,278990000
2008-01-29,12385.1904,12503.1504,12346.9902,12480.2998,285090000
2008-01-30,12480.1396,12681.4102,12406.1699,12442.8301,334680000
2008-01-31,12438.2803,12702.3799,12249.9297,12650.3604,394330000
2008-02-01,12638.1699,12767.7402,12602.3203,12743.1904,379580000
2008-02-04,12743.1104,12749.7803,12621.8301,12635.1602,237410000
2008-02-05,12631.8496,12631.9297,12264.0703,12265.1299,334380000
2008-02-06,12257.2500,12390.3203,12178.1504,12200.0996,296360000
2008-02-07,12196.2002,12332.5195,12120.4404,12247.0000,326200000
2008-02-08,12248.4697,12281.8799,12103.3701,12182.1299,262200000
2008-02-11,12181.8896,12252.1201,12069.4697,12240.0098,268100000
2008-02-12,12241.5596,12469.4102,12241.5596,12373.4102,256970000
2008-02-13,12368.1201,12573.1299,12367.7998,12552.2402,236300000
2008-02-14,12551.5098,12557.6104,12361.4600,12376.9805,233790000
2008-02-15,12376.6602,12376.6602,12278.6201,12348.2100,289800000
2008-02-19,12349.5898,12505.2500,12304.0801,12337.2197,257550000
2008-02-20,12333.3096,12464.0596,12227.7197,12427.2598,297990000
2008-02-21,12426.8496,12503.4600,12247.3398,12284.2998,293420000
2008-02-22,12281.0898,12397.7900,12155.2598,12381.0195,307090000
2008-02-25,12380.7695,12584.6201,12341.0400,12570.2197,288600000
2008-02-26,12569.4805,12734.1797,12512.4102,12684.9199,291760000
2008-02-27,12683.5400,12756.5596,12609.3701,12694.2803,263720000
2008-02-28,12689.2803,12689.4404,12536.4297,12582.1797,247270000
2008-02-29,12579.5801,12580.1504,12223.5703,12266.3896,351870000
2008-03-03,12264.3604,12281.3701,12161.0498,12258.9004,259730000
2008-03-04,12259.1396,12259.2305,12032.4199,12213.7998,347720000
2008-03-05,12204.9297,12349.6699,12140.5303,12254.9902,304570000
2008-03-06,12254.5898,12254.5898,12026.0703,12040.3896,283100000
2008-03-07,12039.0898,12094.2100,11819.6904,11893.6904,307580000
2008-03-10,11893.0400,11926.5000,11731.5996,11740.1504,312020000
2008-03-11,11741.3301,12160.7998,11741.0098,12156.8096,372330000
2008-03-12,12148.6104,12303.3496,12092.2500,12110.2402,288130000
2008-03-13,12096.4902,12215.3496,11875.7803,12145.7402,336260000
2008-03-14,12146.3896,12193.6104,11832.7197,11951.0898,380810000
2008-03-17,11946.4502,12076.2197,11756.5996,11972.2500,382890000
2008-03-18,11975.9199,12392.6602,11975.8398,12392.6602,367780000
2008-03-19,12391.5195,12461.5303,12095.0996,12099.6602,328460000
2008-03-20,12102.4297,12378.7402,12097.8701,12361.3203,502650000
2008-03-24,12361.9697,12622.0703,12361.9697,12548.6396,264320000
2008-03-25,12547.3398,12571.8398,12449.0801,12532.5996,237650000
2008-03-26,12531.7900,12531.9502,12376.7002,12422.8604,235020000
2008-03-27,12421.8799,12476.7598,12293.3398,12302.4600,235390000
2008-03-28,12303.9199,12382.1602,12196.8701,12216.4004,209000000
2008-03-31,12215.9199,12326.4697,12176.1104,12262.8896,273610000
2008-04-01,12266.6396,12659.8203,12266.4697,12654.3604,295530000
2008-04-02,12651.6699,12696.2900,12555.1699,12608.9199,232760000
2008-04-03,12605.8301,12675.1201,12527.7500,12626.0303,183870000
2008-04-04,12626.0303,12688.4805,12528.1602,12609.4199,181260000
2008-04-07,12612.5898,12733.6602,12583.2803,12612.4297,198070000
2008-04-08,12602.6602,12607.2998,12525.7998,12576.4404,197200000
2008-04-09,12574.6504,12621.5498,12468.9697,12527.2598,194950000
2008-04-10,12526.7803,12649.3096,12497.2197,12581.9805,227330000
2008-04-11,12579.7803,12580.2695,12302.0596,12325.4199,286850000
2008-04-14,12324.7695,12367.5996,12280.4004,12302.0596,216010000
2008-04-15,12302.0596,12387.7900,12269.8096,12362.4697,208950000
2008-04-16,12371.5098,12625.7803,12371.5098,12619.2695,269490000
2008-04-17,12617.4004,12656.5596,12563.2500,12620.4902,217000000
2008-04-18,12626.7598,12893.9805,12626.7598,12849.3604,304030000
2008-04-21,12850.9102,12850.9102,12751.1699,12825.0195,192400000
2008-04-22,12825.0195,12825.2598,12656.5596,12720.2305,214950000
2008-04-23,12721.4502,12837.3896,12703.0498,12763.2197,244120000
2008-04-24,12764.6797,12942.2598,12706.6299,12848.9502,249920000
2008-04-25,12848.3799,12909.2002,12742.7803,12891.8604,240760000
2008-04-28,12890.7598,12938.7598,12857.5000,12871.7500,222300000
2008-04-29,12870.3701,12889.8301,12804.6602,12831.9404,218020000
2008-04-30,12831.4502,13010.0000,12808.9805,12820.1299,255070000
2008-05-01,12818.3398,13029.0498,12793.0996,13010.0000,245480000
2008-05-02,13012.5303,13132.4600,12981.8301,13058.2002,205410000
2008-05-05,13056.5703,13058.4502,12939.7402,12969.5400,197810000
2008-05-06,12968.8896,13046.1504,12863.2002,13020.8301,199370000
2008-05-07,13010.8203,13036.7100,12796.1904,12814.3496,235000000
2008-05-08,12814.3496,12909.8604,12794.8096,12866.7803,195570000
2008-05-09,12860.6797,12861.4102,12715.0195,12745.8799,180240000
2008-05-12,12745.5498,12904.1602,12740.5000,12876.3096,198110000
2008-05-13,12872.0801,12891.3701,12780.9697,12832.1797,236710000
2008-05-14,12825.1201,12993.1504,12825.1201,12898.3799,206820000
2008-05-15,12891.2900,12999.5000,12854.9805,12992.6602,217780000
2008-05-16,12992.7402,13001.9404,12893.4902,12986.7998,249260000
2008-05-19,12985.4102,13136.6904,12963.7598,13028.1602,193770000
2008-05-20,13026.0400,13026.0400,12781.7803,12828.6797,265220000
2008-05-21,12824.9404,12862.4697,12573.6699,12601.1904,265810000
2008-05-22,12597.6904,12669.3398,12591.3398,12625.6201,216360000
2008-05-23,12620.9004,12621.9600,12460.0898,12479.6299,190210000
2008-05-27,12479.6299,12572.5303,12442.5898,12548.3496,201530000
2008-05-28,12542.9004,12601.9297,12495.2695,12594.0303,213680000
2008-05-29,12593.8701,12726.6602,12554.7002,12646.2197,206420000
2008-05-30,12647.3604,12689.7002,12617.4004,12638.3203,210230000
2008-06-02,12637.6699,12638.0801,12427.7695,12503.8203,199090000
2008-06-03,12503.2002,12554.0498,12342.1201,12402.8496,227460000
2008-06-04,12391.8604,12496.1602,12338.7803,12390.4805,238590000
2008-06-05,12388.8096,12610.9600,12388.8096,12604.4502,236160000
2008-06-06,12602.7402,12603.0703,12192.0596,12209.8096,307820000
2008-06-09,12210.1299,12331.8604,12195.3203,12280.3203,266350000
2008-06-10,12277.7100,12369.2305,12206.9600,12289.7598,240760000
2008-06-11,12286.3398,12286.6699,12079.1299,12083.7695,247120000
2008-06-12,12089.6299,12269.2402,12076.9297,12141.5801,260960000
2008-06-13,12144.5898,12310.2803,12144.5898,12307.3496,247980000
2008-06-16,12306.8604,12319.7197,12212.2500,12269.0801,222140000
2008-06-17,12269.6504,12322.8203,12150.2900,12160.2998,174690000
2008-06-18,12158.6797,12158.6797,11993.6396,12029.0596,212900000
2008-06-19,12029.0596,12114.7900,11978.3301,12063.0898,230920000
2008-06-20,12062.1904,12062.1904,11818.8301,11842.6904,429700000
2008-06-23,11843.8301,11986.9600,11731.0596,11842.3604,182870000
2008-06-24,11842.3604,11904.3203,11725.5195,11807.4297,225270000
2008-06-25,11805.3096,11924.1904,11789.3604,11811.8301,236160000
2008-06-26,11808.5703,11808.7305,11453.4199,11453.4199,302550000
2008-06-27,11452.8496,11485.2500,11297.9902,11346.5098,338250000
2008-06-30,11345.7002,11437.2998,11287.5596,11350.0098,282210000
2008-07-01,11344.6396,11407.9004,11183.4297,11382.2598,299590000
2008-07-02,11382.3398,11434.1201,11214.3701,11215.5098,230690000
2008-07-03,11216.0000,11337.4805,11157.2100,11288.5400,176910000
2008-07-07,11289.1904,11399.1104,11120.7402,11231.9600,248240000
2008-07-08,11225.0303,11391.1299,11174.8799,11384.2100,271500000
2008-07-09,11381.9297,11418.2402,11141.9902,11147.4404,227100000
2008-07-10,11148.0098,11270.2998,11086.9502,11229.0195,248010000
2008-07-11,11226.1699,11241.0703,10977.6797,11100.5400,275010000
2008-07-14,11103.6396,11239.0400,11003.6504,11055.1904,205360000
2008-07-15,11050.7998,11123.6699,10827.7100,10962.5400,331390000
2008-07-16,10961.8896,11244.1699,10918.3301,11239.2803,307590000
2008-07-17,11238.3896,11446.6602,11209.5596,11446.6602,335260000
2008-07-18,11436.5596,11510.8203,11381.9297,11496.5703,378610000
2008-07-21,11495.0195,11559.6699,11423.9404,11467.3398,212850000
2008-07-22,11457.9004,11616.6602,11387.3896,11602.5000,273690000
2008-07-23,11603.3896,11698.1699,11558.2900,11632.3799,264520000
2008-07-24,11630.3398,11634.4902,11345.3701,11349.2803,241140000
2008-07-25,11341.1396,11443.8096,11325.0996,11370.6904,190920000
2008-07-28,11369.4697,11369.5498,11125.1299,11131.0801,197550000
2008-07-29,11133.4404,11398.3799,11128.0596,11397.5596,206930000
2008-07-30,11397.5596,11586.6201,11397.5596,11583.6904,208520000
2008-07-31,11577.9902,11578.8896,11363.6904,11378.0195,220200000
2008-08-01,11379.8896,11425.7305,11267.0498,11326.3203,189700000
2008-08-04,11326.3203,11382.1699,11221.5303,11284.1504,170250000
2008-08-05,11286.0195,11615.9297,11286.0195,11615.7695,234990000
2008-08-06,11603.6396,11685.4600,11521.3203,11656.0703,180060000
2008-08-07,11655.4199,11655.5801,11416.7002,11431.4297,229610000
2008-08-08,11432.0898,11759.9600,11388.0400,11734.3203,212830000
2008-08-11,11729.6699,11867.1104,11675.5303,11782.3496,183190000
2008-08-12,11781.7002,11782.3496,11601.5195,11642.4697,173590000
2008-08-13,11632.8096,11633.7803,11453.3398,11532.9600,182550000
2008-08-14,11532.0703,11718.2803,11450.8896,11615.9297,159790000
2008-08-15,11611.2100,11709.8896,11599.7305,11659.9004,215040000
2008-08-18,11659.6504,11690.4297,11434.1201,11479.3896,156290000
2008-08-19,11478.0898,11478.1699,11318.5000,11348.5498,171580000
2008-08-20,11345.9404,11454.1504,11290.5801,11417.4297,144880000
2008-08-21,11415.2305,11476.2100,11315.5703,11430.2100,130020000
2008-08-22,11426.7900,11632.1299,11426.7900,11628.0596,138790000
2008-08-25,11626.1904,11626.2695,11362.6299,11386.2500,148610000
2008-08-26,11383.5596,11436.2402,11340.4102,11412.8701,119800000
2008-08-27,11412.4600,11554.4600,11381.7695,11502.5098,120580000
2008-08-28,11499.8701,11715.1797,11499.7900,11715.1797,149150000
2008-08-29,11713.2305,11713.2305,11543.3896,11543.9600,166910000
2008-09-02,11545.6299,11790.1699,11471.9004,11516.9199,177090000
2008-09-03,11506.0098,11554.3799,11416.5303,11532.8799,174250000
2008-09-04,11532.4805,11532.4805,11176.0195,11188.2305,229200000
2008-09-05,11185.6299,11245.1504,11037.8496,11220.9600,198300000
2008-09-08,11224.8701,11570.6602,11224.7900,11510.7402,273000000
2008-09-09,11514.7305,11577.5000,11230.7305,11230.7305,257300000
2008-09-10,11233.9102,11380.6299,11215.2598,11268.9199,214260000
2008-09-11,11264.4404,11445.6797,11098.6699,11433.7100,247820000
2008-09-12,11429.3203,11459.9297,11280.4004,11421.9902,238890000
2008-09-15,11416.3701,11416.4502,10917.5098,10917.5098,432970000
2008-09-16,10905.6201,11093.2197,10742.7002,11059.0195,494760000
2008-09-17,11056.5801,11057.3096,10595.9004,10609.6602,463200000
2008-09-18,10609.0098,11076.4404,10459.4404,11019.6904,488060000
2008-09-19,11027.5098,11483.0498,11026.7002,11388.4404,655110000
2008-09-22,11394.4199,11394.5801,10992.2002,11015.6904,213210000
2008-09-23,11015.6904,11143.2100,10833.9404,10854.1699,204480000
2008-09-24,10850.0195,10928.4004,10753.5703,10825.1699,183630000
2008-09-25,10827.1699,11129.1904,10827.0098,11022.0596,218530000
2008-09-26,11019.0400,11168.0596,10868.8203,11143.1299,232560000
2008-09-29,11139.6201,11139.9404,10365.4502,10365.4502,385940000
2008-09-30,10371.5801,10868.9004,10371.4199,10850.6602,319770000
2008-10-01,10847.4004,10882.5195,10631.9502,10831.0703,256670000
2008-10-02,10825.5400,10825.5400,10439.5195,10482.8496,395330000
2008-10-03,10483.9600,10796.2598,10310.2500,10325.3799,299690000
2008-10-06,10322.5195,10322.7598,9525.3203,9955.5000,391460000
2008-10-07,9955.4199,10124.0303,9436.6699,9447.1104,362520000
2008-10-08,9437.2305,9628.0703,9194.7803,9258.0996,479270000
2008-10-09,9261.6904,9448.1396,8579.1904,8579.1904,436740000
2008-10-10,8568.6699,8901.2803,7882.5098,8451.1904,674920000
2008-10-13,8462.4199,9427.9902,8462.1797,9387.6104,399290000
2008-10-14,9388.9697,9794.3701,9085.4297,9310.9902,412740000
2008-10-15,9301.9102,9308.7598,8530.1201,8577.9102,374350000
2008-10-16,8577.0400,9013.2695,8197.6699,8979.2598,422450000
2008-10-17,8975.3496,9281.1201,8718.2500,8852.2197,360600000
2008-10-20,8852.2998,9266.6299,8852.2197,9265.4297,241400000
2008-10-21,9262.7998,9284.5498,9004.2695,9033.6602,231160000
2008-10-22,9027.8398,9027.8398,8335.2998,8519.2100,348840000
2008-10-23,8519.7695,8795.9902,8243.5498,8691.2500,340740000
2008-10-24,8683.2100,8683.2100,8187.4800,8378.9502,335680000
2008-10-27,8375.9199,8599.0996,8143.5898,8175.7700,281180000
2008-10-28,8178.7202,9082.0801,8174.7300,9065.1201,372160000
2008-10-29,9062.3301,9363.3203,8890.2900,8990.9600,316230000
2008-10-30,9004.6602,9266.4697,8976.8701,9180.6904,267210000
2008-10-31,9179.0898,9454.3604,9119.2002,9325.0098,310950000
2008-11-03,9326.0400,9410.5498,9255.4805,9319.8301,180970000
2008-11-04,9323.8896,9653.9502,9323.8896,9625.2803,254930000
2008-11-05,9616.5996,9616.5996,9111.4697,9139.2695,264640000
2008-11-06,9134.0098,9155.4404,8637.1699,8695.7900,344350000
2008-11-07,8696.0303,8961.5703,8696.0303,8943.8096,246300000
2008-11-10,8946.5996,9159.5801,8760.4600,8870.5400,221230000
2008-11-11,8864.3203,8867.9102,8560.7100,8693.9600,257270000
2008-11-12,8684.5195,8684.5996,8265.2900,8282.6602,314660000
2008-11-13,8281.1396,8876.5898,7965.4199,8835.2500,476600000
2008-11-14,8822.1904,8923.1797,8469.9902,8497.3096,304370000
2008-11-17,8494.8398,8571.2998,8246.8896,8273.5801,278220000
2008-11-18,8273.3398,8477.9502,8105.4399,8424.7500,366390000
2008-11-19,8420.6904,8504.6396,7987.0801,7997.2798,350470000
2008-11-20,7995.5298,8187.3999,7506.9702,7552.2900,528130000
2008-11-21,7552.3701,8071.7500,7449.3799,8046.4199,569010000
2008-11-24,8048.0898,8599.0195,8048.0898,8443.3896,491890000
2008-11-25,8445.1396,8607.3799,8281.4600,8479.4697,374020000
2008-11-26,8464.4902,8726.6104,8311.1699,8726.6104,283920000
2008-11-28,8724.7002,8831.3496,8672.6904,8829.0400,155510000
2008-12-01,8826.8896,8827.0498,8141.3599,8149.0898,321010000
2008-12-02,8153.7500,8437.1699,8143.5098,8419.0898,307520000
2008-12-03,8409.1396,8624.1904,8234.1504,8591.6904,294680000
2008-12-04,8587.0703,8631.9902,8259.4004,8376.2402,280880000
2008-12-05,8376.0801,8686.4697,8118.5000,8635.4199,346370000
2008-12-08,8637.6504,9026.4102,8637.4902,8934.1797,358970000
2008-12-09,8934.0996,8934.0996,8651.7402,8691.3301,284950000
2008-12-10,8693.0000,8879.2197,8646.3301,8761.4199,232830000
2008-12-11,8750.1299,8809.4502,8512.7598,8565.0898,290540000
2008-12-12,8563.0996,8682.5703,8347.8096,8629.6797,271030000
2008-12-15,8628.8096,8676.2803,8469.0303,8564.5303,229940000
2008-12-16,8565.6504,8958.7900,8565.6504,8924.1396,337190000
2008-12-17,8921.9102,8961.2598,8778.0703,8824.3398,239260000
2008-12-18,8823.9404,8883.3604,8527.4102,8604.9902,274080000
2008-12-19,8606.5000,8787.2305,8550.4297,8579.1104,550150000
2008-12-22,8573.3701,8601.4102,8372.0195,8519.6904,211090000
2008-12-23,8518.6504,8604.1201,8391.2998,8419.4902,174640000
2008-12-24,8416.8604,8498.5000,8416.8604,8468.4805,66930000
2008-12-26,8468.7100,8533.0703,8461.7803,8515.5498,86760000
2008-12-29,8515.8701,8530.6797,8364.0596,8483.9297,153730000
2008-12-30,8487.5098,8675.2402,8487.5098,8668.3896,162560000
2008-12-31,8666.4805,8842.6602,8664.8896,8776.3896,226760000
2009-01-02,8772.2500,9065.2803,8760.7803,9034.6904,213700000
2009-01-05,9027.1299,9034.3701,8892.3604,8952.8896,233760000
2009-01-06,8954.5703,9088.0596,8940.9502,9015.0996,215410000
2009-01-07,8996.9404,8996.9404,8719.9199,8769.7002,266710000
2009-01-08,8769.9404,8770.0195,8651.1904,8742.4600,226620000
2009-01-09,8738.7998,8769.6201,8576.9600,8599.1797,204300000
2009-01-12,8599.2598,8602.5996,8421.0801,8473.9697,273550000
2009-01-13,8474.6104,8522.0801,8376.8799,8448.5596,304050000
2009-01-14,8446.0098,8446.2500,8140.7202,8200.1396,355050000
2009-01-15,8196.2402,8286.1602,7995.1299,8212.4902,436660000
2009-01-16,8215.6699,8341.2002,8109.3398,8281.2197,439360000
2009-01-20,8279.6299,8291.9805,7939.9302,7949.0898,419200000
2009-01-21,7949.1699,8243.5498,7936.1899,8228.0996,410040000
2009-01-22,8224.4297,8224.8301,7957.1401,8122.7998,420040000
2009-01-23,8108.7900,8152.5898,7909.0298,8077.5601,370510000
2009-01-26,8078.0400,8231.6797,8023.1602,8116.0298,316720000
2009-01-27,8117.3901,8225.7900,8083.1401,8174.7300,247750000
2009-01-28,8175.9302,8405.8701,8175.9302,8375.4502,357940000
2009-01-29,8373.0596,8373.1396,8137.9399,8149.0098,247450000
2009-01-30,8149.0098,8195.7598,7961.9199,8000.8599,303160000
2009-02-02,8000.6201,8000.6201,7867.3701,7936.7500,293890000
2009-02-03,7936.9902,8111.5698,7905.5200,8078.3599,313090000
2009-02-04,8070.3198,8162.1499,7929.2598,7956.6602,345520000
2009-02-05,7954.8301,8107.8301,7845.3101,8063.0698,390980000
2009-02-06,8056.3799,8312.3701,8052.2402,8280.5898,396380000
2009-02-09,8281.3799,8315.0703,8196.2402,8270.8701,289280000
2009-02-10,8269.3604,8269.4404,7848.7402,7888.8799,449890000
2009-02-11,7887.0498,7983.7402,7852.1602,7939.5298,270280000
2009-02-12,7931.9702,7938.8198,7693.9800,7932.7598,331960000
2009-02-13,7933.0000,7970.8398,7840.4502,7850.4102,251960000
2009-02-17,7845.6299,7845.6299,7551.0098,7552.6001,332850000
2009-02-18,7546.3501,7617.7598,7479.9702,7555.6299,268220000
2009-02-19,7555.2300,7614.9702,7447.5498,7465.9502,301480000
2009-02-20,7461.4902,7469.2900,7249.4702,7365.6699,584900000
2009-02-23,7365.9902,7441.0200,7105.9399,7114.7798,406150000
2009-02-24,7115.3398,7378.9702,7114.2998,7350.9399,468010000
2009-02-25,7349.5801,7404.9399,7156.6802,7270.8901,450270000
2009-02-26,7269.0601,7402.3101,7173.5601,7182.0801,321300000
2009-02-27,7180.9702,7195.4600,7033.6201,7062.9302,667950000
2009-03-02,7056.4800,7058.9502,6755.1699,6763.2900,568670000
2009-03-03,6764.8101,6855.2900,6705.6299,6726.0200,445280000
2009-03-04,6726.5000,6979.2202,6726.4199,6875.8398,464830000
2009-03-05,6874.0098,6874.0098,6544.1001,6594.4399,509770000
2009-03-06,6595.1602,6755.1699,6469.9502,6626.9399,425170000
2009-03-09,6625.7402,6709.6099,6516.8599,6547.0498,365990000
2009-03-10,6547.0098,6926.4902,6546.6099,6926.4902,640020000
2009-03-11,6923.1299,7015.0601,6867.5498,6930.3999,524430000
2009-03-12,6932.3901,7184.7100,6872.2500,7170.0601,488690000
2009-03-13,7167.3501,7242.6201,7105.8599,7223.9800,479010000
2009-03-16,7225.3301,7392.9102,7206.8501,7216.9702,586970000
2009-03-17,7218.0000,7396.8101,7172.0498,7395.7002,391880000
2009-03-18,7395.7002,7571.6401,7257.2700,7486.5801,584110000
2009-03-19,7489.6802,7548.4600,7369.2598,7400.7998,559920000
2009-03-20,7402.3101,7460.9302,7257.8301,7278.3799,672950000
2009-03-23,7279.2500,7780.7202,7278.7798,7775.8599,515600000
2009-03-24,7773.4702,7796.5698,7646.9902,7659.9702,379670000
2009-03-25,7659.8101,7863.6299,7550.0601,7749.8101,454090000
2009-03-26,7752.3599,7931.3301,7752.2798,7924.5601,397260000
2009-03-27,7922.5698,7922.5698,7735.9502,7776.1802,323650000
2009-03-30,7773.3101,7773.3901,7437.5898,7522.0200,383260000
2009-03-31,7523.7700,7725.3599,7523.4502,7608.9199,399840000
2009-04-01,7606.1299,7789.0000,7483.8701,7761.6001,361340000
2009-04-02,7763.9902,8075.7300,7763.9902,7978.0801,442820000
2009-04-03,7980.6299,8019.5000,7897.2402,8017.5898,308210000
2009-04-06,8016.1602,8016.1602,7862.2002,7975.8501,247400000
2009-04-07,7968.9199,7969.0801,7762.0801,7789.5601,276920000
2009-04-08,7788.6802,7887.5200,7750.8501,7837.1099,255350000
2009-04-09,7839.8901,8087.2798,7839.8901,8083.3799,462060000
2009-04-13,8082.0200,8113.4102,7963.7500,8057.8101,424250000
2009-04-14,8057.4102,8057.4102,7902.2598,7920.1802,513010000
2009-04-15,7914.9199,8041.3198,7870.4800,8029.6201,413280000
2009-04-16,8029.1401,8168.1201,7962.7100,8125.4302,359470000
2009-04-17,8125.4302,8190.6602,8086.8799,8131.3301,537670000
2009-04-20,8128.9399,8128.9399,7840.4502,7841.7300,453660000
2009-04-21,7841.7300,7979.2002,7791.9502,7969.5601,424030000
2009-04-22,7964.7798,8044.8301,7868.0098,7886.5698,387030000
2009-04-23,7886.8101,7979.4399,7804.2100,7957.0601,327240000
2009-04-24,7957.4502,8127.5000,7957.4502,8076.2900,402720000
2009-04-27,8073.8198,8122.5601,7987.1602,8025.0000,282990000
2009-04-28,8023.5601,8091.6602,7938.9800,8016.9502,274710000
2009-04-29,8018.3101,8257.5703,8017.9102,8185.7300,300340000
2009-04-30,8188.5098,8307.5098,8136.8999,8168.1201,341400000
2009-05-01,8167.4102,8219.8096,8099.3101,8212.4102,237360000
2009-05-04,8213.5996,8434.8604,8213.5996,8426.7402,354490000
2009-05-05,8425.5498,8458.1201,8362.7803,8410.6504,311490000
2009-05-06,8403.4805,8518.5703,8403.0000,8512.2803,454480000
2009-05-07,8512.2803,8577.1904,8358.0000,8409.8496,476640000
2009-05-08,8410.7305,8587.5498,8410.7305,8574.6504,428420000
2009-05-11,8569.2305,8569.2305,8410.3301,8418.7695,332630000
2009-05-12,8419.1699,8517.4600,8365.6504,8469.1104,334840000
2009-05-13,8461.7998,8462.0400,8262.4297,8284.8896,336930000
2009-05-14,8285.9199,8376.6396,8273.9004,8331.3203,323800000
2009-05-15,8326.2197,8394.9600,8230.1699,8268.6396,308820000
2009-05-18,8270.1504,8511.8799,8270.1504,8504.0801,288280000
2009-05-19,8502.4805,8538.0098,8463.5400,8474.8496,277710000
2009-05-20,8471.8203,8591.9297,8405.4697,8422.0400,468640000
2009-05-21,8416.0703,8416.1504,8221.0098,8292.1299,302280000
2009-05-22,8292.2100,8364.1396,8257.1699,8277.3203,244190000
2009-05-26,8277.3203,8495.7100,8226.9004,8473.4902,314760000
2009-05-27,8473.6504,8496.5898,8289.3496,8300.0195,285990000
2009-05-28,8300.5000,8434.6201,8246.5801,8403.7998,290730000
2009-05-29,8404.0400,8522.9502,8368.5195,8500.3301,361910000
2009-06-01,8501.5303,8760.7002,8501.2900,8721.4404,354830000
2009-06-02,8721.5996,8787.1299,8693.7197,8740.8701,257560000
2009-06-03,8740.0703,8740.3896,8598.3799,8675.2402,252160000
2009-06-04,8675.2803,8751.2500,8634.5703,8750.2402,237800000
2009-06-05,8751.7500,8839.4004,8700.4102,8763.1299,254970000
2009-06-08,8759.3496,8823.9697,8633.0703,8764.4902,189630000
2009-06-09,8764.8301,8803.2598,8725.1201,8763.0596,187930000
2009-06-10,8763.6602,8834.9297,8639.9502,8739.0195,219920000
2009-06-11,8736.2305,8877.9297,8736.2305,8770.9199,249900000
2009-06-12,8770.0098,8805.5303,8716.7305,8799.2598,164020000
2009-06-15,8798.5000,8798.5000,8577.9004,8612.1299,230220000
2009-06-16,8612.4404,8643.6504,8499.3799,8504.6699,240690000
2009-06-17,8504.3604,8563.0098,8461.2900,8497.1797,237870000
2009-06-18,8496.7305,8590.5195,8475.1201,8555.5996,220050000
2009-06-19,8556.9600,8616.5898,8496.7305,8539.7305,528710000
2009-06-22,8538.5195,8538.8301,8334.5498,8339.0098,291240000
2009-06-23,8340.4404,8370.9004,8286.4102,8322.9102,237150000
2009-06-24,8323.5098,8428.4102,8259.8799,8299.8604,189430000
2009-06-25,8299.2500,8490.4600,8259.4297,8472.4004,222540000
2009-06-26,8468.5400,8468.7695,8401.3604,8438.3896,307640000
2009-06-29,8440.1299,8533.2305,8429.0898,8529.3799,216480000
2009-06-30,8528.9297,8560.4404,8393.9502,8447.0000,233340000
2009-07-01,8447.5303,8580.4697,8447.5303,8504.0596,184600000
2009-07-02,8503.0000,8503.2305,8280.7402,8280.7402,157800000
2009-07-06,8280.7402,8327.9697,8205.9902,8324.8701,206900000
2009-07-07,8324.9502,8326.3096,8154.3799,8163.6001,210880000
2009-07-08,8163.6001,8219.5195,8087.1899,8178.4102,325250000
2009-07-09,8179.0098,8228.6699,8145.3101,8183.1699,192660000
2009-07-10,8182.4902,8183.8501,8093.3101,8146.5200,174260000
2009-07-13,8146.5200,8331.6797,8130.4199,8331.6797,253520000
2009-07-14,8331.3701,8361.2305,8285.2002,8359.4902,189170000
2009-07-15,8363.9502,8628.2305,8363.9502,8616.2100,305000000
2009-07-16,8612.6602,8739.5498,8584.4004,8711.8203,216580000
2009-07-17,8711.8896,8754.2900,8674.4102,8743.9404,301410000
2009-07-20,8746.0498,8854.7998,8745.9004,8848.1504,213730000
2009-07-21,8848.1504,8927.1299,8811.2695,8915.9404,218910000
2009-07-22,8912.3896,8949.7998,8860.3203,8881.2598,199010000
2009-07-23,8882.3096,9096.7197,8866.4404,9069.2900,274760000
2009-07-24,9066.1104,9100.8799,9007.3896,9093.2402,214310000
2009-07-27,9093.0898,9123.4004,9034.5195,9108.5098,176830000
2009-07-28,9106.9199,9124.9102,9007.4697,9096.7197,198270000
2009-07-29,9092.3398,9094.8301,9014.1904,9070.7197,190510000
2009-07-30,9072.8398,9246.4297,9072.6104,9154.4600,232410000
2009-07-31,9154.6104,9218.7695,9133.4502,9171.6104,265570000
2009-08-03,9173.6504,9298.4297,9173.6504,9286.5596,221690000
2009-08-04,9285.0498,9321.0996,9250.7402,9320.1904,195990000
2009-08-05,9315.3604,9318.0801,9206.4502,9280.9697,236610000
2009-08-06,9277.1904,9325.1104,9208.7998,9256.2598,244450000
2009-08-07,9258.4502,9437.7100,9258.4502,9370.0703,216600000
2009-08-10,9368.4102,9371.9600,9290.3398,9337.9502,161370000
2009-08-11,9334.3301,9334.3301,9216.8799,9241.4502,171380000
2009-08-12,9236.0596,9424.1104,9221.0195,9361.6104,197420000
2009-08-13,9362.2900,9406.5000,9305.3096,9398.1904,145620000
2009-08-14,9398.0400,9401.9697,9232.8301,9321.4004,172780000
2009-08-17,9313.8496,9313.8496,9116.5195,9135.3398,207100000
2009-08-18,9134.3604,9233.5098,9134.3604,9217.9404,158530000
2009-08-19,9208.6797,9313.0898,9131.9404,9279.1602,176910000
2009-08-20,9278.5498,9363.9502,9267.9697,9350.0498,151740000
2009-08-21,9347.8604,9519.1104,9347.2500,9505.9600,293530000
2009-08-24,9506.1797,9587.7305,9486.2305,9509.2803,190590000
2009-08-25,9509.2100,9620.0000,9508.9805,9539.2900,173890000
2009-08-26,9538.6104,9582.9697,9485.7803,9543.5195,154660000
2009-08-27,9541.6299,9609.7197,9459.4004,9580.6299,163980000
2009-08-28,9582.7402,9630.2002,9495.9805,9544.2002,205770000
2009-08-31,9542.9102,9543.0596,9436.1299,9496.2803,201600000
2009-09-01,9492.3203,9557.9502,9292.0801,9310.5996,267680000
2009-09-02,9306.2100,9330.9297,9262.2998,9280.6699,175200000
2009-09-03,9282.0303,9350.2695,9252.9297,9344.6104,168750000
2009-09-04,9345.3604,9445.7197,9321.6299,9441.2695,152400000
2009-09-08,9440.1299,9511.0195,9439.9805,9497.3398,202370000
2009-09-09,9496.5898,9577.2197,9476.1797,9547.2197,190820000
2009-09-10,9546.5400,9633.0000,9508.2197,9627.4805,234130000
2009-09-11,9625.4404,9649.8496,9571.5596,9605.4102,196760000
2009-09-14,9598.0801,9631.1104,9535.9600,9626.7998,196480000
2009-09-15,9626.4199,9713.7100,9580.9297,9683.4102,224030000
2009-09-16,9683.7100,9799.7197,9679.1797,9791.7100,241270000
2009-09-17,9789.8203,9854.5801,9749.4600,9783.9199,225470000
2009-09-18,9784.7500,9847.7100,9784.6797,9820.2002,424930000
2009-09-21,9818.6104,9818.6904,9725.8799,9778.8604,172830000
2009-09-22,9779.6104,9843.4004,9771.9102,9829.8701,194620000
2009-09-23,9830.6299,9917.9902,9740.8398,9748.5498,233330000
2009-09-24,9749.9902,9805.3896,9666.0303,9707.4404,201890000
2009-09-25,9706.6797,9735.9297,9641.0098,9665.1904,189350000
2009-09-28,9663.2305,9823.6699,9663.2305,9789.3604,163780000
2009-09-29,9789.7402,9834.4805,9739.1104,9742.2002,154000000
2009-09-30,9741.8301,9776.8203,9608.5898,9712.2803,268390000
2009-10-01,9711.5996,9711.6699,9500.3701,9509.2803,266990000
2009-10-02,9507.6201,9524.7803,9430.0801,9487.6699,219750000
2009-10-05,9488.7305,9625.0596,9481.0898,9599.7500,173850000
2009-10-06,9601.2598,9774.3203,9601.2598,9731.2500,206020000
2009-10-07,9725.6904,9740.3203,9675.6201,9725.5801,167650000
2009-10-08,9728.2197,9836.6699,9728.0703,9786.8701,209580000
2009-10-09,9786.0400,9865.0098,9764.8799,9864.9404,161120000
2009-10-12,9865.2402,9931.8203,9849.3701,9885.7998,158850000
2009-10-13,9883.9805,9895.0898,9815.0596,9871.0596,211510000
2009-10-14,9873.5498,10027.7305,9873.4805,10015.8604,284810000
2009-10-15,10014.8799,10062.9404,9977.4697,10062.9404,252480000
2009-10-16,10061.3604,10061.6602,9939.9102,9995.9102,307770000
2009-10-19,9996.6699,10117.9600,9995.1504,10092.1904,186240000
2009-10-20,10092.4199,10098.3896,9992.8096,10041.4805,214500000
2009-10-21,10038.8398,10119.4697,9943.7598,9949.3604,251050000
2009-10-22,9946.1797,10105.1904,9916.7803,10081.3096,231900000
2009-10-23,10099.9004,10109.5703,9932.5000,9972.1797,305670000
2009-10-26,9972.3301,10072.3203,9849.4502,9867.9600,270050000
2009-10-27,9868.3398,9947.5400,9837.9600,9882.1699,237060000
2009-10-28,9881.1104,9902.4199,9758.0801,9762.6904,257370000
2009-10-29,9762.9102,9969.9102,9759.1299,9962.5801,248950000
2009-10-30,9961.5195,9962.1299,9684.5400,9712.7305,327980000
2009-11-02,9712.1299,9858.5898,9678.9502,9789.4404,242460000
2009-11-03,9787.4697,9787.4697,9703.8896,9771.9102,231520000
2009-11-04,9767.2998,9928.0400,9767.1396,9802.1396,224130000
2009-11-05,9807.7998,10013.0703,9807.7998,10005.9600,211040000
2009-11-06,10001.3496,10044.5000,9936.8096,10023.4199,181010000
2009-11-09,10020.6201,10228.2305,10020.6201,10226.9404,227470000
2009-11-10,10223.0098,10260.7998,10197.6904,10246.9697,193950000
2009-11-11,10247.4199,10341.9697,10246.1396,10291.2598,166920000
2009-11-12,10289.8203,10321.6396,10171.2402,10197.4697,183810000
2009-11-13,10197.8496,10305.6904,10192.0303,10270.4697,167280000
2009-11-16,10267.5303,10434.2402,10267.4502,10406.9600,202570000
2009-11-17,10404.7695,10438.1699,10361.9902,10437.4199,158320000
2009-11-18,10426.2695,10432.6602,10360.0996,10426.3096,166340000
2009-11-19,10425.3301,10425.3301,10256.1104,10332.4404,196250000
2009-11-20,10327.9102,10342.7197,10271.6797,10318.1602,230430000
2009-11-23,10320.1299,10495.6104,10320.0498,10450.9502,182350000
2009-11-24,10451.2500,10453.9697,10359.5801,10433.7100,163750000
2009-11-25,10432.9600,10481.4805,10420.9404,10464.4004,130080000
2009-11-27,10452.2305,10452.2305,10231.2500,10309.9199,130290000
2009-11-30,10309.7695,10364.3398,10263.2900,10344.8398,223580000
2009-12-01,10343.8203,10501.2803,10343.4404,10471.5801,190220000
2009-12-02,10470.4404,10513.5195,10421.4697,10452.6797,159500000
2009-12-03,10455.6299,10507.6299,10350.0498,10366.1504,243970000
2009-12-04,10368.5703,10516.7002,10311.8096,10388.9004,460660000
2009-12-07,10386.8604,10443.1602,10360.1797,10390.1104,196580000
2009-12-08,10385.4199,10385.6504,10249.8398,10285.9697,221770000
2009-12-09,10282.8496,10342.2695,10235.6299,10337.0498,188610000
2009-12-10,10336.0000,10444.5996,10335.7695,10405.8301,195910000
2009-12-11,10403.4102,10484.0498,10400.0801,10471.5000,179970000
2009-12-14,10471.2803,10514.6602,10471.2803,10501.0498,154360000
2009-12-15,10499.3096,10499.3096,10426.6904,10452.0000,187560000
2009-12-16,10449.8096,10509.9697,10427.5898,10441.1201,208310000
2009-12-17,10439.9902,10440.0596,10307.9600,10308.2598,198860000
2009-12-18,10309.3896,10372.3496,10263.9004,10328.8896,480080000
2009-12-21,10330.0996,10458.0498,10329.7998,10414.1396,164470000
2009-12-22,10414.6699,10479.8203,10414.5898,10464.9297,135080000
2009-12-23,10464.3203,10492.0596,10437.7998,10466.4404,112460000
2009-12-24,10467.1201,10522.0596,10461.6797,10520.0898,52670000
2009-12-28,10517.9102,10551.6104,10506.3398,10547.0801,102010000
2009-12-29,10547.8301,10580.3301,10544.2803,10545.4102,92890000
2009-12-30,10544.3604,10550.7002,10505.6602,10548.5098,110160000
2009-12-31,10548.5098,10555.0098,10423.1299,10428.0498,137940000
2010-01-04,10430.6904,10604.9697,10430.6904,10583.9600,179780000
2010-01-05,10584.5596,10584.5596,10522.5195,10572.0195,188540000
2010-01-06,10564.7197,10594.9902,10546.5498,10573.6797,186040000
2010-01-07,10571.1104,10612.3701,10505.2100,10606.8604,217390000
2010-01-08,10606.4004,10619.4004,10554.3301,10618.1904,172710000
2010-01-11,10620.3096,10676.2305,10591.5898,10663.9902,182050000
2010-01-12,10662.8604,10663.0801,10568.8398,10627.2598,256050000
2010-01-13,10628.0898,10709.2598,10614.4902,10680.7695,202810000
2010-01-14,10680.1602,10723.7695,10666.8604,10710.5498,201320000
2010-01-15,10706.9902,10709.9404,10561.0596,10609.6504,362930000
2010-01-19,10608.3701,10729.8896,10591.9697,10725.4297,192150000
2010-01-20,10719.6904,10719.9199,10517.2998,10603.1504,203270000
2010-01-21,10603.9102,10614.9404,10374.6904,10389.8799,304290000
2010-01-22,10389.5801,10389.5801,10157.6396,10172.9805,323620000
2010-01-25,10175.0996,10256.8701,10171.7695,10196.8604,215330000
2010-01-26,10195.3496,10285.1299,10155.5996,10194.2900,217300000
2010-01-27,10194.2900,10255.0596,10104.3604,10236.1602,262170000
2010-01-28,10236.9199,10258.8301,10055.0801,10120.4600,240050000
2010-01-29,10122.0400,10239.3398,10043.7500,10067.3301,316900000
2010-02-01,10068.9902,10190.8896,10068.9102,10185.5303,198430000
2010-02-02,10186.1299,10314.8398,10173.5898,10296.8496,237140000
2010-02-03,10291.7305,10307.2002,10231.9297,10270.5498,198940000
2010-02-04,10273.1201,10273.1201,9998.0303,10002.1797,304240000
2010-02-05,10003.6904,10031.9600,9835.0898,10012.2305,308320000
2010-02-08,10005.4297,10028.5596,9904.0898,9908.3896,216270000
2010-02-09,9910.2803,10139.4297,9910.0596,10058.6396,236210000
2010-02-10,10055.4600,10085.5400,9962.9600,10038.3799,178600000
2010-02-11,10037.8496,10161.5703,9976.7100,10144.1904,194470000
2010-02-12,10137.2305,10137.3896,9983.8203,10099.1396,296510000
2010-02-16,10100.8096,10279.5400,10100.8096,10268.8096,234900000
2010-02-17,10261.4805,10320.1299,10261.4805,10309.2402,193270000
2010-02-18,10309.3896,10406.5801,10294.5098,10392.9004,185310000
2010-02-19,10387.7695,10438.5498,10339.1699,10402.3496,241750000
2010-02-22,10402.4297,10433.6396,10368.9502,10383.3799,158440000
2010-02-23,10383.1602,10411.1201,10267.8301,10282.4102,190740000
2010-02-24,10284.0000,10393.5098,10283.9297,10374.1602,181450000
2010-02-25,10366.5996,10366.6797,10185.8301,10321.0303,242550000
2010-02-26,10321.4102,10353.4502,10272.2900,10325.2598,282120000
2010-03-01,10326.0996,10413.9902,10326.0996,10403.7900,173750000
2010-03-02,10404.1602,10456.9199,10389.4297,10405.9805,217180000
2010-03-03,10406.2803,10469.5400,10376.5801,10396.7598,183290000
2010-03-04,10396.5303,10452.3799,10390.8604,10444.1396,165740000
2010-03-05,10445.1299,10571.9404,10445.0498,10566.2002,184270000
2010-03-08,10563.7803,10587.7402,10542.3896,10552.5195,171780000
2010-03-09,10552.2402,10612.5996,10533.9297,10564.3799,219860000
2010-03-10,10560.1299,10601.7900,10526.5195,10567.3301,186570000
2010-03-11,10560.9805,10611.8398,10507.1699,10611.8398,150000000
2010-03-12,10611.7695,10644.9502,10594.8398,10624.6904,166140000
2010-03-15,10623.4102,10644.1904,10570.5098,10642.1504,160570000
2010-03-16,10642.5303,10693.9902,10621.9004,10685.9805,227410000
2010-03-17,10686.3604,10767.9805,10686.3604,10733.6699,194190000
2010-03-18,10733.4404,10784.0000,10728.1504,10779.1699,153280000
2010-03-19,10780.0000,10819.9004,10694.2197,10741.9805,434190000
2010-03-22,10741.0000,10809.8496,10695.1299,10785.8896,157200000
2010-03-23,10787.1797,10893.8896,10784.7598,10888.8301,189140000
2010-03-24,10887.6201,10887.8398,10825.4199,10836.1504,195570000
2010-03-25,10837.5098,10955.4805,10834.1904,10841.2100,200330000
2010-03-26,10841.2900,10909.3799,10816.4297,10850.3604,175490000
2010-03-29,10849.2305,10916.6396,10849.2305,10895.8604,136710000
2010-03-30,10895.0195,10940.2197,10866.8301,10907.4199,148810000
2010-03-31,10907.3398,10907.4199,10832.8301,10856.6299,197060000
2010-04-01,10857.3096,10956.3896,10857.3096,10927.0703,159520000
2010-04-05,10927.4502,10988.0596,10923.9697,10973.5498,139480000
2010-04-06,10972.4902,10987.3799,10927.5195,10969.9902,159960000
2010-04-07,10961.9502,10962.6602,10845.4502,10897.5195,187000000
2010-04-08,10896.9902,10949.3604,10844.0898,10927.0703,158930000
2010-04-09,10926.9199,11000.9805,10926.9199,10997.3496,150660000
2010-04-12,10996.7500,11029.7695,10992.2100,11005.9697,153960000
2010-04-13,11006.7197,11038.9199,10947.7695,11019.4199,183950000
2010-04-14,11020.7002,11125.2197,11020.6299,11123.1104,223920000
2010-04-15,11122.9600,11154.5498,11096.2002,11144.5703,203720000
2010-04-16,11143.6602,11153.7900,10973.9199,11018.6602,373950000
2010-04-19,11018.3604,11095.2998,10977.8496,11092.0498,214850000
2010-04-20,11093.1104,11146.0801,11081.4697,11117.0596,175170000
2010-04-21,11116.9102,11153.7197,11071.3398,11124.9199,188880000
2010-04-22,11119.7803,11149.8604,11016.4004,11134.2900,214700000
2010-04-23,11132.1797,11205.6396,11105.6504,11204.2803,207380000
2010-04-26,11205.1104,11258.0098,11187.6504,11205.0303,191920000
2010-04-27,11203.6699,11218.8604,10973.1699,10991.9902,263400000
2010-04-28,10988.8701,11078.5195,10965.3799,11045.2695,236760000
2010-04-29,11045.6396,11197.3203,11041.6396,11167.3203,194310000
2010-04-30,11168.2305,11197.9297,10999.6904,11008.6104,255130000
2010-05-03,11009.5996,11177.6699,11009.5996,11151.8301,178080000
2010-05-04,11149.4805,11149.4805,10869.2500,10926.7695,242100000
2010-05-05,10918.4004,10946.7900,10814.8398,10866.8301,218830000
2010-05-06,10868.1201,10879.7598,9869.6201,10520.3203,459890000
2010-05-07,10519.4199,10579.1201,10241.2305,10380.4297,428730000
2010-05-10,10386.1797,10835.1699,10386.0303,10785.1396,313350000
2010-05-11,10780.0000,10874.5400,10685.3799,10748.2598,223950000
2010-05-12,10742.1504,10909.0801,10742.1504,10896.9102,196630000
2010-05-13,10896.6104,10920.2695,10771.6904,10782.9502,201480000
2010-05-14,10780.6797,10780.7500,10537.2500,10620.1602,256500000
2010-05-17,10616.9805,10660.9697,10436.0596,10625.8301,221910000
2010-05-18,10625.4502,10718.8604,10482.2002,10510.9502,246370000
2010-05-19,10505.7002,10522.5195,10324.6602,10444.3701,266340000
2010-05-20,10440.2100,10440.2100,10065.3604,10068.0098,360350000
2010-05-21,10063.9297,10198.5303,9918.8203,10193.3896,438220000
2010-05-24,10193.4600,10196.4102,10052.6699,10066.5703,211430000
2010-05-25,10061.4297,10061.6602,9774.4805,10043.7500,316960000
2010-05-26,10045.1104,10179.0303,9952.6797,9974.4502,316080000
2010-05-27,9971.7305,10264.2002,9971.7305,10258.9902,264770000
2010-05-28,10258.0000,10258.0000,10095.9004,10136.6299,243720000
2010-06-01,10133.9404,10218.3301,10013.9004,10024.0195,221900000
2010-06-02,10025.6104,10254.2197,10025.6104,10249.5400,200850000
2010-06-03,10250.6699,10315.2100,10175.0195,10255.2803,176870000
2010-06-04,10249.6104,10249.6904,9889.8799,9931.9697,256600000
2010-06-07,9931.7500,9982.3799,9810.2998,9816.4902,222940000
2010-06-08,9812.9404,9953.6602,9757.5498,9939.9805,259680000
2010-06-09,9941.5703,10065.1396,9867.7305,9899.2500,222680000
2010-06-10,9901.6699,10185.8301,9901.6699,10172.5303,221730000
2010-06-11,10166.7803,10215.9805,10082.7100,10211.0703,187890000
2010-06-14,10211.8301,10328.6699,10186.2100,10190.8896,177920000
2010-06-15,10192.4004,10408.3203,10192.4004,10404.7695,203170000
2010-06-16,10404.2402,10429.0303,10332.5996,10409.4600,165700000
2010-06-17,10409.9805,10441.2002,10319.2197,10434.1699,181070000
2010-06-18,10435.0000,10483.4404,10424.4902,10450.6396,338010000
2010-06-21,10452.4600,10594.1602,10395.5498,10442.4102,165190000
2010-06-22,10441.9502,10493.5703,10283.4004,10293.5195,175750000
2010-06-23,10293.2998,10368.0400,10227.2402,10298.4404,195100000
2010-06-24,10297.0801,10298.0596,10128.8496,10152.7998,244440000
2010-06-25,10153.4805,10202.9102,10081.0801,10143.8096,434500000
2010-06-28,10143.0498,10201.9297,10101.4102,10138.5195,164100000
2010-06-29,10135.7197,10135.7998,9811.9199,9870.2998,290500000
2010-06-30,9868.3398,9908.9199,9753.8398,9774.0195,235090000
2010-07-01,9773.2695,9795.4805,9621.8896,9732.5303,262820000
2010-07-02,9732.5303,9770.8701,9614.3203,9686.4805,199570000
2010-07-06,9686.4805,9858.1299,9659.0098,9743.6201,261020000
2010-07-07,9743.6201,10026.5996,9736.7002,10018.2803,219560000
2010-07-08,10019.2598,10139.8604,10019.2598,10138.9902,192210000
2010-07-09,10138.9902,10201.7695,10118.4102,10198.0303,134810000
2010-07-12,10199.2402,10220.2803,10146.4902,10216.2695,131490000
2010-07-13,10217.5498,10407.8203,10217.5498,10363.0195,179040000
2010-07-14,10370.9600,10400.0996,10303.0000,10366.7197,208530000
2010-07-15,10367.0996,10379.7402,10240.4805,10359.3096,210000000
2010-07-16,10356.2002,10356.2002,10079.5801,10097.9004,335060000
2010-07-19,10098.1201,10187.2803,10073.6797,10154.4297,176970000
2010-07-20,10151.4805,10236.4004,10007.7598,10229.9600,194410000
2010-07-21,10226.0195,10265.5400,10065.5000,10120.5303,203900000
2010-07-22,10121.8096,10363.2402,10121.8096,10322.2998,202220000
2010-07-23,10321.1602,10441.9502,10287.4805,10424.6201,200000000
2010-07-26,10424.1699,10526.7900,10414.4004,10525.4297,178820000
2010-07-27,10525.2803,10578.3301,10494.8604,10537.6904,180550000
2010-07-28,10537.0098,10548.5195,10463.2197,10497.8799,162070000
2010-07-29,10498.9404,10584.9902,10387.3896,10467.1602,202110000
2010-07-30,10465.1904,10507.1904,10347.5000,10465.9404,208160000
2010-08-02,10468.8203,10692.2002,10468.5898,10674.3799,167640000
2010-08-03,10673.9199,10676.9502,10600.9600,10636.3799,164880000
2010-08-04,10630.2002,10702.9902,10627.5303,10680.4297,173360000
2010-08-05,10679.6699,10679.7500,10612.8496,10674.9805,139610000
2010-08-06,10668.5498,10668.7002,10515.3701,10653.5596,154870000
2010-08-09,10654.6201,10719.9404,10649.4004,10698.7500,166330000
2010-08-10,10696.6299,10700.7100,10551.6201,10644.2500,203490000
2010-08-11,10631.8203,10631.9004,10367.3301,10378.8301,219330000
2010-08-12,10361.5801,10361.6504,10268.7100,10319.9502,221030000
2010-08-13,10320.3301,10354.9199,10285.4404,10303.1504,151620000
2010-08-16,10303.0703,10333.1201,10209.5303,10302.0098,146040000
2010-08-17,10297.6299,10480.4404,10297.4697,10405.8496,191340000
2010-08-18,10398.5898,10472.2998,10330.0195,10415.5400,168560000
2010-08-19,10411.1504,10411.1504,10216.1904,10271.2100,227740000
2010-08-20,10270.9805,10270.9805,10147.2402,10213.6201,251150000
2010-08-23,10215.5098,10304.7002,10170.2900,10174.4102,173000000
2010-08-24,10173.0498,10173.0498,9991.1797,10040.4502,223680000
2010-08-25,10040.1504,10097.4004,9937.9805,10060.0596,183890000
2010-08-26,10059.9004,10104.7100,9968.0996,9985.8096,176330000
2010-08-27,9982.1797,10159.8799,9936.6201,10150.6504,207760000
2010-08-30,10145.5801,10150.5703,10007.6797,10009.7305,150480000
2010-08-31,10006.4199,10073.3799,9941.8398,10014.7197,255420000
2010-09-01,10016.0098,10279.0801,10016.0098,10269.4697,205710000
2010-09-02,10270.0801,10320.3701,10253.9600,10320.0996,149930000
2010-09-03,10321.9199,10451.1504,10321.8398,10447.9297,168600000
2010-09-07,10446.7998,10446.7998,10332.4004,10340.6904,149040000
2010-09-08,10338.4902,10426.7002,10335.6904,10387.0098,166760000
2010-09-09,10388.1396,10476.6201,10386.6299,10415.2402,163590000
2010-09-10,10415.0098,10471.2803,10403.1699,10462.7695,140320000
2010-09-13,10458.5996,10567.5898,10458.5996,10544.1299,190720000
2010-09-14,10544.7305,10588.3203,10499.7002,10526.4902,192410000
2010-09-15,10526.4199,10587.7998,10480.7803,10572.7305,167420000
2010-09-16,10571.7500,10603.6904,10522.4805,10594.8301,170300000
2010-09-17,10595.5498,10650.1602,10567.3604,10607.8496,367230000
2010-09-20,10608.0801,10774.1299,10608.0801,10753.6201,157120000
2010-09-21,10753.3896,10833.3896,10717.7402,10761.0303,186740000
2010-09-22,10761.1104,10805.3799,10708.4004,10739.3096,168590000
2010-09-23,10738.4805,10761.9404,10640.9199,10662.4199,156830000
2010-09-24,10664.3896,10865.7803,10664.3096,10860.2598,179270000
2010-09-27,10860.0303,10873.2002,10809.6201,10812.0400,143910000
2010-09-28,10809.1699,10886.2100,10728.6396,10858.1396,167110000
2010-09-29,10857.9805,10869.2598,10798.8799,10835.2803,158830000
2010-09-30,10836.0400,10948.8799,10745.4404,10788.0498,214540000
2010-10-01,10789.7197,10866.5400,10780.6396,10829.6797,161890000
2010-10-04,10828.8496,10853.7100,10711.1201,10751.2695,160370000
2010-10-05,10752.7803,10965.6104,10752.6299,10944.7197,216240000
2010-10-06,10936.7900,10974.1602,10918.5703,10967.6504,163440000
2010-10-07,10968.4102,10998.5303,10892.7598,10948.5801,141920000
2010-10-08,10948.5000,11032.1699,10929.2803,11006.4805,152280000
2010-10-11,11006.9297,11030.5000,10977.9004,11010.3398,114830000
2010-10-12,11010.7900,11053.2100,10913.8398,11020.4004,155150000
2010-10-13,11022.8203,11155.2305,11022.0703,11096.0801,224920000
2010-10-14,11096.9902,11112.2002,11023.5400,11094.5703,196170000
2010-10-15,11096.0098,11141.1904,11010.6797,11062.7803,319210000
2010-10-18,11062.6299,11159.0498,11054.7598,11143.6904,190290000
2010-10-19,11139.5996,11139.5996,10917.6201,10978.6201,247640000
2010-10-20,10974.5195,11152.8799,10970.8896,11107.9697,220140000
2010-10-21,11105.2402,11213.5400,11066.1904,11146.5703,178060000
2010-10-22,11146.4102,11159.0498,11109.2500,11132.5596,104570000
2010-10-25,11133.4004,11247.5996,11132.3398,11164.0498,168110000
2010-10-26,11163.1396,11184.8203,11087.0000,11169.4600,159040000
2010-10-27,11168.4004,11168.4004,11020.8203,11126.2803,167080000
2010-10-28,11127.3398,11179.3398,11052.5996,11113.9502,156250000
2010-10-29,11120.4502,11131.0098,11075.7998,11118.4902,189650000
2010-11-01,11120.2998,11244.2695,11062.3301,11124.6201,150130000
2010-11-02,11125.2197,11219.5195,11125.2197,11188.7197,150390000
2010-11-03,11184.8799,11226.6396,11097.3701,11215.1299,177580000
2010-11-04,11216.6504,11440.3701,11216.6504,11434.8398,234680000
2010-11-05,11435.2197,11451.5303,11393.5195,11444.0801,211670000
2010-11-08,11439.5400,11439.6104,11362.5303,11406.8398,143990000
2010-11-09,11403.5898,11421.1396,11303.1904,11346.7500,161910000
2010-11-10,11342.8096,11366.1602,11255.0195,11357.0400,164170000
2010-11-11,11326.6904,11326.7695,11231.2197,11283.0996,296660000
2010-11-12,11281.2803,11283.7002,11143.8398,11192.5801,217650000
2010-11-15,11194.0195,11280.9004,11189.0996,11201.9697,155660000
2010-11-16,11194.7002,11194.7002,10978.9297,11023.5000,254570000
2010-11-17,11017.8301,11042.1602,10990.8096,11007.8799,160250000
2010-11-18,11010.4902,11199.6904,11010.3398,11181.2305,171770000
2010-11-19,11180.7695,11206.1699,11119.2402,11203.5498,219400000
2010-11-22,11201.6602,11206.0498,11054.5303,11178.5801,152850000
2010-11-23,11177.5996,11180.1699,10992.1699,11036.3701,192820000
2010-11-24,11037.3496,11195.9902,11037.3496,11187.2803,138280000
2010-11-26,11183.5000,11183.5000,11067.1699,11091.8701,68400000
2010-11-29,11083.7500,11083.8203,10929.2803,11052.4902,151530000
2010-11-30,11049.7197,11062.6299,10942.9805,11006.0195,233770000
2010-12-01,11007.2305,11276.0996,11007.2305,11255.7803,202520000
2010-12-02,11255.9297,11373.7998,11255.8496,11362.4102,212090000
2010-12-03,11361.8799,11388.8701,11318.8203,11382.0898,149440000
2010-12-06,11381.3301,11392.0801,11350.2695,11362.1904,122240000
2010-12-07,11363.8496,11450.8896,11354.0898,11359.1602,175720000
2010-12-08,11354.4502,11389.0898,11327.4902,11372.4805,152510000
2010-12-09,11370.4404,11413.3496,11331.5000,11370.0596,167970000
2010-12-10,11370.0596,11413.6904,11357.7197,11410.3203,151820000
2010-12-13,11406.1602,11480.0303,11405.3301,11428.5596,151190000
2010-12-14,11429.2402,11514.0801,11428.9404,11476.5400,149860000
2010-12-15,11475.6396,11519.0400,11445.6699,11457.4697,189670000
2010-12-16,11457.9297,11514.8398,11421.2998,11499.2500,163040000
2010-12-17,11499.0195,11503.1797,11451.0000,11491.9102,358300000
2010-12-20,11491.2998,11517.0703,11442.6797,11478.1299,125360000
2010-12-21,11478.3604,11549.1201,11478.2900,11533.1602,119420000
2010-12-22,11532.1699,11566.9902,11528.0801,11559.4902,122040000
2010-12-23,11559.1104,11580.8398,11542.6201,11573.4902,100840000
2010-12-27,11572.8096,11573.1904,11518.4404,11555.0303,76820000
2010-12-28,11554.7998,11591.1299,11541.1396,11575.5400,114100000
2010-12-29,11572.7402,11625.0000,11572.6602,11585.3799,77800000
2010-12-30,11585.3799,11594.3799,11551.9297,11569.7100,76820000
2010-12-31,11569.3301,11597.4102,11530.3203,11577.5098,93330000
2011-01-03,11577.4297,11711.4697,11577.3496,11670.7500,203420000
2011-01-04,11670.9004,11698.2197,11635.7402,11691.1797,178630000
2011-01-05,11688.6104,11742.6797,11652.8896,11722.8896,169990000
2011-01-06,11716.9297,11736.7402,11667.4600,11697.3096,193080000
2011-01-07,11696.8604,11726.9404,11599.6797,11674.7598,188720000
2011-01-10,11672.3398,11677.3301,11573.8701,11637.4502,150340000
2011-01-11,11638.5098,11704.1201,11635.4805,11671.8799,157440000
2011-01-12,11673.6201,11782.2305,11673.6201,11755.4404,144960000
2011-01-13,11753.7002,11757.2500,11700.5303,11731.9004,161660000
2011-01-14,11732.1299,11794.1504,11698.8301,11787.3799,200770000
2011-01-18,11783.8203,11858.7803,11777.9902,11837.9297,203390000
2011-01-19,11834.2100,11861.2402,11798.4600,11825.2900,166250000
2011-01-20,11823.7002,11845.1602,11744.7695,11822.7998,180800000
2011-01-21,11822.9502,11905.4805,11822.7998,11871.8398,249480000
2011-01-24,11873.4297,11982.9404,11867.9805,11980.5195,184000000
2011-01-25,11980.5195,11985.9697,11898.7402,11977.1904,191950000
2011-01-26,11978.8496,12020.5195,11961.8301,11985.4404,168320000
2011-01-27,11985.3604,12019.5303,11971.9297,11989.8301,167770000
2011-01-28,11990.3604,12012.4199,11803.0400,11823.7002,214170000
2011-01-31,11824.3896,11891.9297,11817.8799,11891.9297,206580000
2011-02-01,11892.5000,12050.7500,11892.5000,12040.1602,180890000
2011-02-02,12038.2695,12057.9102,12018.5098,12041.9697,143440000
2011-02-03,12040.6797,12080.5400,11981.0498,12062.2598,143710000
2011-02-04,12061.7305,12092.4199,12025.7803,12092.1504,121780000
2011-02-07,12092.3799,12188.7598,12092.2998,12161.6299,132960000
2011-02-08,12152.7002,12238.7900,12150.0498,12233.1504,126650000
2011-02-09,12229.2900,12254.2305,12188.1904,12239.8896,162910000
2011-02-10,12239.6602,12239.6602,12156.9404,12229.2900,274440000
2011-02-11,12227.7803,12285.9404,12180.4805,12273.2598,184290000
2011-02-14,12266.8301,12276.2100,12235.9102,12268.1904,146350000
2011-02-15,12266.7500,12267.6602,12193.2695,12226.6396,142580000
2011-02-16,12219.7900,12303.1602,12219.7900,12288.1699,146270000
2011-02-17,12287.7197,12331.3096,12253.2402,12318.1396,130860000
2011-02-18,12318.6699,12391.2900,12303.2305,12391.2500,230040000
2011-02-22,12389.7402,12389.8203,12176.3096,12212.7900,201860000
2011-02-23,12211.8096,12221.1201,12063.4297,12105.7803,213490000
2011-02-24,12104.5596,12129.6201,11983.1699,12068.5000,190860000
2011-02-25,12060.9297,12151.0303,12060.9297,12130.4502,147540000
2011-02-28,12130.4502,12235.0400,12130.1504,12226.3398,199560000
2011-03-01,12226.4902,12261.3799,12054.9902,12058.0195,183240000
2011-03-02,12057.3398,12115.1201,12018.6299,12066.7998,147270000
2011-03-03,12068.0098,12283.0996,12068.0098,12258.2002,157840000
2011-03-04,12258.8799,12271.3701,12079.5098,12169.8799,166700000
2011-03-07,12171.0898,12243.4404,12041.5996,12090.0303,176200000
2011-03-08,12085.8701,12251.2002,12072.2100,12214.3799,158610000
2011-03-09,12211.1602,12257.8203,12156.5996,12213.0898,128360000
2011-03-10,12211.4297,12211.4297,11974.3896,11984.6104,180660000
2011-03-11,11976.9600,12087.0098,11936.3203,12044.4004,143670000
2011-03-14,12042.1299,12042.1299,11897.3096,11993.1602,163000000
2011-03-15,11988.6904,11988.6904,11696.2500,11855.4199,221930000
2011-03-16,11854.2002,11856.7002,11555.4805,11613.2998,254070000
2011-03-17,11614.8896,11800.5400,11614.8203,11774.5898,182260000
2011-03-18,11777.2305,11927.0898,11777.2305,11858.5195,355050000
2011-03-21,11860.1104,12078.2998,11860.1104,12036.5303,143390000
2011-03-22,12036.3701,12050.9805,12002.8496,12018.6299,115660000
2011-03-23,12018.4004,12116.1396,11972.6104,12086.0195,133940000
2011-03-24,12087.5400,12191.1797,12087.5400,12170.5596,131610000
2011-03-25,12170.7100,12259.7900,12170.7100,12220.5898,129790000
2011-03-28,12221.1904,12272.9199,12197.8799,12197.8799,123070000
2011-03-29,12194.4805,12285.4102,12173.5098,12279.0098,129030000
2011-03-30,12280.0703,12383.4600,12280.0703,12350.6104,140340000
2011-03-31,12350.7598,12381.6797,12319.0098,12319.7305,186140000
2011-04-01,12321.0195,12419.7100,12321.0195,12376.7197,147600000
2011-04-04,12374.5996,12407.4102,12369.1504,12400.0303,114660000
2011-04-05,12402.0801,12438.1396,12353.3398,12393.9004,142340000
2011-04-06,12386.6602,12450.9297,12386.6602,12426.7500,182350000
2011-04-07,12426.4502,12440.5596,12328.3604,12409.4902,158590000
2011-04-08,12409.8701,12450.3604,12320.7197,12380.0498,122820000
2011-04-11,12380.4297,12444.0000,12352.8799,12381.1104,109950000
2011-04-12,12381.1904,12381.1904,12233.0000,12263.5801,137260000
2011-04-13,12263.6504,12335.0996,12224.4502,12270.9902,118950000
2011-04-14,12270.2402,12305.5801,12163.8604,12285.1504,140670000
2011-04-15,12285.4502,12369.2695,12272.5801,12341.8301,234710000
2011-04-18,12339.7100,12339.7900,12093.8896,12201.5898,190220000
2011-04-19,12201.4404,12275.3398,12200.2998,12266.7500,149870000
2011-04-20,12266.7500,12475.5303,12263.5801,12453.5400,203900000
2011-04-21,12453.6201,12506.0596,12447.5596,12505.9902,166630000
2011-04-25,12505.9902,12506.2197,12446.0498,12479.8799,128660000
2011-04-26,12480.8604,12613.1602,12478.1396,12595.3701,183980000
2011-04-27,12592.2305,12708.3701,12588.3301,12690.9600,160550000
2011-04-28,12689.9004,12776.1396,12674.5400,12763.3096,148760000
2011-04-29,12763.4600,12832.8301,12751.1299,12810.5400,378620000
2011-05-02,12810.1602,12876.0000,12784.6201,12807.3604,150960000
2011-05-03,12806.3799,12840.6602,12749.9902,12807.5098,191510000
2011-05-04,12806.2900,12806.6797,12673.0195,12723.5801,193720000
2011-05-05,12723.6504,12724.5596,12521.2803,12584.1699,176950000
2011-05-06,12580.7598,12759.2305,12579.9297,12638.7402,168320000
2011-05-09,12637.8301,12722.0703,12620.2002,12684.6797,133940000
2011-05-10,12685.1299,12781.0596,12681.6504,12760.3604,156000000
2011-05-11,12745.8701,12748.2100,12577.2100,12630.0303,200680000
2011-05-12,12629.9600,12718.5801,12537.1699,12695.9199,216510000
2011-05-13,12695.6504,12714.5000,12543.1904,12595.7500,169940000
2011-05-16,12594.7695,12642.9004,12530.8096,12548.3701,192310000
2011-05-17,12541.3301,12541.3301,12378.8398,12479.5801,192830000
2011-05-18,12471.7803,12571.1504,12443.0996,12560.1797,175120000
2011-05-19,12561.4600,12633.5898,12533.4600,12605.3203,158470000
2011-05-20,12604.7197,12604.8301,12485.8604,12512.0400,174980000
2011-05-23,12511.3604,12511.3604,12331.7695,12381.2598,150720000
2011-05-24,12381.5703,12422.5498,12350.0400,12356.2100,145920000
2011-05-25,12355.4502,12440.0303,12309.5195,12394.6602,145750000
2011-05-26,12391.6299,12441.5801,12317.9199,12402.7598,149070000
2011-05-27,12398.0596,12483.8096,12397.6904,12441.5801,126030000
2011-05-31,12443.4004,12574.2900,12443.4004,12569.7900,208290000
2011-06-01,12569.4102,12569.4902,12282.4199,12290.1396,183020000
2011-06-02,12289.6104,12306.7100,12190.5400,12248.5498,156370000
2011-06-03,12247.7998,12247.8701,12104.0303,12151.2598,157740000
2011-06-06,12151.1904,12151.4902,12070.6602,12089.9600,166600000
2011-06-07,12090.1797,12178.8896,12066.6104,12070.8096,162610000
2011-06-08,12066.2695,12098.3604,12024.2598,12048.9404,156870000
2011-06-09,12049.4697,12183.1201,12049.0898,12124.3604,149700000
2011-06-10,12124.1699,12124.8496,11937.4199,11951.9102,178310000
2011-06-13,11945.3301,12011.6602,11917.7803,11952.9697,153370000
2011-06-14,11951.3799,12120.7998,11951.3799,12076.1104,159620000
2011-06-15,12075.1201,12075.2002,11862.5303,11897.2695,182500000
2011-06-16,11896.1299,11990.0195,11875.7695,11961.5195,189500000
2011-06-17,11962.6602,12072.8896,11962.5098,12004.3604,342010000
2011-06-20,12004.2803,12099.8701,11971.2900,12080.3799,127250000
2011-06-21,12081.3301,12217.3301,12081.1797,12190.0098,147570000
2011-06-22,12189.7100,12207.9902,12105.8496,12109.6699,125330000
2011-06-23,12108.3496,12108.7305,11874.9404,12050.0000,206760000
2011-06-24,12049.2402,12057.1904,11925.4199,11934.5801,279660000
2011-06-27,11934.6602,12098.8096,11934.0498,12043.5596,177920000
2011-06-28,12043.5596,12190.4297,12042.2803,12188.6904,135050000
2011-06-29,12187.6299,12284.3896,12175.8604,12261.4199,158720000
2011-06-30,12262.2500,12427.0898,12262.0996,12414.3398,179980000
2011-07-01,12414.3398,12596.1299,12404.0801,12582.7695,141870000
2011-07-05,12569.8701,12601.7998,12540.5801,12569.8701,123000000
2011-07-06,12562.4697,12643.2402,12539.2100,12626.0195,132330000
2011-07-07,12627.2305,12753.8896,12627.2305,12719.4902,153740000
2011-07-08,12717.9004,12717.9004,12567.4102,12657.2002,131150000
2011-07-11,12655.6201,12655.8398,12470.2998,12505.7598,133250000
2011-07-12,12505.5400,12570.5801,12446.8799,12446.8799,162640000
2011-07-13,12447.3301,12611.0400,12447.3301,12491.6104,139970000
2011-07-14,12491.5303,12581.9805,12414.4102,12437.1201,140810000
2011-07-15,12437.1201,12504.8203,12406.0898,12479.7305,215420000
2011-07-18,12475.1104,12475.2598,12296.2305,12385.1602,148950000
2011-07-19,12386.0303,12607.5596,12385.9600,12587.4199,167550000
2011-07-20,12583.6797,12603.5098,12546.5596,12571.9102,140340000
2011-07-21,12567.0703,12751.4297,12566.6104,12724.4102,188410000
2011-07-22,12724.7100,12740.8701,12644.1904,12681.1602,136760000
2011-07-25,12679.7197,12679.9502,12536.1904,12592.7998,128760000
2011-07-26,12592.1201,12593.4004,12489.0400,12501.2998,145140000
2011-07-27,12498.4199,12498.6504,12289.6904,12302.5498,182770000
2011-07-28,12301.7197,12384.9004,12226.8301,12240.1104,148710000
2011-07-29,12239.3604,12243.0703,12083.4502,12143.2402,230910000
2011-08-01,12144.2197,12282.4199,11998.0801,12132.4902,182820000
2011-08-02,12129.7695,12130.2998,11865.5596,11866.6201,207060000
2011-08-03,11863.7402,11904.9102,11700.3398,11896.4404,198220000
2011-08-04,11893.8604,11893.9404,11372.1396,11383.6797,300760000
2011-08-05,11383.9805,11555.4102,11139.0000,11444.6104,406310000
2011-08-08,11433.9297,11434.0898,10809.8496,10809.8496,479980000
2011-08-09,10810.9102,11244.0098,10604.0703,11239.7695,431410000
2011-08-10,11228.0000,11228.0000,10686.4902,10719.9404,396300000
2011-08-11,10729.8496,11278.9004,10729.8496,11143.3096,393190000
2011-08-12,11143.4600,11346.6699,11142.1797,11269.0195,228030000
2011-08-15,11269.8496,11484.5996,11269.8496,11482.9004,188120000
2011-08-16,11480.4805,11488.0098,11292.6299,11405.9297,187800000
2011-08-17,11392.0098,11529.6699,11322.2998,11410.2100,171280000
2011-08-18,11406.2695,11406.5000,10881.5996,10990.5801,308520000
2011-08-19,10989.7500,11086.4004,10801.4102,10817.6504,336370000
2011-08-22,10820.3701,11020.5498,10820.3701,10854.6504,226720000
2011-08-23,10854.5801,11176.8398,10854.4297,11176.7598,244130000
2011-08-24,11175.7803,11331.5703,11113.0400,11320.7100,227380000
2011-08-25,11321.0195,11406.3896,11106.7598,11149.8203,255050000
2011-08-26,11149.8203,11326.4297,10929.2002,11284.5400,244410000
2011-08-29,11286.6504,11541.7803,11286.5801,11539.2500,177540000
2011-08-30,11532.1299,11630.0703,11429.3896,11559.9502,182090000
2011-08-31,11560.4805,11712.5996,11528.0801,11613.5303,229740000
2011-09-01,11613.2998,11716.8398,11488.4600,11493.5703,178110000
2011-09-02,11492.0596,11492.1396,11211.3496,11240.2598,174660000
2011-09-06,11237.3096,11237.4600,10932.5303,11139.2998,217420000
2011-09-07,11137.6299,11414.8604,11137.6299,11414.8604,166320000
2011-09-08,11414.8604,11477.2998,11283.7402,11295.8096,173040000
2011-09-09,11294.5996,11294.8301,10935.6396,10992.1299,228170000
2011-09-12,10990.0098,11062.0303,10824.7598,11061.1201,197160000
2011-09-13,11054.9902,11140.8496,10987.1797,11105.8496,189980000
2011-09-14,11106.8301,11386.7803,10993.8398,11246.7305,192600000
2011-09-15,11247.7197,11433.4004,11247.4902,11433.1797,172080000
2011-09-16,11433.7100,11532.4697,11407.4102,11509.0898,425900000
2011-09-19,11506.8203,11506.8203,11255.2500,11401.0098,157580000
2011-09-20,11401.4697,11550.2197,11373.9199,11408.6602,157060000
2011-09-21,11408.5801,11447.8604,11117.2803,11124.8398,221860000
2011-09-22,11121.8896,11122.1201,10597.1396,10733.8301,306170000
2011-09-23,10732.7695,10808.4902,10638.7305,10771.4805,223140000
2011-09-26,10771.7803,11057.4902,10771.7803,11043.8604,225620000
2011-09-27,11045.2305,11369.2998,11045.2305,11190.6904,212700000
2011-09-28,11189.0996,11317.0801,10996.9805,11010.9004,172410000
2011-09-29,11012.7900,11271.1396,10965.4502,11153.9805,191340000
2011-09-30,11152.3203,11152.3896,10909.5195,10913.3799,213200000
2011-10-03,10912.0996,10979.1904,10653.3398,10655.2998,242870000
2011-10-04,10651.4404,10825.4404,10404.4902,10808.7100,267440000
2011-10-05,10800.4697,10950.8896,10738.0996,10939.9502,226440000
2011-10-06,10939.8701,11132.5996,10858.6699,11123.3301,190030000
2011-10-07,11123.4102,11232.0498,11051.1299,11103.1201,188080000
2011-10-10,11104.5596,11433.3301,11104.5596,11433.1797,144270000
2011-10-11,11432.7998,11447.8604,11365.6699,11416.2998,133360000
2011-10-12,11417.3604,11625.2998,11417.2803,11518.8496,188130000
2011-10-13,11518.0898,11518.0898,11377.8203,11478.1299,143990000
2011-10-14,11478.9697,11646.8301,11478.6602,11644.4902,133570000
2011-10-17,11643.3496,11643.3496,11378.3496,11397.0000,140360000
2011-10-18,11396.1699,11652.7402,11296.1201,11577.0498,201410000
2011-10-19,11577.5400,11633.7002,11469.1699,11504.6201,169580000
2011-10-20,11502.1299,11581.2500,11391.1396,11541.7803,166100000
2011-10-21,11543.2197,11812.4600,11542.8398,11808.7900,264000000
2011-10-24,11807.9600,11940.7500,11805.7695,11913.6201,161870000
2011-10-25,11912.6299,11912.8604,11682.5195,11706.6201,161450000
2011-10-26,11707.7598,11891.2100,11694.3604,11869.0400,183730000
2011-10-27,11872.0703,12284.3096,11872.0703,12208.5498,251640000
2011-10-28,12207.3398,12251.9199,12164.2402,12231.1104,163620000
2011-10-31,12229.2197,12229.2900,11954.4102,11955.0098,185790000
2011-11-01,11951.5303,11951.7598,11630.0303,11657.9600,218290000
2011-11-02,11658.4902,11876.8301,11658.4902,11836.0400,154140000
2011-11-03,11835.5898,12065.9297,11835.4297,12044.4697,158170000
2011-11-04,12043.4102,12043.4902,11850.3096,11983.2402,126150000
2011-11-07,11983.0195,12074.4404,11880.6904,12068.3896,122110000
2011-11-08,12055.5195,12187.5098,12002.1699,12170.1797,144950000
2011-11-09,12166.4004,12166.4004,11736.9297,11780.9404,180200000
2011-11-10,11780.0303,11961.1396,11779.8799,11893.8604,165250000
2011-11-11,11896.2803,12179.7197,11896.2803,12153.6797,134520000
2011-11-14,12153.0000,12170.5596,12027.0303,12078.9805,119610000
2011-11-15,12077.9199,12165.1104,12001.2598,12096.1602,14510000
2011-11-16,12084.7402,12109.0303,11890.5703,11905.5898,166220000
2011-11-17,11905.6699,11948.4297,11676.3496,11770.7305,169830000
2011-11-18,11768.9805,11854.8096,11755.8203,11796.1602,181240000
2011-11-21,11795.5498,11795.7002,11454.0703,11547.3096,170960000
2011-11-22,11542.3896,11571.7500,11433.9697,11493.7197,148570000
2011-11-23,11492.7402,11492.8203,11257.5498,11257.5498,152220000
2011-11-25,11251.8799,11361.4697,11231.4297,11231.6504,87480000
2011-11-28,11232.4697,11562.0996,11232.1602,11523.0098,204950000
2011-11-29,11523.0098,11624.0098,11517.0400,11555.6299,156950000
2011-11-30,11559.2695,12045.6797,11559.2695,12045.6797,286790000
2011-12-01,12046.2100,12062.6396,11974.6201,12020.0303,143700000
2011-12-02,12022.3701,12146.6797,12007.1201,12019.4199,150110000
2011-12-05,12021.5400,12186.5303,12021.4600,12097.8301,153830000
2011-12-06,12097.7500,12215.7100,12076.7100,12150.1299,145920000
2011-12-07,12144.4102,12257.6699,12060.3701,12196.3701,168440000
2011-12-08,12195.9102,12195.9102,11966.2197,11997.7002,165880000
2011-12-09,11996.0303,12212.8301,11995.5098,12184.2598,154250000
2011-12-12,12181.0801,12181.3799,11940.8604,12021.3896,149050000
2011-12-13,12018.6602,12147.7002,11904.3799,11954.9404,171910000
2011-12-14,11949.7197,11950.0195,11786.4697,11823.4805,161240000
2011-12-15,11825.2900,11967.8398,11825.2197,11868.8096,136930000
2011-12-16,11870.2500,11968.1797,11819.3096,11866.3896,389520000
2011-12-19,11866.5400,11925.8799,11735.1904,11766.2598,135170000
2011-12-20,11769.2100,12117.1299,11768.8301,12103.5801,165180000
2011-12-21,12103.5801,12119.7002,11999.4404,12107.7402,163250000
2011-12-22,12107.5898,12182.7100,12107.3701,12169.6504,151610000
2011-12-23,12169.8799,12297.4404,12169.7998,12294.0000,80420000
2011-12-27,12293.4697,12328.4697,12269.9697,12291.3496,95980000
2011-12-28,12288.8496,12299.1104,12140.1699,12151.4102,84010000
2011-12-29,12152.3203,12293.9600,12152.0898,12287.0400,8410000
2011-12-30,12286.2803,12290.0596,12213.7803,12217.5596,96670000
2012-01-03,12221.1904,12479.6504,12221.1904,12397.3799,152560000
2012-01-04,12392.4600,12430.0000,12337.2500,12418.4199,145130000
2012-01-05,12418.4199,12435.9805,12283.9004,12415.7002,158440000
2012-01-06,12407.4502,12415.2402,12332.4102,12359.9199,131120000
2012-01-09,12359.3096,12409.0801,12333.8496,12392.6904,122200000
2012-01-10,12394.5098,12514.6904,12394.5098,12462.4697,141230000
2012-01-11,12459.5195,12462.5801,12399.0098,12449.4502,130260000
2012-01-12,12449.9102,12483.7002,12385.0801,12471.0195,128230000
2012-01-13,12469.9600,12470.1201,12311.7900,12422.0596,161470000
2012-01-17,12423.1201,12573.6504,12423.1201,12482.0703,148670000
2012-01-18,12474.6904,12582.2803,12453.2002,12578.9502,154170000
2012-01-19,12578.1904,12625.7998,12563.5801,12623.9805,148030000
2012-01-20,12623.8301,12720.4805,12620.7598,12720.4805,255110000
2012-01-23,12720.2500,12764.4902,12665.8301,12708.8203,149860000
2012-01-24,12708.3701,12708.5195,12613.5400,12675.7500,125420000
2012-01-25,12673.6299,12778.2598,12580.1201,12758.8496,135430000
2012-01-26,12756.9600,12841.9502,12695.1602,12734.6299,130840000
2012-01-27,12733.9502,12733.9502,12630.7197,12660.4600,164410000
2012-01-30,12659.1699,12659.3203,12529.4102,12653.7197,130430000
2012-01-31,12654.7803,12720.0996,12567.3301,12632.9102,168070000
2012-02-01,12632.7598,12784.6201,12632.7598,12716.4600,143500000
2012-02-02,12716.5400,12741.8896,12676.0498,12705.4102,114360000
2012-02-03,12705.0400,12869.9502,12704.9600,12862.2305,142840000
2012-02-06,12860.7197,12860.7900,12793.4297,12845.1299,108040000
2012-02-07,12844.3701,12903.7100,12782.5703,12878.2002,116150000
2012-02-08,12865.7900,12893.6396,12817.6904,12883.9502,138250000
2012-02-09,12884.4102,12924.7100,12846.4102,12890.4600,157080000
2012-02-10,12889.5498,12889.6299,12743.5596,12801.2305,123620000
2012-02-13,12799.1104,12887.9297,12799.1104,12874.0400,112240000
2012-02-14,12871.7695,12878.8799,12786.9297,12878.2803,120050000
2012-02-15,12864.6504,12899.4697,12753.6201,12780.9502,127560000
2012-02-16,12779.8096,12914.0000,12779.5801,12904.0801,134450000
2012-02-17,12903.3301,12967.9199,12903.2500,12949.8701,234650000
2012-02-21,12949.3398,13005.0400,12926.1104,12965.6904,164780000
2012-02-22,12966.2197,12977.9102,12914.8301,12938.6699,124200000
2012-02-23,12937.0801,12996.0801,12882.6699,12984.6904,120480000
2012-02-24,12981.2002,13013.8203,12950.5898,12982.9502,89440000
2012-02-27,12981.1299,13027.5195,12882.5898,12981.5098,143530000
2012-02-28,12976.7402,13021.5098,12952.8203,13005.1201,114490000
2012-02-29,13005.4199,13055.7500,12929.6602,12952.0703,182460000
2012-03-01,12952.2900,13032.6699,12943.0596,12980.2998,139670000
2012-03-02,12980.7500,12997.5098,12927.7695,12977.5703,93900000
2012-03-05,12977.3398,12977.3398,12883.9102,12962.8096,108630000
2012-03-06,12958.6504,12958.7305,12734.8604,12759.1504,142330000
2012-03-07,12756.1201,12857.7305,12751.5098,12837.3301,175110000
2012-03-08,12835.5303,12937.1904,12835.5303,12907.9404,103530000
2012-03-09,12908.6201,12968.7900,12906.4297,12922.0195,103240000
2012-03-12,12920.5801,12976.3604,12919.9805,12959.7100,100000000
2012-03-13,12953.2002,13180.4004,12953.1299,13177.6797,163130000
2012-03-14,13177.1504,13221.2695,13166.2500,13194.0996,163610000
2012-03-15,13192.9697,13253.5098,13170.1904,13252.7598,161650000
2012-03-16,13253.5098,13289.0801,13231.4502,13232.6201,392620000
2012-03-19,13231.9404,13269.7100,13208.6299,13239.1299,147120000
2012-03-20,13238.4502,13238.4502,13123.3799,13170.1904,131660000
2012-03-21,13170.7900,13190.0195,13112.9297,13124.6201,124860000
2012-03-22,13124.4004,13124.4697,13017.4199,13046.1396,122060000
2012-03-23,13045.9902,13099.9102,13002.7695,13080.7305,129930000
2012-03-26,13082.6201,13243.8604,13082.3896,13241.6299,122080000
2012-03-27,13242.0898,13264.9805,13194.3301,13197.7305,129280000
2012-03-28,13195.3896,13212.6396,13069.2598,13126.2100,141540000
2012-03-29,13125.9902,13151.5703,13032.6699,13145.8203,136250000
2012-03-30,13147.9404,13224.4902,13147.7803,13212.0400,171190000
2012-04-02,13211.3604,13297.1104,13153.6904,13264.4902,108790000
2012-04-03,13258.9600,13265.3604,13131.2100,13199.5498,123980000
2012-04-04,13198.1904,13198.1904,13020.8604,13074.7500,125000000
2012-04-05,13067.1797,13088.1104,13012.4600,13060.1396,109530000
2012-04-09,13057.5703,13057.7197,12903.7803,12929.5898,105580000
2012-04-10,12929.4404,12929.5898,12710.5596,12715.9297,159290000
2012-04-11,12716.9199,12844.8203,12716.9199,12805.3896,125210000
2012-04-12,12806.4502,12986.9600,12806.2998,12986.5801,119780000
2012-04-13,12986.2002,12986.3496,12845.2803,12849.5898,140990000
2012-04-16,12850.8799,12986.7695,12850.7998,12921.4102,120990000
2012-04-17,12921.7900,13131.3604,12921.7900,13115.5400,115320000
2012-04-18,13114.5596,13114.5596,13027.4902,13032.7500,113520000
2012-04-19,13028.7305,13080.2002,12896.8203,12964.0996,139810000
2012-04-20,12964.4805,13082.5400,12964.2500,13029.2598,212080000
2012-04-23,13028.2002,13028.2002,12845.5801,12927.1699,139370000
2012-04-24,12927.7695,13050.2998,12926.4902,13001.5596,134110000
2012-04-25,12997.6904,13105.7002,12993.5996,13090.7197,135260000
2012-04-26,13090.1104,13227.8203,13075.9600,13204.6201,107570000
2012-04-27,13204.7002,13266.6797,13192.2100,13228.3096,110850000
2012-04-30,13228.3096,13228.7598,13176.0098,13213.6299,127870000
2012-05-01,13214.1602,13338.6602,13174.6504,13279.3203,123400000
2012-05-02,13278.1104,13278.1104,13192.2100,13268.5703,100770000
2012-05-03,13267.5898,13284.0898,13175.6396,13206.5898,102090000
2012-05-04,13204.6201,13205.0000,13022.3398,13038.2695,113790000
2012-05-07,13035.8496,13049.0898,12970.0000,13008.5303,110080000
2012-05-08,13000.7305,13000.7305,12810.3896,12932.0898,138620000
2012-05-09,12921.8096,12921.8096,12748.4805,12835.0596,147460000
2012-05-10,12831.5801,12931.7100,12820.2998,12855.0400,151650000
2012-05-11,12851.7900,12918.0098,12779.2803,12820.5996,148370000
2012-05-14,12818.4902,12818.8604,12661.4805,12695.3496,143190000
2012-05-15,12695.0498,12758.4297,12608.1602,12632.0000,156060000
2012-05-16,12617.3203,12722.6299,12597.3398,12598.5498,143130000
2012-05-17,12598.3203,12611.4199,12440.5195,12442.4902,147430000
2012-05-18,12443.0195,12492.9697,12336.7598,12369.3799,240720000
2012-05-21,12369.1504,12508.1104,12367.7197,12504.4805,142110000
2012-05-22,12505.3799,12575.9600,12447.3301,12502.8096,133650000
2012-05-23,12501.5195,12508.2998,12311.5596,12496.1504,152190000
2012-05-24,12491.9102,12539.5898,12419.6299,12529.7500,126810000
2012-05-25,12530.7402,12533.1201,12421.5303,12454.8301,93000000
2012-05-29,12454.8301,12611.6104,12454.5996,12580.6904,107510000
2012-05-30,12579.0195,12579.0996,12396.4004,12419.8604,122830000
2012-05-31,12414.4102,12489.8701,12316.4805,12393.4502,205140000
2012-06-01,12391.5596,12391.6299,12107.4805,12118.5703,162940000
2012-06-04,12119.8496,12143.6904,12035.0898,12101.4600,126440000
2012-06-05,12101.0801,12147.5498,12072.1699,12127.9502,108970000
2012-06-06,12125.0000,12414.7900,12125.0000,12414.7900,140110000
2012-06-07,12416.5303,12555.2598,12416.5303,12460.9600,131150000
2012-06-08,12460.8096,12554.2002,12398.4404,12554.2002,111810000
2012-06-11,12553.8096,12650.4697,12398.4805,12411.2305,121060000
2012-06-12,12412.0703,12577.0195,12411.9102,12573.7998,111360000
2012-06-13,12566.3799,12598.2500,12453.6904,12496.3799,125780000
2012-06-14,12497.8896,12698.6797,12497.6602,12651.9102,128640000
2012-06-15,12652.2100,12774.7002,12651.3799,12767.1699,284290000
2012-06-18,12767.0195,12781.9297,12696.1797,12741.8203,111280000
2012-06-19,12744.6201,12898.9404,12744.4697,12837.3301,125180000
2012-06-20,12837.0996,12877.1797,12744.9199,12824.3896,119110000
2012-06-21,12823.0996,12857.3896,12561.4600,12573.5703,146750000
2012-06-22,12574.8203,12674.0801,12574.6699,12640.7803,209990000
2012-06-25,12639.7998,12639.8701,12458.0098,12502.6602,134090000
2012-06-26,12503.5703,12576.4102,12452.0303,12534.6699,109270000
2012-06-27,12532.9297,12646.8701,12532.7100,12627.0098,97950000
2012-06-28,12626.2500,12626.2500,12450.1699,12602.2598,125870000
2012-06-29,12604.5996,12880.3896,12604.5303,12880.0898,191630000
2012-07-02,12879.7100,12902.1201,12795.4805,12871.3896,109640000
2012-07-03,12868.0596,12946.2002,12845.2803,12943.6602,63850000
2012-07-05,12941.8496,12961.2998,12852.2402,12896.6699,97800000
2012-07-06,12889.4004,12889.4004,12702.9902,12772.4697,96760000
2012-07-09,12772.0195,12772.0195,12686.5703,12736.2900,100150000
2012-07-10,12733.8701,12830.2900,12606.9102,12653.1201,114760000
2012-07-11,12653.0400,12661.9697,12534.3301,12604.5303,128420000
2012-07-12,12602.7100,12630.6396,12492.2500,12573.2695,142760000
2012-07-13,12573.7305,12784.7305,12573.0400,12777.0898,121080000
2012-07-16,12776.3301,12779.5801,12690.0498,12727.2100,93500000
2012-07-17,12728.7305,12829.2305,12645.0996,12805.5400,119620000
2012-07-18,12796.9805,12921.9404,12754.6104,12908.7002,130070000
2012-07-19,12909.6104,12977.5703,12889.9297,12943.3604,139480000
2012-07-20,12942.6797,12942.8301,12810.3496,12822.5703,210770000
2012-07-23,12820.4502,12820.4502,12583.4102,12721.4600,137760000
2012-07-24,12720.9297,12730.0898,12521.8398,12617.3203,131530000
2012-07-25,12617.7695,12732.7695,12617.6201,12676.0498,127320000
2012-07-26,12680.5898,12931.2197,12680.5898,12887.9297,133620000
2012-07-27,12888.9102,13117.7402,12888.5303,13075.6602,161510000
2012-07-30,13075.3496,13128.6396,13042.8496,13073.0098,91730000
2012-07-31,13071.7197,13082.6602,13006.4805,13008.6797,125980000
2012-08-01,13007.4697,13074.8301,12951.1602,12976.1299,132780000
2012-08-02,12969.7002,12969.8496,12778.9004,12878.8799,112770000
2012-08-03,12884.8203,13133.1797,12884.8203,13096.1699,112390000
2012-08-06,13099.8799,13187.2803,13099.7197,13117.5098,84270000
2012-08-07,13118.6504,13215.9697,13118.4199,13168.5996,95240000
2012-08-08,13158.0996,13202.6504,13115.2402,13175.6396,84910000
2012-08-09,13174.7305,13200.2305,13125.0898,13165.1904,84350000
2012-08-10,13163.1504,13208.2197,13094.9600,13207.9502,86640000
2012-08-13,13204.9297,13205.0098,13112.9404,13169.4297,67550000
2012-08-14,13168.1104,13223.0098,13142.0996,13172.1396,84430000
2012-08-15,13157.4697,13192.8896,13138.2305,13164.7803,77130000
2012-08-16,13163.2402,13269.3496,13145.8496,13250.1104,114580000
2012-08-17,13251.2002,13281.3203,13244.8496,13275.2002,138550000
2012-08-20,13274.5801,13276.1504,13230.0596,13271.6396,87590000
2012-08-21,13272.0996,13330.7598,13186.5996,13203.5801,117060000
2012-08-22,13198.3096,13205.0596,13120.3398,13172.7598,111220000
2012-08-23,13171.3701,13171.3701,13046.4600,13057.4600,108800000
2012-08-24,13052.8203,13175.5098,13027.2002,13157.9697,88030000
2012-08-27,13157.7402,13176.1699,13115.4600,13124.6699,96070000
2012-08-28,13122.7402,13147.3203,13081.1201,13102.9902,81630000
2012-08-29,13103.4600,13144.8096,13081.2695,13107.4805,91530000
2012-08-30,13101.2900,13101.3701,12978.9102,13000.7100,89980000
2012-08-31,13002.7197,13151.8701,13002.6396,13090.8398,119780000
2012-09-04,13092.1504,13092.3896,12977.0898,13035.9404,103920000
2012-09-05,13036.0898,13095.9102,13018.7402,13047.4805,92550000
2012-09-06,13045.2305,13294.1299,13045.0801,13292.0000,128650000
2012-09-07,13289.5303,13320.2695,13266.2197,13306.6396,142210000
2012-09-10,13308.5596,13324.0996,13251.3896,13254.2900,123810000
2012-09-11,13254.5996,13354.3398,13253.2100,13323.3604,104920000
2012-09-12,13321.6201,13373.6201,13317.5195,13333.3496,111520000
2012-09-13,13329.7100,13573.3301,13325.1104,13539.8604,151770000
2012-09-14,13540.4004,13653.2402,13533.9404,13593.3701,185160000
2012-09-17,13588.5703,13593.1504,13526.6699,13553.0996,128020000
2012-09-18,13552.3301,13582.1201,13517.8096,13564.6396,120720000
2012-09-19,13565.4102,13626.4805,13556.7402,13577.9600,116210000
2012-09-20,13575.1699,13599.0195,13503.0000,13596.9297,117910000
2012-09-21,13597.2402,13647.0996,13571.5303,13579.4697,429610000
2012-09-24,13577.8496,13601.9004,13521.6797,13558.9199,120370000
2012-09-25,13559.9199,13620.2100,13457.2500,13457.5498,138630000
2012-09-26,13458.6299,13480.3701,13406.9102,13413.5098,124350000
2012-09-27,13413.4697,13522.8301,13413.4697,13485.9697,113990000
2012-09-28,13485.8896,13487.6602,13367.2695,13437.1299,146950000
2012-10-01,13437.6602,13598.2500,13437.6602,13515.1104,106120000
2012-10-02,13515.2998,13567.0596,13424.9199,13482.3604,90730000
2012-10-03,13479.2100,13536.2695,13439.1201,13494.6104,103890000
2012-10-04,13495.1797,13594.3301,13495.1797,13575.3604,106390000
2012-10-05,13569.1797,13661.8701,13568.7500,13610.1504,115500000
2012-10-08,13589.2598,13610.3799,13552.0898,13583.6504,71300000
2012-10-09,13582.8799,13592.3301,13473.3096,13473.5303,103630000
2012-10-10,13473.5303,13478.8301,13327.6201,13344.9697,101120000
2012-10-11,13346.2803,13428.4902,13326.1201,13326.3896,86630000
2012-10-12,13325.6201,13401.3203,13296.4297,13328.8496,113740000
2012-10-15,13329.5400,13437.6602,13325.9297,13424.2305,114880000
2012-10-16,13423.8398,13556.3701,13423.7598,13551.7803,113450000
2012-10-17,13539.6299,13561.6504,13468.9004,13557.0000,135570000
2012-10-18,13553.2402,13588.7305,13510.9297,13548.9404,128410000
2012-10-19,13545.3301,13545.4902,13312.2197,13343.5098,239080000
2012-10-22,13344.2803,13368.5498,13235.1504,13345.8896,121880000
2012-10-23,13344.9004,13344.9004,13083.2803,13102.5303,122220000
2012-10-24,13103.5303,13155.2100,13063.6299,13077.3398,110670000
2012-10-25,13079.6396,13214.1104,13017.3701,13103.6797,114590000
2012-10-26,13104.2197,13151.7197,13040.1699,13107.2100,134640000
2012-10-31,13107.4404,13189.0801,13052.0703,13096.4600,138160000
2012-11-01,13099.1904,13273.7100,13099.1104,13232.6201,140510000
2012-11-02,13232.6201,13289.4502,13076.5703,13093.1602,137660000
2012-11-05,13092.2803,13140.5801,13038.7100,13112.4404,95350000
2012-11-06,13112.9004,13290.7500,13112.9004,13245.6797,105710000
2012-11-07,13228.2402,13228.3203,12876.5996,12932.7305,164250000
2012-11-08,12932.8096,12980.2305,12811.2402,12811.3203,138350000
2012-11-09,12811.1699,12890.1904,12743.3896,12815.3896,131670000
2012-11-12,12815.9297,12861.2803,12783.0000,12815.0801,62360000
2012-11-13,12808.7100,12898.2500,12748.5098,12756.1797,142200000
2012-11-14,12746.5400,12797.7305,12542.6797,12570.9502,162180000
2012-11-15,12571.0996,12600.5898,12496.5596,12542.3799,129150000
2012-11-16,12542.3096,12604.1699,12471.4902,12588.3096,197110000
2012-11-19,12590.2305,12796.1904,12590.2305,12795.9600,136910000
2012-11-20,12790.8896,12808.5596,12701.0703,12788.5098,134160000
2012-11-21,12788.3604,12845.9902,12786.1299,12836.8896,97300000
2012-11-23,12833.1299,13011.4502,12832.9805,13009.5303,61110000
2012-11-26,13008.4502,13008.4502,12900.1699,12967.3701,114360000
2012-11-27,12963.3799,12980.1904,12868.2598,12878.1299,117900000
2012-11-28,12875.5596,12989.0996,12765.3203,12985.1104,131000000
2012-11-29,12977.3496,13062.5596,12961.9199,13021.8203,113620000
2012-11-30,13022.0498,13053.7402,12988.6797,13025.5801,171070000
2012-12-03,13027.7305,13087.3203,12959.4199,12965.5996,112900000
2012-12-04,12966.4502,13022.5098,12940.0703,12951.7803,125290000
2012-12-05,12948.9600,13089.1104,12923.4404,13034.4902,161230000
2012-12-06,13026.1904,13076.8799,13007.8398,13074.0400,116850000
2012-12-07,13072.8701,13157.2803,13072.8701,13155.1299,124130000
2012-12-10,13154.8896,13195.3496,13139.0801,13169.8799,118530000
2012-12-11,13170.3398,13306.5703,13170.3398,13248.4404,124510000
2012-12-12,13250.0498,13329.4404,13227.4404,13245.4502,127510000
2012-12-13,13241.3799,13264.4102,13147.1904,13170.7197,101190000
2012-12-14,13170.7998,13190.4102,13118.4600,13135.0098,117620000
2012-12-17,13135.1699,13244.3301,13134.6299,13235.3896,142980000
2012-12-18,13236.6104,13365.8604,13232.5801,13350.9600,152920000
2012-12-19,13351.0400,13357.7002,13251.7402,13251.9697,149020000
2012-12-20,13246.6699,13314.6396,13216.0303,13311.7197,119800000
2012-12-21,13309.9502,13309.9502,13122.5303,13190.8398,413270000
2012-12-24,13190.1504,13190.3799,13128.5498,13138.9297,47710000
2012-12-26,13138.8496,13174.8799,13076.8701,13114.5898,79410000
2012-12-27,13114.9697,13141.7402,12964.0801,13096.3096,100160000
2012-12-28,13095.0801,13095.4600,12926.8604,12938.1104,85980000
2012-12-31,12938.1904,13109.1299,12883.8896,13104.1396,145740000
2013-01-02,13104.2998,13412.7100,13104.2998,13412.5498,161430000
2013-01-03,13413.0098,13430.5996,13358.2998,13391.3604,129630000
2013-01-04,13391.0498,13447.1104,13376.2305,13435.2100,107590000
2013-01-07,13436.1299,13436.1299,13343.3203,13384.2900,113120000
2013-01-08,13377.4199,13377.4199,13293.1299,13328.8496,129570000
2013-01-09,13329.9199,13416.5498,13329.0801,13390.5098,123070000
2013-01-10,13391.8203,13478.2002,13382.2900,13471.2197,133520000
2013-01-11,13471.4502,13496.6797,13439.9697,13488.4297,119200000
2013-01-14,13488.4297,13520.1797,13459.8398,13507.3203,118460000
2013-01-15,13507.3203,13546.3701,13445.7998,13534.8896,102280000
2013-01-16,13534.8896,13534.8896,13468.9600,13511.2305,118540000
2013-01-17,13511.2305,13633.8896,13510.2402,13596.0195,183900000
2013-01-18,13596.0195,13649.9297,13571.8604,13649.7002,260900000
2013-01-22,13649.7002,13712.2100,13622.9600,13712.2100,144300000
2013-01-23,13712.2100,13794.2900,13710.1299,13779.3301,104490000
2013-01-24,13779.3301,13879.6602,13779.3301,13825.3301,124780000
2013-01-25,13825.3301,13895.9805,13825.3301,13895.9805,130300000
2013-01-28,13895.9805,13915.7197,13862.5703,13881.9297,113570000
2013-01-29,13881.9297,13969.9902,13880.0098,13954.4199,108230000
2013-01-30,13954.4199,13966.1299,13896.9502,13910.4199,117200000
2013-01-31,13910.4199,13941.0596,13860.5801,13860.5801,142600000
2013-02-01,13860.5801,14019.7803,13860.5801,14009.7900,128420000
2013-02-04,14009.7900,14009.7900,13866.8301,13880.0801,130420000
2013-02-05,13880.0801,14013.5996,13880.0801,13979.2998,134390000
2013-02-06,13979.2998,13991.6104,13913.1797,13986.5195,127560000
2013-02-07,13986.5195,13988.0596,13852.2002,13944.0498,118530000
2013-02-08,13944.0498,14022.6201,13944.0498,13992.9697,99860000
2013-02-11,13992.9697,13992.9697,13940.4102,13971.2402,75090000
2013-02-12,13971.2402,14038.9697,13968.9404,14018.7002,117180000
2013-02-13,14018.7002,14029.3496,13945.7803,13982.9102,130520000
2013-02-14,13982.9102,13990.3604,13921.9404,13973.3896,114800000
2013-02-15,13973.3896,14001.9297,13906.7305,13981.7598,195670000
2013-02-19,13981.7598,14044.8203,13977.9004,14035.6699,136410000
2013-02-20,14035.6699,14058.2695,13919.2803,13927.5400,138540000
2013-02-21,13927.5400,13927.5400,13834.4004,13880.6201,131410000
2013-02-22,13880.6201,14001.1904,13880.6201,14000.5703,139850000
2013-02-25,14000.5703,14081.5801,13784.0098,13784.1699,152190000
2013-02-26,13784.1699,13918.4404,13784.1699,13900.1299,132580000
2013-02-27,13900.1299,14104.8604,13880.1904,14075.3701,107010000
2013-02-28,14075.3701,14149.1504,14050.1797,14054.4902,177150000
2013-03-01,14054.4902,14107.0898,13937.5996,14089.6602,125920000
2013-03-04,14089.6602,14128.2100,14030.3701,14127.8203,110810000
2013-03-05,14127.8203,14286.3701,14127.8203,14253.7695,112100000
2013-03-06,14253.7695,14320.6504,14253.0000,14296.2402,116510000
2013-03-07,14296.2402,14354.6904,14296.2402,14329.4902,117080000
2013-03-08,14329.4902,14413.1699,14329.4902,14397.0703,115630000
2013-03-11,14397.0703,14448.0596,14373.3203,14447.2900,94880000
2013-03-12,14447.2900,14478.7998,14412.0596,14450.0596,102100000
2013-03-13,14450.0596,14472.7998,14411.6602,14455.2803,83920000
2013-03-14,14455.2803,14539.2900,14455.2803,14539.1396,117390000
2013-03-15,14539.1396,14539.1396,14470.5000,14514.1104,407770000
2013-03-18,14514.1104,14521.5898,14404.2100,14452.0596,119640000
2013-03-19,14452.0596,14514.3398,14382.0898,14455.8203,122170000
2013-03-20,14455.8203,14546.8203,14455.8203,14511.7305,121240000
2013-03-21,14511.7305,14511.7305,14383.0195,14421.4902,110450000
2013-03-22,14421.4902,14519.9502,14421.4902,14512.0303,101450000
2013-03-25,14512.0303,14563.7500,14395.0000,14447.7500,124840000
2013-03-26,14447.7500,14561.5400,14447.7500,14559.6504,96030000
2013-03-27,14559.6504,14559.6504,14439.5498,14526.1602,92680000
2013-03-28,14526.1602,14585.0996,14520.8604,14578.5400,153710000
2013-04-01,14578.5400,14605.7197,14531.4805,14572.8496,91400000
2013-04-02,14572.8496,14684.4902,14572.8496,14662.0098,98420000
2013-04-03,14662.0098,14683.1299,14525.3604,14550.3496,127140000
2013-04-04,14550.3496,14625.2402,14538.7197,14606.1104,104790000
2013-04-05,14606.1104,14606.1104,14434.4297,14565.2500,131250000
2013-04-08,14565.2500,14613.4805,14497.7998,14613.4805,106680000
2013-04-09,14613.4805,14716.4600,14598.5000,14673.4600,128580000
2013-04-10,14673.4600,14826.6602,14673.4600,14802.2402,120520000
2013-04-11,14802.2402,14887.5098,14785.3604,14865.1396,144570000
2013-04-12,14865.1396,14865.2100,14790.5703,14865.0596,119570000
2013-04-15,14865.0596,14865.0596,14598.5801,14599.2002,161680000
2013-04-16,14599.2002,14761.7305,14599.2002,14756.7803,126320000
2013-04-17,14756.7803,14756.7803,14560.8096,14618.5898,168010000
2013-04-18,14618.5898,14650.2598,14495.2900,14537.1396,158050000
2013-04-19,14537.1396,14553.7305,14444.0303,14547.5098,207200000
2013-04-22,14547.5098,14588.8301,14457.5996,14567.1699,146890000
2013-04-23,14567.1699,14721.4199,14554.2900,14719.4600,137320000
2013-04-24,14719.4600,14747.4199,14666.5400,14676.2998,138020000
2013-04-25,14676.2998,14768.0498,14665.4502,14700.7998,129600000
2013-04-26,14700.7998,14743.4902,14684.8203,14712.5498,128910000
2013-04-29,14712.5498,14844.9600,14712.5498,14818.7500,97060000
2013-04-30,14818.7500,14839.7998,14734.4697,14839.7998,148250000
2013-05-01,14839.7998,14839.7998,14687.0498,14700.9502,112620000
2013-05-02,14700.9502,14834.6299,14700.9502,14831.5801,91180000
2013-05-03,14831.5801,15009.5898,14831.5801,14973.9600,119890000
2013-05-06,14973.9600,14988.8701,14941.0898,14968.8896,116160000
2013-05-07,14968.8896,15056.6699,14968.8896,15056.2002,117230000
2013-05-08,15056.2002,15106.8096,15021.8701,15105.1201,113510000
2013-05-09,15105.1201,15144.8301,15046.8701,15082.6201,97810000
2013-05-10,15082.6201,15118.4902,15038.1797,15118.4902,98980000
2013-05-13,15113.4199,15113.4199,15053.4600,15091.6797,94280000
2013-05-14,15091.6797,15219.5498,15089.2998,15215.2500,124590000
2013-05-15,15211.8701,15301.3398,15175.3896,15275.6904,124030000
2013-05-16,15273.9199,15302.4902,15215.8203,15233.2197,145090000
2013-05-17,15234.7500,15357.4004,15234.7500,15354.4004,175750000
2013-05-20,15348.3301,15391.8398,15314.1504,15335.2803,116420000
2013-05-21,15334.9697,15434.5000,15325.6797,15387.5801,122970000
2013-05-22,15387.1201,15542.4004,15265.9600,15307.1699,171850000
2013-05-23,15300.5703,15348.4102,15180.2305,15294.5000,148810000
2013-05-24,15290.7402,15306.7100,15199.6299,15303.0996,105660000
2013-05-28,15307.3301,15521.4902,15307.3301,15409.3896,130680000
2013-05-29,15399.9404,15400.2500,15229.5303,15302.7998,114020000
2013-05-30,15306.0195,15398.7002,15280.9902,15324.5303,121150000
2013-05-31,15322.2197,15392.3799,15115.5703,15115.5703,208830000
2013-06-03,15123.5498,15254.1104,15123.5498,15254.0303,147980000
2013-06-04,15255.2197,15304.9805,15100.7803,15177.5400,134280000
2013-06-05,15168.0996,15168.6299,14945.5703,14960.5898,141400000
2013-06-06,14955.4502,15040.6201,14844.2197,15040.6201,140410000
2013-06-07,15044.4600,15255.5801,15044.4600,15248.1201,137380000
2013-06-10,15247.8096,15300.6396,15211.2500,15238.5898,94250000
2013-06-11,15231.3799,15251.0703,15086.0898,15122.0195,101610000
2013-06-12,15130.3896,15241.2803,14981.2100,14995.2305,105770000
2013-06-13,14992.5400,15202.2695,14953.4502,15176.0801,104490000
2013-06-14,15178.0801,15205.9199,15044.7998,15070.1797,107430000
2013-06-17,15078.7100,15261.7100,15078.7100,15179.8496,139250000
2013-06-18,15186.2998,15340.0898,15186.2998,15318.2305,99210000
2013-06-19,15315.4697,15322.0703,15112.1104,15112.1904,111380000
2013-06-20,15105.5098,15105.5098,14732.0303,14758.3203,172630000
2013-06-21,14760.6201,14858.5596,14688.4297,14799.4004,420080000
2013-06-24,14795.7900,14795.7900,14551.2695,14659.5596,158670000
2013-06-25,14669.6904,14812.0303,14669.6904,14760.3096,135940000
2013-06-26,14769.9902,14938.9805,14769.6797,14910.1396,133230000
2013-06-27,14921.2803,15075.0098,14921.2803,15024.4902,113650000
2013-06-28,15016.5801,15034.6299,14884.7998,14909.5996,230000000
2013-07-01,14911.5996,15083.2803,14911.5996,14974.9600,120570000
2013-07-02,14974.9600,15049.2197,14870.5098,14932.4102,116610000
2013-07-03,14923.7305,15025.9004,14858.9297,14988.3701,61000000
2013-07-05,14995.4600,15137.5098,14971.2002,15135.8398,94560000
2013-07-08,15137.2197,15262.7197,15137.2197,15224.6904,136820000
2013-07-09,15228.4600,15320.4199,15228.4600,15300.3398,109270000
2013-07-10,15298.0303,15348.9502,15258.8896,15291.6602,105050000
2013-07-11,15298.0000,15483.5498,15298.0000,15460.9199,124950000
2013-07-12,15460.6904,15498.3896,15410.2695,15464.2998,130140000
2013-07-15,15459.6904,15509.4805,15455.7695,15484.2598,99430000
2013-07-16,15485.0303,15498.1602,15415.7100,15451.8496,105970000
2013-07-17,15456.9199,15502.0000,15438.1201,15470.5195,126240000
2013-07-18,15465.9102,15589.4004,15465.9102,15548.5400,136270000
2013-07-19,15524.2695,15544.5498,15491.9600,15543.7402,229260000
2013-07-22,15543.9697,15576.2100,15516.2002,15545.5498,180920000
2013-07-23,15547.0000,15604.2197,15544.0596,15567.7402,98700000
2013-07-24,15576.6904,15602.5996,15496.8398,15542.2402,99320000
2013-07-25,15539.1699,15560.3301,15455.5898,15555.6104,103260000
2013-07-26,15547.8496,15560.9697,15405.1602,15558.8301,94880000
2013-07-29,15557.1396,15557.1396,15482.2695,15521.9697,87240000
2013-07-30,15534.4902,15593.9102,15479.1299,15520.5898,117550000
2013-07-31,15528.5703,15634.3203,15492.9600,15499.5400,145120000
2013-08-01,15503.8496,15650.6904,15503.8496,15628.0195,111040000
2013-08-02,15627.5596,15658.4297,15558.6797,15658.3604,104840000
2013-08-05,15651.9805,15655.2100,15584.8301,15612.1299,76850000
2013-08-06,15608.4404,15608.4404,15473.4004,15518.7402,87730000
2013-08-07,15516.2100,15516.2100,15421.7500,15470.6699,88430000
2013-08-08,15477.2695,15557.1201,15418.5996,15498.3203,90990000
2013-08-09,15496.6299,15507.7598,15346.6504,15425.5098,81180000
2013-08-12,15415.2197,15441.7500,15359.9297,15419.6797,78060000
2013-08-13,15420.6797,15504.1396,15342.3398,15451.0098,84790000
2013-08-14,15447.7100,15453.0801,15316.6201,15337.6602,91030000
2013-08-15,15332.7100,15332.7100,15094.0303,15112.1904,128340000
2013-08-16,15112.5703,15139.7695,15054.3799,15081.4697,151620000
2013-08-19,15076.7900,15106.3896,15005.4199,15010.7402,111660000
2013-08-20,15011.8203,15074.9199,14992.1602,15002.9902,102340000
2013-08-21,14993.8096,15019.7002,14880.8398,14897.5498,98340000
2013-08-22,14908.5996,14989.1201,14899.0000,14963.7402,153490000
2013-08-23,14988.7803,15025.5596,14931.2402,15010.5098,131860000
2013-08-26,15014.5801,15049.9805,14945.2402,14946.4600,102820000
2013-08-27,14939.2500,14939.2500,14765.4199,14776.1299,118610000
2013-08-28,14770.9902,14867.4004,14760.4102,14824.5098,104620000
2013-08-29,14817.9102,14916.0098,14792.1104,14840.9502,93170000
2013-08-30,14844.0996,14848.2402,14762.3496,14810.3096,135850000
2013-09-03,14801.5498,14933.3496,14777.4805,14833.9600,142530000
2013-09-04,14832.4199,14956.7402,14799.0898,14930.8701,122150000
2013-09-05,14929.4902,14987.4697,14923.2695,14937.4805,101010000
2013-09-06,14941.5498,15009.8398,14789.4004,14922.5000,108410000
2013-09-09,14927.1904,15088.4102,14927.1904,15063.1201,90660000
2013-09-10,15067.2305,15192.1299,15067.2305,15191.0596,103200000
2013-09-11,15194.1299,15326.5996,15194.1299,15326.5996,102090000
2013-09-12,15327.1396,15345.3203,15283.2598,15300.6396,99760000
2013-09-13,15312.8604,15380.9697,15312.8604,15376.0596,90890000
2013-09-16,15381.3604,15549.8701,15381.3604,15494.7803,105740000
2013-09-17,15503.1504,15555.0703,15503.1504,15529.7305,104480000
2013-09-18,15533.0303,15709.5801,15470.1602,15676.9404,145410000
2013-09-19,15677.8604,15695.8896,15625.4502,15636.5498,116280000
2013-09-20,15635.0898,15654.7695,15448.0898,15451.0898,379650000
2013-09-23,15452.3096,15466.9502,15368.2500,15401.3799,94920000
2013-09-24,15402.5400,15433.7500,15327.1396,15334.5898,85430000
2013-09-25,15339.0195,15372.4805,15253.1602,15273.2598,81890000
2013-09-26,15274.4199,15387.1904,15274.4199,15328.2998,79050000
2013-09-27,15317.4502,15317.4502,15211.8096,15258.2402,95660000
2013-09-30,15249.8203,15249.8203,15086.7100,15129.6699,122330000
2013-10-01,15132.4902,15208.4004,15110.3398,15191.7002,82460000
2013-10-02,15182.6504,15182.6504,15044.7100,15133.1396,86090000
2013-10-03,15127.2305,15127.2305,14947.0303,14996.4805,91300000
2013-10-04,14994.6797,15083.9902,14972.3301,15072.5801,75100000
2013-10-07,15069.2998,15069.2998,14920.8301,14936.2402,79620000
2013-10-08,14938.0400,14938.0400,14773.4697,14776.5303,102690000
2013-10-09,14778.1904,14852.5000,14719.4297,14802.9805,103190000
2013-10-10,14806.3896,15126.0703,14806.3896,15126.0703,106540000
2013-10-11,15126.5195,15237.2998,15100.1299,15237.1104,85730000
2013-10-14,15231.3301,15309.4805,15136.3799,15301.2598,81420000
2013-10-15,15300.2998,15301.9102,15161.3301,15168.0098,91440000
2013-10-16,15170.7002,15374.1504,15170.7002,15373.8301,92850000
2013-10-17,15369.4600,15376.1104,15229.0195,15371.6504,108490000
2013-10-18,15371.7100,15412.9697,15321.8096,15399.6504,156660000
2013-10-21,15401.3203,15410.1797,15362.6602,15392.2002,93660000
2013-10-22,15394.2197,15518.0996,15394.2197,15467.6602,107030000
2013-10-23,15465.3398,15465.6602,15366.1904,15413.3301,90630000
2013-10-24,15414.8701,15528.6299,15414.1299,15509.2100,89240000
2013-10-25,15523.7197,15570.5996,15512.9600,15570.2803,109900000
2013-10-28,15569.1904,15599.0898,15533.4805,15568.9297,92760000
2013-10-29,15572.2100,15683.0801,15572.2100,15680.3496,86600000
2013-10-30,15680.7402,15721.0000,15574.5195,15618.7598,79170000
2013-10-31,15619.9199,15651.8604,15544.6904,15545.7500,114050000
2013-11-01,15558.0098,15649.4004,15543.2500,15615.5498,101830000
2013-11-04,15621.2002,15658.9004,15588.4805,15639.1201,71200000
2013-11-05,15631.2197,15651.8896,15522.1797,15618.2197,91890000
2013-11-06,15628.7197,15750.2900,15628.7197,15746.8799,109200000
2013-11-07,15751.3096,15797.6797,15586.3301,15593.9805,103860000
2013-11-08,15591.5400,15764.2900,15579.3496,15761.7803,101200000
2013-11-11,15759.2803,15791.4502,15737.2197,15783.0996,58860000
2013-11-12,15773.1504,15793.3799,15708.2900,15750.6699,79260000
2013-11-13,15739.5000,15822.9805,15672.0000,15821.6299,92450000
2013-11-14,15806.2197,15884.9902,15798.7402,15876.2197,123860000
2013-11-15,15876.1602,15962.9805,15875.9004,15961.7002,126460000
2013-11-18,15962.7197,16030.2803,15942.1699,15976.0195,94860000
2013-11-19,15974.0596,16025.8496,15943.7803,15967.0303,84570000
2013-11-20,15971.2002,16016.8496,15865.3701,15900.8203,84350000
2013-11-21,15908.0703,16016.0400,15908.0703,16009.9902,79000000
2013-11-22,16008.7100,16068.7803,15976.2695,16064.7695,81000000
2013-11-25,16072.0898,16109.6299,16055.4600,16072.5400,94040000
2013-11-26,16070.9297,16120.2500,16070.9297,16072.7998,107450000
2013-11-27,16073.3701,16107.9902,16057.3398,16097.3301,65730000
2013-11-29,16105.1602,16174.5098,16074.1396,16086.4102,69190000
2013-12-02,16087.1201,16098.0000,15986.2305,16008.7695,92590000
2013-12-03,16004.7197,16004.7197,15859.6797,15914.6201,103910000
2013-12-04,15910.5098,15960.3604,15791.2900,15889.7695,111180000
2013-12-05,15886.5000,15896.1904,15809.3701,15821.5098,128080000
2013-12-06,15825.5498,16022.3496,15825.5498,16020.2002,98260000
2013-12-09,16019.4902,16058.4004,16015.2900,16025.5303,91810000
2013-12-10,16024.1201,16029.0596,15969.5303,15973.1299,79420000
2013-12-11,15970.7500,15997.2197,15827.7002,15843.5303,107170000
2013-12-12,15844.8203,15845.1104,15703.7900,15739.4297,105870000
2013-12-13,15745.6602,15792.7998,15717.9199,15755.3604,83180000
2013-12-16,15759.5996,15930.3096,15759.5996,15884.5703,101470000
2013-12-17,15884.0596,15917.9600,15836.4502,15875.2598,101490000
2013-12-18,15876.5703,16173.0400,15808.9199,16167.9697,129620000
2013-12-19,16162.5098,16194.7197,16121.5400,16179.0801,94980000
2013-12-20,16178.5703,16287.8398,16178.5703,16221.1396,285190000
2013-12-23,16225.2500,16318.1104,16225.2500,16294.6104,78930000
2013-12-24,16295.7002,16360.5996,16295.7002,16357.5498,33640000
2013-12-26,16370.9697,16483.0000,16370.9697,16479.8809,50160000
2013-12-27,16486.3691,16529.0098,16461.2305,16478.4102,47230000
2013-12-30,16484.5098,16504.3496,16476.8691,16504.2891,54220000
2013-12-31,16512.3809,16588.2500,16511.4805,16576.6602,78760000
2014-01-02,16572.1699,16573.0703,16416.4902,16441.3496,80960000
2014-01-03,16456.8906,16518.7402,16439.3008,16469.9902,72770000
2014-01-06,16474.0391,16532.9902,16405.5195,16425.0996,89380000
2014-01-07,16429.0195,16562.3203,16429.0195,16530.9395,81270000
2014-01-08,16527.6602,16528.8809,16416.6895,16462.7402,103260000
2014-01-09,16471.4102,16525.3496,16378.6104,16444.7598,83990000
2014-01-10,16453.6191,16487.6504,16379.0195,16437.0508,85190000
2014-01-13,16434.0293,16453.1309,16240.5996,16257.9404,111680000
2014-01-14,16261.9902,16373.9199,16260.8301,16373.8604,98610000
2014-01-15,16378.0303,16505.2793,16376.7803,16481.9395,101130000
2014-01-16,16477.6992,16477.6992,16375.5596,16417.0098,87370000
2014-01-17,16408.0195,16495.2598,16378.7998,16458.5605,184970000
2014-01-21,16459.2695,16520.5996,16316.2500,16414.4395,111570000
2014-01-22,16420.4805,16453.4902,16332.9805,16373.3398,87470000
2014-01-23,16371.9902,16372.9600,16140.5801,16197.3496,100540000
2014-01-24,16203.2900,16203.2900,15879.1104,15879.1104,141450000
2014-01-27,15879.0498,15942.7695,15783.5498,15837.8799,127540000
2014-01-28,15840.8398,15945.8896,15840.8398,15928.5596,89110000
2014-01-29,15927.0801,15927.0801,15708.9805,15738.7900,109590000
2014-01-30,15743.0303,15907.5303,15733.2695,15848.6104,92100000
2014-01-31,15847.1904,15847.1904,15617.5498,15698.8496,137090000
2014-02-03,15697.6904,15708.5400,15356.1699,15372.7998,151050000
2014-02-04,15372.9297,15481.8496,15356.6201,15445.2402,124110000
2014-02-05,15443.0000,15478.2100,15340.6904,15440.2305,105130000
2014-02-06,15443.8301,15632.0898,15443.0000,15628.5303,106980000
2014-02-07,15630.6396,15798.5098,15625.5303,15794.0801,105780000
2014-02-10,15793.6299,15801.7900,15733.6904,15801.7900,84110000
2014-02-11,15804.1699,16027.1904,15803.4004,15994.7695,95930000
2014-02-12,15993.0400,16036.5596,15928.7500,15963.9404,77310000
2014-02-13,15946.9902,16039.3701,15863.2500,16027.5898,99470000
2014-02-14,16018.0801,16175.5498,15985.3896,16154.3896,84060000
2014-02-18,16153.9697,16167.3301,16107.0400,16130.4004,91250000
2014-02-19,16126.2305,16225.7197,16031.6602,16040.5596,80560000
2014-02-20,16044.1504,16161.6396,16006.5898,16133.2305,77720000
2014-02-21,16135.9199,16191.9199,16093.7998,16103.2998,126580000
2014-02-24,16102.2695,16300.0400,16102.2695,16207.1396,244580000
2014-02-25,16207.3398,16254.2598,16147.2500,16179.6602,99470000
2014-02-26,16180.3604,16252.3496,16155.8604,16198.4102,93980000
2014-02-27,16197.7002,16276.2803,16159.8096,16272.6504,97640000
2014-02-28,16273.2305,16398.9492,16226.0898,16321.7100,122110000
2014-03-03,16321.7100,16321.7100,16071.2500,16168.0303,92760000
2014-03-04,16169.3203,16419.4902,16169.3203,16395.8809,96120000
2014-03-05,16395.8809,16406.5508,16343.9600,16360.1797,73980000
2014-03-06,16360.5596,16450.1699,16360.5596,16421.8906,75900000
2014-03-07,16424.5293,16505.6992,16398.8594,16452.7207,80690000
2014-03-10,16453.0996,16453.0996,16334.2002,16418.6797,68210000
2014-03-11,16419.3906,16460.3301,16325.1699,16351.2500,78150000
2014-03-12,16350.6699,16364.7402,16260.0303,16340.0801,77900000
2014-03-13,16341.5498,16405.0703,16084.0996,16108.8896,86160000
2014-03-14,16106.3203,16165.0498,16046.9902,16065.6699,85660000
2014-03-17,16066.3701,16270.3398,16066.3701,16247.2197,88930000
2014-03-18,16245.9297,16369.9404,16245.9297,16336.1904,79140000
2014-03-19,16335.7100,16363.3203,16126.2900,16222.1699,90110000
2014-03-20,16221.9805,16353.9805,16160.3301,16331.0498,91530000
2014-03-21,16332.6904,16456.4492,16290.7900,16302.7695,353670000
2014-03-24,16303.2803,16380.5098,16215.5596,16276.6904,110620000
2014-03-25,16279.2002,16407.1797,16279.2002,16367.8799,89110000
2014-03-26,16370.7100,16466.0391,16268.9902,16268.9902,92770000
2014-03-27,16268.6699,16300.9404,16191.7900,16264.2305,93650000
2014-03-28,16267.7695,16414.8594,16267.7695,16323.0596,86370000
2014-03-31,16324.2197,16480.8496,16324.2197,16457.6602,104510000
2014-04-01,16458.0508,16565.7305,16457.5996,16532.6094,88010000
2014-04-02,16532.8008,16588.1895,16506.5996,16573.0000,78120000
2014-04-03,16572.3594,16604.1504,16527.5996,16572.5508,77220000
2014-04-04,16576.0195,16631.6309,16392.7695,16412.7109,104350000
2014-04-07,16414.1504,16421.3809,16244.0098,16245.8701,116540000
2014-04-08,16245.1602,16296.8604,16180.2803,16256.1396,98510000
2014-04-09,16256.3701,16438.8203,16256.3701,16437.1797,91550000
2014-04-10,16437.2402,16456.1191,16153.3398,16170.2197,112550000
2014-04-11,16168.8701,16168.8701,16015.3203,16026.7500,119550000
2014-04-14,16028.2900,16184.7598,16028.2900,16173.2402,90020000
2014-04-15,16173.4902,16272.9502,16063.2002,16262.5596,97850000
2014-04-16,16266.2305,16424.8496,16266.2305,16424.8496,94650000
2014-04-17,16424.1406,16460.4902,16368.1396,16408.5391,136190000
2014-04-21,16408.9199,16459.7793,16402.0801,16449.2500,79500000
2014-04-22,16449.3809,16565.7109,16449.3809,16514.3691,84830000
2014-04-23,16513.7305,16525.9902,16477.2793,16501.6504,76830000
2014-04-24,16503.3906,16541.2598,16452.3008,16501.6504,80340000
2014-04-25,16503.2598,16503.2598,16333.7803,16361.4600,90630000
2014-04-28,16363.2002,16500.3691,16312.6602,16448.7402,105510000
2014-04-29,16451.1797,16559.3906,16451.1797,16535.3691,71240000
2014-04-30,16534.8594,16592.2793,16510.8691,16580.8398,92970000
2014-05-01,16580.2598,16604.7891,16525.2500,16558.8691,75630000
2014-05-02,16562.3398,16620.0605,16488.3105,16512.8906,78910000
2014-05-05,16509.7500,16547.9199,16377.0898,16530.5508,70320000
2014-05-06,16529.8496,16529.8496,16399.9902,16401.0195,74340000
2014-05-07,16401.6602,16522.9395,16357.3496,16518.5391,93870000
2014-05-08,16518.1602,16622.9492,16502.0098,16550.9707,75620000
2014-05-09,16551.2305,16588.7695,16498.7109,16583.3398,74980000
2014-05-12,16584.8203,16704.8398,16584.8203,16695.4707,71550000
2014-05-13,16695.9199,16735.5098,16695.9199,16715.4395,71340000
2014-05-14,16716.0801,16717.5605,16595.0000,16613.9707,71970000
2014-05-15,16613.5195,16622.9004,16397.4609,16446.8105,106610000
2014-05-16,16447.3203,16498.9902,16414.3203,16491.3105,119330000
2014-05-19,16490.3496,16526.2598,16442.1191,16511.8594,82180000
2014-05-20,16511.2207,16511.2207,16341.2998,16374.3096,75150000
2014-05-21,16376.1699,16544.5996,16376.1699,16533.0605,76730000
2014-05-22,16532.7402,16565.3906,16489.6094,16543.0801,59250000
2014-05-23,16544.4902,16613.0703,16544.4902,16606.2695,61340000
2014-05-27,16607.4199,16688.6895,16607.4199,16675.5000,80870000
2014-05-28,16674.9805,16674.9805,16620.2207,16633.1797,62480000
2014-05-29,16637.7402,16698.7402,16620.4297,16698.7402,55500000
2014-05-30,16697.3301,16721.2207,16648.8496,16717.1699,105190000
2014-06-02,16716.8496,16756.6406,16682.0703,16743.6309,57560000
2014-06-03,16736.6992,16736.6992,16690.0098,16722.3398,67830000
2014-06-04,16720.0000,16742.9102,16673.6504,16737.5293,65570000
2014-06-05,16739.1406,16845.8105,16709.9492,16836.1094,70460000
2014-06-06,16839.6406,16924.2793,16839.6406,16924.2793,80530000
2014-06-09,16926.0801,16970.1699,16912.9199,16943.0996,67130000
2014-06-10,16940.4004,16946.3398,16897.4395,16945.9199,64560000
2014-06-11,16943.1602,16943.1602,16821.8496,16843.8809,61860000
2014-06-12,16840.4805,16841.5703,16703.7305,16734.1895,72560000
2014-06-13,16734.6406,16787.8906,16718.5996,16775.7402,95220000
2014-06-16,16765.5605,16802.1406,16722.8594,16781.0098,77900000
2014-06-17,16779.2109,16823.5508,16732.9102,16808.4902,63530000
2014-06-18,16806.1191,16911.4102,16755.2891,16906.6191,73720000
2014-06-19,16909.9004,16923.4297,16858.8809,16921.4609,80220000
2014-06-20,16920.6191,16978.0195,16920.6191,16947.0801,247350000
2014-06-23,16946.5000,16954.2695,16896.0898,16937.2598,63640000
2014-06-24,16934.6191,16969.6992,16805.2305,16818.1309,80220000
2014-06-25,16817.6797,16883.5391,16799.4102,16867.5098,73920000
2014-06-26,16866.8105,16872.5195,16746.0898,16846.1309,63650000
2014-06-27,16846.9004,16862.7305,16773.8398,16851.8398,137690000
2014-06-30,16852.4902,16871.2695,16801.9395,16826.5996,90360000
2014-07-01,16828.5293,16998.6992,16828.5293,16956.0703,74050000
2014-07-02,16949.7109,16986.6309,16949.7109,16976.2402,57840000
2014-07-03,16979.0000,17074.6504,16979.0000,17068.2598,66800000
2014-07-07,17063.8301,17063.8301,16992.4492,17024.2109,61480000
2014-07-08,17022.0898,17022.0898,16874.7891,16906.6191,75250000
2014-07-09,16916.8301,16998.9492,16913.8105,16985.6094,67120000
2014-07-10,16980.3496,16980.3496,16805.3809,16915.0703,67510000
2014-07-11,16918.3105,16949.4609,16860.3008,16943.8105,61000000
2014-07-14,16950.9297,17088.4297,16950.9297,17055.4199,60570000
2014-07-15,17055.0293,17120.3398,17006.3906,17060.6797,101730000
2014-07-16,17061.9102,17139.3496,17061.9102,17138.1992,111500000
2014-07-17,17133.4492,17151.5605,16966.1895,16976.8105,99240000
2014-07-18,16978.1602,17113.5098,16977.5195,17100.1797,112530000
2014-07-21,17095.1094,17095.1094,16974.3398,17051.7305,67590000
2014-07-22,17054.9707,17133.4297,17040.1309,17113.5391,77960000
2014-07-23,17117.0098,17121.0508,17058.0508,17086.6309,73440000
2014-07-24,17092.0195,17119.8301,17061.0703,17083.8008,66390000
2014-07-25,17079.5000,17082.3301,16915.6504,16960.5703,67290000
2014-07-28,16956.9102,17001.3809,16877.7207,16982.5898,66190000
2014-07-29,16984.3301,17056.4609,16912.1094,16912.1094,75980000
2014-07-30,16920.1094,16983.9395,16817.1602,16880.3594,77750000
2014-07-31,16869.6309,16869.6309,16563.3008,16563.3008,101670000
2014-08-01,16561.6992,16584.7500,16437.0703,16493.3691,84860000
2014-08-04,16493.7207,16596.2207,16447.1992,16569.2793,76260000
2014-08-05,16559.9707,16559.9707,16369.5498,16429.4707,76630000
2014-08-06,16425.0996,16490.6992,16372.3203,16443.3398,78600000
2014-08-07,16448.2891,16504.3496,16333.7803,16368.2695,80430000
2014-08-08,16369.6797,16556.5898,16364.2197,16553.9297,82420000
2014-08-11,16557.2695,16627.9902,16557.2695,16569.9805,65560000
2014-08-12,16565.5508,16589.3105,16518.0605,16560.5391,62770000
2014-08-13,16567.5391,16670.2891,16567.5391,16651.8008,66020000
2014-08-14,16657.3203,16714.2207,16651.6699,16713.5801,62370000
2014-08-15,16717.0098,16775.2695,16575.4199,16662.9102,109180000
2014-08-18,16664.4492,16840.2793,16664.4492,16838.7402,75670000
2014-08-19,16839.0605,16929.1309,16839.0605,16919.5898,67220000
2014-08-20,16910.0293,16994.8906,16896.5508,16979.1309,61960000
2014-08-21,16983.8809,17074.5898,16983.8809,17039.4902,65160000
2014-08-22,17038.2695,17064.2793,16984.5195,17001.2207,64330000
2014-08-25,17011.8105,17124.7402,17011.8105,17076.8691,57400000
2014-08-26,17079.5703,17153.8008,17079.5703,17106.6992,50710000
2014-08-27,17111.0293,17134.5996,17090.6094,17122.0098,61690000
2014-08-28,17119.0605,17119.0605,17018.3301,17079.5703,51860000
2014-08-29,17083.4199,17110.4199,17035.3809,17098.4492,81500000
2014-09-02,17097.4199,17113.5098,17009.0703,17067.5605,64820000
2014-09-03,17067.2402,17151.8906,17060.2109,17078.2793,62770000
2014-09-04,17083.6094,17161.5508,17030.1191,17069.5801,68120000
2014-09-05,17065.8906,17137.3594,17009.6191,17137.3594,76630000
2014-09-08,17131.7109,17137.8809,17079.1699,17111.4199,65640000
2014-09-09,17110.3906,17111.5508,16993.2891,17013.8691,69030000
2014-09-10,17016.0508,17080.2695,16974.5703,17068.7109,76780000
2014-09-11,17057.4102,17057.4102,16983.8809,17049.0000,63650000
2014-09-12,17044.0508,17044.0508,16937.6699,16987.5098,82820000
2014-09-15,16988.7598,17051.8496,16951.3809,17031.1406,71740000
2014-09-16,17027.1602,17167.0508,16985.5508,17131.9707,73200000
2014-09-17,17131.0098,17221.1094,17089.0098,17156.8496,87810000
2014-09-18,17163.7305,17275.3691,17163.7305,17265.9902,85300000
2014-09-19,17267.2109,17350.6406,17257.4609,17279.7402,349620000
2014-09-22,17271.7109,17277.8809,17159.3594,17172.6797,74300000
2014-09-23,17165.9102,17171.8809,17055.8691,17055.8691,77090000
2014-09-24,17056.6406,17226.5996,17033.9297,17210.0605,80530000
2014-09-25,17204.8594,17204.8594,16945.8008,16945.8008,93520000
2014-09-26,16948.6191,17148.1504,16948.1094,17113.1504,74670000
2014-09-29,17107.6895,17107.6895,16934.4297,17071.2207,70220000
2014-09-30,17070.4492,17145.0996,17017.1094,17042.9004,102290000
2014-10-01,17040.4609,17041.1602,16776.1309,16804.7109,104240000
2014-10-02,16808.2695,16857.2500,16674.0391,16801.0508,75490000
2014-10-03,16802.1992,17027.8398,16802.1992,17009.6895,87940000
2014-10-06,17010.3398,17099.3906,16930.3809,16991.9102,655450000
2014-10-07,16988.2500,16988.2500,16715.7891,16719.3906,79420000
2014-10-08,16718.6504,17006.9102,16663.2598,16994.2207,106930000
2014-10-09,16989.3691,16989.3691,16649.0391,16659.2500,93210000
2014-10-10,16654.8809,16757.5996,16543.9102,16544.0996,136370000
2014-10-13,16535.4297,16602.4102,16310.4697,16321.0703,107830000
2014-10-14,16321.9004,16463.6699,16273.6396,16315.1904,110410000
2014-10-15,16313.2998,16313.2998,15855.1201,16141.7402,160380000
2014-10-16,16137.1396,16211.1201,15935.2197,16117.2402,131670000
2014-10-17,16118.3896,16427.3809,16118.3896,16380.4102,137910000
2014-10-20,16373.1504,16401.6309,16260.5400,16399.6699,94320000
2014-10-21,16406.0293,16620.7793,16405.7695,16614.8105,105110000
2014-10-22,16615.2598,16653.8906,16459.8496,16461.3203,92050000
2014-10-23,16468.0703,16767.5195,16468.0703,16677.9004,99420000
2014-10-24,16677.0391,16811.7109,16649.7207,16805.4102,90400000
2014-10-27,16796.0996,16836.9805,16729.8301,16817.9395,72580000
2014-10-28,16825.1895,17006.4492,16825.1895,17005.7500,83870000
2014-10-29,17005.0703,17065.5000,16895.3809,16974.3105,76450000
2014-10-30,16968.1406,17223.9609,16920.7598,17195.4199,80180000
2014-10-31,17208.7793,17395.5391,17208.7793,17390.5195,121610000
2014-11-03,17390.9004,17410.6504,17339.8496,17366.2402,80030000
2014-11-04,17368.8105,17397.2305,17278.3594,17383.8398,81390000
2014-11-05,17385.7598,17486.5898,17385.7598,17484.5293,76030000
2014-11-06,17491.6602,17560.3105,17440.3496,17554.4707,70670000
2014-11-07,17558.5801,17575.3301,17493.3691,17573.9297,82860000
2014-11-10,17568.9805,17621.8691,17547.5098,17613.7402,71430000
2014-11-11,17615.6406,17638.2109,17584.9395,17614.9004,52880000
2014-11-12,17604.7500,17626.7109,17536.1699,17612.1992,75980000
2014-11-13,17618.6895,17705.4805,17583.8809,17652.7891,80540000
2014-11-14,17653.1094,17664.1504,17613.1992,17634.7402,72850000
2014-11-17,17631.8496,17675.0703,17606.8105,17647.7500,70330000
2014-11-18,17643.0898,17735.7109,17642.0293,17687.8203,87420000
2014-11-19,17685.5098,17712.2598,17624.5000,17685.7305,73780000
2014-11-20,17677.3203,17720.4395,17603.8906,17719.0000,77740000
2014-11-21,17721.0195,17894.8301,17721.0195,17810.0605,140940000
2014-11-24,17812.6309,17855.2695,17793.1895,17817.9004,85510000
2014-11-25,17819.0508,17854.7305,17790.8906,17814.9395,88190000
2014-11-26,17812.2500,17833.7598,17791.1602,17827.7500,67450000
2014-11-28,17830.5508,17893.4199,17807.7793,17828.2402,80470000
2014-12-01,17827.2695,17827.2695,17726.5508,17776.8008,86390000
2014-12-02,17778.8496,17897.0508,17778.8496,17879.5508,81970000
2014-12-03,17880.9004,17924.1504,17855.5898,17912.6191,99400000
2014-12-04,17910.0195,17937.9609,17814.8105,17900.0996,76270000
2014-12-05,17903.0508,17991.1895,17903.0508,17958.7891,79110000
2014-12-08,17954.9395,17960.5605,17804.2793,17852.4805,88680000
2014-12-09,17847.3691,17847.3691,17629.5703,17801.1992,100400000
2014-12-10,17797.9902,17797.9902,17508.0996,17533.1504,115100000
2014-12-11,17534.3008,17758.5098,17534.3008,17596.3398,90100000
2014-12-12,17590.0508,17590.0508,17280.8301,17280.8301,121950000
2014-12-15,17285.7402,17403.5391,17115.2793,17180.8398,114050000
2014-12-16,17173.0703,17427.4395,17067.5898,17068.8691,116640000
2014-12-17,17069.1602,17389.3008,17069.1602,17356.8691,118220000
2014-12-18,17367.8496,17778.4004,17367.8496,17778.1504,123940000
2014-12-19,17778.0195,17874.0293,17746.5508,17804.8008,343690000
2014-12-22,17812.2500,17962.7793,17812.2500,17959.4395,98460000
2014-12-23,17971.5098,18069.2207,17970.1602,18024.1699,82890000
2014-12-24,18035.7305,18086.2402,18027.7793,18030.2109,42870000
2014-12-26,18038.3008,18103.4492,18038.3008,18053.7109,52570000
2014-12-29,18046.5801,18073.0391,18021.5703,18038.2305,53870000
2014-12-30,18035.0195,18035.0195,17959.6992,17983.0703,47490000
2014-12-31,17987.6602,18043.2207,17820.8809,17823.0703,82840000
2015-01-02,17823.0703,17951.7793,17731.3008,17832.9902,76270000
2015-01-05,17821.3008,17821.3008,17475.9297,17501.6504,116160000
2015-01-06,17504.1797,17581.0508,17262.3691,17371.6406,101870000
2015-01-07,17374.7793,17597.0801,17374.7793,17584.5195,91030000
2015-01-08,17591.9707,17916.0391,17591.9707,17907.8691,114890000
2015-01-09,17911.0195,17915.3203,17686.0898,17737.3691,93390000
2015-01-12,17742.0508,17793.8809,17571.5801,17640.8398,92500000
2015-01-13,17645.0195,17923.0098,17498.2305,17613.6797,99360000
2015-01-14,17609.0605,17609.0605,17264.9004,17427.0898,109180000
2015-01-15,17436.3008,17517.4102,17298.0391,17320.7109,94520000
2015-01-16,17320.0000,17528.3691,17243.5508,17511.5703,140480000
2015-01-20,17516.9609,17588.6992,17346.7305,17515.2305,119600000
2015-01-21,17509.9609,17599.5801,17396.0391,17554.2793,95530000
2015-01-22,17557.2891,17840.8906,17482.5391,17813.9805,111980000
2015-01-23,17812.5000,17812.5000,17667.5293,17672.5996,97110000
2015-01-26,17668.1094,17696.3594,17567.5996,17678.6992,87220000
2015-01-27,17638.5293,17638.5293,17288.3105,17387.2109,135940000
2015-01-28,17402.9102,17484.4102,17189.0000,17191.3691,115980000
2015-01-29,17195.2891,17433.1309,17136.3008,17416.8496,111690000
2015-01-30,17416.8496,17419.9004,17156.8203,17164.9492,168560000
2015-02-02,17169.9902,17367.6797,17037.7598,17361.0391,108090000
2015-02-03,17369.9707,17670.7598,17369.9707,17666.4004,112860000
2015-02-04,17664.9902,17782.2207,17603.2109,17673.0195,102560000
2015-02-05,17677.2598,17889.5801,17677.2598,17884.8809,79890000
2015-02-06,17881.5391,17951.0898,17764.4004,17824.2891,93610000
2015-02-09,17821.4902,17821.4902,17685.3203,17729.2109,81590000
2015-02-10,17736.1504,17890.3398,17729.2402,17868.7598,89930000
2015-02-11,17867.8594,17897.2109,17759.6504,17862.1406,89890000
2015-02-12,17862.1406,17975.6504,17862.1406,17972.3809,117160000
2015-02-13,17968.6504,18037.4102,17961.7598,18019.3496,85230000
2015-02-17,18019.8008,18052.0098,17951.4102,18047.5801,98760000
2015-02-18,18045.7207,18048.6992,17982.1992,18029.8496,75090000
2015-02-19,18028.6699,18028.6699,17924.5996,17985.7695,79130000
2015-02-20,17985.7695,18144.2891,17878.3691,18140.4395,111390000
2015-02-23,18140.7598,18141.2109,18054.8398,18116.8398,83670000
2015-02-24,18112.5703,18231.0898,18098.7305,18209.1895,79310000
2015-02-25,18208.6699,18244.3809,18182.7598,18224.5703,80480000
2015-02-26,18224.4102,18239.4297,18157.0703,18214.4199,81500000
2015-02-27,18213.2598,18213.2598,18132.3809,18132.6992,101110000
2015-03-02,18134.0508,18288.6309,18122.5898,18288.6309,89790000
2015-03-03,18281.9492,18281.9492,18136.8809,18203.3691,83830000
2015-03-04,18203.3691,18203.3691,18029.5000,18096.9004,80900000
2015-03-05,18096.9004,18160.3496,18087.6504,18135.7207,75840000
2015-03-06,18135.7207,18135.7207,17825.1504,17856.7793,113350000
2015-03-09,17856.5605,18031.0391,17856.5605,17995.7207,85820000
2015-03-10,17989.5605,17989.5605,17662.9395,17662.9395,120450000
2015-03-11,17662.9395,17731.7793,17627.0000,17635.3906,102120000
2015-03-12,17626.8398,17900.0996,17620.4902,17895.2207,111550000
2015-03-13,17889.0508,17889.0508,17629.8906,17749.3105,113620000
2015-03-16,17751.2402,17988.5000,17751.2402,17977.4199,101760000
2015-03-17,17972.2207,17972.2207,17785.7891,17849.0801,82560000
2015-03-18,17846.8008,18097.1191,17697.5195,18076.1895,130950000
2015-03-19,18072.5801,18072.9902,17934.2402,17959.0293,107820000
2015-03-20,17961.1309,18197.2891,17961.1309,18127.6504,333870000
2015-03-23,18136.7305,18205.9297,18116.0391,18116.0391,98030000
2015-03-24,18110.8691,18149.2402,18010.4395,18011.1406,87190000
2015-03-25,18012.6094,18041.9707,17718.5391,17718.5391,106560000
2015-03-26,17716.2695,17759.5098,17579.2695,17678.2305,117740000
2015-03-27,17673.6309,17729.1406,17630.4902,17712.6602,103220000
2015-03-30,17727.4805,18008.6406,17727.4805,17976.3105,104040000
2015-03-31,17965.3691,17965.3691,17773.0195,17776.1191,119470000
2015-04-01,17778.5195,17778.5195,17585.0098,17698.1797,103360000
2015-04-02,17699.5195,17815.0293,17673.4902,17763.2402,87370000
2015-04-06,17755.5000,17941.7891,17646.8008,17880.8496,100850000
2015-04-07,17884.3203,17983.1191,17871.2109,17875.4199,72150000
2015-04-08,17877.6191,17976.1992,17822.2305,17902.5098,76820000
2015-04-09,17902.5098,17984.2207,17823.0996,17958.7305,86740000
2015-04-10,17956.7305,18066.7598,17945.5508,18057.6504,116410000
2015-04-13,18052.3203,18107.5703,17974.8105,17977.0391,120090000
2015-04-14,17979.1094,18075.5996,17905.4805,18036.6992,82830000
2015-04-15,18045.7109,18160.5195,18045.7109,18112.6094,113610000
2015-04-16,18106.2695,18169.2598,18063.8594,18105.7695,89520000
2015-04-17,18102.5605,18102.5605,17748.5293,17826.3008,138860000
2015-04-20,17841.1797,18092.2207,17841.1797,18034.9297,103160000
2015-04-21,18034.2305,18109.6992,17929.6309,17949.5898,95180000
2015-04-22,17950.8203,18056.0195,17887.7598,18038.2695,91260000
2015-04-23,18031.9004,18133.0293,17966.7695,18058.6895,100240000
2015-04-24,18056.4199,18108.8691,18009.0801,18080.1406,119130000
2015-04-27,18097.8906,18175.5605,18024.6602,18037.9707,121110000
2015-04-28,18035.9004,18119.6504,17917.3594,18110.1406,124930000
2015-04-29,18093.6895,18096.4609,17953.6895,18035.5293,102080000
2015-04-30,18033.3301,18033.3301,17774.8906,17840.5195,129180000
2015-05-01,17859.2695,18028.8906,17859.2695,18024.0605,91700000
2015-05-04,18026.0195,18133.7598,18026.0195,18070.4004,86010000
2015-05-05,18062.5293,18086.0098,17905.7109,17928.1992,95340000
2015-05-06,17934.8105,18019.7500,17733.1191,17841.9805,100430000
2015-05-07,17840.2500,17973.0703,17796.9395,17924.0605,80920000
2015-05-08,17933.6406,18205.2305,17933.6406,18191.1094,94960000
2015-05-11,18187.7793,18199.9492,18089.1094,18105.1699,86050000
2015-05-12,18096.1602,18119.1797,17924.8008,18068.2305,89270000
2015-05-13,18070.3691,18132.7891,18039.1992,18060.4902,85180000
2015-05-14,18062.4902,18255.2109,18062.4902,18252.2402,91580000
2015-05-15,18251.9707,18272.7207,18215.0703,18272.5605,108220000
2015-05-18,18267.2500,18325.5391,18244.2598,18298.8809,79080000
2015-05-19,18300.4805,18351.3594,18261.3496,18312.3906,87200000
2015-05-20,18315.0605,18350.1309,18272.5605,18285.4004,80190000
2015-05-21,18285.8691,18314.8906,18249.9004,18285.7402,84270000
2015-05-22,18286.8691,18286.8691,18217.1406,18232.0195,78890000
2015-05-26,18229.7500,18229.7500,17990.0195,18041.5391,109440000
2015-05-27,18045.0801,18190.3496,18045.0801,18162.9902,96400000
2015-05-28,18154.1406,18154.1406,18066.4004,18126.1191,67510000
2015-05-29,18128.1191,18128.1191,17967.7402,18010.6797,139810000
2015-06-01,18017.8203,18105.8301,17982.0605,18040.3691,85640000
2015-06-02,18033.3301,18091.8691,17925.3301,18011.9395,77550000
2015-06-03,18018.4199,18168.0898,18010.4199,18076.2695,73120000
2015-06-04,18072.4707,18087.1504,17876.9492,17905.5801,93470000
2015-06-05,17905.3809,17940.7793,17822.9004,17849.4609,89140000
2015-06-08,17849.4609,17852.3496,17760.6094,17766.5508,86300000
2015-06-09,17766.9492,17817.8301,17714.9707,17764.0391,90550000
2015-06-10,17765.3809,18045.1406,17765.3809,18000.4004,96980000
2015-06-11,18001.2695,18109.7695,18001.2695,18039.3691,89490000
2015-06-12,18035.8301,18035.8301,17857.0703,17898.8398,83760000
2015-06-15,17890.7598,17890.7598,17698.4199,17791.1699,91920000
2015-06-16,17787.4297,17919.6191,17774.1191,17904.4805,77510000
2015-06-17,17909.5801,17998.0000,17839.6504,17935.7402,92410000
2015-06-18,17944.6094,18174.7305,17944.6094,18115.8398,94460000
2015-06-19,18116.2402,18117.7109,18010.5801,18015.9492,258300000
2015-06-22,18027.6309,18181.6699,18027.6309,18119.7793,77780000
2015-06-23,18121.7793,18188.8105,18108.0996,18144.0703,75970000
2015-06-24,18139.0996,18139.0996,17966.0703,17966.0703,104980000
2015-06-25,17977.1094,18036.0996,17890.3594,17890.3594,78990000
2015-06-26,17892.0293,18013.1504,17892.0293,17946.6797,158120000
2015-06-29,17936.7402,17936.7402,17590.5508,17596.3496,116340000
2015-06-30,17599.9609,17714.6602,17576.5000,17619.5098,126460000
2015-07-01,17638.1191,17801.8301,17638.1191,17757.9102,87010000
2015-07-02,17763.3203,17825.4902,17687.5195,17730.1094,83080000
2015-07-06,17728.0801,17734.3594,17564.3594,17683.5801,90130000
2015-07-07,17684.9199,17793.4492,17465.6797,17776.9102,105840000
2015-07-08,17759.0098,17759.0098,17496.2207,17515.4199,69830000
2015-07-09,17530.3809,17764.8496,17530.3809,17548.6191,100520000
2015-07-10,17561.1191,17797.4902,17561.1191,17760.4102,85800000
2015-07-13,17787.2695,17987.5703,17787.2695,17977.6797,86380000
2015-07-14,17974.6094,18072.8203,17956.1699,18053.5801,76740000
2015-07-15,18053.3809,18090.3906,18010.1504,18050.1699,80460000
2015-07-16,18078.1602,18131.6094,18065.3301,18120.2500,85030000
2015-07-17,18117.5801,18121.1191,18032.0605,18086.4492,106510000
2015-07-20,18085.9102,18137.1191,18064.5000,18100.4102,75060000
2015-07-21,18096.6699,18096.6699,17868.3398,17919.2891,100170000
2015-07-22,17918.3496,17919.3496,17807.4102,17851.0391,112370000
2015-07-23,17853.7793,17860.9492,17705.0293,17731.9199,88600000
2015-07-24,17731.0508,17756.5391,17553.7305,17568.5293,103470000
2015-07-27,17561.7793,17561.7793,17399.1699,17440.5898,117860000
2015-07-28,17449.8105,17650.0703,17449.8105,17630.2695,103450000
2015-07-29,17631.4004,17776.7793,17629.1992,17751.3906,93140000
2015-07-30,17743.2402,17761.2500,17640.8496,17745.9805,76650000
2015-07-31,17755.8691,17783.5898,17671.5898,17689.8594,106120000
2015-08-03,17696.7402,17704.7598,17496.6094,17598.1992,87880000
2015-08-04,17596.9297,17635.7793,17505.5000,17550.6895,99060000
2015-08-05,17555.2402,17661.3691,17492.9004,17540.4707,102450000
2015-08-06,17542.6094,17572.0391,17362.8594,17419.7500,96170000
2015-08-07,17414.9395,17414.9395,17279.0801,17373.3809,81800000
2015-08-10,17375.1797,17629.1309,17375.1797,17615.1699,92430000
2015-08-11,17593.5898,17593.5898,17352.6309,17402.8398,103010000
2015-08-12,17382.9297,17423.9004,17125.8105,17402.5098,120400000
2015-08-13,17401.6406,17481.7793,17341.3398,17408.2500,88550000
2015-08-14,17410.1191,17492.9004,17394.0605,17477.4004,82120000
2015-08-17,17472.6602,17551.4004,17341.7207,17545.1797,73380000
2015-08-18,17537.3008,17568.4004,17486.4199,17511.3398,79900000
2015-08-19,17508.7402,17517.1895,17282.4199,17348.7305,104720000
2015-08-20,17345.3203,17345.3203,16990.6895,16990.6895,128530000
2015-08-21,16990.6895,16990.6895,16459.5508,16459.7500,225170000
2015-08-24,16459.7500,16459.7500,15370.3301,15871.3496,293920000
2015-08-25,15882.2695,16312.9404,15651.2402,15666.4404,213220000
2015-08-26,15676.2598,16303.7500,15676.2598,16285.5098,208420000
2015-08-27,16285.5098,16666.6895,16285.5098,16654.7695,171980000
2015-08-28,16649.4199,16669.9707,16535.1797,16643.0098,131790000
2015-08-31,16632.0195,16632.0195,16444.0508,16528.0293,141440000
2015-09-01,16528.0293,16528.0293,15979.9502,16058.3496,171390000
2015-09-02,16058.3496,16352.5801,16058.3496,16351.3799,133480000
2015-09-03,16364.3398,16550.0703,16317.3096,16374.7598,109730000
2015-09-04,16371.7598,16371.7598,16026.6104,16102.3799,127270000
2015-09-08,16109.9297,16503.4102,16109.9297,16492.6797,123870000
2015-09-09,16505.0391,16664.6504,16220.0996,16253.5703,118790000
2015-09-10,16252.5703,16441.9395,16212.0801,16330.4004,122690000
2015-09-11,16330.4004,16434.7598,16244.6504,16433.0898,104630000
2015-09-14,16450.8594,16450.8594,16330.8701,16370.9600,92660000
2015-09-15,16382.5801,16644.1094,16382.5801,16599.8496,93050000
2015-09-16,16599.5098,16755.9805,16593.9004,16739.9492,99620000
2015-09-17,16738.0801,16933.4297,16639.9297,16674.7402,129600000
2015-09-18,16674.7402,16674.7402,16343.7598,16384.5801,341690000
2015-09-21,16406.0996,16578.5996,16391.8809,16510.1895,90730000
2015-09-22,16477.4492,16477.4492,16221.7305,16330.4697,119010000
2015-09-23,16332.8096,16355.2900,16211.9805,16279.8896,86030000
2015-09-24,16257.1104,16257.1104,16016.3604,16201.3203,122220000
2015-09-25,16205.0703,16465.2305,16205.0703,16314.6699,130790000
2015-09-28,16313.2598,16313.2598,15981.8496,16001.8896,139930000
2015-09-29,16001.7598,16118.8896,15942.3701,16049.1299,121160000
2015-09-30,16057.0801,16297.5996,16057.0801,16284.7002,145740000
2015-10-01,16278.6201,16348.8701,16073.8203,16272.0098,111420000
2015-10-02,16258.2500,16472.7695,16013.6602,16472.3691,136870000
2015-10-05,16502.0996,16798.3691,16502.0996,16776.4297,127660000
2015-10-06,16774.0195,16865.0898,16746.0293,16790.1895,120010000
2015-10-07,16805.4199,16963.3008,16765.0000,16912.2891,115690000
2015-10-08,16904.1699,17081.2793,16859.3398,17050.7500,100730000
2015-10-09,17054.6895,17110.8809,17027.2305,17084.4902,103730000
2015-10-12,17082.2891,17139.2109,17064.5801,17131.8594,72500000
2015-10-13,17113.5508,17172.8105,17034.4492,17081.8906,99400000
2015-10-14,17079.0801,17111.3809,16887.6699,16924.7500,120110000
2015-10-15,16944.8594,17144.4199,16933.5703,17141.7500,122960000
2015-10-16,17141.7500,17220.0195,17107.3496,17215.9707,145880000
2015-10-19,17209.4297,17235.9492,17129.1895,17230.5391,118430000
2015-10-20,17228.4707,17264.8809,17147.9902,17217.1094,106670000
2015-10-21,17225.9297,17314.9902,17153.1309,17168.6094,107100000
2015-10-22,17180.8809,17505.1797,17180.8809,17489.1602,152420000
2015-10-23,17525.1094,17679.3691,17525.1094,17646.6992,158090000
2015-10-26,17649.5703,17660.6992,17602.5098,17623.0508,116660000
2015-10-27,17608.8906,17635.1797,17540.5703,17581.4297,113960000
2015-10-28,17586.6895,17779.9492,17556.7109,17779.5195,115630000
2015-10-29,17771.5000,17786.0000,17684.7207,17755.8008,90300000
2015-10-30,17756.5996,17799.9609,17662.8691,17663.5391,149250000
2015-11-02,17672.6191,17845.9004,17655.0195,17828.7598,100840000
2015-11-03,17819.7402,17977.8496,17796.0195,17918.1504,92290000
2015-11-04,17929.5801,17964.1191,17828.8301,17867.5801,99890000
2015-11-05,17871.2500,17929.5098,17779.1895,17863.4297,98910000
2015-11-06,17855.2207,17912.0391,17768.5996,17910.3301,107450000
2015-11-09,17900.7793,17900.7793,17667.7793,17730.4805,121210000
2015-11-10,17724.1309,17768.6602,17657.7207,17758.2109,108640000
2015-11-11,17769.5000,17807.1797,17696.9102,17702.2207,95230000
2015-11-12,17691.9297,17691.9297,17443.5000,17448.0703,113660000
2015-11-13,17439.2500,17439.2500,17238.8906,17245.2402,134640000
2015-11-16,17229.9395,17483.0098,17210.4297,17483.0098,137590000
2015-11-17,17486.9902,17599.3301,17451.4102,17489.5000,167190000
2015-11-18,17485.4902,17752.1602,17485.4902,17737.1602,106810000
2015-11-19,17739.8301,17772.9707,17681.9805,17732.7500,114630000
2015-11-20,17732.7500,17914.3398,17732.7500,17823.8105,153140000
2015-11-23,17823.6094,17868.1797,17751.5293,17792.6797,134680000
2015-11-24,17770.9004,17862.5996,17683.5098,17812.1895,127170000
2015-11-25,17820.8105,17854.9199,17801.8301,17813.3906,82540000
2015-11-27,17806.0391,17830.3594,17749.3203,17813.3906,82540000
2015-11-30,17802.8398,17837.2402,17719.7891,17719.9199,155560000
2015-12-01,17719.7207,17895.5000,17719.7207,17888.3496,103880000
2015-12-02,17883.1406,17901.5801,17708.1992,17729.6797,102860000
2015-12-03,17741.5703,17780.5898,17425.5605,17477.6699,126990000
2015-12-04,17482.6797,17866.4707,17482.6797,17847.6309,137650000
2015-12-07,17845.4902,17845.4902,17639.2500,17730.5098,99670000
2015-12-08,17703.9902,17703.9902,17485.3906,17568.0000,113720000
2015-12-09,17558.1797,17767.6895,17403.5098,17492.3008,122020000
2015-12-10,17493.1699,17697.7402,17474.6602,17574.7500,107310000
2015-12-11,17574.7500,17574.7500,17230.5000,17265.2109,134510000
2015-12-14,17277.1094,17378.0195,17138.4707,17368.5000,142540000
2015-12-15,17374.7793,17627.6309,17341.1797,17524.9102,123430000
2015-12-16,17530.8496,17784.3594,17483.6797,17749.0898,123790000
2015-12-17,17756.5391,17796.7598,17493.5000,17495.8398,115780000
2015-12-18,17495.0391,17496.5801,17124.3105,17128.5508,344560000
2015-12-21,17154.9395,17272.3594,17116.7305,17251.6191,114910000
2015-12-22,17253.5508,17451.1094,17242.8594,17417.2695,91570000
2015-12-23,17427.6309,17607.9199,17427.6309,17602.6094,92820000
2015-12-24,17593.2598,17606.3398,17543.9492,17552.1699,40350000
2015-12-28,17535.6602,17536.9004,17437.3398,17528.2695,59770000
2015-12-29,17547.3691,17750.0195,17547.3691,17720.9805,69860000
2015-12-30,17711.9395,17714.1309,17588.8691,17603.8691,59760000
2015-12-31,17590.6602,17590.6602,17421.1602,17425.0293,93690000
2016-01-04,17405.4805,17405.4805,16957.6309,17148.9395,148060000
2016-01-05,17147.5000,17195.8398,17038.6094,17158.6602,105750000
2016-01-06,17154.8301,17154.8301,16817.6191,16906.5098,120250000
2016-01-07,16888.3594,16888.3594,16463.6309,16514.0996,176240000
2016-01-08,16519.1699,16651.8906,16314.5703,16346.4502,141850000
2016-01-11,16358.7100,16461.8496,16232.0303,16398.5703,127790000
2016-01-12,16419.1094,16591.3496,16322.0703,16516.2207,117480000
2016-01-13,16526.6309,16593.5098,16123.2002,16151.4102,153530000
2016-01-14,16159.0098,16482.0508,16075.1201,16379.0498,158830000
2016-01-15,16354.3301,16354.3301,15842.1104,15988.0801,239210000
2016-01-19,16009.4502,16171.9600,15900.2500,16016.0195,144360000
2016-01-20,15989.4502,15989.4502,15450.5596,15766.7402,191870000
2016-01-21,15768.8701,16038.5898,15704.6602,15882.6797,145140000
2016-01-22,15921.0996,16136.7900,15921.0996,16093.5098,145850000
2016-01-25,16086.4600,16086.4600,15880.1504,15885.2197,123250000
2016-01-26,15893.1602,16185.7900,15893.1602,16167.2305,118210000
2016-01-27,16168.7402,16235.0303,15878.2998,15944.4600,138350000
2016-01-28,15960.2803,16102.1396,15863.7197,16069.6396,130120000
2016-01-29,16090.2598,16466.3008,16090.2598,16466.3008,217940000
2016-02-01,16453.6309,16510.9805,16299.4697,16449.1797,114450000
2016-02-02,16420.2109,16420.2109,16108.4404,16153.5400,126210000
2016-02-03,16186.2002,16381.6904,15960.4502,16336.6602,141870000
2016-02-04,16329.6699,16485.8398,16266.1602,16416.5801,131490000
2016-02-05,16417.9492,16423.6309,16129.8096,16204.9697,139010000
2016-02-08,16147.5098,16147.5098,15803.5498,16027.0498,165880000
2016-02-09,16005.4102,16136.6201,15881.1104,16014.3799,127740000
2016-02-10,16035.6104,16201.8896,15899.9102,15914.7402,122290000
2016-02-11,15897.8203,15897.8203,15503.0098,15660.1797,172070000
2016-02-12,15691.6201,15974.0400,15691.6201,15973.8398,132550000
2016-02-16,16012.3896,16196.4102,16012.3896,16196.4102,142030000
2016-02-17,16217.9805,16486.1191,16217.9805,16453.8301,124080000
2016-02-18,16483.7598,16511.8398,16390.4297,16413.4297,104950000
2016-02-19,16410.9609,16410.9609,16278.0000,16391.9902,134340000
2016-02-22,16417.1309,16664.2402,16417.1309,16620.6602,102240000
2016-02-23,16610.3906,16610.3906,16403.5293,16431.7793,98170000
2016-02-24,16418.8398,16507.3906,16165.8604,16484.9902,93620000
2016-02-25,16504.3809,16697.9805,16458.4199,16697.2891,94120000
2016-02-26,16712.6992,16795.9805,16623.9102,16639.9707,98480000
2016-02-29,16634.1504,16726.1191,16510.4004,16516.5000,126220000
2016-03-01,16545.6699,16865.5605,16545.6699,16865.0801,105050000
2016-03-02,16851.1699,16900.1699,16766.3203,16899.3203,104470000
2016-03-03,16896.1699,16944.3105,16820.7305,16943.9004,91110000
2016-03-04,16945.0000,17062.3809,16898.8398,17006.7695,106910000
2016-03-07,16991.2891,17099.2500,16940.4805,17073.9492,100290000
2016-03-08,17050.6699,17072.7891,16921.5098,16964.0996,108380000
2016-03-09,16969.1699,17048.5000,16947.9395,17000.3594,116690000
2016-03-10,17006.0508,17130.1094,16821.8594,16995.1309,117570000
2016-03-11,17014.9902,17220.0898,17014.9902,17213.3105,123420000
2016-03-14,17207.4902,17275.0703,17161.1602,17229.1309,96350000
2016-03-15,17217.1504,17251.6992,17120.3496,17251.5293,92830000
2016-03-16,17249.3398,17379.1797,17204.0703,17325.7598,118710000
2016-03-17,17321.3809,17529.0098,17297.6504,17481.4902,117990000
2016-03-18,17481.4902,17620.5801,17481.4902,17602.3008,321230000
2016-03-21,17589.6992,17644.9707,17551.2793,17623.8691,84410000
2016-03-22,17602.7109,17648.9395,17540.4199,17582.5703,95450000
2016-03-23,17588.8105,17588.8105,17486.2695,17502.5898,84240000
2016-03-24,17485.3301,17517.1406,17399.0098,17515.7305,84100000
2016-03-28,17526.0801,17583.8105,17493.0293,17535.3906,70460000
2016-03-29,17512.5801,17642.8105,17434.2695,17633.1094,86160000
2016-03-30,17652.3594,17790.1094,17652.3594,17716.6602,79330000
2016-03-31,17716.0508,17755.6992,17669.7207,17685.0898,102600000
2016-04-01,17661.7402,17811.4805,17568.0195,17792.7500,104890000
2016-04-04,17799.3906,17806.3809,17710.6699,17737.0000,85230000
2016-04-05,17718.0293,17718.0293,17579.5605,17603.3203,115230000
2016-04-06,17605.4492,17723.5508,17542.5391,17716.0508,99410000
2016-04-07,17687.2793,17687.2793,17484.2305,17541.9609,90120000
2016-04-08,17555.3906,17694.5098,17528.1602,17576.9609,79990000
2016-04-11,17586.4805,17731.6309,17555.9004,17556.4102,107100000
2016-04-12,17571.3398,17744.4297,17553.5703,17721.2500,81020000
2016-04-13,17741.6602,17918.3496,17741.6602,17908.2793,91710000
2016-04-14,17912.2500,17962.1406,17885.4395,17926.4297,84510000
2016-04-15,17925.9492,17937.6504,17867.4102,17897.4609,118160000
2016-04-18,17890.1992,18009.5293,17848.2207,18004.1602,89390000
2016-04-19,18012.0996,18103.4609,17984.4297,18053.5996,89820000
2016-04-20,18059.4902,18167.6309,18031.2109,18096.2695,100210000
2016-04-21,18092.8398,18107.2891,17963.8906,17982.5195,102720000
2016-04-22,17985.0508,18026.8496,17909.8906,18003.7500,134120000
2016-04-25,17990.9395,17990.9395,17855.5508,17977.2402,83770000
2016-04-26,17987.3809,18043.7695,17934.1699,17990.3203,92570000
2016-04-27,17996.1406,18084.6602,17920.2598,18041.5508,109090000
2016-04-28,18023.8809,18035.7305,17796.5508,17830.7598,100920000
2016-04-29,17813.0898,17814.8301,17651.9805,17773.6406,136670000
2016-05-02,17783.7793,17912.3496,17773.7109,17891.1602,80100000
2016-05-03,17870.7500,17870.7500,17670.8809,17750.9102,97060000
2016-05-04,17735.0195,17738.0605,17609.0098,17651.2598,95020000
2016-05-05,17664.4805,17736.1094,17615.8203,17660.7109,81530000
2016-05-06,17650.3008,17744.5391,17580.3809,17740.6309,80020000
2016-05-09,17743.8496,17783.1602,17668.3809,17705.9102,85590000
2016-05-10,17726.6602,17934.6094,17726.6602,17928.3496,75790000
2016-05-11,17919.0293,17919.0293,17711.0508,17711.1191,87390000
2016-05-12,17711.1191,17798.1895,17625.3809,17720.5000,88560000
2016-05-13,17711.1191,17734.7402,17512.4805,17535.3203,86640000
2016-05-16,17531.7598,17755.8008,17531.7598,17710.7109,88440000
2016-05-17,17701.4609,17701.4609,17469.9199,17529.9805,103260000
2016-05-18,17501.2793,17636.2207,17418.2109,17526.6191,79120000
2016-05-19,17514.1602,17514.1602,17331.0703,17435.4004,95530000
2016-05-20,17437.3203,17571.7500,17437.3203,17500.9395,111990000
2016-05-23,17507.0391,17550.6992,17480.0508,17492.9297,87790000
2016-05-24,17525.1895,17742.5898,17525.1895,17706.0508,86480000
2016-05-25,17735.0898,17891.7109,17735.0898,17851.5098,79180000
2016-05-26,17859.5195,17888.6602,17803.8203,17828.2891,68940000
2016-05-27,17826.8496,17873.2207,17824.7305,17873.2207,73190000
2016-05-31,17891.5000,17899.2402,17724.0293,17787.1992,147390000
2016-06-01,17754.5508,17809.1797,17664.7891,17789.6699,78530000
2016-06-02,17789.0508,17838.5605,17703.5508,17838.5605,75560000
2016-06-03,17799.8008,17833.1699,17689.6797,17807.0605,82270000
2016-06-06,17825.6895,17949.6797,17822.8105,17920.3301,71870000
2016-06-07,17936.2207,18003.2305,17936.2207,17938.2793,78750000
2016-06-08,17931.9102,18016.0000,17931.9102,18005.0508,71260000
2016-06-09,17969.9805,18005.2207,17915.8809,17985.1895,69690000
2016-06-10,17938.8203,17938.8203,17812.3398,17865.3398,90540000
2016-06-13,17830.5000,17893.2793,17731.3496,17732.4805,101690000
2016-06-14,17710.7695,17733.9199,17595.7891,17674.8203,93740000
2016-06-15,17703.6504,17762.9609,17629.0098,17640.1699,94130000
2016-06-16,17602.2305,17754.9102,17471.2891,17733.0996,91950000
2016-06-17,17733.4395,17733.4395,17602.7793,17675.1602,248680000
2016-06-20,17736.8691,17946.3594,17736.8691,17804.8691,99380000
2016-06-21,17827.3301,17877.8398,17799.8008,17829.7305,85130000
2016-06-22,17832.6699,17920.1602,17770.3594,17780.8301,89440000
2016-06-23,17844.1094,18011.0703,17844.1094,18011.0703,98070000
2016-06-24,17946.6309,17946.6309,17356.3398,17400.7500,239000000
2016-06-27,17355.2109,17355.2109,17063.0801,17140.2402,138740000
2016-06-28,17190.5098,17409.7207,17190.5098,17409.7207,112190000
2016-06-29,17456.0195,17704.5098,17456.0195,17694.6797,106380000
2016-06-30,17712.7598,17930.6094,17711.8008,17929.9902,133030000
2016-07-01,17924.2402,18002.3809,17916.9102,17949.3691,82160000
2016-07-05,17904.4492,17904.4492,17785.2793,17840.6191,103650000
2016-07-06,17807.4707,17926.9102,17713.4492,17918.6191,93000000
2016-07-07,17924.2402,17984.9492,17816.6504,17895.8809,81570000
2016-07-08,17971.2207,18166.7695,17971.2207,18146.7402,93460000
2016-07-11,18161.5293,18283.9004,18161.5293,18226.9297,80880000
2016-07-12,18259.1191,18371.9492,18259.1191,18347.6699,90170000
2016-07-13,18356.7793,18390.1602,18315.7598,18372.1191,80920000
2016-07-14,18414.3008,18537.5703,18414.3008,18506.4102,87050000
2016-07-15,18508.8809,18557.4297,18471.6191,18516.5508,123690000
2016-07-18,18521.5508,18556.1309,18489.8398,18533.0508,75540000
2016-07-19,18503.1191,18562.5293,18495.1094,18559.0098,85840000
2016-07-20,18582.6992,18622.0098,18555.6504,18595.0293,93230000
2016-07-21,18589.9609,18590.4395,18469.6699,18517.2305,86800000
2016-07-22,18524.1504,18571.3008,18491.5898,18570.8496,87710000
2016-07-25,18554.4902,18555.6895,18452.6191,18493.0605,76810000
2016-07-26,18497.3691,18522.4707,18387.2207,18473.7500,85370000
2016-07-27,18473.2695,18542.3906,18430.9395,18472.1699,111370000
2016-07-28,18461.0098,18483.2598,18368.8203,18456.3496,85750000
2016-07-29,18442.5195,18466.5508,18371.1191,18432.2402,111550000
2016-08-01,18434.5000,18467.0293,18355.7500,18404.5098,83470000
2016-08-02,18401.1504,18403.6504,18247.7891,18313.7695,89680000
2016-08-03,18313.0801,18355.0000,18283.2305,18355.0000,78550000
2016-08-04,18351.4297,18397.8691,18325.1699,18352.0508,64500000
2016-08-05,18402.8008,18543.5293,18402.8008,18543.5293,92420000
2016-08-08,18541.8906,18569.3105,18502.0293,18529.2891,71810000
2016-08-09,18538.0508,18585.3203,18507.7500,18533.0508,60090000
2016-08-10,18541.4805,18561.7500,18468.7793,18495.6602,62780000
2016-08-11,18519.0801,18638.3398,18519.0801,18613.5195,71470000
2016-08-12,18595.6504,18606.0605,18535.8594,18576.4707,61580000
2016-08-15,18588.5898,18722.6094,18559.9297,18636.0508,62350000
2016-08-16,18614.4805,18614.8594,18550.6504,18552.0195,67570000
2016-08-17,18537.0898,18582.3496,18468.6797,18573.9395,71000000
2016-08-18,18566.5391,18600.8203,18533.2891,18597.6992,70740000
2016-08-19,18585.1699,18585.1699,18491.2402,18552.5703,93170000
2016-08-22,18535.8594,18570.9199,18466.8594,18529.4199,73450000
2016-08-23,18568.9395,18631.5996,18545.5195,18547.3008,73990000
2016-08-24,18537.5000,18539.1504,18448.2695,18481.4805,72270000
2016-08-25,18471.2109,18497.6797,18431.4609,18448.4102,64480000
2016-08-26,18467.9199,18572.0898,18335.3398,18395.4004,78730000
2016-08-29,18421.2891,18523.0898,18419.9199,18502.9902,64480000
2016-08-30,18491.2793,18514.2891,18408.5195,18454.3008,68920000
2016-08-31,18436.6992,18439.6797,18333.5605,18400.8809,98250000
2016-09-01,18396.5703,18430.0508,18295.4805,18419.3008,74780000
2016-09-02,18466.0098,18544.7598,18439.0996,18491.9609,74350000
2016-09-06,18493.4004,18551.5391,18450.3203,18538.1191,83710000
2016-09-07,18527.7109,18536.8906,18474.7695,18526.1406,67570000
2016-09-08,18486.6895,18506.2402,18446.6895,18479.9102,79060000
2016-09-09,18404.1699,18404.1699,18085.4492,18085.4492,120670000
2016-09-12,18028.9492,18358.6895,17994.8398,18325.0703,103260000
2016-09-13,18262.9902,18262.9902,18028.0605,18066.7500,102830000
2016-09-14,18073.3906,18163.4805,17992.2109,18034.7695,103360000
2016-09-15,18024.9102,18250.1094,18015.4902,18212.4805,99550000
2016-09-16,18217.2109,18217.2109,18070.2109,18123.8008,278510000
2016-09-19,18154.8203,18254.8809,18093.0508,18120.1699,78090000
2016-09-20,18175.3594,18227.2109,18128.8008,18129.9609,72450000
2016-09-21,18164.9609,18307.4297,18121.5703,18293.6992,94090000
2016-09-22,18343.7598,18449.8809,18343.7598,18392.4609,73030000
2016-09-23,18377.3594,18383.7598,18254.8398,18261.4492,87170000
2016-09-26,18217.7598,18217.7598,18083.3203,18094.8301,95510000
2016-09-27,18099.2109,18238.0996,18052.1602,18228.3008,84130000
2016-09-28,18240.2207,18349.8594,18179.3398,18339.2402,97650000
2016-09-29,18322.8809,18366.2305,18091.6406,18143.4492,95880000
2016-09-30,18181.8008,18369.6191,18181.8008,18308.1504,135470000
2016-10-03,18279.5996,18279.8008,18203.7500,18253.8496,68520000
2016-10-04,18267.6797,18313.7695,18116.2598,18168.4492,79710000
2016-10-05,18205.5000,18315.8203,18205.5000,18281.0293,76190000
2016-10-06,18280.4199,18288.1191,18162.9707,18268.5000,78660000
2016-10-07,18295.3496,18319.7305,18149.3496,18240.4902,82680000
2016-10-10,18282.9492,18399.9609,18282.9492,18329.0391,72110000
2016-10-11,18308.4297,18312.3301,18061.9609,18128.6602,88610000
2016-10-12,18132.6309,18193.9609,18082.0898,18144.1992,72230000
2016-10-13,18088.3203,18137.6992,17959.9492,18098.9395,83160000
2016-10-14,18177.3496,18261.1094,18138.3809,18138.3809,87050000
2016-10-17,18135.8496,18162.2793,18063.0195,18086.4004,75960000
2016-10-18,18145.0605,18225.8008,18129.4492,18161.9395,74600000
2016-10-19,18178.2109,18252.1992,18169.2500,18202.6191,88040000
2016-10-20,18161.8691,18249.0508,18129.0703,18162.3496,88830000
2016-10-21,18152.6309,18168.7598,18049.7695,18145.7109,117810000
2016-10-24,18197.1406,18275.0391,18191.1797,18223.0293,88540000
2016-10-25,18206.5195,18241.6895,18151.6992,18169.2695,83190000
2016-10-26,18103.8008,18236.0391,18062.3008,18199.3301,86340000
2016-10-27,18234.8105,18253.1992,18149.1992,18169.6797,83530000
2016-10-28,18193.7891,18257.0605,18094.9707,18161.1895,107850000
2016-10-31,18176.5996,18193.6797,18130.5801,18142.4199,110080000
2016-11-01,18158.2402,18177.0098,17940.8398,18037.0996,101280000
2016-11-02,18017.7207,18044.1504,17931.8906,17959.6406,88610000
2016-11-03,17978.7500,18006.9609,17904.0703,17930.6699,77860000
2016-11-04,17928.3496,17986.7598,17883.5605,17888.2793,97760000
2016-11-07,17994.6406,18263.3008,17994.6406,18259.5996,93450000
2016-11-08,18251.3809,18400.5000,18200.7500,18332.7402,79820000
2016-11-09,18317.2598,18650.0605,18252.5508,18589.6895,173110000
2016-11-10,18603.1406,18873.6602,18603.1406,18807.8809,164390000
2016-11-11,18781.6504,18855.7793,18736.9609,18847.6602,107300000
2016-11-14,18876.7695,18934.0508,18815.7500,18868.6895,112250000
2016-11-15,18858.2109,18925.2598,18806.0605,18923.0605,100660000
2016-11-16,18909.8496,18909.8496,18825.8906,18868.1406,87320000
2016-11-17,18866.2207,18904.0293,18845.2695,18903.8203,89940000
2016-11-18,18905.3301,18915.7402,18853.8301,18867.9297,109880000
2016-11-21,18898.6797,18960.7598,18883.0996,18956.6895,80520000
2016-11-22,18970.3906,19043.9004,18962.8203,19023.8691,85310000
2016-11-23,19015.5195,19083.7598,19000.3809,19083.1797,77880000
2016-11-25,19093.7207,19152.1406,19093.7207,19152.1406,45890000
2016-11-28,19122.1406,19138.7207,19072.2500,19097.9004,88460000
2016-11-29,19064.0703,19144.4004,19062.2207,19121.5996,81510000
2016-11-30,19135.6406,19225.2891,19123.3809,19123.5801,164570000
2016-12-01,19149.1992,19214.3008,19138.7891,19191.9297,108800000
2016-12-02,19161.2500,19196.1406,19141.1797,19170.4199,84920000
2016-12-05,19244.3496,19274.8496,19186.7305,19216.2402,317800000
2016-12-06,19219.9102,19255.8906,19184.7402,19251.7793,284960000
2016-12-07,19241.9902,19558.4199,19229.8301,19549.6191,385200000
2016-12-08,19559.9395,19664.9707,19527.8301,19614.8105,324570000
2016-12-09,19631.3496,19757.7402,19623.1895,19756.8496,334470000
2016-12-12,19770.1992,19824.5898,19747.7402,19796.4297,333660000
2016-12-13,19852.2109,19953.7500,19846.4492,19911.2109,388420000
2016-12-14,19876.1309,19966.4297,19748.6699,19792.5293,408430000
2016-12-15,19811.5000,19951.2891,19811.5000,19852.2402,357350000
2016-12-16,19909.0098,19923.1699,19821.0000,19843.4102,573470000
2016-12-19,19836.6602,19917.7793,19832.9492,19883.0605,302310000
2016-12-20,19920.5898,19987.6309,19920.4199,19974.6191,284080000
2016-12-21,19968.9707,19986.5605,19941.9609,19941.9609,256640000
2016-12-22,19922.6797,19933.8301,19882.1895,19918.8809,258290000
2016-12-23,19908.6094,19934.1504,19899.0605,19933.8105,158260000
2016-12-27,19943.4609,19980.2402,19939.8008,19945.0391,158540000
2016-12-28,19964.3105,19981.1094,19827.3105,19833.6797,188350000
2016-12-29,19835.4609,19878.4395,19788.9395,19819.7793,172040000
2016-12-30,19833.1699,19852.5508,19718.6699,19762.5996,271910000
2017-01-03,19872.8594,19938.5293,19775.9297,19881.7598,339180000
2017-01-04,19890.9395,19956.1406,19878.8301,19942.1602,280010000
2017-01-05,19924.5605,19948.5996,19811.1191,19899.2891,269920000
2017-01-06,19906.9609,19999.6309,19834.0801,19963.8008,277700000
2017-01-09,19931.4102,19943.7793,19887.3809,19887.3809,287510000
2017-01-10,19876.3496,19957.1191,19836.0293,19855.5293,299410000
2017-01-11,19887.3809,19973.4199,19833.1602,19954.2793,336150000
2017-01-12,19926.2109,19929.2891,19770.4707,19891.0000,306290000
2017-01-13,19912.5391,19952.0293,19849.3809,19885.7305,263780000
2017-01-17,19848.8203,19882.9902,19775.3496,19826.7695,341900000
2017-01-18,19822.7305,19828.1992,19739.0000,19804.7207,279760000
2017-01-19,19813.5508,19824.1406,19677.9395,19732.4004,301750000
2017-01-20,19795.0605,19843.9395,19759.1406,19827.2500,435260000
2017-01-23,19794.7891,19833.9805,19732.3594,19799.8496,326690000
2017-01-24,19794.6797,19949.2402,19786.7109,19912.7109,374460000
2017-01-25,19994.4805,20082.0000,19994.4805,20068.5098,372240000
2017-01-26,20076.2500,20125.5801,20067.5293,20100.9102,356730000
2017-01-27,20103.3594,20115.9707,20072.6406,20093.7793,343130000
2017-01-30,20028.6191,20028.6191,19870.3906,19971.1309,317280000
2017-01-31,19913.1602,19918.1699,19784.7695,19864.0898,373750000
2017-02-01,19923.8105,19967.7305,19845.9902,19890.9395,426670000
2017-02-02,19858.3398,19922.7500,19831.0898,19884.9102,347220000
2017-02-03,19964.2109,20081.4805,19964.2109,20071.4609,344220000
2017-02-06,20025.6094,20094.9492,20002.8105,20052.4199,281720000
2017-02-07,20107.6191,20155.3496,20068.6797,20090.2891,279670000
2017-02-08,20049.2891,20068.2793,20015.3301,20054.3398,280410000
2017-02-09,20061.7305,20206.3594,20061.7305,20172.4004,325310000
2017-02-10,20211.2305,20298.2109,20204.7598,20269.3691,312230000
2017-02-13,20338.5391,20441.4805,20322.9492,20412.1602,314620000
2017-02-14,20374.2207,20504.4102,20374.0195,20504.4102,356580000
2017-02-15,20504.2695,20620.4492,20496.0293,20611.8594,384380000
2017-02-16,20627.3105,20639.8691,20556.8301,20619.7695,354120000
2017-02-17,20564.1309,20624.0508,20532.6094,20624.0508,340620000
2017-02-21,20663.4297,20757.6406,20663.3691,20743.0000,336880000
2017-02-22,20715.4102,20781.5898,20692.3906,20775.5996,310530000
2017-02-23,20817.2109,20840.6992,20746.4102,20810.3203,302110000
2017-02-24,20751.9102,20821.7598,20733.9492,20821.7598,292540000
2017-02-27,20808.7109,20851.3301,20774.7598,20837.4395,256540000
2017-02-28,20833.8809,20841.2402,20781.2109,20812.2402,339210000
2017-03-01,20957.2891,21169.1094,20957.2891,21115.5508,392820000
2017-03-02,21128.9102,21129.1992,20996.6094,21002.9707,319910000
2017-03-03,21008.7500,21039.9609,20953.8594,21005.7109,254420000
2017-03-06,20955.7109,20986.4297,20912.1094,20954.3398,266620000
2017-03-07,20934.8906,20970.5391,20901.2598,20924.7598,274630000
2017-03-08,20940.4395,20951.4395,20835.5801,20855.7305,296780000
2017-03-09,20864.3203,20900.5703,20777.1602,20858.1895,275960000
2017-03-10,20919.0098,20940.2891,20827.6602,20902.9805,315430000
2017-03-13,20899.2793,20926.0605,20845.7109,20881.4805,289260000
2017-03-14,20848.5996,20874.0000,20786.3105,20837.3691,246820000
2017-03-15,20874.7793,20977.4707,20859.5996,20950.0996,306590000
2017-03-16,20969.2695,21000.1094,20893.5000,20934.5508,264360000
2017-03-17,20965.3691,20980.5098,20911.0703,20914.6191,535280000
2017-03-20,20916.2695,20955.4492,20885.6992,20905.8594,253610000
2017-03-21,20956.3301,20970.0391,20653.2598,20668.0098,369320000
2017-03-22,20640.4199,20686.2109,20578.9492,20661.3008,325090000
2017-03-23,20645.0703,20757.8906,20618.6191,20656.5801,280050000
2017-03-24,20674.4492,20718.3301,20529.6699,20596.7207,292980000
2017-03-27,20488.3496,20578.4609,20412.8008,20550.9805,269380000
2017-03-28,20542.1406,20735.6094,20520.0996,20701.5000,299670000
2017-03-29,20675.7500,20684.7305,20625.0293,20659.3203,238320000
2017-03-30,20662.7891,20753.7793,20643.5996,20728.4902,270900000
2017-03-31,20700.3398,20722.5898,20660.6797,20663.2207,303770000
2017-04-03,20665.1699,20692.3398,20517.8203,20650.2109,285670000
2017-04-04,20634.9395,20701.2891,20605.3008,20689.2402,237390000
2017-04-05,20745.0605,20887.5000,20639.5508,20648.1504,284980000
2017-04-06,20653.7695,20746.4609,20612.1699,20662.9492,251720000
2017-04-07,20647.8105,20726.0703,20606.9492,20656.0996,219730000
2017-04-10,20668.2207,20750.3301,20614.8594,20658.0195,230480000
2017-04-11,20644.3203,20660.0293,20512.5605,20651.3008,255120000
2017-04-12,20637.9492,20642.5391,20553.0293,20591.8594,267670000
2017-04-13,20561.6895,20612.2695,20453.2500,20453.2500,235810000
2017-04-17,20484.7500,20644.4102,20484.7500,20636.9199,229240000
2017-04-18,20561.3906,20600.1191,20462.2793,20523.2793,263180000
2017-04-19,20503.5195,20546.6895,20379.5508,20404.4902,294790000
2017-04-20,20406.6797,20629.7793,20406.6797,20578.7109,312440000
2017-04-21,20578.0996,20601.4004,20505.3301,20547.7598,369600000
2017-04-24,20723.5898,20792.1992,20723.5898,20763.8906,342400000
2017-04-25,20915.5098,21026.9707,20909.3809,20996.1191,348180000
2017-04-26,21009.9492,21070.9004,20972.2695,20975.0898,328550000
2017-04-27,20991.1191,21005.8008,20935.8008,20981.3301,305690000
2017-04-28,20987.3906,20987.7598,20926.7500,20940.5098,329990000
2017-05-01,20962.7305,20976.6191,20898.3809,20913.4609,288160000
2017-05-02,20941.1895,20960.9199,20904.0605,20949.8906,338810000
2017-05-03,20915.0000,20972.7402,20874.1797,20957.9004,310920000
2017-05-04,20987.8301,20990.7891,20847.9492,20951.4707,274720000
2017-05-05,20929.0391,21006.9395,20905.0000,21006.9395,260960000
2017-05-08,20991.2598,21017.8906,20971.0508,21012.2793,276150000
2017-05-09,21022.2793,21046.8496,20938.0391,20975.7793,273000000
2017-05-10,20958.4902,20976.2793,20884.1504,20943.1094,283340000
2017-05-11,20925.7207,20933.3594,20798.9004,20919.4199,287680000
2017-05-12,20893.1895,20916.0996,20869.7402,20896.6094,288500000
2017-05-15,20923.6309,21000.8301,20923.6309,20981.9395,313170000
2017-05-16,20984.4805,21033.5293,20932.8809,20979.7500,311580000
2017-05-17,20846.1699,20846.1699,20601.0801,20606.9297,423200000
2017-05-18,20579.6504,20759.1992,20553.4492,20663.0195,422590000
2017-05-19,20698.2793,20857.1309,20687.9395,20804.8398,365180000
2017-05-22,20867.7695,20914.2598,20860.1602,20894.8301,276120000
2017-05-23,20908.6699,20961.1406,20896.2207,20937.9102,244950000
2017-05-24,20949.2109,21022.8203,20933.5801,21012.4199,283180000
2017-05-25,21062.9609,21112.3203,21051.4102,21082.9492,268970000
2017-05-26,21070.1504,21092.8203,21050.4902,21080.2793,208000000
2017-05-30,21045.4902,21063.6191,21009.5996,21029.4707,242810000
2017-05-31,21048.4609,21051.6992,20942.5703,21008.6504,371580000
2017-06-01,21030.5508,21144.1797,20994.2207,21144.1797,276730000
2017-06-02,21142.0898,21225.0391,21129.5605,21206.2891,329700000
2017-06-05,21195.0293,21224.4102,21168.6895,21184.0391,269790000
2017-06-06,21145.4805,21180.4707,21118.4609,21136.2305,283550000
2017-06-07,21171.5703,21189.8398,21113.3105,21173.6895,273400000
2017-06-08,21169.7598,21265.6895,21138.1602,21182.5293,330330000
2017-06-09,21208.9609,21305.3496,21159.4492,21271.9707,397200000
2017-06-12,21259.9492,21277.0801,21186.1504,21235.6699,528080000
2017-06-13,21256.8301,21332.7695,21256.8301,21328.4707,323510000
2017-06-14,21342.7109,21391.9707,21294.0898,21374.5605,295090000
2017-06-15,21291.6895,21367.2793,21261.8691,21359.9004,317200000
2017-06-16,21335.9297,21384.4199,21308.0098,21384.2793,603260000
2017-06-19,21444.7500,21528.9902,21436.0801,21528.9902,289400000
2017-06-20,21521.2500,21535.0293,21464.2402,21467.1406,310200000
2017-06-21,21466.3906,21492.6191,21390.0000,21410.0293,292500000
2017-06-22,21407.9805,21456.4707,21394.8105,21397.2891,270680000
2017-06-23,21380.9199,21421.7891,21333.8906,21394.7598,368400000
2017-06-26,21434.6797,21506.2109,21381.2500,21409.5508,241880000
2017-06-27,21411.1895,21440.5996,21310.6602,21310.6602,292170000
2017-06-28,21372.3594,21478.7500,21372.3594,21454.6094,271510000
2017-06-29,21487.3809,21487.3809,21197.0801,21287.0293,336750000
2017-06-30,21348.5996,21426.1191,21325.0801,21349.6309,313260000
2017-07-03,21392.3008,21562.7500,21391.7109,21479.2695,186810000
2017-07-05,21492.8301,21505.3594,21404.7598,21478.1699,273690000
2017-07-06,21423.9297,21433.0996,21305.3809,21320.0391,320450000
2017-07-07,21354.6602,21425.8203,21350.7207,21414.3398,242240000
2017-07-10,21381.2305,21446.3906,21371.1094,21408.5195,270340000
2017-07-11,21410.1699,21441.6191,21279.3008,21409.0703,247570000
2017-07-12,21467.9297,21580.7891,21467.9297,21532.1406,267870000
2017-07-13,21537.1895,21568.7207,21512.3594,21553.0898,232270000
2017-07-14,21532.7695,21681.5293,21521.7207,21637.7402,235590000
2017-07-17,21633.9707,21661.8105,21617.6602,21629.7207,244780000
2017-07-18,21589.9395,21589.9395,21471.1406,21574.7305,251110000
2017-07-19,21569.2500,21640.7500,21565.8398,21640.7500,253040000
2017-07-20,21641.5391,21661.9102,21576.9609,21611.7793,313950000
2017-07-21,21591.7207,21592.6094,21503.7793,21580.0703,362830000
2017-07-24,21577.7793,21577.7793,21496.1309,21513.1699,284080000
2017-07-25,21638.5605,21670.6191,21577.3691,21613.4297,304300000
2017-07-26,21690.3809,21742.6992,21683.2891,21711.0098,278240000
2017-07-27,21717.4199,21798.4707,21687.8496,21796.5508,407320000
2017-07-28,21787.5098,21841.1797,21756.1191,21830.3105,285630000
2017-07-31,21863.3906,21929.8008,21861.7109,21891.1191,307610000
2017-08-01,21961.4199,21990.9609,21940.8105,21963.9199,328410000
2017-08-02,22004.3594,22036.0996,21967.4609,22016.2402,336820000
2017-08-03,22007.5801,22044.8496,21991.3203,22026.0996,278730000
2017-08-04,22058.3906,22092.8105,22024.6406,22092.8105,253640000
2017-08-07,22100.1992,22121.1504,22081.9707,22118.4199,213010000
2017-08-08,22095.1406,22179.1094,22057.2891,22085.3398,262000000
2017-08-09,22022.3398,22057.1895,21996.6895,22048.6992,277800000
2017-08-10,21988.1992,21988.1992,21843.9395,21844.0098,303310000
2017-08-11,21883.3203,21911.0898,21842.7402,21858.3203,237790000
2017-08-14,21945.6406,22019.2305,21945.6406,21993.7109,235030000
2017-08-15,22029.9102,22038.9199,21971.4805,21998.9902,269070000
2017-08-16,22031.9297,22085.7109,22002.4707,22024.8691,264920000
2017-08-17,21984.7402,21984.7402,21750.3203,21750.7305,311030000
2017-08-18,21724.8809,21793.3496,21641.6309,21674.5098,309070000
2017-08-21,21671.3594,21718.7402,21600.3398,21703.7500,277880000
2017-08-22,21739.7793,21912.8301,21738.1309,21899.8906,244980000
2017-08-23,21850.2695,21866.6602,21808.3906,21812.0898,234810000
2017-08-24,21839.9004,21870.1094,21765.8203,21783.4004,228480000
2017-08-25,21819.0801,21906.8594,21812.8105,21813.6699,217570000
2017-08-28,21832.5000,21861.4902,21767.9395,21808.4004,218740000
2017-08-29,21718.0000,21879.2207,21673.5801,21865.3691,227340000
2017-08-30,21859.7598,21914.2598,21839.4707,21892.4297,242840000
2017-08-31,21936.0098,21985.7598,21910.5000,21948.0996,376790000
2017-09-01,21981.7695,22038.9707,21974.9102,21987.5605,256240000
2017-09-05,21912.3691,21921.0898,21709.6309,21753.3105,332840000
2017-09-06,21815.7598,21849.2402,21794.0703,21807.6406,318760000
2017-09-07,21820.3809,21850.0098,21745.7109,21784.7793,333810000
2017-09-08,21764.4297,21846.6309,21731.1191,21797.7891,289400000
2017-09-11,21927.7891,22067.0996,21927.7891,22057.3691,312770000
2017-09-12,22090.5605,22134.5703,22087.0898,22118.8594,364580000
2017-09-13,22103.4707,22158.1797,22095.7891,22158.1797,291890000
2017-09-14,22144.9609,22216.4395,22135.2598,22203.4805,297780000
2017-09-15,22252.4395,22275.0195,22214.5195,22268.3398,527540000
2017-09-18,22297.9199,22355.6191,22283.3496,22331.3496,302740000
2017-09-19,22349.6992,22386.0098,22340.7109,22370.8008,295570000
2017-09-20,22351.3809,22413.2598,22314.6797,22412.5898,334560000
2017-09-21,22414.0195,22419.5098,22356.5508,22359.2305,287390000
2017-09-22,22334.0703,22364.3105,22299.5801,22349.5898,297140000
2017-09-25,22320.4707,22359.8809,22219.1094,22296.0898,332430000
2017-09-26,22322.0293,22369.3496,22279.5195,22284.3203,285990000
2017-09-27,22330.9297,22371.0996,22254.9297,22340.7109,342900000
2017-09-28,22306.8301,22394.7402,22288.9707,22381.1992,263010000
2017-09-29,22358.4707,22405.6309,22332.9609,22405.0898,274790000
2017-10-02,22423.4707,22559.3809,22416.0000,22557.5996,268530000
2017-10-03,22564.4492,22646.3203,22562.9004,22641.6699,238830000
2017-10-04,22645.6699,22685.9395,22632.8008,22661.6406,235730000
2017-10-05,22669.0801,22777.0391,22655.1406,22775.3906,246400000
2017-10-06,22762.0293,22773.6699,22730.8496,22773.6699,221450000
2017-10-09,22779.7305,22803.3691,22739.3809,22761.0703,310770000
2017-10-10,22784.7598,22850.5098,22770.9902,22830.6797,319270000
2017-10-11,22827.6504,22872.8906,22821.6602,22872.8906,316000000
2017-10-12,22854.8496,22884.8203,22821.1309,22841.0098,291790000
2017-10-13,22876.4297,22905.3301,22855.9297,22871.7207,259560000
2017-10-16,22892.9199,22960.1191,22887.1191,22956.9609,247180000
2017-10-17,22952.4102,23002.1992,22948.2305,22997.4395,273090000
2017-10-18,23087.1309,23172.9297,23086.7500,23157.5996,271870000
2017-10-19,23107.4707,23167.2402,23052.6699,23163.0391,350400000
2017-10-20,23205.1797,23328.8398,23201.7793,23328.6309,474380000
2017-10-23,23348.9492,23368.3691,23273.9609,23273.9609,456830000
2017-10-24,23346.7793,23485.2500,23343.2305,23441.7598,406850000
2017-10-25,23431.0898,23451.5098,23251.1094,23329.4609,399560000
2017-10-26,23380.8906,23459.8398,23380.8906,23400.8594,370600000
2017-10-27,23419.1602,23449.4004,23353.1602,23434.1895,518870000
2017-10-30,23405.7500,23428.7500,23327.8691,23348.7402,436900000
2017-10-31,23369.2207,23406.3496,23334.3906,23377.2402,388050000
2017-11-01,23442.9004,23517.7109,23388.9102,23435.0098,361260000
2017-11-02,23463.2402,23531.3809,23350.9805,23516.2598,348040000
2017-11-03,23549.5898,23557.0605,23481.5703,23539.1895,312250000
2017-11-06,23533.9609,23574.8594,23520.7500,23548.4199,325190000
2017-11-07,23574.0293,23602.1191,23484.1895,23557.2305,285080000
2017-11-08,23542.5996,23575.0000,23510.5605,23563.3594,264670000
2017-11-09,23492.0898,23516.7402,23310.0195,23461.9395,305440000
2017-11-10,23432.7109,23452.1992,23392.9609,23422.2109,351280000
2017-11-13,23367.4707,23461.6797,23343.3398,23439.6992,491260000
2017-11-14,23388.4004,23414.0801,23271.5703,23409.4707,561330000
2017-11-15,23334.5898,23344.9902,23242.7500,23271.2793,404300000
2017-11-16,23365.3398,23492.1895,23365.3398,23458.3594,402020000
2017-11-17,23433.7695,23433.7695,23356.0098,23358.2402,386000000
2017-11-20,23370.7109,23456.8809,23360.5801,23430.3301,315330000
2017-11-21,23500.1504,23617.8008,23500.1504,23590.8301,329650000
2017-11-22,23597.2402,23605.7695,23507.6094,23526.1797,268760000
2017-11-24,23552.7500,23599.1797,23551.5898,23557.9902,118610000
2017-11-27,23552.8594,23638.9199,23545.0195,23580.7793,296320000
2017-11-28,23625.1895,23849.6094,23617.1094,23836.7109,319240000
2017-11-29,23883.2598,23959.7598,23872.5898,23940.6797,401410000
2017-11-30,24013.8008,24327.8203,24013.8008,24272.3496,488200000
2017-12-01,24305.4004,24322.0605,23921.9004,24231.5898,417910000
2017-12-04,24424.1094,24534.0391,24288.1895,24290.0508,424250000
2017-12-05,24335.0098,24349.7402,24155.2793,24180.6406,371190000
2017-12-06,24171.9004,24229.3496,24134.4902,24140.9102,312720000
2017-12-07,24116.5996,24262.8809,24101.2402,24211.4805,319060000
2017-12-08,24263.2598,24330.1191,24225.5000,24329.1602,293590000
2017-12-11,24338.1094,24389.7207,24314.7402,24386.0293,300580000
2017-12-12,24452.9609,24552.9707,24443.8301,24504.8008,342220000
2017-12-13,24525.1895,24666.0195,24518.3008,24585.4297,325280000
2017-12-14,24631.0098,24672.4805,24508.6602,24508.6602,314780000
2017-12-15,24585.7109,24688.6191,24584.4395,24651.7402,635740000
2017-12-18,24739.5605,24876.0703,24739.5605,24792.1992,354880000
2017-12-19,24834.3809,24850.1094,24715.5996,24754.7500,335330000
2017-12-20,24838.0898,24852.4395,24697.1094,24726.6504,341790000
2017-12-21,24778.2598,24850.9102,24766.2695,24782.2891,339530000
2017-12-22,24764.0391,24784.1504,24717.5098,24754.0605,255140000
2017-12-26,24715.8398,24778.1309,24708.4199,24746.2109,208290000
2017-12-27,24766.5195,24789.5195,24731.6797,24774.3008,225890000
2017-12-28,24807.2109,24839.2305,24797.1309,24837.5098,200960000
2017-12-29,24849.6309,24871.6602,24719.2207,24719.2207,270760000
2018-01-02,24809.3496,24864.1895,24741.6992,24824.0098,341130000
2018-01-03,24850.4492,24941.9199,24825.5508,24922.6797,456790000
2018-01-04,24964.8594,25105.9609,24963.2695,25075.1309,403280000
2018-01-05,25114.9199,25299.7891,25112.0098,25295.8691,358020000
2018-01-08,25308.4004,25311.9902,25235.4102,25283.0000,341390000
2018-01-09,25312.0508,25439.7793,25308.4102,25385.8008,333490000
2018-01-10,25348.1309,25404.9199,25256.9902,25369.1309,341470000
2018-01-11,25398.5996,25575.4199,25396.1895,25574.7305,346830000
2018-01-12,25638.3906,25810.4297,25633.0801,25803.1895,376390000
2018-01-16,25987.6191,26086.1191,25702.9902,25792.8594,606520000
2018-01-17,25910.7793,26130.4492,25865.0195,26115.6504,522720000
2018-01-18,26149.5508,26153.4199,25947.3203,26017.8105,492780000
2018-01-19,25987.3496,26071.7207,25942.8301,26071.7207,585000000
2018-01-22,26025.3203,26215.2305,25974.6504,26214.5996,431200000
2018-01-23,26214.8691,26246.1895,26143.9004,26210.8105,433490000
2018-01-24,26282.0703,26392.8008,26106.9395,26252.1191,518790000
2018-01-25,26313.0605,26458.2500,26259.7207,26392.7891,401390000
2018-01-26,26466.7402,26616.7109,26425.3496,26616.7109,477780000
2018-01-29,26584.2793,26608.9004,26435.3398,26439.4805,421000000
2018-01-30,26198.4492,26256.9902,26028.4199,26076.8906,448330000
2018-01-31,26268.1699,26338.0293,26050.9805,26149.3906,479130000
2018-02-01,26083.0391,26306.6992,26014.4395,26186.7109,410620000
2018-02-02,26061.7891,26061.7891,25490.6602,25520.9609,522880000
2018-02-05,25337.8691,25520.5293,23923.8809,24345.7500,714450000
2018-02-06,24085.1699,24946.2305,23778.7402,24912.7695,823940000
2018-02-07,24892.8691,25293.9609,24785.4395,24893.3496,504620000
2018-02-08,24902.3008,24903.6797,23849.2305,23860.4609,657500000
2018-02-09,23992.6699,24382.1406,23360.2891,24190.9004,735030000
2018-02-12,24337.7598,24765.1602,24290.4805,24601.2695,496610000
2018-02-13,24540.3301,24705.7207,24421.0293,24640.4492,374410000
2018-02-14,24535.8203,24925.9492,24490.3594,24893.4902,431160000
2018-02-15,25047.8203,25203.9492,24809.4199,25200.3691,416780000
2018-02-16,25165.9395,25432.4199,25149.2598,25219.3809,406730000
2018-02-20,25124.9102,25179.0098,24884.1895,24964.7500,421510000
2018-02-21,24988.0605,25267.9902,24792.9902,24797.7793,456070000
2018-02-22,24855.4102,25156.7207,24854.8301,24962.4805,378900000
2018-02-23,25050.5098,25313.9102,25028.7305,25309.9902,335420000
2018-02-26,25403.3496,25732.8008,25398.5605,25709.2695,473360000
2018-02-27,25735.7793,25800.3496,25407.8301,25410.0293,438390000
2018-02-28,25485.1504,25576.1504,25022.4199,25029.1992,451870000
2018-03-01,25024.0391,25185.3496,24442.5605,24608.9805,506280000
2018-03-02,24394.9102,24592.4609,24217.7598,24538.0605,437130000
2018-03-05,24471.3105,24961.0000,24387.1504,24874.7598,383910000
2018-03-06,24965.8906,24995.2402,24708.4102,24884.1191,331770000
2018-03-07,24758.1504,24849.6797,24535.1191,24801.3594,394070000
2018-03-08,24853.4102,24950.4902,24703.0508,24895.2109,327300000
2018-03-09,25004.8906,25336.3301,25004.8906,25335.7402,371570000
2018-03-12,25372.4395,25449.1504,25152.0195,25178.6094,362580000
2018-03-13,25257.7500,25376.4004,24947.5000,25007.0293,447880000
2018-03-14,25086.9707,25130.1191,24668.8301,24758.1191,356830000
2018-03-15,24837.2891,25053.8691,24753.2891,24873.6602,316310000
2018-03-16,24877.3398,25031.0000,24857.0898,24946.5098,654240000
2018-03-19,24893.6895,24893.6895,24453.1406,24610.9102,377990000
2018-03-20,24650.6406,24803.6094,24650.6406,24727.2695,342510000
2018-03-21,24723.4902,24977.6504,24655.4004,24682.3105,343230000
2018-03-22,24526.0098,24526.0098,23938.7402,23957.8906,439280000
2018-03-23,23995.1797,24108.4707,23509.0605,23533.1992,482550000
2018-03-26,23825.7402,24232.3008,23741.2207,24202.5996,479540000
2018-03-27,24276.6191,24446.2207,23708.7305,23857.7109,524480000
2018-03-28,23883.0801,24092.4707,23728.6699,23848.4199,530040000
2018-03-29,23949.1797,24314.3008,23928.1309,24103.1094,463550000
2018-04-02,24076.5996,24123.8008,23344.5195,23644.1895,509820000
2018-04-03,23698.3301,24044.3496,23664.3301,24033.3594,394130000
2018-04-04,23654.1504,24308.9609,23523.1602,24264.3008,388540000
2018-04-05,24313.9102,24622.2598,24313.9102,24505.2207,347790000
2018-04-06,24373.5996,24434.4004,23738.1992,23932.7598,395990000
2018-04-09,24037.5195,24373.1797,23954.8301,23979.0996,380790000
2018-04-10,24198.9492,24511.3496,24198.9492,24408.0000,368590000
2018-04-11,24274.1895,24366.5703,24150.8691,24189.4492,286360000
2018-04-12,24302.8203,24592.1191,24302.8203,24483.0508,336130000
2018-04-13,24582.8203,24646.4492,24243.7402,24360.1406,331890000
2018-04-16,24483.1504,24675.3594,24480.1992,24573.0391,305070000
2018-04-17,24681.7891,24858.9707,24681.7891,24786.6309,342410000
2018-04-18,24820.8496,24832.5391,24721.0898,24748.0703,302030000
2018-04-19,24711.3008,24762.4805,24557.0293,24664.8906,381110000
2018-04-20,24657.3906,24678.0703,24375.0391,24462.9395,537770000
2018-04-23,24488.0703,24536.8906,24328.5391,24448.6895,351030000
2018-04-24,24579.9395,24579.9395,23828.7305,24024.1309,468180000
2018-04-25,24070.1992,24146.3398,23823.0801,24083.8301,437100000
2018-04-26,24128.7207,24402.4609,24128.7207,24322.3398,390360000
2018-04-27,24342.1406,24359.3809,24194.4492,24311.1895,392810000
2018-04-30,24410.4102,24498.2305,24163.0801,24163.1504,416650000
2018-05-01,24117.2891,24117.2891,23808.1895,24099.0508,380070000
2018-05-02,24097.6309,24185.5195,23886.3008,23924.9805,385350000
2018-05-03,23836.2305,23996.1504,23531.3105,23930.1504,389240000
2018-05-04,23865.2207,24333.3496,23778.8691,24262.5098,329480000
2018-05-07,24317.6602,24479.4492,24263.4199,24357.3203,307670000
2018-05-08,24341.3496,24412.3398,24198.3398,24360.2109,344940000
2018-05-09,24399.1797,24586.4805,24323.8691,24542.5391,361580000
2018-05-10,24591.6602,24794.9902,24575.9102,24739.5293,304210000
2018-05-11,24758.6406,24868.6504,24717.5000,24831.1699,274150000
2018-05-14,24879.3691,24994.1895,24862.5195,24899.4102,282860000
2018-05-15,24809.5508,24809.5508,24629.3906,24706.4102,301900000
2018-05-16,24722.3203,24801.1895,24672.7891,24768.9297,280810000
2018-05-17,24752.4004,24839.4902,24639.4004,24713.9805,314650000
2018-05-18,24707.7207,24774.9707,24664.8691,24715.0898,269700000
2018-05-21,24883.0605,25086.4902,24883.0605,25013.2891,308920000
2018-05-22,25047.5508,25064.9902,24812.0605,24834.4102,288200000
2018-05-23,24757.7109,24889.4609,24667.1191,24886.8105,399610000
2018-05-24,24877.3594,24877.3594,24605.9004,24811.7598,347050000
2018-05-25,24781.2891,24824.2207,24687.8105,24753.0898,257210000
2018-05-29,24606.5898,24635.1797,24247.8398,24361.4492,395810000
2018-05-30,24467.8301,24714.4805,24459.0898,24667.7793,324870000
2018-05-31,24620.7891,24620.7891,24352.1504,24415.8398,429740000
2018-06-01,24542.0898,24673.5996,24542.0898,24635.2109,315710000
2018-06-04,24727.5508,24859.3691,24722.1406,24813.6895,340400000
2018-06-05,24820.1191,24838.7793,24710.8203,24799.9805,306340000
2018-06-06,24854.1406,25146.4609,24854.1406,25146.3906,316090000
2018-06-07,25192.1406,25326.0898,25164.4805,25241.4102,357680000
2018-06-08,25209.2891,25325.6309,25165.6992,25316.5293,317510000
2018-06-11,25336.6699,25402.8301,25290.1992,25322.3105,276740000
2018-06-12,25346.8203,25364.3691,25247.0391,25320.7305,265750000
2018-06-13,25328.6504,25362.0703,25191.4199,25201.1992,329700000
2018-06-14,25254.6504,25332.5000,25138.5996,25175.3105,341170000
2018-06-15,25116.7109,25130.8203,24894.3809,25090.4805,659370000
2018-06-18,24944.2793,25003.0996,24825.7695,24987.4707,337070000
2018-06-19,24763.5898,24763.5898,24567.7500,24700.2109,376380000
2018-06-20,24771.1699,24804.7598,24628.3906,24657.8008,359520000
2018-06-21,24639.2109,24639.2109,24406.6309,24461.6992,349570000
2018-06-22,24526.9707,24663.1797,24526.9707,24580.8906,473970000
2018-06-25,24463.7305,24463.7305,24084.3906,24252.8008,439130000
2018-06-26,24281.8906,24384.2109,24241.2207,24283.1094,301130000
2018-06-27,24303.1094,24569.0195,24115.8203,24117.5898,313790000
2018-06-28,24064.1895,24308.1602,23997.2109,24216.0508,305020000
2018-06-29,24323.9297,24509.5195,24269.7109,24271.4102,329070000
2018-07-02,24161.5293,24319.4199,24077.5605,24307.1797,244110000
2018-07-03,24359.3906,24444.8809,24150.8496,24174.8203,160960000
2018-07-05,24285.8203,24372.8008,24177.4395,24356.7402,237670000
2018-07-06,24352.4707,24520.2891,24281.4707,24456.4805,219450000
2018-07-09,24519.1992,24796.5195,24518.4297,24776.5898,240580000
2018-07-10,24806.9707,24945.3809,24806.9707,24919.6602,235040000
2018-07-11,24789.4805,24815.1602,24663.8203,24700.4492,237370000
2018-07-12,24802.9004,24939.9707,24802.9004,24924.8906,233150000
2018-07-13,24926.0703,25043.2109,24890.0605,25019.4102,255520000
2018-07-16,25025.5801,25072.4102,24979.6406,25064.3594,231270000
2018-07-17,25033.9199,25155.3906,24989.6094,25119.8906,250450000
2018-07-18,25133.7891,25215.3203,25101.1191,25199.2891,252870000
2018-07-19,25139.1504,25154.1699,25052.6191,25064.5000,285760000
2018-07-20,25041.1406,25124.0996,24986.3496,25058.1191,274080000
2018-07-23,25036.9004,25081.4492,24983.3301,25044.2891,228820000
2018-07-24,25092.4297,25286.6191,25092.4297,25241.9395,274940000
2018-07-25,25183.6992,25432.8691,25113.5508,25414.0996,273670000
2018-07-26,25468.5508,25587.2402,25463.1602,25527.0703,297530000
2018-07-27,25520.5195,25580.2207,25370.0703,25451.0605,329680000
2018-07-30,25439.3203,25500.1602,25287.3809,25306.8301,296880000
2018-07-31,25345.2109,25490.9805,25345.2109,25415.1895,348700000
2018-08-01,25461.6309,25488.8008,25278.3203,25333.8203,315880000
2018-08-02,25256.4492,25360.4805,25120.0703,25326.1602,307700000
2018-08-03,25360.3691,25467.9004,25325.1699,25462.5801,239020000
2018-08-06,25437.4297,25540.0195,25381.3809,25502.1797,238990000
2018-08-07,25551.6504,25692.7207,25551.6504,25628.9102,239910000
2018-08-08,25615.7207,25634.1094,25557.4805,25583.7500,217770000
2018-08-09,25589.7891,25613.3105,25492.6895,25509.2305,214970000
2018-08-10,25401.1895,25401.1895,25222.8809,25313.1406,234480000
2018-08-13,25327.1895,25381.3906,25153.9297,25187.6992,219990000
2018-08-14,25215.6895,25339.5098,25201.8691,25299.9199,219210000
2018-08-15,25235.3691,25235.3691,24965.7695,25162.4102,295810000
2018-08-16,25294.9707,25607.3398,25294.9707,25558.7305,342430000
2018-08-17,25550.8008,25728.1602,25521.6602,25669.3203,284160000
2018-08-20,25727.6992,25790.1699,25716.4102,25758.6895,248570000
2018-08-21,25786.9902,25888.8203,25784.9004,25822.2891,241620000
2018-08-22,25825.0605,25836.1602,25722.4297,25733.5996,200480000
2018-08-23,25714.8594,25762.5605,25608.0195,25656.9805,213270000
2018-08-24,25688.5801,25826.0508,25688.5801,25790.3496,200330000
2018-08-27,25882.7109,26067.5703,25882.7109,26049.6406,220510000
2018-08-28,26092.6992,26122.2402,26037.8496,26064.0195,211470000
2018-08-29,26082.5293,26167.9395,26035.3008,26124.5703,214960000
2018-08-30,26099.0098,26104.3691,25934.8008,25986.9199,240440000
2018-08-31,25964.8496,26028.8301,25879.7695,25964.8203,273440000
2018-09-04,25916.0703,25971.7695,25805.9492,25952.4805,254600000
2018-09-05,25919.8398,26011.2207,25871.0391,25974.9902,289210000
2018-09-06,25973.0195,26073.6797,25880.8398,25995.8691,262380000
2018-09-07,25951.0195,26002.9902,25818.3906,25916.5391,281350000
2018-09-10,25991.9102,26039.9609,25854.1309,25857.0703,252170000
2018-09-11,25841.1406,26019.9199,25754.3203,25971.0605,265960000
2018-09-12,25989.0703,26145.7207,25929.4297,25998.9199,282770000
2018-09-13,26083.9395,26191.6406,26067.0801,26145.9902,260800000
2018-09-14,26169.5605,26211.1094,26068.2891,26154.6699,228640000
2018-09-17,26151.6602,26184.4707,26030.3496,26062.1191,230230000
2018-09-18,26076.2109,26317.3398,26076.2109,26246.9609,243000000
2018-09-19,26287.8398,26464.4102,26280.7598,26405.7598,251330000
2018-09-20,26519.3906,26697.4902,26519.3906,26656.9805,260480000
2018-09-21,26726.2500,26769.1602,26680.3691,26743.5000,657620000
2018-09-24,26705.2500,26709.9395,26548.6797,26562.0508,254850000
2018-09-25,26601.5801,26634.8496,26475.5801,26492.2109,234110000
2018-09-26,26536.8594,26606.0898,26349.3398,26385.2793,262620000
2018-09-27,26418.2695,26557.0098,26379.9492,26439.9297,226350000
2018-09-28,26407.6602,26515.7598,26383.5703,26458.3105,264030000
2018-10-01,26598.3594,26737.9805,26596.0508,26651.2109,238320000
2018-10-02,26648.9102,26824.7793,26627.6602,26773.9395,258290000
2018-10-03,26833.4707,26951.8105,26789.0801,26828.3906,280130000
2018-10-04,26784.0801,26793.8203,26471.6094,26627.4805,289600000
2018-10-05,26632.7695,26676.1602,26301.8105,26447.0508,267100000
2018-10-08,26399.4492,26529.3496,26223.0898,26486.7793,273020000
2018-10-09,26469.1895,26539.9395,26324.1602,26430.5703,282560000
2018-10-10,26441.7305,26487.8691,25567.0996,25598.7402,438200000
2018-10-11,25518.3906,25683.6406,24899.7695,25052.8301,522880000
2018-10-12,25407.6309,25467.5508,25000.8301,25339.9902,397510000
2018-10-15,25332.4609,25482.4199,25243.8809,25250.5508,287320000
2018-10-16,25351.5293,25817.6797,25351.5293,25798.4199,305800000
2018-10-17,25705.8691,25810.0898,25479.1602,25706.6797,298210000
2018-10-18,25645.5605,25691.4609,25236.0098,25379.4492,328020000
2018-10-19,25421.0898,25608.7109,25350.0195,25444.3398,350810000
2018-10-22,25492.1406,25561.3398,25236.0508,25317.4102,314940000
2018-10-23,25038.4609,25307.6992,24768.7891,25191.4297,436430000
2018-10-24,25172.8809,25306.2305,24533.1895,24583.4199,496400000
2018-10-25,24736.5391,25104.2891,24645.5605,24984.5508,439670000
2018-10-26,24770.2500,24916.1602,24445.1895,24688.3105,505310000
2018-10-29,24818.9805,25040.5801,24122.2305,24442.9199,443850000
2018-10-30,24482.0391,24906.6797,24415.6895,24874.6406,470050000
2018-10-31,25008.8203,25336.5508,25008.8203,25115.7598,448930000
2018-11-01,25142.0801,25396.4707,25108.1094,25380.7402,383970000
2018-11-02,25443.5996,25578.9805,25078.7207,25270.8301,429480000
2018-11-05,25261.4707,25507.3496,25261.4707,25461.6992,334740000
2018-11-06,25452.8301,25651.8594,25444.9004,25635.0098,265450000
2018-11-07,25788.4609,26200.1406,25765.8809,26180.3008,361780000
2018-11-08,26139.5898,26277.8203,26081.9004,26191.2207,295650000
2018-11-09,26149.1094,26161.4902,25882.9102,25989.3008,324450000
2018-11-12,25959.3301,25966.7109,25340.5098,25387.1797,346910000
2018-11-13,25321.2109,25511.0293,25193.7793,25286.4902,339690000
2018-11-14,25388.0801,25501.2891,24935.8203,25080.5000,384240000
2018-11-15,25061.4805,25354.5605,24787.7891,25289.2695,392750000
2018-11-16,25242.3496,25510.2305,25147.8008,25413.2207,354460000
2018-11-19,25392.6094,25392.6094,24900.9805,25017.4395,358090000
2018-11-20,24618.6797,24707.2598,24368.9805,24465.6406,445920000
2018-11-21,24541.6504,24669.7891,24463.2793,24464.6895,289370000
2018-11-23,24336.4004,24408.8008,24268.7402,24285.9492,155940000
2018-11-26,24364.1309,24673.2891,24364.1309,24640.2402,306280000
2018-11-27,24557.0195,24750.7305,24416.0293,24748.7305,308250000
2018-11-28,24832.8398,25368.9297,24832.8398,25366.4297,362160000
2018-11-29,25343.6504,25479.0391,25202.7891,25338.8398,305110000
2018-11-30,25307.1406,25549.7109,25250.9707,25538.4609,482250000
2018-12-03,25779.5703,25980.2109,25670.5098,25826.4297,388480000
2018-12-04,25752.5605,25773.1191,25008.1094,25027.0703,418900000
2018-12-06,24737.4199,24951.0098,24242.2207,24947.6699,471690000
2018-12-07,24918.8203,25095.6191,24284.7793,24388.9492,398230000
2018-12-10,24360.9492,24500.8105,23881.3691,24423.2598,389690000
2018-12-11,24719.9102,24791.2598,24221.0605,24370.2402,342960000
2018-12-12,24509.0898,24828.2891,24509.0898,24527.2695,344330000
2018-12-13,24575.8594,24740.9609,24473.2891,24597.3809,299970000
2018-12-14,24408.0391,24431.1406,24033.7891,24100.5098,416940000
2018-12-17,23986.8301,24088.0801,23456.8809,23592.9805,466740000
2018-12-18,23769.1309,23927.7695,23516.0195,23675.6406,408070000
2018-12-19,23693.3301,24057.3398,23162.6406,23323.6602,503550000
2018-12-20,23224.1191,23282.1992,22644.3105,22859.5996,576700000
2018-12-21,22871.7402,23254.5898,22396.3398,22445.3691,900510000
2018-12-24,22317.2793,22339.8691,21792.1992,21792.1992,308420000
2018-12-26,21857.7305,22878.9199,21712.5293,22878.4492,433080000
2018-12-27,22629.0605,23138.8906,22267.4199,23138.8203,407940000
2018-12-28,23213.6094,23381.8809,22981.3301,23062.4004,336510000
2018-12-31,23153.9395,23333.1797,23118.3008,23327.4609,288830000
2019-01-02,23058.6094,23413.4707,22928.5898,23346.2402,321570000
2019-01-03,23176.3906,23176.3906,22638.4102,22686.2207,424240000
2019-01-04,22894.9199,23518.6406,22894.9199,23433.1602,396020000
2019-01-07,23474.2598,23687.7402,23301.5898,23531.3496,334200000
2019-01-08,23680.3203,23864.6504,23581.4492,23787.4492,317420000
2019-01-09,23844.2695,24084.7109,23703.1602,23879.1191,324570000
2019-01-10,23811.1094,24014.7793,23703.2500,24001.9199,338150000
2019-01-11,23940.0098,23996.3203,23798.1602,23995.9492,262650000
2019-01-14,23880.5293,23964.9004,23765.2402,23909.8398,277560000
2019-01-15,23914.1094,24099.1406,23887.9297,24065.5898,291570000
2019-01-16,24139.9102,24288.6094,24119.7207,24207.1602,302830000
2019-01-17,24147.0898,24474.4609,24088.9004,24370.0996,288590000
2019-01-18,24534.1895,24750.2207,24459.0293,24706.3496,372970000
2019-01-22,24607.7598,24607.7598,24244.3105,24404.4805,338480000
2019-01-23,24577.2500,24700.9805,24307.1699,24575.6191,318600000
2019-01-24,24579.9609,24626.3008,24422.7305,24553.2402,320170000
2019-01-25,24687.2109,24860.1504,24676.7500,24737.1992,376890000
2019-01-28,24596.9805,24596.9805,24323.9395,24528.2207,347170000
2019-01-29,24519.6191,24674.8691,24504.0391,24579.9609,330870000
2019-01-30,24826.5195,25109.6191,24790.9004,25014.8594,397330000
2019-01-31,24954.4805,25049.6191,24842.0898,24999.6699,507350000
2019-02-01,25025.3105,25193.1504,24982.4902,25063.8906,372090000
2019-02-04,25062.1191,25239.9102,24977.6699,25239.3691,298540000
2019-02-05,25287.9297,25427.3203,25287.6504,25411.5195,310650000
2019-02-06,25371.5703,25439.0391,25312.0605,25390.3008,247590000
2019-02-07,25265.8105,25314.2598,25000.5195,25169.5293,295460000
2019-02-08,25042.3594,25106.3906,24883.0391,25106.3301,248210000
2019-02-11,25142.8105,25196.7500,25009.0996,25053.1094,241700000
2019-02-12,25152.0293,25458.9805,25152.0293,25425.7598,278110000
2019-02-13,25480.8594,25625.9492,25480.8594,25543.2695,263330000
2019-02-14,25460.6504,25558.9004,25308.0898,25439.3906,313010000
2019-02-15,25564.6309,25883.7207,25564.6309,25883.2500,328530000
2019-02-19,25849.8496,25961.4395,25820.0098,25891.3203,280620000
2019-02-20,25872.2598,25986.1992,25846.4805,25954.4395,287880000
2019-02-21,25922.4102,25938.8809,25762.2109,25850.6309,255710000
2019-02-22,25906.2695,26052.9004,25906.2695,26031.8105,279760000
2019-02-25,26126.1504,26241.4199,26080.6602,26091.9492,281600000
2019-02-26,26051.6094,26155.2891,25966.0098,26057.9805,257850000
2019-02-27,25995.5996,26039.6797,25877.2402,25985.1602,255380000
2019-02-28,25984.2793,26029.2109,25896.5605,25916.0000,338520000
2019-03-01,26019.6699,26143.9199,25914.3691,26026.3203,289890000
2019-03-04,26122.1895,26155.9805,25611.5508,25819.6504,295510000
2019-03-05,25829.0703,25877.1504,25725.6309,25806.6309,252260000
2019-03-06,25818.7598,25837.6094,25633.7109,25673.4609,256250000
2019-03-07,25645.4492,25645.4492,25352.5508,25473.2305,289140000
2019-03-08,25347.3809,25466.1406,25252.4609,25450.2402,270500000
2019-03-11,25208.0000,25661.6309,25208.0000,25650.8809,309790000
2019-03-12,25600.3008,25675.4395,25522.1699,25554.6602,317730000
2019-03-13,25637.2305,25776.4902,25571.3105,25702.8906,331410000
2019-03-14,25692.3105,25752.8398,25621.3105,25709.9395,302790000
2019-03-15,25720.9609,25927.9102,25649.6992,25848.8691,616910000
2019-03-18,25801.8809,25924.7695,25785.6602,25914.0996,303170000
2019-03-19,25987.8691,26109.6797,25814.9199,25887.3809,342250000
2019-03-20,25867.7891,25929.5195,25670.6309,25745.6699,321980000
2019-03-21,25688.4395,26009.9004,25657.7793,25962.5098,335250000
2019-03-22,25844.6504,25877.0098,25501.4492,25502.3203,386510000
2019-03-25,25490.7207,25603.2695,25372.2598,25516.8301,303120000
2019-03-26,25649.5605,25796.2891,25544.7793,25657.7305,305110000
2019-03-27,25676.3398,25758.1699,25425.2695,25625.5898,270340000
2019-03-28,25693.3203,25743.4102,25576.6895,25717.4609,237170000
2019-03-29,25827.3105,25949.3203,25771.6699,25928.6797,300620000
2019-04-01,26075.0996,26280.9004,26071.6895,26258.4199,295570000
2019-04-02,26213.5508,26221.2402,26122.3105,26179.1309,250940000
2019-04-03,26238.0293,26282.1699,26138.4707,26218.1309,271980000
2019-04-04,26213.4199,26398.9004,26212.7793,26384.6309,233040000
2019-04-05,26427.5605,26487.5703,26370.8203,26424.9902,229550000
2019-04-08,26312.6699,26344.6504,26246.0293,26341.0195,229380000
2019-04-09,26243.5391,26246.3398,26103.1406,26150.5801,244410000
2019-04-10,26173.7109,26209.4902,26101.2402,26157.1602,203130000
2019-04-11,26188.2109,26229.8809,26062.5898,26143.0508,211680000
2019-04-12,26357.7891,26436.6797,26309.7207,26412.3008,369910000
2019-04-15,26407.7598,26424.8496,26316.4199,26384.7695,250620000
2019-04-16,26482.1895,26530.7109,26397.1895,26452.6602,302340000
2019-04-17,26468.5293,26501.0195,26391.8594,26449.5391,367780000
2019-04-18,26463.3691,26602.4199,26444.5293,26559.5391,332850000
2019-04-22,26510.7695,26553.0508,26458.6094,26511.0508,232570000
2019-04-23,26513.8301,26695.9609,26503.5605,26656.3906,311690000
2019-04-24,26652.5605,26680.5801,26582.8594,26597.0508,283370000
2019-04-25,26426.3691,26536.4805,26310.2793,26462.0801,296730000
2019-04-26,26454.6191,26543.5605,26392.5508,26543.3301,317290000
2019-04-29,26559.8691,26602.5391,26520.7500,26554.3906,279450000
2019-04-30,26594.5605,26614.0391,26419.4707,26592.9102,340320000
2019-05-01,26639.0605,26689.3906,26426.3809,26430.1406,303850000
2019-05-02,26407.1504,26454.6895,26180.3594,26307.7891,287610000
2019-05-03,26379.1406,26534.9609,26370.0898,26504.9492,248900000
2019-05-06,26160.6191,26476.2695,26033.9492,26438.4805,283020000
2019-05-07,26276.9004,26276.9004,25789.7109,25965.0898,334960000
2019-05-08,25933.7891,26118.0996,25889.4102,25967.3301,276420000
2019-05-09,25878.8496,25884.8906,25517.3906,25828.3594,334760000
2019-05-10,25763.7207,26019.3203,25469.8594,25942.3691,294580000
2019-05-13,25568.0605,25568.0605,25222.5098,25324.9902,361240000
2019-05-14,25384.0293,25688.9609,25384.0293,25532.0508,291570000
2019-05-15,25400.1309,25724.8906,25341.9395,25648.0195,270720000
2019-05-16,25692.1406,25957.6309,25692.1406,25862.6797,320960000
2019-05-17,25719.9492,25948.7402,25657.7793,25764.0000,283760000
2019-05-20,25655.3105,25751.7109,25560.5508,25679.9004,279560000
2019-05-21,25782.3398,25898.2695,25779.6094,25877.3301,260870000
2019-05-22,25818.4609,25878.2109,25755.1094,25776.6094,241760000
2019-05-23,25657.9902,25657.9902,25328.0898,25490.4707,316940000
2019-05-24,25551.0703,25670.8105,25496.1992,25585.6895,201370000
2019-05-28,25616.5508,25717.6309,25342.2793,25347.7695,358980000
2019-05-29,25231.4609,25231.4609,24938.2402,25126.4102,298930000
2019-05-30,25139.9395,25218.5391,25066.7500,25169.8809,215240000
2019-05-31,25046.3105,25046.3105,24809.5098,24815.0391,292230000
2019-06-03,24830.1602,24935.2109,24680.5703,24819.7793,328240000
2019-06-04,24962.8203,25343.7695,24962.8203,25332.1797,281690000
2019-06-05,25451.0000,25544.6602,25373.5801,25539.5703,262660000
2019-06-06,25567.4492,25800.3008,25518.0508,25720.6602,248070000
2019-06-07,25768.7207,26072.7500,25768.7207,25983.9395,263010000
2019-06-10,26090.2207,26210.6094,26054.3105,26062.6797,249280000
2019-06-11,26180.5898,26248.6699,25998.8691,26048.5098,253490000
2019-06-12,26040.3008,26082.0996,25958.6602,26004.8301,223690000
2019-06-13,26036.9395,26146.9102,25995.7109,26106.7695,213400000
2019-06-14,26076.3594,26162.2793,25988.0898,26089.6094,208020000
2019-06-17,26108.5293,26165.7793,26049.8008,26112.5293,199500000
2019-06-18,26228.9004,26527.1895,26227.8008,26465.5391,273490000
2019-06-19,26490.1602,26569.7500,26415.0508,26504.0000,240950000
2019-06-20,26665.3809,26798.6309,26539.6895,26753.1699,278170000
2019-06-21,26749.1191,26907.3691,26705.8691,26719.1309,485560000
2019-06-24,26727.6094,26806.5195,26723.3691,26727.5391,232390000
2019-06-25,26731.6094,26752.3105,26527.6602,26548.2207,282160000
2019-06-26,26599.4199,26660.0391,26536.3301,26536.8203,274340000
2019-06-27,26523.7207,26607.2402,26465.3203,26526.5801,246930000
2019-06-28,26605.9297,26638.3496,26522.2695,26599.9609,499350000
2019-07-01,26805.8594,26890.6406,26616.2109,26717.4297,267670000
2019-07-02,26719.5293,26787.5605,26632.6504,26786.6797,219270000
2019-07-03,26832.3203,26966.0000,26831.4395,26966.0000,149840000
2019-07-05,26867.7500,26950.8105,26733.3301,26922.1191,192170000
2019-07-08,26835.6406,26839.1406,26744.8691,26806.1406,214290000
2019-07-09,26725.1191,26807.6992,26665.5703,26783.4902,218330000
2019-07-10,26851.9609,26983.4492,26813.1094,26860.1992,207990000
2019-07-11,26950.1602,27088.4492,26916.3203,27088.0801,252300000
2019-07-12,27139.4902,27333.7891,27135.4492,27332.0293,248390000
2019-07-15,27364.6895,27364.6895,27294.1699,27359.1602,199730000
2019-07-16,27349.3203,27398.6797,27290.2402,27335.6309,226000000
2019-07-17,27320.9102,27343.0605,27218.3809,27219.8496,193930000
2019-07-18,27191.9805,27266.8105,27068.7891,27222.9707,216070000
2019-07-19,27246.3809,27342.9609,27145.7793,27154.1992,287690000
2019-07-22,27174.1797,27227.7695,27088.9004,27171.9004,216310000
2019-07-23,27231.8594,27368.8105,27204.5801,27349.1895,248850000
2019-07-24,27262.2402,27291.0391,27191.1191,27269.9707,244320000
2019-07-25,27247.3906,27298.4297,27062.4805,27140.9805,241420000
2019-07-26,27166.0000,27213.6992,27123.2500,27192.4492,233650000
2019-07-29,27192.2402,27275.8496,27178.0605,27221.3496,250850000
2019-07-30,27145.3906,27224.3594,27069.8594,27198.0195,293250000
2019-07-31,27244.6699,27281.6504,26719.5996,26864.2695,385150000
2019-08-01,26879.8594,27175.5898,26548.7109,26583.4199,386320000
2019-08-02,26528.6602,26570.0195,26249.2207,26485.0098,327640000
2019-08-05,26259.2305,26259.2305,25523.3809,25717.7402,422240000
2019-08-06,25810.6191,26038.6797,25710.8691,26029.5195,318160000
2019-08-07,25814.2207,26073.2109,25440.3906,26007.0703,344790000
2019-08-08,26086.5195,26383.6094,26038.0996,26378.1895,282530000
2019-08-09,26337.0898,26413.3594,26097.6406,26287.4395,240260000
2019-08-12,26169.9102,26178.9492,25824.9395,25896.4395,199390000
2019-08-13,25888.8809,26426.9707,25833.2500,26279.9102,308900000
2019-08-14,26035.0801,26035.0801,25471.5898,25479.4199,352250000
2019-08-15,25514.2500,25639.6895,25339.5996,25579.3906,332600000
2019-08-16,25678.1699,25929.6504,25678.1699,25886.0098,276210000
2019-08-19,26020.0605,26222.3203,26020.0605,26135.7891,252640000
2019-08-20,26086.8594,26160.1191,25952.0000,25962.4395,238100000
2019-08-21,26145.3594,26268.3203,26141.7695,26202.7305,208790000
2019-08-22,26271.6406,26388.7793,26099.0098,26252.2402,222810000
2019-08-23,26134.2109,26320.2891,25507.1797,25628.9004,364260000
2019-08-26,25826.0508,25941.2500,25716.3906,25898.8301,222780000
2019-08-27,26014.4609,26054.0195,25721.8496,25777.9004,263530000
2019-08-28,25712.9902,26041.5703,25637.4297,26036.0996,207070000
2019-08-29,26249.0898,26408.8398,26185.7109,26362.2500,208650000
2019-08-30,26476.3906,26514.6191,26295.5898,26403.2793,216160000
2019-09-03,26198.2598,26198.2598,25978.2207,26118.0195,223210000
2019-09-04,26301.9902,26362.3496,26244.4395,26355.4707,202710000
2019-09-05,26603.1504,26836.3008,26603.1504,26728.1504,256670000
2019-09-06,26790.2500,26860.8691,26708.3906,26797.4609,209700000
2019-09-09,26866.2305,26900.8301,26762.1797,26835.5098,273120000
2019-09-10,26805.8301,26909.4297,26717.0508,26909.4297,322340000
2019-09-11,26928.0508,27137.0391,26885.4805,27137.0391,272590000
2019-09-12,27197.3203,27306.7305,27105.0098,27182.4492,250010000
2019-09-13,27216.6699,27277.5508,27193.9492,27219.5195,255260000
2019-09-16,27146.0605,27172.8691,27032.5605,27076.8203,220620000
2019-09-17,27010.1191,27110.8008,26984.1406,27110.8008,223580000
2019-09-18,27075.3906,27161.9297,26899.1504,27147.0801,212860000
2019-09-19,27186.0508,27272.1699,27064.2109,27094.7891,212360000
2019-09-20,27102.1797,27194.7500,26926.6797,26935.0703,497640000
2019-09-23,26851.4492,27011.0703,26831.3398,26949.9902,204240000
2019-09-24,27034.0703,27079.6797,26704.9609,26807.7695,301750000
2019-09-25,26866.7109,27016.5605,26755.8594,26970.7109,237220000
2019-09-26,27004.1094,27015.0703,26803.8398,26891.1191,229180000
2019-09-27,26987.2598,27012.5391,26715.8203,26820.2500,217780000
2019-09-30,26852.3301,26998.8594,26852.3301,26916.8301,222680000
2019-10-01,26962.5391,27046.2109,26562.2207,26573.0391,260110000
2019-10-02,26425.8594,26438.0391,25974.1191,26078.6191,309640000
2019-10-03,26039.0195,26205.1992,25743.4609,26201.0391,241610000
2019-10-04,26271.6992,26590.7402,26271.6992,26573.7207,221310000
2019-10-07,26502.3301,26655.8398,26424.5391,26478.0195,195200000
2019-10-08,26276.5898,26421.8105,26139.8008,26164.0391,244590000
2019-10-09,26308.2305,26424.3105,26249.7500,26346.0098,190060000
2019-10-10,26317.3496,26603.3105,26314.5098,26496.6699,217680000
2019-10-11,26694.1992,27013.9707,26694.1992,26816.5898,282080000
2019-10-14,26766.4297,26874.3301,26749.1797,26787.3594,178620000
2019-10-15,26811.1992,27120.1094,26811.1992,27024.8008,245510000
2019-10-16,26972.3105,27058.3398,26943.2891,27001.9805,214660000
2019-10-17,27032.3809,27112.1602,26970.2891,27025.8809,222540000
2019-10-18,27004.4902,27018.2500,26770.1309,26770.1992,288970000
2019-10-21,26852.6699,26852.6699,26747.6191,26827.6406,241030000
2019-10-22,26850.4297,26946.6406,26782.6094,26788.0996,265510000
2019-10-23,26835.2402,26896.8906,26745.0000,26833.9492,247680000
2019-10-24,26893.9297,26931.7793,26714.3398,26805.5293,253590000
2019-10-25,26789.6094,27015.3691,26765.6797,26958.0605,274610000
2019-10-28,27040.3301,27167.8809,27028.7109,27090.7207,290770000
2019-10-29,27061.0703,27165.9395,27039.7598,27071.4609,269610000
2019-10-30,27110.7109,27204.3594,26999.6406,27186.6895,231750000
2019-10-31,27188.3691,27188.3691,26918.2891,27046.2305,273830000
2019-11-01,27142.9492,27347.4297,27142.9492,27347.3594,270870000
2019-11-04,27402.0605,27517.5801,27402.0605,27462.1094,273030000
2019-11-05,27500.2305,27560.3594,27453.5508,27492.6309,286350000
2019-11-06,27502.7402,27526.0508,27407.8105,27492.5605,237910000
2019-11-07,27590.1602,27774.6699,27590.1602,27674.8008,259020000
2019-11-08,27686.1992,27694.9492,27578.9707,27681.2402,221440000
2019-11-11,27580.6602,27714.3906,27517.6699,27691.4902,202350000
2019-11-12,27701.5898,27770.8594,27635.3203,27691.4902,213670000
2019-11-13,27622.0391,27806.4004,27587.1992,27783.5898,278390000
2019-11-14,27757.1992,27800.7109,27676.9707,27781.9609,303970000
2019-11-15,27843.5391,28004.8906,27843.5391,28004.8906,283720000
2019-11-18,27993.2207,28040.9707,27969.2402,28036.2207,252320000
2019-11-19,28079.7598,28090.2109,27894.5195,27934.0195,245890000
2019-11-20,27879.5508,27897.2793,27675.2793,27821.0898,258140000
2019-11-21,27820.2793,27828.3301,27708.3398,27766.2891,232020000
2019-11-22,27831.2305,27898.4609,27773.9805,27875.6191,214780000
2019-11-25,27917.7695,28068.6895,27917.7695,28066.4707,248420000
2019-11-26,28080.7500,28146.0195,28042.2109,28121.6797,324050000
2019-11-27,28156.4707,28174.9707,28075.2305,28164.0000,198210000
2019-11-29,28103.1602,28119.5098,28042.5293,28051.4102,120630000
2019-12-02,28109.7402,28109.8398,27782.3496,27783.0391,236610000
2019-12-03,27501.9805,27524.7402,27325.1309,27502.8105,275350000
2019-12-04,27634.6309,27727.4492,27612.0801,27649.7793,218200000
2019-12-05,27736.0508,27745.1992,27562.8008,27677.7891,208600000
2019-12-06,27839.6797,28035.8496,27839.6797,28015.0605,223310000
2019-12-09,27987.0508,28010.4199,27906.1406,27909.5996,217000000
2019-12-10,27900.6504,27949.0195,27804.0000,27881.7207,213250000
2019-12-11,27867.3105,27925.5000,27801.8008,27911.3008,213510000
2019-12-12,27898.3398,28224.9492,27859.8691,28132.0508,277740000
2019-12-13,28123.6406,28290.7305,28028.3203,28135.3809,250660000
2019-12-16,28191.6699,28337.4902,28191.6699,28235.8906,286770000
2019-12-17,28221.7500,28328.6309,28220.5605,28267.1602,286770000
2019-12-18,28291.4395,28323.2500,28239.2793,28239.2793,289890000
2019-12-19,28278.3105,28381.4805,28278.2402,28376.9609,262570000
2019-12-20,28608.6406,28608.6406,28445.5996,28455.0898,603780000
2019-12-23,28491.7793,28582.4902,28491.7793,28551.5293,223530000
2019-12-24,28572.5703,28576.8008,28503.2109,28515.4492,86150000
2019-12-26,28539.4609,28624.0996,28535.1504,28621.3906,155970000
2019-12-27,28675.3398,28701.6602,28608.9805,28645.2598,182280000
2019-12-30,28654.7598,28664.6895,28428.9805,28462.1406,181600000
2019-12-31,28414.6406,28547.3496,28376.4902,28538.4395,193340000
2020-01-02,28638.9707,28872.8008,28627.7695,28868.8008,251820000
2020-01-03,28553.3301,28716.3105,28500.3594,28634.8809,239590000
2020-01-06,28465.5000,28708.0195,28418.6309,28703.3809,252760000
2020-01-07,28639.1797,28685.5000,28565.2793,28583.6797,258900000
2020-01-08,28556.1406,28866.1797,28522.5098,28745.0898,291750000
2020-01-09,28851.9707,28988.0098,28844.3105,28956.9004,275060000
2020-01-10,28977.5195,29009.0703,28789.0996,28823.7695,237830000
2020-01-13,28869.0098,28909.9102,28819.4297,28907.0508,249830000
2020-01-14,28895.5000,29054.1602,28872.2695,28939.6699,287440000
2020-01-15,28901.8008,29127.5898,28897.3496,29030.2207,260270000
2020-01-16,29131.9492,29300.3203,29131.9492,29297.6406,252110000
2020-01-17,29313.3105,29373.6191,29289.9102,29348.0996,321820000
2020-01-21,29269.0508,29341.2109,29146.4707,29196.0391,320640000
2020-01-22,29263.6309,29320.1992,29172.2598,29186.2695,283440000
2020-01-23,29111.0195,29190.4707,28966.9805,29160.0898,307060000
2020-01-24,29230.3906,29288.7891,28843.3105,28989.7305,380010000
2020-01-27,28542.4902,28671.7891,28440.4707,28535.8008,337270000
2020-01-28,28594.2793,28823.2305,28575.7500,28722.8496,330140000
2020-01-29,28820.5293,28944.2402,28728.1895,28734.4492,302290000
2020-01-30,28640.1602,28879.7109,28489.7598,28859.4395,326850000
2020-01-31,28813.0391,28813.0391,28169.5293,28256.0293,403890000
2020-02-03,28319.6504,28630.3906,28319.6504,28399.8105,307910000
2020-02-04,28696.7402,28904.8809,28696.7402,28807.6309,332750000
2020-02-05,29048.7305,29308.8906,29000.8496,29290.8496,357540000
2020-02-06,29388.5801,29408.0508,29246.9297,29379.7695,263700000
2020-02-07,29286.9199,29286.9199,29056.9805,29102.5098,252860000
2020-02-10,28995.6602,29278.0703,28995.6602,29276.8203,250510000
2020-02-11,29390.7109,29415.3906,29210.4707,29276.3398,279540000
2020-02-12,29406.7500,29568.5703,29406.7500,29551.4199,309530000
2020-02-13,29436.0293,29535.4004,29345.9297,29423.3105,291150000
2020-02-14,29440.4707,29463.0391,29283.1797,29398.0801,231000000
2020-02-18,29282.7793,29330.1602,29116.8105,29232.1895,256600000
2020-02-19,29312.6992,29409.0898,29274.3809,29348.0293,240640000
2020-02-20,29296.2500,29368.4492,28959.6504,29219.9805,287780000
2020-02-21,29146.5293,29146.5293,28892.6992,28992.4102,311210000
2020-02-24,28402.9297,28402.9297,27912.4395,27960.8008,452580000
2020-02-25,28037.6504,28149.1992,26997.6191,27081.3594,513270000
2020-02-26,27159.4609,27542.7793,26890.9707,26957.5898,472450000
2020-02-27,26526.0000,26775.3105,25752.8203,25766.6406,664980000
2020-02-28,25270.8301,25494.2402,24681.0098,25409.3594,915990000
2020-03-02,25590.5098,26706.1699,25391.9609,26703.3203,637200000
2020-03-03,26762.4707,27084.5898,25706.2793,25917.4102,647080000
2020-03-04,26383.6797,27102.3398,26286.3105,27090.8594,457590000
2020-03-05,26671.9199,26671.9199,25943.3301,26121.2793,477370000
2020-03-06,25457.2109,25994.3809,25226.6191,25864.7793,599780000
2020-03-09,24992.3594,24992.3594,23706.0703,23851.0195,750430000
2020-03-10,24453.0000,25020.9902,23690.3398,25018.1602,654860000
2020-03-11,24604.6309,24604.6309,23328.3203,23553.2207,663960000
2020-03-12,22184.7109,22837.9492,21154.4609,21200.6191,908260000
2020-03-13,21973.8203,23189.7598,21285.3691,23185.6191,843080000
2020-03-16,20917.5293,21768.2793,20116.4609,20188.5195,770130000
2020-03-17,20487.0508,21379.3496,19882.2598,21237.3809,793060000
2020-03-18,20188.6895,20489.3301,18917.4609,19898.9199,871360000
2020-03-19,19830.0098,20442.6309,19177.1309,20087.1895,780300000
2020-03-20,20253.1504,20531.2598,19094.2695,19173.9805,872290000
2020-03-23,19028.3594,19121.0098,18213.6504,18591.9297,787970000
2020-03-24,19722.1895,20737.6992,19649.2500,20704.9102,799340000
2020-03-25,21050.3398,22019.9297,20538.3398,21200.5508,796320000
2020-03-26,21468.3809,22595.0605,21427.0996,22552.1699,705180000
2020-03-27,21898.4707,22327.5703,21469.2695,21636.7793,588830000
2020-03-30,21678.2207,22378.0898,21522.0801,22327.4805,545540000
2020-03-31,22208.4199,22480.3691,21852.0801,21917.1602,571210000
2020-04-01,21227.3809,21487.2402,20784.4297,20943.5098,506680000
2020-04-02,20819.4609,21477.7695,20735.0195,21413.4395,529540000
2020-04-03,21285.9297,21447.8105,20863.0898,21052.5293,450010000
2020-04-06,21693.6309,22783.4492,21693.6309,22679.9902,610760000
2020-04-07,23537.4395,23617.2402,22634.4492,22653.8594,594660000
2020-04-08,22893.4707,23513.4004,22682.9902,23433.5703,472740000
2020-04-09,23690.6602,24008.9902,23504.0898,23719.3691,566400000
2020-04-13,23698.9297,23698.9297,23095.3496,23390.7695,394320000
2020-04-14,23690.5703,24040.5801,23683.4395,23949.7598,485910000
2020-04-15,23600.7207,23649.7207,23233.3203,23504.3496,437630000
2020-04-16,23543.6602,23598.0801,23211.3809,23537.6797,471050000
2020-04-17,23817.1504,24264.2109,23817.1504,24242.4902,525950000
2020-04-20,24095.0996,24108.6895,23627.1895,23650.4395,423410000
2020-04-21,23365.2500,23365.2500,22941.8809,23018.8809,485140000
2020-04-22,23437.3398,23613.0996,23339.5996,23475.8203,352880000
2020-04-23,23543.0898,23885.3594,23483.3496,23515.2598,389290000
2020-04-24,23628.2402,23826.0000,23417.6797,23775.2695,376020000
2020-04-27,23866.1504,24207.6504,23840.6094,24133.7793,389390000
2020-04-28,24357.1699,24512.2402,24031.1992,24101.5508,400250000
2020-04-29,24490.3691,24764.7695,24453.9902,24633.8594,455290000
2020-04-30,24585.5703,24585.5703,24186.9004,24345.7207,487840000
2020-05-01,24120.7793,24120.7793,23645.3008,23723.6895,418160000
2020-05-04,23581.5508,23769.5605,23361.1602,23749.7598,355360000
2020-05-05,23958.8809,24169.7207,23868.9102,23883.0898,369710000
2020-05-06,23978.8809,24054.5898,23661.1406,23664.6406,377450000
2020-05-07,23837.2109,24094.6191,23834.3906,23875.8906,369890000
2020-05-08,24107.8203,24349.9004,24107.0508,24331.3203,335760000
2020-05-11,24256.4492,24366.2109,24070.2207,24221.9902,352400000
2020-05-12,24292.8398,24382.0898,23761.5801,23764.7793,359480000
2020-05-13,23702.1602,23708.9004,23067.6406,23247.9707,469950000
2020-05-14,23049.0605,23630.8594,22789.6191,23625.3398,472700000
2020-05-15,23454.8301,23730.0801,23354.1504,23685.4199,491510000
2020-05-18,24059.9805,24708.5391,24059.9805,24597.3691,484190000
2020-05-19,24577.4805,24599.5000,24202.9609,24206.8594,374100000
2020-05-20,24455.9395,24649.4805,24455.9395,24575.9004,366510000
2020-05-21,24564.2695,24718.4609,24370.8809,24474.1191,346770000
2020-05-22,24461.9805,24481.6406,24294.0703,24465.1602,255660000
2020-05-26,24781.8398,25176.4199,24781.8398,24995.1094,424380000
2020-05-27,25298.6309,25551.5605,25009.8691,25548.2695,411230000
2020-05-28,25697.3594,25758.7891,25358.7305,25400.6406,377800000
2020-05-29,25324.1504,25482.8008,25031.6699,25383.1094,527620000
2020-06-01,25342.9902,25508.8301,25220.6602,25475.0195,338310000
2020-06-02,25582.5195,25743.1309,25523.7402,25742.6504,352610000
2020-06-03,25906.8809,26337.7500,25906.8809,26269.8906,398790000
2020-06-04,26226.4902,26384.0996,26082.3105,26281.8203,372190000
2020-06-05,26836.8008,27338.3008,26836.8008,27110.9805,542310000
2020-06-08,27232.9297,27580.2109,27232.4805,27572.4395,430200000
2020-06-09,27447.3691,27447.3691,27151.0605,27272.3008,381430000
2020-06-10,27251.8906,27355.2207,26938.0508,26989.9902,448930000
2020-06-11,26282.5098,26294.0801,25082.7207,25128.1699,647780000
2020-06-12,25659.4199,25965.5508,25078.4102,25605.5391,514440000
2020-06-15,25270.3906,25891.5801,24843.1797,25763.1602,461230000
2020-06-16,26326.6797,26611.0293,25811.6992,26289.9805,489500000
2020-06-17,26330.5195,26400.0703,26068.4102,26119.6094,328830000
2020-06-18,26016.4492,26154.1992,25848.5293,26080.0996,328390000
2020-06-19,26213.0996,26451.4395,25759.6602,25871.4609,669390000
2020-06-22,25865.0801,26059.8105,25667.6797,26024.9609,351780000
2020-06-23,26159.3906,26314.9707,26105.9707,26156.0996,389980000
2020-06-24,25992.9609,25992.9609,25296.7305,25445.9395,450120000
2020-06-25,25365.2207,25769.6094,25209.7891,25745.5996,384560000
2020-06-26,25641.6895,25641.6895,24971.0293,25015.5508,640860000
2020-06-29,25152.4492,25601.1504,25096.1602,25595.8008,378070000
2020-06-30,25512.4297,25905.3809,25475.1406,25812.8809,410780000
2020-07-01,25879.3809,26019.3105,25713.6094,25734.9707,373180000
2020-07-02,25936.4492,26204.4102,25778.1191,25827.3594,349130000
2020-07-06,25996.0801,26297.5293,25996.0801,26287.0293,340690000
2020-07-07,26172.0098,26174.9297,25866.5801,25890.1797,346820000
2020-07-08,25950.0605,26109.4902,25816.2500,26067.2793,337300000
2020-07-09,26094.9199,26103.2793,25523.5098,25706.0898,387610000
2020-07-10,25690.3496,26101.3203,25637.5000,26075.3008,338170000
2020-07-13,26225.0703,26639.0898,26044.2305,26085.8008,425320000
2020-07-14,26044.1699,26690.5195,25994.9805,26642.5898,401640000
2020-07-15,27009.8105,27071.3301,26692.4805,26870.0996,384900000
2020-07-16,26746.5703,26879.1602,26590.0098,26734.7109,287330000
2020-07-17,26774.6191,26808.4297,26619.8809,26671.9492,296460000
2020-07-20,26660.2891,26765.0195,26504.1992,26680.8691,309390000
2020-07-21,26833.1406,27025.3809,26766.2207,26840.4004,364930000
2020-07-22,26824.5605,27035.2402,26794.1895,27005.8398,404340000
2020-07-23,26955.9707,26973.8496,26560.0391,26652.3301,419800000
2020-07-24,26533.4102,26625.6992,26402.8594,26469.8906,494170000
2020-07-27,26447.6699,26625.4609,26426.9199,26584.7695,400930000
2020-07-28,26529.4492,26556.8398,26361.7109,26379.2793,361090000
2020-07-29,26388.4395,26602.4492,26375.3906,26539.5703,347580000
2020-07-30,26367.4199,26374.9297,25992.2793,26313.6504,351540000
2020-07-31,26409.3301,26440.0195,26013.5898,26428.3203,488050000
2020-08-03,26542.3203,26707.2598,26534.3809,26664.4004,439380000
2020-08-04,26664.6094,26832.7207,26597.8203,26828.4707,346350000
2020-08-05,26924.7793,27221.6699,26924.7793,27201.5195,366000000
2020-08-06,27170.8203,27394.0996,27145.2500,27386.9805,322460000
2020-08-07,27321.6797,27456.2402,27223.5508,27433.4805,321170000
2020-08-10,27488.2109,27803.8594,27488.2109,27791.4395,360340000
2020-08-11,27961.6406,28154.8809,27624.5098,27686.9102,428220000
2020-08-12,27860.2402,28043.8906,27843.3203,27976.8398,340210000
2020-08-13,27922.5098,27986.0996,27789.7793,27896.7207,360160000
2020-08-14,27828.9297,27977.8105,27759.3906,27931.0195,275540000
2020-08-17,27970.0508,27999.8105,27816.4004,27844.9102,286860000
2020-08-18,27853.4805,27891.1191,27668.7891,27778.0703,276170000
2020-08-19,27811.2598,27920.4199,27647.6699,27692.8809,311460000
2020-08-20,27622.6797,27781.4609,27526.2500,27739.7305,304550000
2020-08-21,27758.1309,27959.4805,27686.7793,27930.3301,372720000
2020-08-24,28077.5801,28314.9395,28041.7500,28308.4609,383880000
2020-08-25,28347.4199,28400.7402,28094.5703,28248.4395,338420000
2020-08-26,28257.8809,28353.8008,28153.9102,28331.9199,327070000
2020-08-27,28384.0703,28634.2207,28363.9297,28492.2695,404340000
2020-08-28,28601.2891,28733.3496,28487.9805,28653.8691,369740000
2020-08-31,28643.6602,28643.6602,28363.5508,28430.0508,517320000
2020-09-01,28439.6094,28659.2598,28290.7207,28645.6602,423410000
2020-09-02,28736.7891,29162.8809,28713.5293,29100.5000,539510000
2020-09-03,29090.6992,29199.3496,28074.7598,28292.7305,650080000
2020-09-04,28341.0508,28539.7500,27664.6797,28133.3105,694640000
2020-09-08,27925.2305,27925.2305,27464.9004,27500.8906,580860000
2020-09-09,27711.7109,28206.2109,27704.5391,27940.4707,460590000
2020-09-10,28022.5098,28174.7793,27447.0801,27534.5801,442850000
2020-09-11,27613.8594,27828.8203,27448.1504,27665.6406,435330000
2020-09-14,27718.7402,28086.0605,27718.7402,27993.3301,380750000
2020-09-15,28139.7598,28231.0605,27931.4492,27995.5996,414520000
2020-09-16,28031.6895,28364.7695,28021.6699,28032.3809,416650000
2020-09-17,27834.1797,28056.7891,27647.9297,27901.9805,437230000
2020-09-18,27864.8691,27946.6895,27487.9707,27657.4199,698710000
2020-09-21,27484.7109,27484.7109,26715.1504,27147.6992,523660000
2020-09-22,27170.3398,27333.0898,26989.9297,27288.1797,420720000
2020-09-23,27413.5996,27464.4609,26716.1191,26763.1309,459470000
2020-09-24,26716.0898,27094.8496,26537.0098,26815.4395,447810000
2020-09-25,26694.5098,27239.2891,26635.3809,27173.9609,388900000
2020-09-28,27362.1406,27722.5996,27362.1406,27584.0605,401860000
2020-09-29,27560.2402,27605.5996,27338.0898,27452.6602,303820000
2020-09-30,27514.6406,28026.3301,27511.0605,27781.6992,452550000
2020-10-01,27940.6309,28041.4609,27669.2598,27816.9004,373450000
2020-10-02,27536.3906,27861.4297,27382.9395,27682.8105,392770000
2020-10-05,27825.4199,28162.6406,27825.4199,28148.6406,318210000
2020-10-06,28214.2402,28354.4805,27728.0293,27772.7598,435030000
2020-10-07,27971.3594,28369.6602,27971.3594,28303.4609,328750000
2020-10-08,28348.8594,28459.1309,28265.5605,28425.5098,314750000
2020-10-09,28533.6094,28676.2891,28440.6309,28586.9004,324050000
2020-10-12,28671.1191,28957.9004,28659.6699,28837.5195,493680000
2020-10-13,28764.9492,28808.8398,28604.3496,28679.8105,526110000
2020-10-14,28731.3008,28792.5605,28461.7305,28514.0000,370800000
2020-10-15,28323.4004,28535.8496,28181.5391,28494.1992,328940000
2020-10-16,28570.7207,28842.9004,28570.7207,28606.3105,356140000
2020-10-19,28633.5508,28711.9297,28139.4004,28195.4199,358700000
2020-10-20,28245.8496,28575.0293,28243.0391,28308.7891,350220000
2020-10-21,28270.6602,28450.6406,28196.3906,28210.8203,299420000
2020-10-22,28197.4199,28421.3105,28040.1797,28363.6602,330320000
2020-10-23,28409.6504,28436.5195,28149.8203,28335.5703,347300000
2020-10-26,28185.8203,28185.8203,27370.1602,27685.3809,404150000
2020-10-27,27651.1797,27707.6895,27457.9609,27463.1895,366400000
2020-10-28,27102.1406,27102.1406,26497.3906,26519.9492,496150000
2020-10-29,26480.9805,26891.8906,26290.7793,26659.1094,419770000
2020-10-30,26572.2695,26639.1797,26143.7695,26501.5996,504820000
2020-11-02,26691.2793,27043.4805,26691.2793,26925.0508,379990000
2020-11-03,27138.6895,27640.2109,27138.6895,27480.0293,350980000
2020-11-04,27512.8301,28301.5000,27512.8301,27847.6602,447860000
2020-11-05,28083.3691,28495.0508,28083.3691,28390.1797,390140000
2020-11-06,28399.1309,28431.9609,28189.5000,28323.4004,326710000
2020-11-09,29467.9004,29933.8301,29130.6602,29157.9707,673310000
2020-11-10,29254.1699,29478.8594,29126.9902,29420.9199,526980000
2020-11-11,29524.3496,29593.1094,29281.2207,29397.6309,376700000
2020-11-12,29231.9102,29311.8301,28902.1309,29080.1699,369320000
2020-11-13,29203.9004,29559.2500,29203.9004,29479.8105,348810000
2020-11-16,29672.3594,29964.2891,29672.3594,29950.4395,418290000
2020-11-17,29800.1504,29872.4199,29520.2891,29783.3496,372380000
2020-11-18,29875.4004,29930.8496,29432.8398,29438.4199,382850000
2020-11-19,29370.9199,29524.9004,29228.3809,29483.2305,331330000
2020-11-20,29437.5703,29469.8906,29231.1992,29263.4805,305350000
2020-11-23,29332.8203,29667.7500,29332.8203,29591.2695,387200000
2020-11-24,29746.1094,30116.5098,29746.1094,30046.2402,432760000
2020-11-25,30058.8691,30058.8691,29806.2500,29872.4707,323030000
2020-11-27,29911.3301,30015.1309,29819.9805,29910.3691,177040000
2020-11-30,29854.5098,29854.5098,29463.6406,29638.6406,551350000
2020-12-01,29797.5000,30083.3105,29797.5000,29823.9199,429510000
2020-12-02,29695.0898,29902.5098,29599.2891,29883.7891,385280000
2020-12-03,29920.8301,30110.8809,29877.2695,29969.5195,405680000
2020-12-04,29989.5605,30218.2598,29989.5605,30218.2598,356590000
2020-12-07,30233.0293,30233.0293,29967.2207,30069.7891,365810000
2020-12-08,29997.9492,30246.2207,29972.0703,30173.8809,311190000
2020-12-09,30229.8105,30319.6992,29951.8496,30068.8105,380520000
2020-12-10,30032.5508,30063.8691,29876.8203,29999.2598,325550000
2020-12-11,29988.2109,30071.1309,29820.8398,30046.3691,393870000
2020-12-14,30123.9102,30325.7891,29849.1504,29861.5508,371980000
2020-12-15,29919.0898,30243.2598,29894.9492,30199.3105,417770000
2020-12-16,30191.3809,30236.0293,30080.1094,30154.5391,344590000
2020-12-17,30216.0000,30323.7793,30216.0000,30303.3691,345530000
2020-12-18,30314.2598,30343.5898,30029.4395,30179.0508,782070000
2020-12-21,30159.0000,30304.1406,29755.5293,30216.4492,437480000
2020-12-22,30200.1992,30200.1992,29992.8906,30015.5098,388810000
2020-12-23,30046.7305,30292.5293,30046.7305,30129.8301,274050000
2020-12-24,30155.9199,30209.6699,30099.3008,30199.8691,145570000
2020-12-28,30283.2305,30525.5605,30283.2305,30403.9707,302490000
2020-12-29,30492.0703,30588.7891,30274.2402,30335.6699,357610000
2020-12-30,30415.0898,30525.3496,30393.0391,30409.5605,291890000
2020-12-31,30417.6406,30637.4707,30344.5000,30606.4805,284470000
2021-01-04,30627.4707,30674.2793,29881.8203,30223.8906,475080000
2021-01-05,30204.2500,30504.8906,30141.7793,30391.5996,350910000
2021-01-06,30362.7793,31022.6504,30313.0703,30829.4004,500430000
2021-01-07,30901.1797,31193.4004,30897.8594,31041.1309,427810000
2021-01-08,31069.5801,31140.6699,30793.2695,31097.9707,381150000
2021-01-11,31015.3691,31096.9805,30832.0605,31008.6895,356540000
2021-01-12,31015.0098,31114.5605,30888.7598,31068.6895,362620000
2021-01-13,31084.8809,31153.3691,30992.0508,31060.4707,413250000
2021-01-14,31085.6699,31223.7793,30982.2402,30991.5195,427810000
2021-01-15,30926.7695,30941.9805,30612.6699,30814.2598,433000000
2021-01-19,30887.4199,31086.6191,30865.0293,30930.5195,386400000
2021-01-20,31017.5391,31235.9805,30997.7891,31188.3809,384980000
2021-01-21,31198.0098,31272.2207,31120.9199,31176.0098,418780000
2021-01-22,31141.5605,31141.5605,30908.4707,30996.9805,436040000
2021-01-25,30989.8496,30989.8496,30564.0605,30960.0000,472890000
2021-01-26,30968.5508,31121.4199,30921.7109,30937.0391,373150000
2021-01-27,30893.7793,30893.7793,30206.9102,30303.1699,566470000
2021-01-28,30377.1895,30951.4102,30377.1895,30603.3594,465140000
2021-01-29,30553.9102,30553.9102,29856.3008,29982.6191,536320000
2021-02-01,30054.7305,30335.9102,30014.9707,30211.9102,347060000
2021-02-02,30276.8809,30840.5391,30276.8809,30687.4805,333160000
2021-02-03,30689.6504,30793.4102,30521.3105,30723.5996,305590000
2021-02-04,30737.7793,31065.9609,30737.7793,31055.8594,338330000
2021-02-05,31093.8105,31252.1797,31083.2207,31148.2402,293550000
2021-02-08,31191.1992,31386.0996,31191.1992,31385.7598,322250000
2021-02-09,31359.8809,31439.4707,31245.8594,31375.8301,308210000
2021-02-10,31428.0195,31511.4395,31221.3203,31437.8008,326450000
2021-02-11,31466.4902,31543.8203,31244.3594,31430.6992,280320000
2021-02-12,31420.8008,31475.3105,31347.8008,31458.4004,263090000
2021-02-16,31472.0801,31608.6309,31443.4805,31522.7500,329210000
2021-02-17,31485.6094,31643.6992,31338.7598,31613.0195,343510000
2021-02-18,31558.5996,31558.5996,31285.3203,31493.3398,325990000
2021-02-19,31504.1309,31647.5293,31469.3398,31494.3203,353070000
2021-02-22,31381.1191,31653.4805,31286.5703,31521.6895,387210000
2021-02-23,31501.8906,31653.3809,31158.7598,31537.3496,460410000
2021-02-24,31499.7500,32009.6406,31421.2891,31961.8594,410150000
2021-02-25,31955.9395,31984.7695,31293.3203,31402.0098,454110000
2021-02-26,31401.2891,31450.8906,30911.3691,30932.3691,532250000
2021-03-01,31065.9004,31668.3398,31065.9004,31535.5098,385670000
2021-03-02,31535.3691,31623.2695,31377.1602,31391.5195,337270000
2021-03-03,31352.9609,31563.3105,31260.1406,31270.0898,409660000
2021-03-04,31289.0098,31461.9707,30547.5293,30924.1406,537850000
2021-03-05,31029.1797,31580.3301,30766.8105,31496.3008,501810000
2021-03-08,31512.1504,32148.0391,31512.1504,31802.4395,496980000
2021-03-09,31892.3496,32150.3203,31822.6406,31832.7402,458690000
2021-03-10,31906.9609,32389.5000,31906.9609,32297.0195,409110000
2021-03-11,32354.5000,32661.5898,32345.6992,32485.5898,400020000
2021-03-12,32462.4004,32793.3203,32462.4004,32778.6406,346400000
2021-03-15,32798.8398,32973.3984,32629.7500,32953.4609,360080000
2021-03-16,32966.7500,32966.7500,32778.2305,32825.9492,386370000
2021-03-17,32825.5195,33047.5781,32782.1797,33015.3711,391200000
2021-03-18,32928.1602,33227.7812,32831.2500,32862.3008,418480000
2021-03-19,32858.3594,32858.3594,32505.0703,32627.9707,811890000
2021-03-22,32601.8203,32810.3516,32512.5293,32731.1992,383500000
2021-03-23,32691.5000,32753.7695,32356.2793,32423.1504,385840000
2021-03-24,32470.8809,32787.9883,32418.1504,32420.0605,399390000
2021-03-25,32346.8105,32672.6895,32071.4102,32619.4805,411990000
2021-03-26,32681.0703,33098.8281,32681.0703,33072.8789,382170000
2021-03-29,33087.5508,33259.0000,32905.1289,33171.3711,351610000
2021-03-30,33127.8789,33170.9297,32988.9219,33066.9609,307510000
2021-03-31,33116.0391,33173.7695,32980.5703,32981.5508,414140000
2021-04-01,33054.5781,33167.1719,32985.3516,33153.2109,311880000
2021-04-05,33222.3789,33617.9492,33222.3789,33527.1914,344270000
2021-04-06,33500.0195,33544.7891,33380.4297,33430.2383,297940000
2021-04-07,33444.9805,33521.7617,33347.9609,33446.2617,273440000
2021-04-08,33469.8906,33506.8008,33342.6406,33503.5703,304040000
2021-04-09,33526.1914,33810.8711,33526.1914,33800.6016,316410000
2021-04-12,33775.0586,33786.1914,33665.5391,33745.3984,327370000
2021-04-13,33721.1602,33741.6406,33545.8398,33677.2695,324480000
2021-04-14,33668.9492,33911.2500,33668.9492,33730.8906,315330000
2021-04-15,33788.5312,34068.7305,33788.5312,34035.9883,319680000
2021-04-16,34058.1602,34256.7500,34058.1602,34200.6719,343760000
2021-04-19,34182.3789,34182.3789,33980.5586,34077.6289,312540000
2021-04-20,34034.1797,34034.1797,33687.0117,33821.3008,350960000
2021-04-21,33808.3008,34160.3398,33773.8008,34137.3086,290300000
2021-04-22,34109.8789,34126.5703,33717.1914,33815.8984,344470000
2021-04-23,33804.5195,34157.5703,33713.2891,34043.4883,346380000
2021-04-26,34044.2305,34148.9414,33941.3711,33981.5703,279300000
2021-04-27,33932.1289,34043.9805,33870.4609,33984.9297,289030000
2021-04-28,33860.4609,33946.6016,33805.5586,33820.3789,335820000
2021-04-29,33855.6406,34087.2109,33744.2812,34060.3594,408450000
2021-04-30,33988.7500,33988.7500,33784.9609,33874.8516,374890000
2021-05-03,33904.8906,34221.0586,33904.8906,34113.2305,289770000
2021-05-04,34080.1992,34147.7812,33765.6797,34133.0312,407860000
2021-05-05,34163.9883,34331.1992,34039.6602,34230.3398,253180000
2021-05-06,34245.1094,34561.2891,34185.0586,34548.5312,315430000
2021-05-07,34578.2695,34811.3906,34464.3086,34777.7617,303400000
2021-05-10,34785.2695,35091.5586,34741.5703,34742.8203,361620000
2021-05-11,34572.7383,34572.7383,34075.3086,34269.1602,413180000
2021-05-12,34206.3984,34207.8711,33555.2188,33587.6602,381350000
2021-05-13,33624.7383,34181.7695,33623.4883,34021.4492,350820000
2021-05-14,34050.8594,34454.0508,34050.8594,34382.1289,303230000
2021-05-17,34375.2891,34383.8398,34176.6484,34327.7891,291910000
2021-05-18,34351.1797,34408.9883,34044.1016,34060.6602,289590000
2021-05-19,33945.8086,33945.8086,33473.8008,33896.0391,348480000
2021-05-20,33906.3008,34233.3984,33872.4102,34084.1484,320150000
2021-05-21,34121.9102,34415.4805,34121.9102,34207.8398,306360000
2021-05-24,34253.8711,34472.5117,34253.8711,34393.9805,251010000
2021-05-25,34428.6602,34511.3516,34266.0312,34312.4609,285760000
2021-05-26,34336.3398,34409.5898,34271.4414,34323.0508,258780000
2021-05-27,34432.4688,34608.8203,34389.2383,34464.6406,520630000
2021-05-28,34558.5000,34631.1094,34520.0898,34529.4492,290850000
2021-06-01,34584.1914,34849.3203,34542.8711,34575.3086,287700000
2021-06-02,34614.6211,34706.6484,34545.9609,34600.3789,263810000
2021-06-03,34550.3086,34667.4102,34334.4102,34577.0391,297380000
2021-06-04,34618.6914,34772.1211,34618.6914,34756.3906,270050000
2021-06-07,34766.1992,34820.9102,34574.5117,34630.2383,259120000
2021-06-08,34645.8398,34665.3789,34452.9414,34599.8203,289440000
2021-06-09,34626.1602,34654.6719,34439.3711,34447.1406,245100000
2021-06-10,34502.5117,34737.7891,34447.2500,34466.2383,309310000
2021-06-11,34499.8086,34618.0898,34328.6484,34479.6016,260840000
2021-06-14,34472.5195,34472.5195,34211.5391,34393.7500,295530000
2021-06-15,34397.1016,34420.3789,34199.1602,34299.3281,272430000
2021-06-16,34308.4805,34333.2500,33917.1094,34033.6719,347150000
2021-06-17,34014.3789,34091.7891,33626.6094,33823.4492,354690000
2021-06-18,33622.6992,33622.6992,33271.9297,33290.0781,563920000
2021-06-21,33312.0703,33908.0898,33312.0703,33876.9688,317260000
2021-06-22,33872.5586,34040.6992,33751.0586,33945.5781,284130000
2021-06-23,33948.5391,34009.3984,33869.8281,33874.2383,255280000
2021-06-24,33933.9102,34233.0195,33933.9102,34196.8203,275870000
2021-06-25,34328.1016,34501.0195,34314.8008,34433.8398,432550000
2021-06-28,34428.1016,34449.6484,34186.1289,34283.2695,280280000
2021-06-29,34338.8906,34469.8281,34266.8281,34292.2891,282360000
2021-06-30,34290.7383,34553.1602,34245.4805,34502.5117,295560000
2021-07-01,34507.3203,34640.2812,34498.8516,34633.5312,268280000
2021-07-02,34642.4219,34821.9297,34613.4883,34786.3516,301860000
2021-07-06,34790.1602,34814.1992,34358.4219,34577.3711,348430000
2021-07-07,34604.1719,34708.7812,34435.5898,34681.7891,302700000
2021-07-08,34569.0117,34569.0117,34145.5898,34421.9297,335690000
2021-07-09,34457.5117,34893.7188,34457.5117,34870.1602,301750000
2021-07-12,34836.7500,35014.8984,34730.1484,34996.1797,294800000
2021-07-13,34959.9609,35018.7891,34876.8906,34888.7891,322430000
2021-07-14,34920.8281,35069.1797,34826.8711,34933.2305,344340000
2021-07-15,34924.8086,34990.4102,34762.8711,34987.0195,320450000
2021-07-16,35007.9414,35090.0117,34647.8203,34687.8516,322980000
2021-07-19,34528.4805,34528.4805,33741.7617,33962.0391,440440000
2021-07-20,33981.7891,34621.7891,33981.7891,34511.9883,387020000
2021-07-21,34556.9609,34820.2383,34556.9609,34798.0000,317090000
2021-07-22,34799.6797,34879.2812,34673.0312,34823.3516,291610000
2021-07-23,34855.1094,35095.3281,34855.1094,35061.5508,314040000
2021-07-26,35055.8594,35150.3711,34950.1914,35144.3086,259790000
2021-07-27,35078.8984,35078.8984,34878.0703,35058.5195,326610000
2021-07-28,35109.9492,35116.3711,34876.8398,34930.9297,347170000
2021-07-29,34985.9883,35171.5195,34985.9883,35084.5312,222680000
2021-07-30,35013.2617,35106.3008,34871.1289,34935.4688,276410000
2021-08-02,34968.5586,35192.1094,34808.1992,34838.1602,238620000
2021-08-03,34864.1016,35120.9414,34714.3281,35116.3984,259820000
2021-08-04,35047.4414,35047.4414,34790.6211,34792.6719,245300000
2021-08-05,34815.6094,35067.5391,34815.6094,35064.2500,216580000
2021-08-06,35077.4414,35246.7891,35077.4414,35208.5117,231570000
2021-08-09,35229.6719,35229.6719,35041.2383,35101.8516,207850000
2021-08-10,35135.1719,35285.1602,35091.9102,35264.6719,255040000
2021-08-11,35300.8906,35501.1602,35300.8906,35484.9688,232800000
2021-08-12,35481.9414,35510.7695,35352.5312,35499.8516,231600000
2021-08-13,35551.5586,35610.5703,35474.7812,35515.3789,236790000
2021-08-16,35490.8281,35631.1914,35231.8711,35625.3984,292590000
2021-08-17,35500.0117,35500.0117,35120.3086,35343.2812,309410000
2021-08-18,35310.1992,35356.8008,34943.4102,34960.6914,289800000
2021-08-19,34874.6719,34997.8086,34690.2500,34894.1211,333550000
2021-08-20,34917.9609,35177.2617,34867.0703,35120.0781,269320000
2021-08-23,35160.9688,35428.9102,35160.9688,35335.7109,245760000
2021-08-24,35382.7188,35445.4688,35356.1797,35366.2617,228710000
2021-08-25,35388.7695,35501.1406,35287.6289,35405.5000,237230000
2021-08-26,35449.6797,35498.4492,35205.1016,35213.1211,239740000
2021-08-27,35231.1094,35479.1797,35231.1094,35455.8008,240990000
2021-08-30,35471.8008,35510.7109,35374.4609,35399.8398,245390000
2021-08-31,35391.3789,35449.7891,35289.8594,35360.7305,337240000
2021-09-01,35387.5508,35407.3711,35287.0508,35312.5312,265520000
2021-09-02,35353.0586,35475.3984,35348.4805,35443.8203,263370000
2021-09-03,35401.7305,35422.7109,35269.3984,35369.0898,221370000
2021-09-07,35373.2383,35373.2383,35060.8984,35100.0000,289830000
2021-09-08,35087.4492,35175.1484,34925.6094,35031.0703,261880000
2021-09-09,35013.0781,35199.8906,34847.3008,34879.3789,261330000
2021-09-10,34949.5898,35104.2500,34599.6094,34607.7188,333230000
2021-09-13,34665.5000,34939.1016,34665.5000,34869.6289,334190000
2021-09-14,34906.8984,34990.3594,34510.3008,34577.5703,325140000
2021-09-15,34580.9492,34880.7695,34522.0312,34814.3906,317490000
2021-09-16,34810.2695,34943.5508,34540.1094,34751.3203,278270000
2021-09-17,34737.8594,34779.8594,34519.6289,34584.8789,560630000
2021-09-20,34459.7188,34459.7188,33613.0312,33970.4688,435780000
2021-09-21,34025.6094,34313.8789,33914.0195,33919.8398,306970000
2021-09-22,34006.8711,34440.4219,34006.8711,34258.3203,296590000
2021-09-23,34296.3008,34879.7812,34296.3008,34764.8203,283890000
2021-09-24,34762.3086,34857.0586,34648.0781,34798.0000,254310000
2021-09-27,34739.2695,35061.1211,34739.2695,34869.3711,289480000
2021-09-28,34747.6992,34798.2109,34254.6484,34299.9883,379020000
2021-09-29,34360.0781,34580.4219,34305.9609,34390.7188,290350000
2021-09-30,34467.9805,34557.3711,33833.3203,33843.9219,354830000
2021-10-01,33930.6992,34490.5586,33785.5391,34326.4609,427580000
2021-10-04,34312.9609,34410.2812,33821.5781,34002.9219,396860000
2021-10-05,34035.2500,34490.9492,34035.2500,34314.6719,311520000
2021-10-06,34198.9609,34432.6797,33854.6914,34416.9883,322170000
2021-10-07,34509.7188,34975.1914,34509.7188,34754.9414,273290000
2021-10-08,34757.5703,34842.6211,34661.9492,34746.2500,238080000
2021-10-11,34723.7891,34951.3516,34486.5117,34496.0586,256820000
2021-10-12,34507.1484,34611.2383,34318.9414,34378.3398,319010000
2021-10-13,34372.7109,34449.8281,34115.1016,34377.8086,316220000
2021-10-14,34443.2188,34923.8281,34443.2188,34912.5586,338540000
2021-10-15,35023.6289,35320.9688,35023.6289,35294.7617,327870000
2021-10-18,35221.0195,35327.5703,35035.9414,35258.6094,312640000
2021-10-19,35325.3711,35462.6797,35290.1211,35457.3086,278510000
2021-10-20,35475.1602,35669.6914,35465.7109,35609.3398,265750000
2021-10-21,35520.3203,35612.3594,35442.5312,35603.0781,298390000
2021-10-22,35607.7188,35765.0195,35533.9492,35677.0195,346290000
2021-10-25,35692.6211,35787.0391,35629.3711,35741.1484,267220000
2021-10-26,35791.0508,35892.9219,35734.7305,35756.8789,321910000
2021-10-27,35835.4297,35835.4297,35490.4297,35490.6914,354180000
2021-10-28,35545.4102,35742.2500,35545.4102,35730.4805,337400000
2021-10-29,35712.2812,35852.5312,35633.1992,35819.5586,399400000
2021-11-01,35833.6484,36009.7383,35797.9688,35913.8398,292880000
2021-11-02,35935.1094,36088.8086,35884.1289,36052.6289,304510000
2021-11-03,36059.0898,36178.5117,35891.7305,36157.5781,262540000
2021-11-04,36107.4609,36168.0312,35986.4805,36124.2305,307640000
2021-11-05,36268.7500,36484.7500,36190.1992,36327.9492,344600000
2021-11-08,36416.4609,36565.7305,36334.4219,36432.2188,284400000
2021-11-09,36404.5312,36416.9805,36173.0703,36319.9805,258020000
2021-11-10,36299.2500,36346.6094,36009.5000,36079.9414,278390000
2021-11-11,36038.7812,36108.1719,35915.2695,35921.2305,270320000
2021-11-12,35963.7812,36147.6289,35934.5898,36100.3086,293180000
2021-11-15,36128.8281,36236.0703,36031.7812,36087.4492,280660000
2021-11-16,36076.1797,36316.6094,36076.1797,36142.2188,308290000
2021-11-17,36159.6992,36159.6992,35909.4805,35931.0508,358310000
2021-11-18,35901.6914,35952.6289,35654.3906,35870.9492,435080000
2021-11-19,35879.0898,35879.0898,35555.3711,35601.9805,408840000
2021-11-22,35631.4102,35929.6602,35615.5508,35619.2500,420810000
2021-11-23,35619.9219,35841.5195,35542.8711,35813.8008,392520000
2021-11-24,35752.3086,35825.4688,35591.0312,35804.3789,280960000
2021-11-26,35366.6914,35366.6914,34749.8008,34899.3398,324580000
2021-11-29,35017.7109,35287.9102,34895.8906,35135.9414,416040000
2021-11-30,35056.9883,35056.9883,34424.4414,34483.7188,678800000
2021-12-01,34678.9414,35004.6406,34006.9805,34022.0391,496000000
2021-12-02,34076.2500,34759.6484,34076.2500,34639.7891,466900000
2021-12-03,34692.7812,34801.3086,34264.5703,34580.0781,439550000
2021-12-06,34633.4297,35356.7500,34633.4297,35227.0312,416720000
2021-12-07,35423.9883,35819.4688,35423.9883,35719.4297,474940000
2021-12-08,35716.8516,35840.5195,35602.6484,35754.7500,387650000
2021-12-09,35722.2617,35864.2383,35577.1406,35754.6914,353020000
2021-12-10,35830.5508,35982.6914,35710.4297,35970.9883,361200000
2021-12-13,35958.9297,35958.9297,35609.5312,35650.9492,441110000
2021-12-14,35605.7305,35779.4688,35441.7383,35544.1797,440900000
2021-12-15,35549.3516,35943.8398,35389.3008,35927.4297,424720000
2021-12-16,36036.2812,36189.8281,35778.2109,35897.6406,473620000
2021-12-17,35800.1094,35800.1094,35284.2617,35365.4414,750480000
2021-12-20,35222.1211,35222.1211,34665.5000,34932.1602,386590000
2021-12-21,35069.5000,35508.9609,35069.5000,35492.6992,346080000
2021-12-22,35491.7109,35764.6719,35433.1289,35753.8906,281930000
2021-12-23,35782.4219,36060.9883,35782.4219,35950.5586,247420000
2021-12-27,35954.4805,36306.6094,35954.4805,36302.3789,244350000
2021-12-28,36302.9883,36527.2617,36302.9883,36398.2109,239090000
2021-12-29,36421.1406,36571.5508,36396.1914,36488.6289,213480000
2021-12-30,36522.4805,36679.4414,36372.1289,36398.0781,205620000
2021-12-31,36385.8516,36484.9414,36303.9688,36338.3008,213200000
2022-01-03,36321.5898,36595.8203,36246.4492,36585.0586,347930000
2022-01-04,36636.0000,36934.8398,36636.0000,36799.6484,435080000
2022-01-05,36722.6016,36952.6484,36400.3906,36407.1094,462040000
2022-01-06,36409.0508,36464.1914,36200.6797,36236.4688,385890000
2022-01-07,36249.5898,36382.8398,36111.5312,36231.6602,356110000
2022-01-10,36175.2109,36175.2109,35639.9102,36068.8711,430680000
2022-01-11,36058.8516,36271.4688,35769.3789,36252.0195,356850000
2022-01-12,36336.1602,36453.4883,36168.1484,36290.3203,310180000
2022-01-13,36312.4883,36513.8789,36044.2188,36113.6211,343640000
2022-01-14,35996.4297,35996.4297,35641.4883,35911.8086,389200000
2022-01-18,35661.7617,35661.7617,35262.0195,35368.4688,427260000
2022-01-19,35412.3008,35547.8281,35015.4883,35028.6484,393080000
2022-01-20,35102.6602,35490.1992,34670.1211,34715.3906,369070000
2022-01-21,34701.6914,34896.6719,34229.5508,34265.3711,523880000
2022-01-24,34070.6094,34420.9883,33150.3281,34364.5000,664010000
2022-01-25,34186.6406,34591.0391,33545.5195,34297.7305,506430000
2022-01-26,34520.8203,34815.6719,33876.4805,34168.0898,546330000
2022-01-27,34261.7500,34773.3203,34007.7812,34160.7812,527780000
2022-01-28,34135.2383,34731.7695,33807.5117,34725.4688,568440000
2022-01-31,34691.1719,35148.1406,34496.1016,35131.8594,468070000
2022-02-01,35151.4688,35441.0898,34977.9492,35405.2383,386080000
2022-02-02,35378.1914,35679.1992,35290.1211,35629.3281,359540000
2022-02-03,35520.0781,35535.9414,35071.0586,35111.1602,381020000
2022-02-04,35095.7383,35333.5508,34799.0781,35089.7383,349880000
2022-02-07,35108.3789,35325.0117,34993.9805,35091.1289,328910000
2022-02-08,35160.6797,35544.8906,35090.4219,35462.7812,319190000
2022-02-09,35614.8984,35824.2812,35614.8984,35768.0586,333610000
2022-02-10,35630.8086,35800.2383,35100.7188,35241.5898,411620000
2022-02-11,35267.8906,35431.1484,34620.5195,34738.0586,398860000
2022-02-14,34694.5000,34744.5586,34304.2812,34566.1719,370320000
2022-02-15,34686.1914,35047.7891,34686.1914,34988.8398,305670000
2022-02-16,34951.8281,35042.0898,34642.6406,34934.2695,294410000
2022-02-17,34858.4688,34858.4688,34246.2305,34312.0312,348720000
2022-02-18,34310.4492,34423.5781,33976.1797,34079.1797,414080000
2022-02-22,33974.0898,34024.7383,33364.2891,33596.6094,432090000
2022-02-23,33680.9688,33832.5898,33084.8984,33131.7617,370600000
2022-02-24,32830.3281,33269.3398,32272.6406,33223.8281,590850000
2022-02-25,33277.2188,34095.7383,33277.2188,34058.7500,417630000
2022-02-28,33870.6211,33963.6289,33469.3086,33892.6016,443460000
2022-03-01,33813.4805,33870.1406,33107.6719,33294.9492,438730000
2022-03-02,33379.5117,34013.6719,33379.5117,33891.3516,400920000
2022-03-03,33972.8711,34179.0703,33641.5312,33794.6602,369740000
2022-03-04,33655.4297,33655.4297,33254.1211,33614.8008,408390000
2022-03-07,33579.7500,33579.7500,32806.1484,32817.3789,488400000
2022-03-08,32885.1719,33402.9805,32578.7305,32632.6406,553750000
2022-03-09,32860.4219,33457.2812,32860.4219,33286.2500,418670000
2022-03-10,33106.7695,33236.5898,32819.7617,33174.0703,399480000
2022-03-11,33279.7188,33515.6094,32911.8906,32944.1914,369480000
2022-03-14,33000.3711,33395.5898,32818.1602,32945.2383,394940000
2022-03-15,32989.2695,33620.8398,32989.2695,33544.3398,388810000
2022-03-16,33653.9297,34075.9414,33391.2383,34063.1016,427400000
2022-03-17,33995.3906,34483.9219,33896.0586,34480.7617,339470000
2022-03-18,34466.7188,34755.1992,34279.8281,34754.9297,615420000
2022-03-21,34669.8516,34808.2812,34341.8086,34552.9883,408490000
2022-03-22,34583.2383,34882.0312,34583.2383,34807.4609,368550000
2022-03-23,34748.8398,34748.8398,34352.9609,34358.5000,347880000
2022-03-24,34406.8086,34713.5586,34355.4219,34707.9414,324870000
2022-03-25,34702.3906,34942.6992,34631.5195,34861.2383,285440000
2022-03-28,34833.0312,34957.9297,34552.2305,34955.8906,299790000
2022-03-29,35114.3516,35372.2617,35030.0703,35294.1914,355050000
2022-03-30,35273.6289,35361.3594,35058.5781,35228.8086,317320000
2022-03-31,35201.5195,35201.5195,34677.9883,34678.3516,433400000
2022-04-01,34740.8906,34847.9102,34538.2500,34818.2695,340400000
2022-04-04,34799.9805,34940.7812,34615.3789,34921.8789,316570000
2022-04-05,34876.3281,35112.2109,34566.0391,34641.1797,304010000
2022-04-06,34520.3398,34609.8398,34277.1719,34496.5117,386250000
2022-04-07,34439.2383,34705.8281,34190.9492,34583.5703,319870000
2022-04-08,34569.2383,34908.4609,34470.1914,34721.1211,301750000
2022-04-11,34630.2695,34701.3398,34272.2891,34308.0781,333290000
2022-04-12,34412.5117,34669.9688,34102.8086,34220.3594,333510000
2022-04-13,34166.6406,34598.3594,34140.6406,34564.5898,313630000
2022-04-14,34628.4609,34889.1719,34437.5000,34451.2305,353680000
2022-04-18,34411.4883,34618.2891,34279.0781,34411.6914,264110000
2022-04-19,34394.6211,34983.1094,34394.6211,34911.1992,296350000
2022-04-20,34962.6719,35315.3984,34962.6719,35160.7891,337620000
2022-04-21,35258.8008,35492.2188,34723.8203,34792.7617,366390000
2022-04-22,34727.3789,34727.3789,33773.3906,33811.3984,373280000
2022-04-25,33731.6484,34106.0117,33323.3711,34049.4609,416900000
2022-04-26,33907.4883,33909.5117,33230.9492,33240.1797,400020000
2022-04-27,33450.9219,33697.1797,33108.8906,33301.9297,447230000
2022-04-28,33425.9609,34054.7891,33248.4609,33916.3906,440380000
2022-04-29,33787.0117,33919.5898,32913.1484,32977.2109,501560000
2022-05-02,32978.4883,33224.9492,32449.8691,33061.5000,453390000
2022-05-03,33086.0898,33341.5781,32914.7500,33128.7891,364420000
2022-05-04,33171.8008,34117.7383,33021.8398,34061.0586,411060000
2022-05-05,33854.1719,33854.1719,32685.0996,32997.9688,448420000
2022-05-06,32773.8789,33055.8398,32474.6895,32899.3711,416520000
2022-05-09,32685.1699,32685.1699,32121.9805,32245.6992,470770000
2022-05-10,32504.0898,32752.1699,31887.8906,32160.7402,439290000
2022-05-11,32123.2402,32584.0195,31798.8594,31834.1094,458460000
2022-05-12,31699.0391,31914.4609,31228.2207,31730.3008,544240000
2022-05-13,31963.8594,32276.0508,31862.7891,32196.6602,388520000
2022-05-16,32152.1504,32514.0195,31928.1797,32223.4199,330030000
2022-05-17,32427.0000,32689.1406,32308.1504,32654.5898,389310000
2022-05-18,32468.6699,32468.6699,31393.9492,31490.0703,465060000
2022-05-19,31262.6191,31569.1309,31016.4102,31253.1309,517190000
2022-05-20,31426.9395,31515.7793,30635.7598,31261.9004,495510000
2022-05-23,31395.8906,31968.4199,31395.8906,31880.2402,402010000
2022-05-24,31717.6094,32014.8594,31365.5898,31928.6191,382950000
2022-05-25,31816.3105,32254.4395,31754.3301,32120.2793,343460000
2022-05-26,32248.1699,32774.1406,32248.1699,32637.1895,351220000
2022-05-27,32735.0898,33213.6211,32682.0098,33212.9609,328770000
2022-05-31,33160.5898,33240.2188,32752.3398,32990.1211,533560000
2022-06-01,33156.3086,33272.3398,32584.7598,32813.2305,338210000
2022-06-02,32809.0117,33248.6094,32509.4297,33248.2812,333210000
2022-06-03,32986.3203,33135.6094,32839.2109,32899.6992,298570000
2022-06-06,33032.0391,33235.3711,32819.5000,32915.7812,253010000
2022-06-07,32783.0312,33207.4492,32641.8496,33180.1406,270750000
2022-06-08,33087.0703,33156.5000,32824.3711,32910.8984,270470000
2022-06-09,32828.6211,32956.7305,32267.7793,32272.7891,289710000
2022-06-10,32053.5195,32053.5195,31387.8398,31392.7891,362300000
2022-06-13,31144.9102,31144.9102,30373.7207,30516.7402,472290000
2022-06-14,30592.3398,30690.8008,30144.2305,30364.8301,366800000
2022-06-15,30570.5000,31011.9707,30185.0801,30668.5293,392670000
2022-06-16,30305.7402,30305.7402,29740.3496,29927.0703,442910000
2022-06-17,29912.6992,30167.5195,29653.2891,29888.7793,692830000
2022-06-21,30074.6895,30653.9805,30074.6895,30530.2500,376900000
2022-06-22,30352.5703,30777.9199,30166.0098,30483.1309,343490000
2022-06-23,30570.3301,30715.6309,30293.4004,30677.3594,361420000
2022-06-24,30846.9395,31517.2891,30846.9395,31500.6797,465480000
2022-06-27,31533.5996,31598.5898,31351.3691,31438.2598,309910000
2022-06-28,31549.0508,31885.0898,30934.3301,30946.9902,350780000
2022-06-29,31067.4102,31152.9609,30894.5293,31029.3105,269390000
2022-06-30,30790.0000,30979.8496,30431.8691,30775.4297,394070000
2022-07-01,30737.7695,31139.3496,30487.7891,31097.2598,310440000
2022-07-05,30903.1191,30971.7402,30355.1191,30967.8203,323080000
2022-07-06,30957.3008,31224.6895,30794.8398,31037.6797,289800000
2022-07-07,31190.6504,31421.8398,31154.6406,31384.5508,296620000
2022-07-08,31348.4297,31511.4609,31212.4492,31338.1504,238120000
2022-07-11,31277.9805,31367.5508,31114.4004,31173.8398,245020000
2022-07-12,31113.3105,31346.0996,30860.5098,30981.3301,324190000
2022-07-13,30743.6309,30979.1699,30514.6094,30772.7891,291830000
2022-07-14,30451.8008,30680.1191,30143.9297,30630.1699,325130000
2022-07-15,30775.3691,31288.2598,30775.3691,31288.2598,321570000
2022-07-18,31475.9805,31644.6797,30982.9707,31072.6094,309960000
2022-07-19,31165.9102,31842.2500,31165.9102,31827.0508,378720000
2022-07-20,31829.9902,31944.4492,31646.9492,31874.8398,313520000
2022-07-21,31826.4902,32040.6309,31534.0801,32036.9004,302320000
2022-07-22,32167.9199,32219.2500,31731.4707,31899.2891,319880000
2022-07-25,31950.9297,32029.0293,31821.6699,31990.0391,255450000
2022-07-26,31950.0391,31950.0391,31705.3594,31761.5391,324930000
2022-07-27,31865.0508,32336.2305,31799.4297,32197.5898,365480000
2022-07-28,32197.6191,32609.5391,31982.6094,32529.6309,331110000
2022-07-29,32515.6191,32910.1797,32493.0195,32845.1289,487360000
2022-08-01,32755.7109,32972.0312,32640.7891,32798.3984,321180000
2022-08-02,32691.2891,32772.9297,32387.1191,32396.1699,316740000
2022-08-03,32514.2109,32912.7383,32514.2109,32812.5000,342160000
2022-08-04,32805.6914,32829.2188,32652.6309,32726.8203,315590000
2022-08-05,32593.9004,32814.6094,32489.6191,32803.4688,273010000
2022-08-08,32877.3594,33109.9609,32769.1016,32832.5391,275350000
2022-08-09,32807.3594,32877.5312,32702.6602,32774.4102,281080000
2022-08-10,33130.6289,33364.4102,33130.6289,33309.5117,311740000
2022-08-11,33451.5117,33651.8008,33289.8281,33336.6719,308030000
2022-08-12,33430.7188,33767.0898,33398.3203,33761.0508,299140000
2022-08-15,33710.6992,33954.7109,33582.9609,33912.4414,262670000
2022-08-16,33924.3516,34281.3594,33852.5703,34152.0117,288670000
2022-08-17,34029.5508,34161.0117,33828.4102,33980.3203,281390000
2022-08-18,33981.8594,34043.8281,33844.4609,33999.0391,282550000
2022-08-19,33904.6914,33904.6914,33627.0898,33706.7383,293990000
2022-08-22,33586.5898,33586.5898,33007.6289,33063.6094,308900000
2022-08-23,33033.5195,33138.2617,32858.8906,32909.5898,251870000
2022-08-24,32899.0117,33095.5000,32828.5586,32969.2305,256900000
2022-08-25,33029.2695,33306.0898,32889.8516,33291.7812,308530000
2022-08-26,33293.4297,33364.6992,32278.2207,32283.4004,352850000
2022-08-29,32188.0000,32325.1602,31972.7891,32098.9902,317820000
2022-08-30,32163.8398,32205.6602,31647.2207,31790.8691,317150000
2022-08-31,31827.1504,31966.0391,31509.5898,31510.4297,392780000
2022-09-01,31454.5801,31677.5098,31219.7500,31656.4199,339360000
2022-09-02,31848.5000,32026.9004,31182.0898,31318.4395,306180000
2022-09-06,31343.7891,31463.8906,31048.4609,31145.3008,347320000
2022-09-07,31145.6309,31644.3398,31095.2109,31581.2793,345080000
2022-09-08,31481.9492,31783.3691,31321.5000,31774.5195,344340000
2022-09-09,31876.2207,32227.7402,31876.2207,32151.7109,310980000
2022-09-12,32159.4902,32504.0391,32159.4902,32381.3398,339250000
2022-09-13,32006.5000,32006.5000,31018.5391,31104.9707,428930000
2022-09-14,31141.0195,31276.8203,30885.0195,31135.0898,348670000
2022-09-15,31124.6797,31277.6895,30882.0801,30961.8203,345500000
2022-09-16,30866.6094,30866.6094,30550.0801,30822.4199,627920000
2022-09-19,30722.8594,31026.8906,30559.3691,31019.6797,291200000
2022-09-20,30888.5293,30888.5293,30465.9102,30706.2305,317970000
2022-09-21,30819.3906,31020.7891,30181.9902,30183.7793,354960000
2022-09-22,30204.5195,30302.2793,29994.5293,30076.6797,335270000
2022-09-23,29955.6504,29955.6504,29250.4707,29590.4102,388200000
2022-09-26,29536.8398,29630.7695,29161.1191,29260.8105,369450000
2022-09-27,29419.8809,29659.1191,28958.2207,29134.9902,355460000
2022-09-28,29198.9199,29811.7793,29114.9707,29683.7402,436040000
2022-09-29,29513.7305,29513.7305,28997.3398,29225.6094,388820000
2022-09-30,29123.0293,29355.7793,28715.8496,28725.5098,464260000
2022-10-03,28855.2500,29647.7891,28855.2500,29490.8906,397830000
2022-10-04,29826.6699,30325.0508,29826.6699,30316.3203,375640000
2022-10-05,30078.3594,30454.4609,29886.4395,30273.8691,290610000
2022-10-06,30206.1309,30329.6094,29859.3398,29926.9395,306840000
2022-10-07,29685.2695,29685.2695,29142.6602,29296.7891,367950000
2022-10-10,29419.0898,29485.8203,29010.4102,29202.8809,315410000
2022-10-11,29085.1992,29608.4199,29074.2305,29239.1895,352920000
2022-10-12,29233.0605,29455.1191,29136.0293,29210.8496,304420000
2022-10-13,28755.8301,30168.5391,28660.9395,30038.7207,470260000
2022-10-14,30192.2109,30428.8203,29614.3008,29634.8301,379090000
2022-10-17,30059.5801,30311.9492,29997.6191,30185.8203,369820000
2022-10-18,30697.5195,30837.9004,30301.8301,30523.8008,387130000
2022-10-19,30439.0391,30662.1094,30226.9004,30423.8105,314030000
2022-10-20,30411.9199,30822.9609,30265.1992,30333.5898,333190000
2022-10-21,30291.1797,31119.2695,30206.2793,31082.5605,418190000
2022-10-24,31187.3203,31603.6309,31161.4102,31499.6191,345040000
2022-10-25,31463.6504,31876.1504,31423.5293,31836.7402,336930000
2022-10-26,31738.4395,32172.4199,31738.4395,31839.1094,430400000
2022-10-27,32062.1406,32388.4199,31993.2109,32033.2793,375720000
2022-10-28,32204.3105,32889.8086,32158.3809,32861.8008,495830000
2022-10-31,32754.2695,32883.8594,32586.9297,32732.9492,390890000
2022-11-01,32862.7891,32975.4805,32485.2305,32653.1992,323210000
2022-11-02,32576.2793,33071.9297,32139.7695,32147.7598,398430000
2022-11-03,31985.0508,32185.7109,31727.0508,32001.2500,354440000
2022-11-04,32265.0098,32611.5195,31938.9199,32403.2207,422370000
2022-11-07,32454.0996,32895.5898,32424.9902,32827.0000,336300000
2022-11-08,32934.5586,33355.3906,32831.4609,33160.8281,335340000
2022-11-09,33004.4688,33065.1094,32478.8691,32513.9395,355200000
2022-11-10,33263.9102,33727.7305,33167.8203,33715.3711,480130000
2022-11-11,33797.7500,33817.9609,33394.4297,33747.8594,427790000
2022-11-14,33662.0508,33964.3008,33533.9609,33536.6992,354340000
2022-11-15,33755.9414,33987.0586,33320.1992,33592.9219,390610000
2022-11-16,33554.9297,33682.8281,33516.9883,33553.8281,301560000
2022-11-17,33329.2695,33616.0195,33239.7500,33546.3203,319210000
2022-11-18,33606.5898,33827.9414,33540.6406,33745.6914,312950000
2022-11-21,33760.3008,33864.5898,33559.1797,33700.2812,352960000
2022-11-22,33810.0508,34115.6992,33810.0508,34098.1016,277070000
2022-11-23,34091.5703,34262.0703,34004.6406,34194.0586,236820000
2022-11-25,34213.0391,34386.5117,34199.5703,34347.0312,131660000
2022-11-28,34275.9102,34303.8789,33799.3516,33849.4609,300330000
2022-11-29,33847.8008,33933.9102,33662.4492,33852.5312,279750000
2022-11-30,33795.4297,34589.7695,33583.7695,34589.7695,524440000
2022-12-01,34533.5898,34595.5117,34129.3516,34395.0117,348720000
2022-12-02,34265.4492,34483.2109,34039.7305,34429.8789,290580000
2022-12-05,34335.7305,34335.7305,33846.8086,33947.1016,312960000
2022-12-06,33936.8711,34006.6289,33418.5898,33596.3398,306220000
2022-12-07,33556.3984,33774.2695,33503.6719,33597.9219,359980000
2022-12-08,33695.9688,33899.1719,33642.4609,33781.4805,271830000
2022-12-09,33746.7109,33844.6289,33462.6484,33476.4609,287630000
2022-12-12,33519.5000,34005.0391,33519.5000,34005.0391,313440000
2022-12-13,34268.4414,34712.2812,33890.8789,34108.6406,442650000
2022-12-14,34086.0703,34395.6484,33704.1719,33966.3516,339090000
2022-12-15,33773.0000,33773.0000,33016.1602,33202.2188,394290000
2022-12-16,33166.4609,33166.4609,32654.5898,32920.4609,756310000
2022-12-19,32921.4492,33038.9414,32581.9707,32757.5391,326430000
2022-12-20,32735.2402,32992.2305,32649.4492,32849.7383,303970000
2022-12-21,33028.0898,33437.8398,33028.0898,33376.4805,328020000
2022-12-22,33233.3516,33233.3516,32573.4297,33027.4883,340640000
2022-12-23,32961.0586,33226.1406,32814.0195,33203.9297,221050000
2022-12-27,33224.2305,33387.7188,33069.5781,33241.5586,246010000
2022-12-28,33264.7617,33379.5508,32869.1484,32875.7109,252260000
2022-12-29,33021.4297,33293.4219,33020.3516,33220.8008,243060000
2022-12-30,33121.6094,33152.5508,32847.8203,33147.2500,295500000
2023-01-03,33148.8984,33387.5195,32850.5703,33136.3711,355930000
2023-01-04,33165.1406,33409.1016,33033.4805,33269.7695,379400000
2023-01-05,33191.7188,33191.7188,32812.3281,32930.0781,337920000
2023-01-06,33055.3008,33710.6602,32997.3906,33630.6094,360740000
2023-01-09,33664.3906,33935.1094,33487.6602,33517.6484,327840000
2023-01-10,33516.4297,33726.5391,33421.8008,33704.1016,268260000
2023-01-11,33754.0312,33974.6914,33711.0391,33973.0117,301650000
2023-01-12,34047.8594,34292.6719,33792.1016,34189.9688,308190000
2023-01-13,34075.3086,34342.3203,33915.4883,34302.6094,274110000
2023-01-17,34222.3203,34269.9688,33860.6719,33910.8516,353050000
2023-01-18,33948.4883,34016.5312,33269.8984,33296.9609,351670000
2023-01-19,33171.3516,33227.4883,32982.0508,33044.5586,319770000
2023-01-20,33073.4609,33381.9492,32948.9297,33375.4883,367330000
2023-01-23,33439.5586,33782.8789,33316.2500,33629.5586,355220000
2023-01-24,33444.7188,33782.9219,33310.5586,33733.9609,299310000
2023-01-25,33538.3594,33773.0898,33273.2109,33743.8398,341720000
2023-01-26,33771.6602,33953.7891,33635.6016,33949.4102,327000000
2023-01-27,33952.9297,34164.3281,33830.8516,33978.0781,441260000
2023-01-30,33909.2109,34055.2891,33695.1797,33717.0898,343920000
2023-01-31,33803.5586,34095.2305,33664.9102,34086.0391,360240000
2023-02-01,34039.6016,34334.6992,33581.4219,34092.9609,370120000
2023-02-02,34129.3008,34145.1406,33814.7812,34053.9414,429910000
2023-02-03,33926.3008,34179.5781,33813.8594,33926.0117,425150000
2023-02-06,33874.4414,33962.8398,33683.5781,33891.0195,296400000
2023-02-07,33769.7812,34240.0000,33634.1016,34156.6914,361620000
2023-02-08,34132.8984,34161.6484,33899.7891,33949.0117,324090000
2023-02-09,34105.6094,34252.5703,33607.1289,33699.8789,347520000
2023-02-10,33671.5391,33897.3086,33591.9883,33869.2695,288150000
2023-02-13,33887.3906,34249.6016,33887.3906,34245.9297,302600000
2023-02-14,34194.0898,34331.4688,33827.4492,34089.2695,288820000
2023-02-15,34008.6289,34130.4883,33833.1016,34128.0508,267530000
2023-02-16,33992.0898,34041.1602,33686.5898,33696.8516,317530000
2023-02-17,33677.0117,33846.6406,33517.7305,33826.6914,302900000
2023-02-21,33699.6914,33699.6914,33115.7383,33129.5898,348320000
2023-02-22,33169.3281,33245.9688,32948.2695,33045.0898,321910000
2023-02-23,33175.3906,33272.3984,32795.6719,33153.9102,288120000
2023-02-24,32999.1914,32999.1914,32643.4805,32816.9219,277120000
2023-02-27,32906.1602,33189.2812,32814.1797,32889.0898,243660000
2023-02-28,32873.4688,32873.4688,32636.4297,32656.6992,303760000
2023-03-01,32656.3691,32746.1504,32500.7109,32661.8398,292810000
2023-03-02,32780.9688,33083.4492,32665.8496,33003.5703,317450000
2023-03-03,33076.3281,33405.8203,33008.4102,33390.9688,300050000
2023-03-06,33425.3203,33572.2188,33383.4688,33431.4414,329190000
2023-03-07,33428.3086,33453.2500,32838.2109,32856.4609,299400000
2023-03-08,32872.0781,32903.4414,32612.6992,32798.3984,242750000
2023-03-09,32876.8281,32990.4609,32190.5996,32254.8594,315860000
2023-03-10,32185.1406,32422.0996,31783.4102,31909.6406,397790000
2023-03-13,31819.9297,32240.3496,31624.8691,31819.1406,429090000
2023-03-14,32055.2891,32306.5898,31805.4004,32155.4004,391760000
2023-03-15,31759.8691,31906.4707,31429.8203,31874.5703,420910000
2023-03-16,31827.6504,32281.6094,31571.4609,32246.5508,440940000
2023-03-17,32217.3203,32217.3203,31728.6992,31861.9805,712100000
2023-03-20,31872.3301,32280.0703,31872.3301,32244.5801,357210000
2023-03-21,32420.7109,32593.6797,32346.1191,32560.5996,363190000
2023-03-22,32570.1895,32761.8906,32020.4609,32030.1094,325990000
2023-03-23,32101.4902,32511.4902,31864.7402,32105.2500,335430000
2023-03-24,32038.2207,32257.2402,31805.1797,32237.5293,317070000
2023-03-27,32276.7207,32564.0000,32276.7207,32432.0801,291560000
2023-03-28,32434.8496,32551.0098,32295.5000,32394.2500,248560000
2023-03-29,32566.5391,32728.0391,32539.9395,32717.5996,314110000
2023-03-30,32807.4297,32905.8008,32682.8691,32859.0312,283380000
2023-03-31,32901.9609,33291.0000,32901.9609,33274.1484,353740000
2023-04-03,33245.7812,33632.8984,33245.7812,33601.1484,311890000
2023-04-04,33594.7891,33634.7188,33275.6211,33402.3789,283360000
2023-04-05,33394.6016,33543.8398,33376.2695,33482.7188,286660000
2023-04-06,33420.9609,33525.9609,33325.3711,33485.2891,258680000
2023-04-10,33425.2500,33590.2383,33343.4297,33586.5195,232920000
2023-04-11,33586.7500,33781.2891,33586.7500,33684.7891,241430000
2023-04-12,33764.2109,33895.4297,33593.3203,33646.5000,260300000
2023-04-13,33668.9688,34054.9883,33605.1719,34029.6914,277230000
2023-04-14,33981.7109,34082.9414,33730.8516,33886.4688,276720000
2023-04-17,33930.4609,33991.2305,33796.9102,33987.1797,234530000
2023-04-18,33965.1602,34018.6211,33791.8906,33976.6289,253570000
2023-04-19,33889.8281,33957.9805,33814.6484,33897.0117,251490000
2023-04-20,33740.6016,33875.3906,33677.7383,33786.6211,307910000
2023-04-21,33793.6016,33858.8281,33688.5703,33808.9609,291080000
2023-04-24,33805.0391,33891.1484,33726.0898,33875.3984,252020000
2023-04-25,33828.3398,33875.4883,33525.3906,33530.8281,297880000
2023-04-26,33596.3398,33645.8281,33235.8516,33301.8711,321170000
2023-04-27,33381.6602,33859.7500,33374.6484,33826.1602,343240000
2023-04-28,33797.4297,34104.5586,33728.3984,34098.1602,354310000
2023-05-01,34116.8086,34257.8281,34030.1406,34051.6992,244190000
2023-05-02,34017.6211,34017.7500,33436.6602,33684.5312,274460000
2023-05-03,33726.6406,33811.8398,33396.0508,33414.2383,286900000
2023-05-04,33347.7812,33354.8594,32937.5000,33127.7383,305160000
2023-05-05,33248.5508,33748.4297,33248.5508,33674.3789,316350000
2023-05-08,33715.1484,33747.4883,33509.2305,33618.6914,225680000
2023-05-09,33589.8516,33656.3984,33509.7188,33561.8086,232940000
2023-05-10,33707.1992,33772.0898,33239.4492,33531.3281,271180000
2023-05-11,33383.8906,33389.8789,33127.6992,33309.5117,298000000
2023-05-12,33370.5781,33406.3984,33110.6094,33300.6211,227570000
2023-05-15,33321.2109,33400.3008,33161.9297,33348.6016,224020000
2023-05-16,33275.3711,33290.8516,33006.1914,33012.1406,246680000
2023-05-17,33092.4805,33472.3789,33050.4102,33420.7695,307130000
2023-05-18,33374.5586,33579.9102,33212.0898,33535.9102,333070000
2023-05-19,33582.9492,33652.8984,33336.6602,33426.6289,315210000
2023-05-22,33408.5391,33512.3008,33207.8516,33286.5781,268900000
2023-05-23,33190.6016,33310.1719,33013.2891,33055.5117,291550000
2023-05-24,33021.7617,33031.7500,32752.4395,32799.9219,246180000
2023-05-25,32854.2617,32870.4297,32586.5605,32764.6504,364670000
2023-05-26,32795.5000,33162.0586,32795.5000,33093.3398,330290000
2023-05-30,33103.6484,33132.6992,32893.9688,33042.7812,322700000
2023-05-31,32948.7109,32984.8281,32739.7305,32908.2695,689990000
2023-06-01,32929.8516,33167.7500,32704.5098,33061.5703,349460000
2023-06-02,33187.5781,33805.0000,33187.5781,33762.7617,383590000
2023-06-05,33771.1289,33804.2188,33552.7891,33562.8594,367170000
2023-06-06,33547.6719,33631.2500,33399.6914,33573.2812,294070000
2023-06-07,33562.4688,33708.7812,33546.1094,33665.0195,347400000
2023-06-08,33656.9805,33873.8086,33630.0391,33833.6094,269160000
2023-06-09,33852.4414,33975.3203,33787.1602,33876.7812,262310000
2023-06-12,33906.8008,34077.8398,33878.4609,34066.3281,308130000
2023-06-13,34111.0781,34310.2812,34107.9805,34212.1211,308790000
2023-06-14,34044.6992,34151.4219,33783.5508,33979.3281,354910000
2023-06-15,33945.9805,34488.9805,33945.9805,34408.0586,361400000
2023-06-16,34464.0195,34588.6797,34285.6914,34299.1211,595230000
2023-06-20,34206.6602,34206.6602,33915.9297,34053.8711,334810000
2023-06-21,33990.5586,34097.9297,33876.1719,33951.5195,323690000
2023-06-22,33900.4688,34003.5586,33835.3906,33946.7109,275600000
2023-06-23,33835.6602,33835.6602,33646.4883,33727.4297,379800000
2023-06-26,33730.7891,33819.4883,33610.3203,33714.7109,265330000
2023-06-27,33739.0312,33975.6484,33730.3906,33926.7383,293210000
2023-06-28,33881.3789,33903.7617,33755.9219,33852.6602,268050000
2023-06-29,33854.5703,34147.6797,33828.6289,34122.4219,279940000
2023-06-30,34269.9219,34467.3516,34269.9219,34407.6016,351060000
2023-07-03,34369.7812,34465.6016,34286.5391,34418.4688,157590000
2023-07-05,34344.7188,34376.1094,34226.9805,34288.6406,274570000
2023-07-06,34171.3906,34171.3906,33771.4688,33922.2617,293840000
2023-07-07,33837.0703,34036.3789,33716.7500,33734.8789,272730000
2023-07-10,33705.6797,33958.3594,33705.6797,33944.3984,299200000
2023-07-11,34056.9414,34288.8711,33993.0117,34261.4219,278940000
2023-07-12,34395.2812,34586.9414,34308.7812,34347.4297,331410000
2023-07-13,34412.3086,34482.2617,34365.3281,34395.1406,267180000
2023-07-14,34425.3281,34592.2617,34425.3281,34509.0312,293540000
2023-07-17,34499.7383,34665.1484,34418.7188,34585.3516,359780000
2023-07-18,34597.0781,34986.3594,34530.6094,34951.9297,385940000
2023-07-19,34991.2109,35234.0508,34991.2109,35061.2109,365130000
2023-07-20,35091.9805,35372.7695,35091.9805,35225.1797,340880000
2023-07-21,35274.3203,35340.6602,35186.0508,35227.6914,465270000
2023-07-24,35230.7891,35463.9688,35230.7891,35411.2383,284460000
2023-07-25,35421.4883,35527.5703,35365.2617,35438.0703,299530000
2023-07-26,35345.9883,35633.6094,35306.2695,35520.1211,346240000
2023-07-27,35558.7891,35645.3516,35216.5781,35282.7188,352230000
2023-07-28,35443.4883,35565.5117,35355.1484,35459.2891,369000000
2023-07-31,35465.9688,35566.9492,35430.2188,35559.5312,327410000
2023-08-01,35585.9883,35679.1289,35526.6094,35630.6797,259490000
2023-08-02,35551.9219,35551.9219,35226.2617,35282.5195,298570000
2023-08-03,35194.5586,35348.1992,35122.3203,35215.8906,254960000
2023-08-04,35230.1289,35506.8789,35033.7617,35065.6211,338290000
2023-08-07,35125.6016,35497.3789,35125.6016,35473.1289,300150000
2023-08-08,35345.3984,35346.6406,35007.4102,35314.4883,303840000
2023-08-09,35324.2812,35370.8906,35058.7305,35123.3594,306680000
2023-08-10,35231.5391,35578.5781,35107.6016,35176.1484,337110000
2023-08-11,35111.3594,35354.6016,35059.9883,35281.3984,277840000
2023-08-14,35273.8906,35335.4492,35169.9688,35307.6289,300250000
2023-08-15,35219.3711,35219.3711,34908.5000,34946.3906,323920000
2023-08-16,34914.9609,35133.5586,34757.3711,34765.7383,332310000
2023-08-17,34829.6094,34888.4805,34440.7305,34474.8281,392850000
2023-08-18,34368.3594,34587.0703,34263.1914,34500.6602,320680000
2023-08-21,34531.2812,34570.9609,34248.4609,34463.6914,396490000
2023-08-22,34494.1719,34514.0391,34256.8398,34288.8281,279200000
2023-08-23,34338.5898,34534.7188,34321.0000,34472.9805,360610000
2023-08-24,34439.8281,34694.6797,34093.6484,34099.4219,342520000
2023-08-25,34217.0586,34441.9102,34029.2188,34346.8984,257440000
2023-08-28,34441.6406,34652.9102,34441.6406,34559.9805,224640000
2023-08-29,34531.1211,34864.4219,34531.1211,34852.6719,262550000
2023-08-30,34847.8008,35025.5703,34811.7383,34890.2383,236070000
2023-08-31,34909.0898,35070.2109,34719.7695,34721.9102,341900000
2023-09-01,34876.2383,34979.1797,34720.6992,34837.7109,286370000
2023-09-05,34843.2188,34871.2617,34635.6289,34641.9688,283540000
2023-09-06,34611.6797,34611.6797,34291.5586,34443.1914,308900000
2023-09-07,34351.1797,34560.8594,34351.1797,34500.7305,386980000
2023-09-08,34487.4102,34627.8516,34473.5703,34576.5898,293990000
2023-09-11,34650.0117,34784.5195,34578.5898,34663.7188,291720000
2023-09-12,34620.0195,34852.6094,34560.5508,34645.9883,318670000
2023-09-13,34667.2812,34767.1094,34509.9492,34575.5312,295480000
2023-09-14,34687.5000,34977.9688,34687.5000,34907.1094,305180000
2023-09-15,34902.0391,34902.0391,34572.2695,34618.2383,582160000
2023-09-18,34612.2891,34725.0586,34545.3516,34624.3008,252700000
2023-09-19,34571.8398,34597.5586,34311.6914,34517.7305,282830000
2023-09-20,34575.5000,34776.2812,34434.2891,34440.8789,291650000
2023-09-21,34332.2305,34378.3008,34058.7188,34070.4219,331930000
2023-09-22,34077.0781,34156.1484,33947.2383,33963.8398,268760000
2023-09-25,33907.5898,34017.5312,33780.6719,34006.8789,229450000
2023-09-26,33862.6797,33879.9297,33569.6016,33618.8789,280100000
2023-09-27,33682.8086,33731.6484,33306.3008,33550.2695,300330000
2023-09-28,33519.4414,33777.8984,33473.5000,33666.3398,275610000
2023-09-29,33882.6094,33893.6797,33407.4492,33507.5000,319830000
2023-10-02,33455.5000,33511.9102,33219.5586,33433.3516,275630000
2023-10-03,33318.8398,33398.5391,32916.1992,33002.3789,293450000
2023-10-04,33034.1797,33156.4492,32873.2305,33129.5508,287030000
2023-10-05,33099.2305,33174.3789,32941.5586,33119.5703,277250000
2023-10-06,33040.6992,33557.6914,32846.9414,33407.5781,332990000
2023-10-09,33259.8398,33631.8086,33253.6914,33604.6484,228760000
2023-10-10,33683.4102,33898.2188,33604.3203,33739.3008,255640000
2023-10-11,33822.1992,33882.5508,33612.2500,33804.8711,256560000
2023-10-12,33845.6484,33863.8008,33455.6016,33631.1406,289160000
2023-10-13,33733.3398,33957.7188,33551.5781,33670.2891,306340000
2023-10-16,33832.4219,34088.9805,33832.4219,33984.5391,270060000
2023-10-17,33869.8398,34147.6289,33854.6992,33997.6484,281010000
2023-10-18,33960.2500,33991.5117,33598.6406,33665.0781,285410000
2023-10-19,33669.5195,33852.3906,33368.5781,33414.1719,304320000
2023-10-20,33365.2695,33425.7695,33118.1211,33127.2812,325530000
2023-10-23,32993.0195,33234.8516,32892.1914,32936.4102,342500000
2023-10-24,33089.6406,33272.1914,32988.4297,33141.3789,359230000
2023-10-25,33203.5312,33267.9102,32989.7188,33035.9297,355690000
2023-10-26,33017.1719,33105.0312,32743.9902,32784.3008,379880000
2023-10-27,32782.3984,32787.5586,32327.1992,32417.5898,376970000
2023-10-30,32537.5391,33002.9688,32537.5391,32928.9609,298640000
2023-10-31,33029.1094,33070.2812,32787.1211,33052.8711,306950000
2023-11-01,33081.8711,33337.1484,33010.8516,33274.5781,307570000
2023-11-02,33457.8203,33852.9609,33450.0312,33839.0781,304350000
2023-11-03,33988.8281,34163.6289,33946.6016,34061.3203,311000000
2023-11-06,34092.6094,34167.2617,33989.7188,34095.8594,265570000
2023-11-07,34075.6484,34206.9805,34026.7188,34152.6016,281790000
2023-11-08,34185.9219,34252.7500,33996.1992,34112.2695,280330000
2023-11-09,34163.7109,34167.5391,33859.7695,33891.9414,325400000
2023-11-10,34020.8203,34310.3594,33905.6211,34283.1016,302460000
2023-11-13,34259.2500,34405.8398,34205.8086,34337.8711,245090000
2023-11-14,34581.1992,34931.0117,34581.1992,34827.6992,328050000
2023-11-15,34906.7188,35051.1016,34868.4805,34991.2109,347790000
2023-11-16,34868.0312,35022.4609,34818.0312,34945.4688,435540000
2023-11-17,34964.8203,35028.2188,34882.8203,34947.2812,334820000
2023-11-20,34932.4883,35227.4805,34907.9805,35151.0391,331050000
2023-11-21,35104.8398,35118.0391,35038.4414,35088.2891,271120000
2023-11-22,35189.3281,35315.1992,35155.8008,35273.0312,237290000
2023-11-24,35299.8984,35399.4414,35299.8984,35390.1484,117040000
2023-11-27,35376.4414,35410.3711,35280.5703,35333.4688,258340000
2023-11-28,35332.1289,35518.6719,35307.7305,35416.9805,256210000
2023-11-29,35436.8008,35579.1289,35405.8906,35430.4219,299330000
2023-11-30,35596.5703,35970.6992,35592.2188,35950.8906,435540000
2023-12-01,35914.4492,36264.8516,35914.4492,36245.5000,321840000
2023-12-04,36089.3789,36238.1797,36029.6914,36204.4414,329450000
2023-12-05,36135.6484,36164.6797,36010.8516,36124.5586,309250000
2023-12-06,36183.7305,36292.5781,36024.2500,36054.4297,283240000
2023-12-07,36124.1719,36164.1719,36021.9492,36117.3789,287280000
2023-12-08,36084.8203,36296.1992,36061.6406,36247.8711,295180000
2023-12-11,36254.3281,36416.1797,36231.1914,36404.9297,342490000
2023-12-12,36442.1016,36596.1094,36373.2188,36577.9414,292770000
2023-12-13,36601.8008,37094.8516,36523.5898,37090.2383,354790000
2023-12-14,37115.6289,37287.5000,37051.5195,37248.3516,455820000
2023-12-15,37194.5000,37347.6016,37092.0195,37305.1602,788160000
2023-12-18,37330.1406,37393.4492,37284.8516,37306.0195,292120000
2023-12-19,37311.8203,37562.8281,37311.8203,37557.9219,272740000
2023-12-20,37520.1289,37641.3008,37073.0391,37082.0000,303450000
2023-12-21,37225.3203,37418.7617,37127.0508,37404.3516,253120000
2023-12-22,37349.2695,37534.5195,37268.8789,37385.9688,252970000
2023-12-26,37405.8984,37617.9883,37371.8281,37545.3281,212420000
2023-12-27,37518.6211,37683.6992,37488.6016,37656.5195,245530000
2023-12-28,37661.5195,37778.8516,37650.9805,37710.1016,199550000
2023-12-29,37701.6289,37759.4297,37538.8008,37689.5391,234570000
2024-01-02,37566.2188,37790.0781,37495.9102,37715.0391,350280000
2024-01-03,37629.2305,37629.2305,37401.8516,37430.1914,322010000
2024-01-04,37425.2812,37716.4102,37425.2812,37440.3398,380220000
2024-01-05,37455.4609,37623.6211,37323.8203,37466.1094,299480000
2024-01-08,37327.3711,37692.9219,37249.2383,37683.0117,362200000
2024-01-09,37523.5508,37552.3789,37373.3008,37525.1602,289860000
2024-01-10,37552.9102,37740.7695,37524.3984,37695.7305,279540000
2024-01-11,37747.1406,37801.8984,37424.2812,37711.0195,299540000
2024-01-12,37818.0508,37825.2695,37470.1914,37592.9805,279250000
2024-01-16,37493.5391,37543.1797,37201.3906,37361.1211,378280000
2024-01-17,37281.8594,37371.6602,37132.8906,37266.6719,290880000
2024-01-18,37300.8086,37522.2891,37122.9492,37468.6094,340620000
2024-01-19,37572.5000,37933.7305,37451.7109,37863.8008,377650000
2024-01-22,37919.5508,38109.1992,37911.6094,38001.8086,339560000
2024-01-23,37959.7891,37980.7305,37804.9883,37905.4492,334110000
2024-01-24,37975.3711,38064.2188,37795.7109,37806.3906,336090000
2024-01-25,37862.5703,38057.5312,37796.4688,38049.1289,402970000
2024-01-26,38006.6797,38215.3086,37997.7695,38109.4297,387000000
2024-01-29,38115.8281,38343.9297,38061.1719,38333.4492,312480000
2024-01-30,38298.2305,38497.3906,38257.8008,38467.3086,326640000
2024-01-31,38426.7812,38588.8594,38139.6602,38150.3008,453250000
2024-02-01,38175.3398,38522.5000,38106.8398,38519.8398,321830000
2024-02-02,38448.1016,38783.6211,38336.5703,38654.4219,379760000
2024-02-05,38546.7695,38633.8789,38220.3984,38380.1211,322290000
2024-02-06,38392.8984,38545.2812,38350.4609,38521.3594,276140000
2024-02-07,38613.8906,38748.1094,38571.0117,38677.3594,302210000
2024-02-08,38702.1094,38755.6797,38544.3594,38726.3281,315510000
2024-02-09,38731.9688,38734.2812,38567.8984,38671.6914,299970000
2024-02-12,38656.7617,38927.0781,38628.9219,38797.3789,273020000
2024-02-13,38699.1719,38699.1719,38039.8594,38272.7500,318390000
2024-02-14,38372.6719,38442.5586,38194.6211,38424.2695,274610000
2024-02-15,38397.9414,38781.8906,38397.9414,38773.1211,303840000
2024-02-16,38751.7109,38825.0312,38583.2383,38627.9883,282210000
2024-02-20,38576.2617,38663.0898,38460.1992,38563.8008,335990000
2024-02-21,38483.6602,38618.0312,38338.5781,38612.2383,279510000
2024-02-22,38845.1914,39149.6094,38802.0703,39069.1094,324630000
2024-02-23,39127.9688,39282.2812,39094.3594,39131.5312,286910000
2024-02-26,39144.7891,39245.8906,39025.8008,39069.2305,296930000
2024-02-27,39087.8984,39087.8984,38881.8984,38972.4102,272860000
2024-02-28,38938.0781,38956.4609,38741.6797,38949.0195,272560000
2024-02-29,39013.7500,39074.1289,38809.2812,38996.3906,519690000
2024-03-01,38989.5117,39120.3594,38850.5000,39087.3789,331030000
2024-03-04,38968.7695,39087.8594,38913.3008,38989.8281,386290000
2024-03-05,38906.9805,38906.9805,38457.8281,38585.1914,393750000
2024-03-06,38721.1484,38858.1289,38570.8008,38661.0508,347900000
2024-03-07,38784.3008,38910.3516,38730.1289,38791.3516,335580000
2024-03-08,38776.8008,38971.1484,38705.0312,38722.6914,342030000
2024-03-11,38667.2109,38794.7617,38483.2500,38769.6602,300190000
2024-03-12,38883.3203,39071.5586,38711.3906,39005.4883,329090000
2024-03-13,39054.5781,39201.9414,38937.9219,39043.3203,330930000
2024-03-14,39122.3906,39160.2500,38704.3594,38905.6602,375810000
2024-03-15,38809.6484,38928.1289,38618.1992,38714.7695,774360000
2024-03-18,38826.9297,38898.4102,38760.7891,38790.4297,327950000
2024-03-19,38819.6094,39122.7109,38761.2812,39110.7617,310610000
2024-03-20,39072.0508,39529.1289,38988.6484,39512.1289,350050000
2024-03-21,39661.0312,39889.0508,39589.2305,39781.3711,408990000
2024-03-22,39774.0586,39824.7617,39469.5312,39475.8984,332340000
2024-03-25,39410.5391,39430.1719,39296.0312,39313.6406,323670000
2024-03-26,39338.3203,39439.4414,39277.1914,39282.3281,306940000
2024-03-27,39461.9805,39769.4102,39461.9805,39760.0781,332190000
2024-03-28,39763.7383,39868.5898,39717.2500,39807.3711,360970000
2024-04-01,39807.9297,39815.0000,39491.2188,39566.8516,269470000
2024-04-02,39256.2695,39256.2695,39051.6992,39170.2383,319590000
2024-04-03,39139.5898,39305.7617,39017.1289,39127.1406,364180000
2024-04-04,39343.6016,39421.3516,38559.4219,38596.9805,356510000
2024-04-05,38664.9805,39040.1719,38602.1797,38904.0391,317110000
2024-04-08,38916.4219,39013.1992,38857.6992,38892.8008,291460000
2024-04-09,38983.6602,38992.8906,38572.0898,38883.6719,328700000
2024-04-10,38662.2812,38662.2812,38304.6602,38461.5117,317580000
2024-04-11,38523.2617,38598.9805,38197.2812,38459.0781,356640000
2024-04-12,38319.1406,38319.1406,37877.3008,37983.2383,440910000
2024-04-15,38075.3789,38386.8086,37657.7891,37735.1094,389170000
2024-04-16,37992.2188,37992.2188,37713.6992,37798.9688,339480000
2024-04-17,37949.6719,38036.6992,37611.5586,37753.3086,314650000
2024-04-18,37847.2109,38083.7617,37681.5195,37775.3789,300230000
2024-04-19,37801.9805,38102.5703,37781.6094,37986.3984,420460000
2024-04-22,38116.8906,38447.1602,37985.0703,38239.9805,351650000
2024-04-23,38356.0703,38561.5000,38297.7188,38503.6914,329420000
2024-04-24,38552.7891,38552.7891,38310.5508,38460.9219,337230000
2024-04-25,38052.0898,38157.2188,37754.3789,38085.8008,408170000
2024-04-26,38114.6992,38337.6406,38065.0508,38239.6602,398680000
2024-04-29,38282.1602,38406.1992,38215.4688,38386.0898,343630000
2024-04-30,38337.3984,38337.3984,37810.1211,37815.9219,448480000
2024-05-01,37845.5586,38349.1992,37780.5391,37903.2891,413540000
2024-05-02,38075.6484,38295.2891,37895.6602,38225.6602,355910000
2024-05-03,38709.3594,38808.5195,38518.2812,38675.6797,410530000
2024-05-06,38762.4297,38886.4688,38689.3789,38852.2695,315550000
2024-05-07,38858.9414,38977.6094,38840.3984,38884.2617,360930000
2024-05-08,38818.8984,39094.7383,38814.9883,39056.3906,292340000
2024-05-09,39064.2695,39413.6602,38988.8516,39387.7617,303270000
2024-05-10,39466.5195,39579.8789,39406.2617,39512.8398,289480000
2024-05-13,39591.2812,39647.3906,39403.0508,39431.5117,323370000
2024-05-14,39466.7617,39616.4102,39371.9219,39558.1094,320860000
2024-05-15,39615.1016,39935.0391,39615.1016,39908.0000,411190000
2024-05-16,39912.3398,40051.0508,39864.6797,39869.3789,400560000
2024-05-17,39911.7188,40010.8789,39858.8594,40003.5898,300260000
2024-05-20,39989.7617,40077.3984,39787.0898,39806.7695,272420000
2024-05-21,39804.3984,39905.8008,39778.7305,39872.9883,314120000
2024-05-22,39863.3281,39890.9102,39559.0898,39671.0391,258430000
2024-05-23,39694.9492,39694.9492,39025.5117,39065.2617,335640000
2024-05-24,39089.2305,39220.3086,39020.2891,39069.5898,249810000
2024-05-28,39028.9883,39028.9883,38706.1406,38852.8594,303340000
2024-05-29,38716.2812,38716.2812,38413.6719,38441.5391,292280000
2024-05-30,38368.3516,38493.6016,38000.9609,38111.4805,360090000
2024-05-31,38140.2617,38719.4297,38092.2695,38686.3203,618200000
2024-06-03,38709.9883,38735.6094,38247.2188,38571.0312,314010000
2024-06-04,38518.8594,38786.6211,38397.8203,38711.2891,304450000
2024-06-05,38774.8203,38844.3203,38548.7695,38807.3281,310970000
2024-06-06,38825.3984,39004.1602,38735.9883,38886.1719,269000000
2024-06-07,38861.2383,39105.2305,38751.8516,38798.9883,265850000
2024-06-10,38784.8984,38877.8594,38665.4492,38868.0391,330580000
2024-06-11,38795.7109,38795.7109,38446.2383,38747.4219,383090000
2024-06-12,38950.6484,39120.2617,38621.4492,38712.2109,472280000
2024-06-13,38677.1211,38712.2109,38407.6992,38647.1016,341330000
2024-06-14,38528.3906,38595.2383,38305.8516,38589.1602,272200000
2024-06-17,38565.1797,38839.8789,38431.9492,38778.1016,346190000
2024-06-18,38779.1211,38936.9297,38727.6719,38834.8594,324260000
2024-06-20,38804.7305,39232.5000,38778.4609,39134.7617,397010000
2024-06-21,39208.5117,39257.1797,39061.6719,39150.3281,818670000
2024-06-24,39184.4883,39571.2305,39184.4883,39411.2109,373940000
2024-06-25,39398.7891,39423.2617,38997.2305,39112.1602,339010000
2024-06-26,39063.1484,39183.7383,38908.9883,39127.8008,333100000
2024-06-27,39107.1016,39250.6914,39026.7500,39164.0586,338010000
2024-06-28,39092.3906,39443.6016,38937.1484,39118.8594,679630000
2024-07-01,39186.1992,39438.3594,39037.9414,39169.5195,346210000
2024-07-02,39108.2500,39340.4883,39085.6914,39331.8516,317380000
2024-07-03,39358.9492,39411.1719,39230.8594,39308.0000,202070000
2024-07-05,39313.3984,39399.6211,39168.6992,39375.8711,325230000
2024-07-08,39391.9805,39654.9609,39278.4297,39344.7891,358320000
2024-07-09,39357.3711,39492.2812,39146.6016,39291.9688,361410000
2024-07-10,39272.4492,39736.1992,39256.7188,39721.3594,334180000
2024-07-11,39695.1797,39875.6016,39623.1211,39753.7500,361530000
2024-07-12,39783.2812,40257.2383,39783.2812,40000.8984,325780000
2024-07-15,40138.3984,40351.1016,40136.1016,40211.7188,308880000
2024-07-16,40263.7812,40988.8086,40263.7812,40954.4805,306390000
2024-07-17,40862.5703,41221.9805,40849.7109,41198.0781,433450000
2024-07-18,41156.5586,41376.0000,40597.5000,40665.0195,393450000
2024-07-19,40592.3516,40626.1602,40203.2695,40287.5312,348530000
2024-07-22,40414.4883,40472.5312,40222.7695,40415.4414,351670000
2024-07-23,40443.7305,40527.8906,40319.6992,40358.0898,287390000
2024-07-24,40210.6289,40258.4414,39807.4492,39853.8711,394210000
2024-07-25,39828.6289,40438.8203,39817.5000,39935.0703,375790000
2024-07-26,40140.8594,40753.8281,40140.8594,40589.3398,332070000
2024-07-29,40665.7109,40682.4883,40388.8281,40539.9297,272200000
2024-07-30,40622.1289,40866.2500,40529.1016,40743.3281,350910000
2024-07-31,40768.8789,41198.6289,40655.8906,40842.7891,420090000
2024-08-01,40916.9609,41096.6602,40098.5703,40347.9688,472030000
2024-08-02,40075.3281,40075.3281,39358.6797,39737.2617,827820000
2024-08-05,39056.1914,39056.1914,38499.2695,38703.2695,661280000
2024-08-06,38736.2188,39449.5312,38638.3008,38997.6602,462650000
2024-08-07,39230.0898,39477.9609,38731.5117,38763.4492,428250000
2024-08-08,38940.3789,39508.3984,38922.7891,39446.4883,376440000
2024-08-09,39408.0586,39628.6602,39230.4297,39497.5391,316320000
2024-08-12,39556.0117,39587.0586,39251.7188,39357.0117,312380000
2024-08-13,39445.2695,39792.8008,39392.4102,39765.6406,365560000
2024-08-14,39800.5898,40068.7500,39737.1992,40008.3906,317800000
2024-08-15,40295.7383,40590.5117,40295.7383,40563.0586,446850000
2024-08-16,40528.8594,40726.0312,40453.5781,40659.7617,323210000
2024-08-19,40670.8281,40907.3203,40670.8281,40896.5312,283890000
2024-08-20,40874.5195,40909.3789,40756.6484,40834.9688,299380000
2024-08-21,40881.0312,40974.3984,40738.4297,40890.4883,281460000
2024-08-22,40932.2305,41026.6406,40584.4688,40712.7812,310470000
2024-08-23,40879.1211,41207.9219,40842.9609,41175.0781,300080000
2024-08-26,41200.8398,41420.0508,41140.2305,41240.5195,249300000
2024-08-27,41186.2812,41271.7500,41109.4219,41250.5000,256160000
2024-08-28,41250.1719,41351.1094,40842.2891,41091.4219,272170000
2024-08-29,41345.5000,41577.9688,41086.8086,41335.0508,309820000
2024-08-30,41366.1602,41585.2109,41145.8516,41563.0781,494900000
2024-09-03,41489.6719,41489.6719,40778.0898,40936.9297,420530000
2024-09-04,40872.0586,41172.5898,40840.8906,40974.9688,359380000
2024-09-05,41056.3281,41084.7812,40519.0781,40755.7500,331250000
2024-09-06,40756.8086,41009.3906,40297.3281,40345.4102,370440000
2024-09-09,40555.1094,41000.2383,40518.0586,40829.5898,376720000
2024-09-10,40916.5000,40916.5000,40417.4805,40736.9609,360950000
2024-09-11,40638.7617,40903.6797,39993.0703,40861.7109,356040000
2024-09-12,40862.1094,41107.3516,40665.5312,41096.7695,289300000
2024-09-13,41153.6992,41533.8398,41128.6992,41393.7812,276800000
2024-09-16,41435.1719,41733.9688,41435.1719,41622.0781,408670000
2024-09-17,41723.7812,41835.2812,41470.6914,41606.1797,448610000
2024-09-18,41628.9102,41981.9688,41449.0000,41503.1016,383600000
2024-09-19,41972.5586,42160.9102,41832.0898,42025.1914,429760000
2024-09-20,41959.4297,42138.4102,41865.9492,42063.3594,1207660000
2024-09-23,42060.3984,42190.0508,42012.2188,42124.6484,455200000
2024-09-24,42234.9883,42281.0586,42056.8203,42208.2188,401020000
2024-09-25,42236.0898,42299.6406,41859.7305,41914.7500,374960000
2024-09-26,42113.4219,42224.1484,42036.2812,42175.1094,353600000
2024-09-27,42227.9492,42628.3203,42227.9492,42313.0000,329840000
2024-09-30,42289.7500,42347.6602,41929.0703,42330.1484,354430000
2024-10-01,42262.9688,42322.3594,41945.6289,42156.9688,380240000
2024-10-02,42125.1406,42259.5195,41968.7891,42196.5195,301760000
2024-10-03,42099.5312,42125.8398,41847.8086,42011.5898,267260000
2024-10-04,42248.2617,42361.3789,41972.1094,42352.7500,296550000
2024-10-07,42289.5117,42293.6406,41831.7383,41954.2383,307230000
2024-10-08,42022.6484,42128.5586,41874.7188,42080.3711,284500000
2024-10-09,42070.3203,42562.0117,41993.3516,42512.0000,267400000
2024-10-10,42511.3711,42511.3711,42308.0391,42454.1211,245570000
2024-10-11,42507.5312,42899.7500,42507.5312,42863.8594,265330000
2024-10-14,42800.8906,43139.0000,42707.1406,43065.2188,240050000
2024-10-15,43240.1719,43277.7812,42703.1719,42740.4219,360880000
2024-10-16,42706.4883,43100.8398,42692.3711,43077.6992,297510000
2024-10-17,43119.8086,43289.7617,43119.8086,43239.0508,267370000
2024-10-18,43187.1211,43325.0898,43036.3516,43275.9102,295500000
2024-10-21,43222.2109,43310.8711,42877.5703,42931.6016,273590000
2024-10-22,42876.8398,43041.0508,42718.2617,42924.8906,335200000
2024-10-23,42834.3984,42834.3984,42293.1719,42514.9492,356610000
2024-10-24,42522.5508,42522.5508,42191.8281,42374.3594,282680000
2024-10-25,42477.5117,42594.6406,42051.3906,42114.3984,314000000
2024-10-28,42264.5391,42476.4609,42264.5391,42387.5703,284770000
2024-10-29,42323.4805,42491.8594,42171.6484,42233.0508,373550000
2024-10-30,42249.8086,42457.9219,42141.5391,42141.5391,377420000
2024-10-31,41956.3398,41991.9102,41704.6289,41763.4609,497370000
2024-11-01,41869.8203,42326.3086,41869.8203,42052.1914,531350000
2024-11-04,42004.6602,42035.8711,41647.3008,41794.6016,341500000
2024-11-05,41835.4883,42258.8398,41766.9609,42221.8789,283990000
2024-11-06,42850.3984,43778.7812,42850.3984,43729.9297,550400000
2024-11-07,43718.9219,43823.1016,43641.9219,43729.3398,437510000
2024-11-08,43768.5312,44157.2891,43733.8594,43988.9883,454570000
2024-11-11,44057.6484,44486.6992,44057.6484,44293.1289,451940000
2024-11-12,44359.2109,44405.7305,43887.2695,43910.9805,482720000
2024-11-13,43880.4609,44141.3281,43829.9805,43958.1914,500190000
2024-11-14,44032.3789,44080.7812,43704.8203,43750.8594,545090000
2024-11-15,43587.9297,43647.5312,43350.4297,43444.9883,664320000
2024-11-18,43431.8906,43505.6602,43297.5703,43389.6016,527180000
2024-11-19,43243.2695,43380.9688,42938.8711,43268.9414,497970000
2024-11-20,43296.0508,43465.7695,43074.8594,43408.4688,559010000
2024-11-21,43538.6992,44020.3086,43345.5781,43870.3516,712120000
2024-11-22,43871.6289,44323.9492,43871.6289,44296.5117,533010000
2024-11-25,44385.4883,44815.6719,44385.4883,44736.5703,826660000
2024-11-26,44614.8906,44903.0117,44426.6602,44860.3086,476170000
2024-11-27,44837.7500,45003.0586,44690.2305,44722.0586,451360000
2024-11-29,44760.0508,45071.2891,44760.0508,44910.6484,319210000
2024-12-02,44925.8594,45001.6602,44710.1602,44782.0000,439740000
2024-12-03,44769.5781,44914.6797,44574.7812,44705.5312,429130000
2024-12-04,44941.0508,45073.6289,44799.7383,45014.0391,554420000
2024-12-05,45038.4414,45059.9414,44747.1406,44765.7109,457340000
2024-12-06,44824.2891,44923.7383,44596.4609,44642.5195,466910000
2024-12-09,44637.9688,44728.5117,44382.8281,44401.9297,503920000
2024-12-10,44291.5703,44470.8398,44186.6602,44247.8281,482660000
2024-12-11,44300.4102,44376.1797,44135.7383,44148.5586,512650000
2024-12-12,44168.6602,44208.6016,43903.2695,43914.1211,396050000
2024-12-13,43929.1484,44054.2305,43790.4805,43828.0586,455380000
2024-12-16,43825.7617,43951.5781,43686.8516,43717.4805,579350000
2024-12-17,43656.4688,43656.4688,43336.2188,43449.8984,593670000
2024-12-18,43459.7188,43688.9688,42300.0391,42326.8711,627570000
2024-12-19,42464.1289,42787.8516,42334.1289,42342.2383,560200000
2024-12-20,42296.2617,43216.0312,42146.3281,42840.2617,1121300000
2024-12-23,42800.4883,42957.7891,42516.8711,42906.9492,449390000
2024-12-24,42916.4805,43297.6484,42871.7617,43297.0312,230410000
2024-12-26,43201.8516,43373.9805,43115.0898,43325.8008,270350000
2024-12-27,43142.3711,43238.8516,42761.5586,42992.2109,376960000
2024-12-30,42863.8594,42863.8594,42263.5117,42573.7305,383300000
2024-12-31,42636.6992,42779.6914,42421.2891,42544.2188,359210000
2025-01-02,42660.0898,42905.0898,42174.8008,42392.2695,459850000
2025-01-03,42495.7617,42782.7617,42436.9219,42732.1289,455810000
2025-01-06,42835.5195,43115.3086,42611.1602,42706.5586,557040000
2025-01-07,42809.7109,42931.5391,42380.7500,42528.3594,621630000
2025-01-08,42542.1016,42656.2188,42327.7891,42635.1992,463430000
2025-01-10,42540.2891,42540.2891,41877.3008,41938.4492,543810000
2025-01-13,41924.6797,42319.6016,41844.8906,42297.1211,500190000
2025-01-14,42366.4219,42544.5703,42157.0312,42518.2812,454650000
2025-01-15,42927.7617,43323.4883,42927.7617,43221.5508,479110000
2025-01-16,43290.2500,43294.8086,43081.7500,43153.1289,504270000
2025-01-17,43312.5508,43653.2500,43312.5508,43487.8281,554870000
2025-01-21,43528.6484,44050.1289,43528.6484,44025.8086,592210000
2025-01-22,44178.0586,44208.3398,44042.1094,44156.7305,588430000
2025-01-23,44113.5508,44565.2617,44113.5508,44565.0703,444180000
2025-01-24,44533.7500,44545.5195,44332.2188,44424.2500,532230000
2025-01-27,44148.8398,44727.8516,44026.2695,44713.5781,1230150000
2025-01-28,44756.3594,44976.3516,44621.9609,44850.3516,915110000
2025-01-29,44819.5508,44962.5781,44579.1016,44713.5195,695190000
2025-01-30,44548.6914,45008.7500,44548.6914,44882.1289,714080000
2025-01-31,45054.3594,45054.3594,44507.2188,44544.6602,768530000
2025-02-03,44268.1484,44594.5391,43879.0586,44421.9102,712890000
2025-02-04,44469.4609,44597.7109,44328.5195,44556.0391,561360000
2025-02-05,44563.6289,44886.8789,44352.9883,44873.2812,552040000
2025-02-06,44949.1914,44966.6289,44545.2695,44747.6289,542250000
2025-02-07,44762.5703,44857.1094,44279.7812,44303.3984,552510000
2025-02-10,44396.9219,44622.1914,44301.4219,44470.4102,494600000
2025-02-11,44401.3789,44640.6016,44319.5117,44593.6484,453440000
2025-02-12,44357.6992,44467.2109,44104.4805,44368.5586,444470000
2025-02-13,44425.9414,44768.2617,44366.6211,44711.4297,513960000
2025-02-14,44720.9883,44769.0508,44498.9609,44546.0781,474570000
2025-02-18,44583.9102,44602.0195,44319.3203,44556.3398,551790000
2025-02-19,44478.1211,44636.1914,44312.6484,44627.5898,438880000
2025-02-20,44561.1094,44561.1094,43950.1602,44176.6484,448500000
2025-02-21,43820.1289,43959.7305,43349.3281,43428.0195,622550000
2025-02-24,43493.1211,43699.1484,43343.6719,43461.2109,615500000
2025-02-25,43509.7383,43767.7383,43282.9805,43621.1602,641310000
2025-02-26,43635.4219,43866.5000,43318.9297,43433.1211,590270000
2025-02-27,43516.4414,43884.1914,43224.5312,43239.5000,739620000
2025-02-28,43259.8398,43873.5508,43100.8711,43840.9102,782170000
2025-03-03,43900.4883,44033.7812,42919.3086,43191.2383,731560000
2025-03-04,43040.3008,43084.0000,42347.7500,42520.9883,815780000
2025-03-05,42518.3711,43135.9219,42418.7305,43006.5898,582350000
2025-03-06,42848.4883,42970.4883,42381.5586,42579.0781,643880000
2025-03-07,42503.0703,42898.6797,42175.6211,42801.7188,763440000
2025-03-10,42507.6484,42541.3594,41612.9219,41911.7109,840180000
2025-03-11,41837.9492,41868.2695,41175.3711,41433.4805,828160000
2025-03-12,41577.5000,41721.3594,41010.2383,41350.9297,712360000
2025-03-13,41280.0508,41360.1211,40661.7695,40813.5703,646770000
2025-03-14,41057.5703,41528.1094,40929.5391,41488.1914,600240000
2025-03-17,41460.2188,42013.1016,41412.7500,41841.6289,564190000
2025-03-18,41772.9102,41787.2500,41415.4297,41581.3086,569810000
2025-03-19,41613.1914,42178.4102,41613.1914,41964.6289,577530000
2025-03-20,41795.2617,42250.2891,41695.6094,41953.3203,545240000
2025-03-21,41763.3984,42011.3984,41433.8594,41985.3516,1026600000
2025-03-24,42180.1406,42638.8516,42180.1406,42583.3203,548840000
2025-03-25,42635.5391,42696.6094,42441.8281,42587.5000,452200000
2025-03-26,42655.8516,42821.8281,42326.6719,42454.7891,592650000
2025-03-27,42432.9609,42523.8398,42142.1914,42299.6992,484540000
2025-03-28,42245.8203,42258.1484,41530.0000,41583.8984,532360000
2025-03-31,41382.5195,42147.3789,41148.1289,42001.7617,732220000
2025-04-01,41879.7500,42140.6602,41519.8984,41989.9609,514610000
2025-04-02,41736.0781,42382.2695,41629.6992,42225.3203,492050000
2025-04-03,40986.5195,41173.6211,40513.1094,40545.9297,941940000
2025-04-04,40097.8984,40097.8984,38264.8711,38314.8594,1290100000
2025-04-07,37879.6484,39207.0195,36611.7812,37965.6016,1363960000
2025-04-08,38827.1016,39426.6016,37103.8594,37645.5898,1051220000
2025-04-09,37387.9102,40778.6992,37275.6914,40608.4492,1412960000
2025-04-10,39996.9297,39996.9297,38427.6992,39593.6602,1023490000
2025-04-11,39493.4219,40404.2695,39255.2109,40212.7109,742800000
2025-04-14,40546.1484,40778.2891,40159.0195,40524.7891,667010000
2025-04-15,40527.8203,40791.1797,40346.9414,40368.9609,529800000
2025-04-16,40179.4883,40416.8008,39394.7500,39669.3906,737550000
2025-04-17,39745.5781,39745.5781,38950.3086,39142.2305,657400000
2025-04-21,38906.0391,38906.0391,37830.6602,38170.4102,604790000
2025-04-22,38516.2305,39272.0312,38516.2305,39186.9805,582330000
2025-04-23,39815.0117,40376.1094,39487.1406,39606.5703,642550000
2025-04-24,39531.0508,40157.9102,39371.8711,40093.3984,558120000
2025-04-25,40045.7305,40137.3086,39718.6797,40113.5000,559040000
2025-04-28,40171.7383,40414.1797,39869.1016,40227.5898,475930000
2025-04-29,40233.9805,40630.4883,40222.1797,40527.6211,434830000
2025-04-30,40290.4102,40777.1602,39745.6289,40669.3594,599760000
2025-05-01,40918.0391,41099.5195,40705.6289,40752.9609,597270000
2025-05-02,40960.4219,41386.1914,40960.4219,41317.4297,589870000
2025-05-05,41173.3789,41445.9102,41063.4414,41218.8281,413440000
2025-05-06,41000.1914,41164.3281,40759.4102,40829.0000,416110000
2025-05-07,40956.0781,41266.9102,40829.2891,41113.9688,533870000
2025-05-08,41312.5703,41773.2188,41167.7617,41368.4492,514850000
2025-05-09,41405.4805,41512.4297,41150.7305,41249.3789,373930000
2025-05-12,41899.0508,42418.0508,41899.0508,42410.1016,653810000
2025-05-13,42507.3281,42507.3281,42132.0391,42140.4297,729860000
2025-05-14,42150.0898,42254.7500,41952.8594,42051.0586,660230000
2025-05-15,41777.9805,42351.4219,41777.9805,42322.7500,736430000
2025-05-16,42356.1992,42663.6797,42232.5586,42654.7383,621250000
2025-05-19,42542.8086,42842.0391,42337.7109,42792.0703,536830000
2025-05-20,42735.1094,42800.0391,42485.3711,42677.2383,441530000
2025-05-21,42354.4609,42439.2695,41785.2188,41860.4414,607900000
2025-05-22,41763.6797,42090.4219,41714.4297,41859.0898,476080000
2025-05-23,41525.6992,41788.6094,41354.0898,41603.0703,497060000
2025-05-27,41849.0391,42350.6602,41849.0391,42343.6484,501340000
2025-05-28,42361.6289,42448.7188,42042.2617,42098.6992,518840000
2025-05-29,42190.0195,42266.0000,41828.3516,42215.7305,665310000
2025-05-30,42192.3516,42376.0781,41906.1602,42270.0703,796200000
2025-06-02,42199.9414,42317.0000,41853.6211,42305.4805,454680000
2025-06-03,42304.5000,42568.3789,42186.4414,42519.6406,504410000
2025-06-04,42574.1289,42645.0000,42427.7383,42427.7383,409600000
2025-06-05,42487.8906,42601.4492,42211.6914,42319.7383,532850000
2025-06-06,42631.8203,42924.5586,42582.5508,42762.8711,414540000
2025-06-09,42786.1914,42893.0898,42567.5508,42761.7617,485780000
2025-06-10,42738.2695,42925.9414,42710.0898,42866.8711,446850000
2025-06-11,42882.8594,43115.6914,42738.6211,42865.7695,467260000
2025-06-12,42737.3594,42970.3984,42606.4219,42967.6211,455760000
2025-06-13,42579.4805,42602.4805,42081.0898,42197.7891,485930000
2025-06-16,42300.1289,42707.7305,42300.1289,42515.0898,467040000
2025-06-17,42358.6211,42530.8281,42132.6484,42215.8008,423070000
2025-06-18,42236.0312,42510.0703,42118.2305,42171.6602,485440000
2025-06-20,42291.0898,42432.1914,42089.9883,42206.8203,859840000
2025-06-23,42178.5508,42609.4688,41981.1406,42581.7812,496750000
2025-06-24,42807.1289,43183.4805,42794.0781,43089.0195,516060000
2025-06-25,43130.3281,43130.3281,42871.5000,42982.4297,527460000
2025-06-26,43084.0703,43430.9883,43084.0703,43386.8398,536710000
2025-06-27,43505.6016,43966.3711,43505.6016,43819.2695,921330000
2025-06-30,44020.6602,44138.6914,43889.1602,44094.7695,623630000
2025-07-01,44061.4883,44604.1484,44013.5391,44494.9414,593600000
2025-07-02,44455.6602,44557.8203,44354.0117,44484.4219,499870000
2025-07-03,44565.7500,44885.8281,44550.4219,44828.5312,346620000
2025-07-07,44803.3594,44803.3594,44160.3203,44406.3594,442350000
2025-07-08,44378.5781,44436.9609,44201.3711,44240.7617,445670000
2025-07-09,44327.1289,44556.6797,44225.8789,44458.3008,531790000
2025-07-10,44427.7500,44775.4688,44372.9219,44650.6406,452340000
2025-07-11,44480.7695,44480.7695,44275.2500,44371.5117,474090000
2025-07-14,44346.1484,44472.1289,44237.2812,44459.6484,410250000
2025-07-15,44459.8398,44504.2695,44002.3906,44023.2891,496270000
2025-07-16,44152.7383,44260.1914,43758.9805,44254.7812,450190000
2025-07-17,44229.8789,44558.0508,44200.0391,44484.4883,455310000
2025-07-18,44571.6797,44571.6797,44224.5898,44342.1914,497800000
2025-07-21,44368.3984,44601.8516,44311.4219,44323.0703,446590000
2025-07-22,44338.6211,44542.5312,44272.6016,44502.4414,483560000
2025-07-23,44661.1211,45016.7109,44638.4414,45010.2891,446630000
2025-07-24,44776.4102,44912.2695,44674.5703,44693.9102,453000000
2025-07-25,44757.2812,44944.4609,44650.5898,44901.9219,369500000
2025-07-28,44946.9805,44946.9805,44739.9609,44837.5586,416510000
2025-07-29,44833.7383,44883.6602,44568.8281,44632.9883,488780000
2025-07-30,44677.8984,44739.5312,44261.7109,44461.2812,456840000
2025-07-31,44665.8203,44665.8203,44049.0117,44130.9805,689040000
2025-08-01,43781.7695,43781.7695,43340.6797,43588.5781,705150000
2025-08-04,43724.0195,44188.3594,43724.0195,44173.6406,514180000
2025-08-05,44200.0703,44308.5000,43923.8086,44111.7383,455690000
2025-08-06,44196.6094,44290.0898,44017.7109,44193.1211,518970000
2025-08-07,44430.0898,44498.4297,43799.1992,43968.6406,492480000
2025-08-08,44044.9492,44272.7500,44028.9414,44175.6094,452500000
2025-08-11,44184.3594,44273.0312,43911.3086,43975.0898,431510000
2025-08-12,44050.5312,44497.5898,44050.5312,44458.6094,442850000
2025-08-13,44571.5312,44949.1211,44571.5312,44922.2695,521430000
2025-08-14,44890.8398,44948.6992,44690.5000,44911.2617,453530000
2025-08-15,45159.9102,45203.5195,44897.9805,44946.1211,547270000
2025-08-18,44963.1719,44998.8281,44868.3203,44911.8203,416460000
2025-08-19,44952.3594,45207.3906,44816.5000,44922.2695,466010000
2025-08-20,44922.6992,45033.7500,44767.9688,44938.3086,512550000
2025-08-21,44808.2109,44892.6094,44579.0312,44785.5000,407540000
2025-08-22,44952.8789,45757.8398,44952.8789,45631.7383,484720000
2025-08-25,45605.2500,45605.2500,45273.0898,45282.4688,393960000
2025-08-26,45236.8281,45437.6211,45192.2891,45418.0703,490980000
2025-08-27,45417.4609,45621.0781,45372.7812,45565.2305,430980000
2025-08-28,45581.0312,45682.8281,45442.6797,45636.8984,540880000
2025-08-29,45590.9609,45616.1602,45377.2109,45544.8789,494870000
2025-09-02,45287.7305,45295.8086,44948.1602,45295.8086,533180000
2025-09-03,45309.4297,45309.4297,44980.3594,45271.2305,479210000
2025-09-04,45204.8711,45632.3906,45160.7383,45621.2891,457490000
2025-09-05,45656.4883,45770.1992,45211.7812,45400.8594,558920000
2025-09-08,45430.6094,45542.5586,45277.7305,45514.9492,472240000
2025-09-09,45547.6211,45764.1992,45433.5117,45711.3398,449650000
2025-09-10,45731.5000,45731.5000,45380.0586,45490.9219,579920000
2025-09-11,45577.0898,46137.1992,45577.0898,46108.0000,448340000
2025-09-12,46077.1406,46077.1406,45813.9297,45834.2188,421730000
2025-09-15,45848.3906,45978.4297,45771.8789,45883.4492,401500000
2025-09-16,45919.5391,45967.1094,45667.4219,45757.8984,443400000
2025-09-17,45778.3984,46261.9492,45687.5898,46018.3203,509830000
2025-09-18,46056.5508,46317.5195,45954.7305,46142.4219,489090000
2025-09-19,46211.1602,46396.4688,46105.0195,46315.2695,972580000
2025-09-22,46206.6914,46447.1289,46035.8281,46381.5391,627450000
2025-09-23,46364.1094,46714.2695,46217.5781,46292.7812,541530000
2025-09-24,46368.9414,46453.0703,46096.3906,46121.2812,421040000
2025-09-25,46097.4297,46122.4219,45785.1719,45947.3203,509180000
2025-09-26,46101.4492,46353.0312,46051.9219,46247.2891,434270000
2025-09-29,46306.3398,46387.0586,46149.0508,46316.0703,479740000
2025-09-30,46282.6289,46425.3008,46103.3906,46397.8906,584780000
2025-10-01,46366.7812,46528.7812,46276.3906,46441.1016,552790000
2025-10-02,46461.1094,46589.3086,46283.5703,46519.7188,442010000
2025-10-03,46583.9492,47049.6406,46566.8711,46758.2812,425050000
2025-10-06,46776.0391,46846.4492,46426.9609,46694.9688,500000000
2025-10-07,46700.8984,46868.4883,46448.0195,46602.9805,411280000
2025-10-08,46649.3203,46816.2812,46498.3906,46601.7812,423510000
2025-10-09,46622.3086,46684.4102,46271.3984,46358.4219,493080000
2025-10-10,46394.8789,46641.7383,45470.7188,45479.6016,658100000
2025-10-13,45698.4609,46153.4883,45698.4609,46067.5781,414070000
2025-10-14,45871.8906,46522.6719,45452.0312,46270.4609,515330000
2025-10-15,46375.1719,46693.3398,46027.2305,46253.3086,488700000
2025-10-16,46289.0898,46422.3398,45781.1797,45952.2383,481610000
2025-10-17,45862.3984,46327.0703,45862.3711,46190.6094,492870000
2025-10-20,46312.8789,46759.2695,46312.8789,46706.5781,444010000
2025-10-21,46707.0781,47125.6602,46688.2500,46924.7383,430490000
2025-10-22,46941.5586,46941.5586,46461.5195,46590.4102,458450000
2025-10-23,46519.1289,46802.1484,46490.0586,46734.6094,407570000
2025-10-24,46811.5117,47326.7305,46811.5117,47207.1211,403500000
2025-10-27,47412.8008,47564.5195,47375.9609,47544.5898,426790000
2025-10-28,47752.3516,47943.1602,47675.6992,47706.3711,603670000
2025-10-29,47746.7891,48040.6406,47448.5898,47632.0000,683470000
2025-10-30,47446.8789,48014.9219,47381.9102,47522.1211,593890000
2025-10-31,47659.9609,47718.3789,47347.2812,47562.8711,704620000
2025-11-03,47697.3281,47697.3281,47135.9609,47336.6797,571740000
2025-11-04,47148.0391,47274.8984,46877.0586,47085.2383,514650000
2025-11-05,47097.3086,47460.3594,47041.3086,47311.0000,469010000
2025-11-06,47255.1211,47359.2891,46787.4414,46912.3008,552150000
2025-11-07,46797.0312,46996.7109,46495.6211,46987.1016,591090000
2025-11-10,47095.0586,47412.8906,46934.3516,47368.6289,490070000
2025-11-11,47384.5117,47974.3711,47384.5117,47927.9609,454970000
2025-11-12,48015.7891,48431.5703,48015.7891,48254.8203,497550000
2025-11-13,48173.9219,48233.2500,47411.1016,47457.2188,608110000
2025-11-14,47222.3789,47380.0703,46863.0508,47147.4805,552330000
2025-11-17,47068.0586,47202.5586,46430.2695,46590.2383,503830000
2025-11-18,46382.9219,46382.9219,45913.6016,46091.7383,596360000
2025-11-19,46138.6797,46299.1289,45905.1914,46138.7695,555370000
2025-11-20,46567.5117,46856.7500,45728.9297,45752.2617,721440000
2025-11-21,45808.6484,46577.5000,45781.5781,46245.4102,790560000
2025-11-24,46351.9297,46587.7109,46108.0117,46448.2695,743580000
2025-11-25,46482.3594,47182.8984,46341.3516,47112.4492,648860000
2025-11-26,47196.1484,47571.3984,47196.1484,47427.1211,454980000
2025-11-28,47482.2500,47750.7695,47475.6094,47716.4219,272500000
2025-12-01,47580.8516,47676.0312,47271.1094,47289.3281,482190000
2025-12-02,47416.9102,47597.1094,47263.9219,47474.4609,510900000
2025-12-03,47371.6211,47969.6406,47371.6211,47882.8984,490380000
2025-12-04,47888.1602,48049.7188,47692.9609,47850.9414,498740000
2025-12-05,47879.6016,48133.5391,47871.5117,47954.9883,456100000
2025-12-08,47971.5117,47971.5117,47611.9297,47739.3203,505490000
2025-12-09,47724.5195,47957.7891,47533.6016,47560.2891,425470000
2025-12-10,47573.9609,48197.3008,47462.9414,48057.7500,545610000
2025-12-11,48082.8984,48756.3398,48082.8984,48704.0117,493950000
2025-12-12,48714.7500,48886.8594,48334.1016,48458.0508,495830000
2025-12-15,48594.3594,48679.1406,48283.2695,48416.5586,516630000
2025-12-16,48380.1719,48452.1719,47946.2500,48114.2617,457400000
2025-12-17,48128.0508,48387.3281,47856.7891,47885.9688,534260000
2025-12-18,48101.1797,48365.9297,47849.4805,47951.8516,521430000
2025-12-19,47974.8203,48289.6289,47974.8203,48134.8906,1227520000
2025-12-22,48211.8789,48457.4688,48199.1289,48362.6797,427050000
2025-12-23,48320.5898,48527.5000,48254.3086,48442.4102,418920000
2025-12-24,48424.7109,48771.3203,48386.5898,48731.1602,206740000
2025-12-26,48712.4688,48782.0000,48589.0703,48710.9688,288770000
2025-12-29,48636.6289,48704.8281,48390.9102,48461.9297,321850000
2025-12-30,48434.8789,48471.6992,48297.2617,48367.0586,282570000
2025-12-31,48371.5195,48394.5117,48050.8789,48063.2891,336060000
2026-01-02,48105.9805,48404.0586,47853.0391,48382.3906,465060000
2026-01-05,48475.8086,49209.9492,48449.6211,48977.1797,578580000
2026-01-06,48987.3594,49509.9219,48923.8281,49462.0781,541220000
2026-01-07,49512.7188,49621.4297,48951.9883,48996.0781,506140000
2026-01-08,48850.1719,49357.7383,48792.3398,49266.1094,515070000
2026-01-09,49234.8086,49571.4102,49197.0586,49504.0703,444480000
2026-01-12,49499.6719,49633.3516,49011.3086,49590.1992,516430000
2026-01-13,49616.9492,49616.9492,49056.3086,49191.9883,549950000
2026-01-14,49088.2500,49195.1016,48851.9805,49149.6289,530670000
2026-01-15,49201.1016,49581.1797,49201.1016,49442.4414,541520000
2026-01-16,49466.6992,49616.6992,49246.2383,49359.3281,992970000
2026-01-20,49005.0117,49005.0117,48428.1289,48488.5898,676030000
2026-01-21,48546.0312,49295.0312,48546.0312,49077.2305,600840000
2026-01-22,49201.8086,49607.2891,49201.8086,49384.0117,455130000
2026-01-23,49264.5391,49265.4609,48963.0508,49098.7109,461030000
2026-01-26,49137.6484,49488.8086,49137.6484,49412.3984,454370000
2026-01-27,49103.5781,49157.8008,48862.5195,49003.4102,533780000
2026-01-28,49024.6797,49150.3398,48901.4883,49015.6016,470990000
2026-01-29,48938.2695,49292.8086,48597.2188,49071.5586,693040000
2026-01-30,48991.6211,49047.6797,48459.8789,48892.4688,761990000
2026-02-02,48777.7695,49484.9492,48673.5781,49407.6602,632100000
2026-02-03,49358.5898,49653.1289,48832.7812,49240.9883,741310000
2026-02-04,49323.5898,49649.8594,49112.4297,49501.3008,742920000
2026-02-05,49313.0391,49340.8984,48829.1016,48908.7188,710270000
2026-02-06,49032.1914,50169.6484,49032.1914,50115.6719,775490000
2026-02-09,50047.7891,50219.3984,49837.4492,50135.8711,623640000
2026-02-10,50193.4883,50512.7891,50115.0312,50188.1406,532700000
2026-02-11,50243.1484,50499.0391,49901.6094,50121.3984,569380000
2026-02-12,50170.2695,50447.0117,49420.2812,49451.9805,765340000
2026-02-13,49439.5781,49743.9805,49084.3516,49500.9297,597100000
2026-02-17,49525.3711,49732.3711,49169.8398,49533.1914,558570000
2026-02-18,49571.9219,49897.3086,49469.0586,49662.6602,493390000
2026-02-19,49576.2188,49606.1719,49197.5312,49395.1602,439980000
2026-02-20,49323.0000,49712.5586,49158.2812,49625.9688,574810000
2026-02-23,49536.5391,49695.6094,48731.4609,48804.0586,574610000
2026-02-24,48827.8008,49295.2109,48752.7383,49174.5000,524270000
2026-02-25,49357.6289,49517.3594,49206.8711,49482.1484,541620000
2026-02-26,49544.5781,49815.2188,49237.3789,49499.1992,684630000
2026-02-27,49253.5703,49253.5703,48678.7812,48977.9219,811800000
2026-03-02,48794.4219,49064.6719,48377.9609,48904.7812,552340000
2026-03-03,48493.1094,48695.3594,47626.8516,48501.2695,533540000
2026-03-04,48589.7695,48854.0508,48354.3711,48739.4102,511380000
2026-03-05,48526.7305,48526.7305,47577.1094,47954.7383,625110000
2026-03-06,47634.5508,47634.5508,47009.0117,47501.5508,541850000
2026-03-09,47371.2812,47876.0586,46615.5195,47740.8008,560020000
2026-03-10,47771.4297,48220.5391,47444.2305,47706.5117,490360000
2026-03-11,47690.7617,47711.2617,47185.8906,47417.2695,419500000
2026-03-12,47242.5195,47242.5195,46662.2305,46677.8516,535900000
2026-03-13,46689.2383,47123.9883,46494.6289,46558.4688,453250000
2026-03-16,46707.3984,47176.1406,46707.3984,46946.4102,514980000
2026-03-17,47085.5312,47428.1211,46975.5195,46993.2617,479900000
2026-03-18,46913.9297,46913.9297,46193.0586,46225.1484,472020000
2026-03-19,46134.8711,46247.2188,45733.6992,46021.4297,482890000
2026-03-20,45975.6484,46068.3086,45369.3906,45577.4688,1044540000
2026-03-23,45803.8203,46712.3281,45803.8203,46208.4688,530140000
2026-03-24,46099.8594,46400.8203,45769.6914,46124.0586,474450000
2026-03-25,46314.2383,46718.4219,46196.9102,46429.4883,462990000
2026-03-26,46344.6406,46547.5898,45910.7500,45960.1094,505010000
2026-03-27,45904.2500,45904.2500,45063.3281,45166.6406,555090000
2026-03-30,45283.0586,45625.7617,45057.2812,45216.1406,540680000
2026-03-31,45541.7617,46383.3984,45480.3008,46341.5117,639410000
2026-04-01,46396.1211,46803.3594,46396.1211,46565.7383,604140000
2026-04-02,46469.3594,46754.7188,45897.2383,46504.6719,446710000
2026-04-06,46472.1992,46701.1016,46354.9492,46669.8789,339870000
2026-04-07,46744.7617,46744.7617,46214.7695,46584.4609,450740000
2026-04-08,46978.1719,48017.0898,46978.1719,47909.9219,523710000
2026-04-09,47840.6289,48323.9492,47690.2695,48185.8008,445240000
2026-04-10,48199.3906,48235.0586,47856.1797,47916.5703,477060000
2026-04-13,47718.2109,48221.3711,47505.9688,48218.2500,455850000
2026-04-14,48272.0312,48592.2891,48192.3008,48535.9883,527910000
2026-04-15,48549.1406,48709.0117,48281.6211,48463.7188,529870000
2026-04-16,48557.8203,48683.4492,48337.3789,48578.7188,456610000
2026-04-17,48788.8086,49717.9805,48788.8086,49447.4297,585650000
2026-04-20,49422.3711,49489.6289,49245.6016,49442.5586,411270000
2026-04-21,49688.3711,49848.6914,49046.5391,49149.3789,476630000
2026-04-22,49271.5000,49624.4805,49271.5000,49490.0312,426410000
2026-04-23,49284.8516,49522.9414,48861.3086,49310.3203,455470000
2026-04-24,49320.2891,49393.3398,49085.7500,49230.7109,536950000
2026-04-27,49112.1992,49353.6914,49029.4688,49167.7891,514570000
2026-04-28,49276.8008,49381.3281,49077.7500,49141.9297,508210000
2026-04-29,49163.7812,49163.7812,48708.5703,48861.8086,453280000
2026-04-30,48762.9297,49753.2617,48762.9297,49652.1406,733120000
2026-05-01,49832.5703,49988.5586,49496.4688,49499.2695,465300000
2026-05-04,49416.6602,49441.4297,48913.0586,48941.8984,439460000
2026-05-05,49037.1211,49365.2188,49009.1094,49298.2500,395600000
2026-05-06,49442.1914,50011.5312,49442.1914,49910.5898,552640000
2026-05-07,50002.3906,50130.1992,49487.9688,49596.9688,482010000
2026-05-08,49581.0898,49830.6992,49486.9609,49609.1602,456510000
2026-05-11,49549.0703,49771.2383,49475.7812,49704.4688,493230000
2026-05-12,49739.6211,49823.9414,49307.6602,49760.5586,498360000
2026-05-13,49674.5781,49747.6094,49451.0000,49693.1992,485990000
2026-05-14,49843.5781,50200.5391,49843.5781,50063.4609,504090000
2026-05-15,49930.2617,49930.2617,49503.5703,49526.1719,587920000
2026-05-18,49481.0391,49761.1602,49352.5586,49686.1211,461520000
2026-05-19,49696.5312,49696.5312,49245.1094,49363.8789,494840000
2026-05-20,49348.8281,50067.2188,49235.7383,50009.3516,513230000
2026-05-21,49983.8008,50381.4102,49697.4688,50285.6602,560940000
2026-05-22,50434.6484,50830.2383,50434.6484,50579.6992,463470000
2026-05-26,50686.1484,50785.6797,50356.6406,50461.6797,530360000
2026-05-27,50487.1602,50830.4102,50487.1602,50644.2812,503580000
2026-05-28,50660.9805,50764.0391,50314.3398,50668.9688,505090000
2026-05-29,50773.9102,51094.1797,50698.2695,51032.4609,894700000
2026-06-01,51161.1016,51161.1016,50767.3203,51078.8789,625190000
2026-06-02,50912.8398,51369.6094,50829.5508,51307.7891,548760000
2026-06-03,51220.9219,51220.9219,50687.0703,50687.0703,546850000
2026-06-04,50986.1016,51657.8906,50986.1016,51561.9297,520670000
2026-06-05,51610.0195,51660.3984,50781.4492,50866.7812,638680000
2026-06-08,50997.2305,51277.1484,50732.3516,50786.0117,477180000
2026-06-09,50814.4219,51260.9219,50211.1211,50872.1094,566610000
2026-06-10,50760.1211,50769.2617,49909.0703,49918.7812,503790000
2026-06-11,49972.0703,50968.9492,49972.0703,50848.7500,516860000
2026-06-12,51148.7305,51409.6992,50827.8398,51202.2617,427710000
2026-06-15,51364.5508,51945.8906,51364.5508,51671.0312,509660000
2026-06-16,51712.6289,52190.2891,51712.6289,51999.6719,447100000
2026-06-17,51937.5586,52281.1914,51392.5781,51492.5508,496040000
2026-06-18,51571.8516,51949.2617,51554.5312,51564.6992,985370000
2026-06-22,51555.1914,51887.8516,51555.1914,51712.7109,529120000
2026-06-23,51735.6406,51872.5586,51301.7695,51666.8398,548870000
2026-06-24,51660.7500,52248.6914,51617.7305,51848.8984,560270000
2026-06-25,52009.0195,52655.6602,51857.7812,51920.6211,639230000
2026-06-26,51803.7695,52130.0703,51614.7383,51876.1094,1297680000
2026-06-29,51995.1406,52311.6289,51949.5391,52182.7383,580440000
2026-06-30,52168.1797,52387.4492,52033.1289,52319.1992,622980000
2026-07-01,52231.1797,52742.6602,52026.6406,52305.2383,622970000
2026-07-02,52395.2188,52903.8516,52395.2188,52900.0703,548820000
2026-07-06,52828.4492,53060.1016,52648.6914,53055.9102,467390000
2026-07-07,53104.0586,53289.3008,52774.1719,52925.1484,442010000
2026-07-08,52758.4688,52758.4688,52069.8711,52348.3906,454130000
2026-07-09,52249.4414,52574.8906,52249.4414,52487.4102,456760000
2026-07-10,52622.9219,52709.7500,52266.8086,52637.0117,408090000
2026-07-13,52676.5312,52846.5117,52351.1211,52498.6406,399240000
2026-07-14,52046.3594,52695.0586,52046.3594,52508.2695,464870000
2026-07-15,52604.1992,52823.9492,52428.5391,52658.6406,506020000
2026-07-16,52924.8594,52924.8594,52367.4219,52552.9688,528320000
2026-07-17,52426.4609,52610.9688,51986.7383,52146.4219,549690000
2026-07-20,52154.5703,52411.8984,51781.8984,51839.2617,397690000
2026-07-21,51916.7891,52370.6484,51890.1016,52224.6406,404610000
2026-07-22,52287.1406,52511.2109,52148.8711,52218.5781,449100000
2026-07-23,51755.5391,51885.1406,51542.0586,51711.6484,496570000
2026-07-24,51791.3711,52118.1914,51682.3594,51947.2500,437530000
2026-07-27,52173.4219,52607.7812,51985.3789,52210.0781,487490000
2026-07-28,52492.8789,52901.8711,52443.5195,52747.3203,544740000
2026-07-29,52674.2109,52674.2109,51551.1797,51594.1406,531850000
2026-07-30,52114.2695,52266.4492,51655.5195,52208.0586,631410000
2026-07-31,52235.0312,52623.1406,51996.3203,52485.0312,697510000
2026-08-03,52759.0586,53230.0781,52759.0586,53178.4102,598420000
2026-08-04,53641.2109,54272.6016,53641.2109,54085.8789,580350000
2026-08-05,54266.1211,54744.3281,54266.1211,54349.1211,519020000
2026-08-06,54426.8516,54502.8711,53835.0195,53885.1016,416810000
2026-08-07,53849.2617,54094.6484,53807.9414,54036.9297,378680000
2026-08-10,54072.6602,54072.6602,53850.1914,53975.9805,413890000
2026-08-11,53961.6016,54222.8516,53746.4297,53791.8516,379390000
2026-08-12,53797.4688,53969.3594,53731.9609,53770.2695,410990000
2026-08-13,53828.5508,54049.1406,53622.4609,53839.9883,417340000
2026-08-14,53842.8008,53890.8398,53673.4688,53732.4102,319610000
2026-08-17,53663.1094,53663.1094,53395.2305,53459.7812,436700000
2026-08-18,53354.4297,53478.7617,53256.3398,53343.3984,427990000
2026-08-19,53463.4688,53710.0586,53399.5312,53463.0508,451460000
2026-08-20,53381.2188,53381.2188,52754.8984,52759.2109,434340000
2026-08-21,52768.8711,53355.9219,52768.8711,53277.0117,424060000
2026-08-24,53261.9492,53508.1797,53261.9492,53417.1602,416030000
2026-08-25,53594.9219,53675.3203,53386.3711,53577.3984,392910000
2026-08-26,53547.6797,53639.7500,53379.3984,53463.8789,426130000
2026-08-27,53613.6602,53707.6211,53345.6211,53569.4414,640810000
2026-08-28,53611.9414,53819.6484,53489.4102,53559.9883,507510000
2026-08-31,53462.6016,53462.6016,53123.6211,53185.8984,489140000
2026-09-01,53083.5781,53176.6016,52691.3086,52766.8789,403940000
2026-09-02,52829.5781,53227.5000,52829.5781,53061.9492,414520000
2026-09-03,53309.1719,53746.5000,53286.1484,53686.1094,410260000
2026-09-04,53584.8906,53635.3516,53289.8789,53414.2500,381130000
2026-09-08,53110.4492,53110.4492,52721.6211,52786.0703,417970000
2026-09-09,52707.8984,52707.8984,52314.6094,52380.6602,403100000
2026-09-10,52291.8516,52291.8516,51962.7109,52064.1016,397900000
2026-09-11,52204.4609,52720.2383,52204.4609,52573.2891,354460000
2026-09-14,52750.8789,52750.8789,52278.8906,52421.1992,442650000
2026-09-15,52303.2383,52336.6094,51875.6484,52093.1094,374460000
2026-09-16,52115.3984,52173.6992,51186.6719,51461.8984,395270000
2026-09-17,51882.5312,51935.9688,51607.6484,51778.0391,406100000
2026-09-18,51826.7812,51826.7812,51497.4688,51682.6406,846980000
2026-09-21,51936.7617,52128.5781,51747.6797,52048.8281,444350000
2026-09-22,52301.9219,52319.0117,51726.0781,51863.6914,444770000
2026-09-23,51771.4102,51846.8086,51477.5312,51511.5898,428070000
2026-09-24,51415.7500,51485.9688,51124.0195,51349.9805,390410000
2026-09-25,51359.6992,51874.9414,51339.2383,51828.6211,387540000
2026-09-28,51648.4805,51780.5000,51409.6484,51481.5117,455450000
2026-09-29,51416.9609,51505.1914,51129.1797,51349.9219,386240000
2026-09-30,51424.8398,51473.9297,50906.0508,50906.0508,487860000
2026-10-01,51008.3594,51179.7812,50546.5391,50926.5586,476440000
2026-10-02,51241.1797,51382.8789,50950.6094,51176.9609,548950000
2026-10-05,51199.2500,51404.8594,50862.8516,51267.8984,472440000
2026-10-06,51444.1016,51672.2500,51422.8984,51521.2812,404910000
2026-10-07,51406.4414,51406.4414,50917.4219,51212.4102,222265436
