date,open,high,low,close,volume
1971-02-05,100.0000,100.0000,100.0000,100.0000,0
1971-02-08,100.8400,100.8400,100.8400,100.8400,0
1971-02-09,100.7600,100.7600,100.7600,100.7600,0
1971-02-10,100.6900,100.6900,100.6900,100.6900,0
1971-02-11,101.4500,101.4500,101.4500,101.4500,0
1971-02-12,102.0500,102.0500,102.0500,102.0500,0
1971-02-16,102.1900,102.1900,102.1900,102.1900,0
1971-02-17,101.7400,101.7400,101.7400,101.7400,0
1971-02-18,101.4200,101.4200,101.4200,101.4200,0
1971-02-19,100.7000,100.7000,100.7000,100.7000,0
1971-02-22,99.6800,99.6800,99.6800,99.6800,0
1971-02-23,99.7200,99.7200,99.7200,99.7200,0
1971-02-24,100.6400,100.6400,100.6400,100.6400,0
1971-02-25,101.2300,101.2300,101.2300,101.2300,0
1971-02-26,101.3400,101.3400,101.3400,101.3400,0
1971-03-01,101.7800,101.7800,101.7800,101.7800,0
1971-03-02,101.8400,101.8400,101.8400,101.8400,0
1971-03-03,102.0700,102.0700,102.0700,102.0700,0
1971-03-04,102.7800,102.7800,102.7800,102.7800,0
1971-03-05,103.0000,103.0000,103.0000,103.0000,0
1971-03-08,104.2300,104.2300,104.2300,104.2300,0
1971-03-09,104.4100,104.4100,104.4100,104.4100,0
1971-03-10,104.1400,104.1400,104.1400,104.1400,0
1971-03-11,104.2600,104.2600,104.2600,104.2600,0
1971-03-12,104.5000,104.5000,104.5000,104.5000,0
1971-03-15,105.1300,105.1300,105.1300,105.1300,0
1971-03-16,105.5600,105.5600,105.5600,105.5600,0
1971-03-17,105.5000,105.5000,105.5000,105.5000,0
1971-03-18,105.8800,105.8800,105.8800,105.8800,0
1971-03-19,105.7700,105.7700,105.7700,105.7700,0
1971-03-22,105.3700,105.3700,105.3700,105.3700,0
1971-03-23,105.1100,105.1100,105.1100,105.1100,0
1971-03-24,104.7000,104.7000,104.7000,104.7000,0
1971-03-25,104.6000,104.6000,104.6000,104.6000,0
1971-03-26,105.0700,105.0700,105.0700,105.0700,0
1971-03-29,105.2000,105.2000,105.2000,105.2000,0
1971-03-30,105.4400,105.4400,105.4400,105.4400,0
1971-03-31,105.9700,105.9700,105.9700,105.9700,0
1971-04-01,106.3400,106.3400,106.3400,106.3400,0
1971-04-02,106.8600,106.8600,106.8600,106.8600,0
1971-04-05,107.1700,107.1700,107.1700,107.1700,0
1971-04-06,107.5600,107.5600,107.5600,107.5600,0
1971-04-07,108.0600,108.0600,108.0600,108.0600,0
1971-04-08,108.3800,108.3800,108.3800,108.3800,0
1971-04-12,108.8700,108.8700,108.8700,108.8700,0
1971-04-13,108.8500,108.8500,108.8500,108.8500,0
1971-04-14,109.0800,109.0800,109.0800,109.0800,0
1971-04-15,109.6900,109.6900,109.6900,109.6900,0
1971-04-16,109.9600,109.9600,109.9600,109.9600,0
1971-04-19,110.1600,110.1600,110.1600,110.1600,0
1971-04-20,109.5300,109.5300,109.5300,109.5300,0
1971-04-21,109.5200,109.5200,109.5200,109.5200,0
1971-04-22,109.9900,109.9900,109.9900,109.9900,0
1971-04-23,110.6900,110.6900,110.6900,110.6900,0
1971-04-26,111.1300,111.1300,111.1300,111.1300,0
1971-04-27,111.6900,111.6900,111.6900,111.6900,0
1971-04-28,112.3700,112.3700,112.3700,112.3700,0
1971-04-29,112.4600,112.4600,112.4600,112.4600,0
1971-04-30,112.3000,112.3000,112.3000,112.3000,0
1971-05-03,111.3500,111.3500,111.3500,111.3500,0
1971-05-04,111.7700,111.7700,111.7700,111.7700,0
1971-05-05,111.6800,111.6800,111.6800,111.6800,0
1971-05-06,111.0600,111.0600,111.0600,111.0600,0
1971-05-07,110.6600,110.6600,110.6600,110.6600,0
1971-05-10,110.1500,110.1500,110.1500,110.1500,0
1971-05-11,110.3300,110.3300,110.3300,110.3300,0
1971-05-12,110.3700,110.3700,110.3700,110.3700,0
1971-05-13,110.5500,110.5500,110.5500,110.5500,0
1971-05-14,110.7400,110.7400,110.7400,110.7400,0
1971-05-17,109.1500,109.1500,109.1500,109.1500,0
1971-05-18,108.4000,108.4000,108.4000,108.4000,0
1971-05-19,108.3300,108.3300,108.3300,108.3300,0
1971-05-20,108.7200,108.7200,108.7200,108.7200,0
1971-05-21,108.8500,108.8500,108.8500,108.8500,0
1971-05-24,108.4200,108.4200,108.4200,108.4200,0
1971-05-25,107.5000,107.5000,107.5000,107.5000,0
1971-05-26,107.5300,107.5300,107.5300,107.5300,0
1971-05-27,107.6000,107.6000,107.6000,107.6000,0
1971-05-28,108.2500,108.2500,108.2500,108.2500,0
1971-06-01,108.8700,108.8700,108.8700,108.8700,0
1971-06-02,109.5600,109.5600,109.5600,109.5600,0
1971-06-03,110.2200,110.2200,110.2200,110.2200,0
1971-06-04,110.6600,110.6600,110.6600,110.6600,0
1971-06-07,110.7600,110.7600,110.7600,110.7600,0
1971-06-08,110.0200,110.0200,110.0200,110.0200,0
1971-06-09,109.7900,109.7900,109.7900,109.7900,0
1971-06-10,110.0600,110.0600,110.0600,110.0600,0
1971-06-11,110.2000,110.2000,110.2000,110.2000,0
1971-06-14,109.5700,109.5700,109.5700,109.5700,0
1971-06-15,109.3600,109.3600,109.3600,109.3600,0
1971-06-16,109.4400,109.4400,109.4400,109.4400,0
1971-06-17,109.4400,109.4400,109.4400,109.4400,0
1971-06-18,108.1600,108.1600,108.1600,108.1600,0
1971-06-21,106.5000,106.5000,106.5000,106.5000,0
1971-06-22,105.4900,105.4900,105.4900,105.4900,0
1971-06-23,105.9900,105.9900,105.9900,105.9900,0
1971-06-24,106.3700,106.3700,106.3700,106.3700,0
1971-06-25,106.5600,106.5600,106.5600,106.5600,0
1971-06-28,106.4500,106.4500,106.4500,106.4500,0
1971-06-29,107.2200,107.2200,107.2200,107.2200,0
1971-06-30,107.8000,107.8000,107.8000,107.8000,0
1971-07-01,108.4700,108.4700,108.4700,108.4700,0
1971-07-02,108.7700,108.7700,108.7700,108.7700,0
1971-07-06,109.2300,109.2300,109.2300,109.2300,0
1971-07-07,110.0100,110.0100,110.0100,110.0100,0
1971-07-08,110.4200,110.4200,110.4200,110.4200,0
1971-07-09,110.9100,110.9100,110.9100,110.9100,0
1971-07-12,111.2400,111.2400,111.2400,111.2400,0
1971-07-13,110.7600,110.7600,110.7600,110.7600,0
1971-07-14,110.3400,110.3400,110.3400,110.3400,0
1971-07-15,110.7200,110.7200,110.7200,110.7200,0
1971-07-16,109.9800,109.9800,109.9800,109.9800,0
1971-07-19,109.3700,109.3700,109.3700,109.3700,0
1971-07-20,109.7900,109.7900,109.7900,109.7900,0
1971-07-21,109.7400,109.7400,109.7400,109.7400,0
1971-07-22,109.5400,109.5400,109.5400,109.5400,0
1971-07-23,109.6300,109.6300,109.6300,109.6300,0
1971-07-26,109.3500,109.3500,109.3500,109.3500,0
1971-07-27,108.5700,108.5700,108.5700,108.5700,0
1971-07-28,107.4500,107.4500,107.4500,107.4500,0
1971-07-29,105.8100,105.8100,105.8100,105.8100,0
1971-07-30,105.2700,105.2700,105.2700,105.2700,0
1971-08-02,105.5900,105.5900,105.5900,105.5900,0
1971-08-03,104.4100,104.4100,104.4100,104.4100,0
1971-08-04,103.2600,103.2600,103.2600,103.2600,0
1971-08-05,103.1100,103.1100,103.1100,103.1100,0
1971-08-06,103.7800,103.7800,103.7800,103.7800,0
1971-08-09,103.1800,103.1800,103.1800,103.1800,0
1971-08-10,103.0400,103.0400,103.0400,103.0400,0
1971-08-11,104.0800,104.0800,104.0800,104.0800,0
1971-08-12,105.2100,105.2100,105.2100,105.2100,0
1971-08-13,105.4400,105.4400,105.4400,105.4400,0
1971-08-16,107.8600,107.8600,107.8600,107.8600,0
1971-08-17,108.9300,108.9300,108.9300,108.9300,0
1971-08-18,108.3900,108.3900,108.3900,108.3900,0
1971-08-19,108.0100,108.0100,108.0100,108.0100,0
1971-08-20,107.8900,107.8900,107.8900,107.8900,0
1971-08-23,108.2600,108.2600,108.2600,108.2600,0
1971-08-24,108.6000,108.6000,108.6000,108.6000,0
1971-08-25,108.8500,108.8500,108.8500,108.8500,0
1971-08-26,108.9700,108.9700,108.9700,108.9700,0
1971-08-27,109.3000,109.3000,109.3000,109.3000,0
1971-08-30,108.7100,108.7100,108.7100,108.7100,0
1971-08-31,108.4200,108.4200,108.4200,108.4200,0
1971-09-01,108.6500,108.6500,108.6500,108.6500,0
1971-09-02,108.9600,108.9600,108.9600,108.9600,0
1971-09-03,109.9800,109.9800,109.9800,109.9800,0
1971-09-07,110.5300,110.5300,110.5300,110.5300,0
1971-09-08,110.5800,110.5800,110.5800,110.5800,0
1971-09-09,110.5500,110.5500,110.5500,110.5500,0
1971-09-10,110.4200,110.4200,110.4200,110.4200,0
1971-09-13,110.2200,110.2200,110.2200,110.2200,0
1971-09-14,109.7700,109.7700,109.7700,109.7700,0
1971-09-15,109.7900,109.7900,109.7900,109.7900,0
1971-09-16,109.7800,109.7800,109.7800,109.7800,0
1971-09-17,110.1000,110.1000,110.1000,110.1000,0
1971-09-20,109.9900,109.9900,109.9900,109.9900,0
1971-09-21,109.8200,109.8200,109.8200,109.8200,0
1971-09-22,108.9900,108.9900,108.9900,108.9900,0
1971-09-23,108.8000,108.8000,108.8000,108.8000,0
1971-09-24,108.8800,108.8800,108.8800,108.8800,0
1971-09-27,108.1800,108.1800,108.1800,108.1800,0
1971-09-28,108.3800,108.3800,108.3800,108.3800,0
1971-09-29,108.6000,108.6000,108.6000,108.6000,0
1971-09-30,109.0300,109.0300,109.0300,109.0300,0
1971-10-01,109.5800,109.5800,109.5800,109.5800,0
1971-10-04,109.9600,109.9600,109.9600,109.9600,0
1971-10-05,109.9900,109.9900,109.9900,109.9900,0
1971-10-06,110.6800,110.6800,110.6800,110.6800,0
1971-10-07,110.9800,110.9800,110.9800,110.9800,0
1971-10-08,110.7400,110.7400,110.7400,110.7400,0
1971-10-11,110.7100,110.7100,110.7100,110.7100,0
1971-10-12,110.9100,110.9100,110.9100,110.9100,0
1971-10-13,110.6900,110.6900,110.6900,110.6900,0
1971-10-14,109.8700,109.8700,109.8700,109.8700,0
1971-10-15,109.6000,109.6000,109.6000,109.6000,0
1971-10-18,109.0600,109.0600,109.0600,109.0600,0
1971-10-19,107.9900,107.9900,107.9900,107.9900,0
1971-10-20,106.5800,106.5800,106.5800,106.5800,0
1971-10-21,106.6100,106.6100,106.6100,106.6100,0
1971-10-22,106.8000,106.8000,106.8000,106.8000,0
1971-10-25,106.2900,106.2900,106.2900,106.2900,0
1971-10-26,105.6900,105.6900,105.6900,105.6900,0
1971-10-27,104.2800,104.2800,104.2800,104.2800,0
1971-10-28,104.5000,104.5000,104.5000,104.5000,0
1971-10-29,105.1000,105.1000,105.1000,105.1000,0
1971-11-01,103.6900,103.6900,103.6900,103.6900,0
1971-11-02,103.5400,103.5400,103.5400,103.5400,0
1971-11-03,105.0100,105.0100,105.0100,105.0100,0
1971-11-04,105.5600,105.5600,105.5600,105.5600,0
1971-11-05,105.4600,105.4600,105.4600,105.4600,0
1971-11-08,105.4300,105.4300,105.4300,105.4300,0
1971-11-09,105.7200,105.7200,105.7200,105.7200,0
1971-11-10,104.8600,104.8600,104.8600,104.8600,0
1971-11-11,103.7400,103.7400,103.7400,103.7400,0
1971-11-12,103.9100,103.9100,103.9100,103.9100,0
1971-11-15,103.4400,103.4400,103.4400,103.4400,0
1971-11-16,103.7100,103.7100,103.7100,103.7100,0
1971-11-17,103.6400,103.6400,103.6400,103.6400,0
1971-11-18,103.4400,103.4400,103.4400,103.4400,0
1971-11-19,102.9500,102.9500,102.9500,102.9500,0
1971-11-22,101.7900,101.7900,101.7900,101.7900,0
1971-11-23,100.3100,100.3100,100.3100,100.3100,0
1971-11-24,100.4000,100.4000,100.4000,100.4000,0
1971-11-26,101.6400,101.6400,101.6400,101.6400,0
1971-11-29,103.0800,103.0800,103.0800,103.0800,0
1971-11-30,103.9700,103.9700,103.9700,103.9700,0
1971-12-01,105.0000,105.0000,105.0000,105.0000,0
1971-12-02,106.1500,106.1500,106.1500,106.1500,0
1971-12-03,107.2600,107.2600,107.2600,107.2600,0
1971-12-06,106.9200,106.9200,106.9200,106.9200,0
1971-12-07,107.2600,107.2600,107.2600,107.2600,0
1971-12-08,107.7100,107.7100,107.7100,107.7100,0
1971-12-09,107.9700,107.9700,107.9700,107.9700,0
1971-12-10,108.8100,108.8100,108.8100,108.8100,0
1971-12-13,109.1600,109.1600,109.1600,109.1600,0
1971-12-14,109.0700,109.0700,109.0700,109.0700,0
1971-12-15,109.4500,109.4500,109.4500,109.4500,0
1971-12-16,110.0100,110.0100,110.0100,110.0100,0
1971-12-17,110.5200,110.5200,110.5200,110.5200,0
1971-12-20,111.5000,111.5000,111.5000,111.5000,0
1971-12-21,111.7300,111.7300,111.7300,111.7300,0
1971-12-22,111.9700,111.9700,111.9700,111.9700,0
1971-12-23,111.9400,111.9400,111.9400,111.9400,0
1971-12-27,111.7000,111.7000,111.7000,111.7000,0
1971-12-28,111.9300,111.9300,111.9300,111.9300,0
1971-12-29,112.5700,112.5700,112.5700,112.5700,0
1971-12-30,112.9700,112.9700,112.9700,112.9700,0
1971-12-31,114.1200,114.1200,114.1200,114.1200,0
1972-01-03,113.6500,113.6500,113.6500,113.6500,0
1972-01-04,113.9300,113.9300,113.9300,113.9300,0
1972-01-05,114.8300,114.8300,114.8300,114.8300,0
1972-01-06,115.7200,115.7200,115.7200,115.7200,0
1972-01-07,116.0500,116.0500,116.0500,116.0500,0
1972-01-10,116.1000,116.1000,116.1000,116.1000,0
1972-01-11,116.6400,116.6400,116.6400,116.6400,0
1972-01-12,116.9000,116.9000,116.9000,116.9000,0
1972-01-13,116.4200,116.4200,116.4200,116.4200,0
1972-01-14,116.7400,116.7400,116.7400,116.7400,0
1972-01-17,116.9300,116.9300,116.9300,116.9300,0
1972-01-18,117.6600,117.6600,117.6600,117.6600,0
1972-01-19,117.4500,117.4500,117.4500,117.4500,0
1972-01-20,117.3200,117.3200,117.3200,117.3200,0
1972-01-21,117.2100,117.2100,117.2100,117.2100,0
1972-01-24,116.4900,116.4900,116.4900,116.4900,0
1972-01-25,116.3000,116.3000,116.3000,116.3000,0
1972-01-26,116.3900,116.3900,116.3900,116.3900,0
1972-01-27,117.3700,117.3700,117.3700,117.3700,0
1972-01-28,118.4400,118.4400,118.4400,118.4400,0
1972-01-31,118.8700,118.8700,118.8700,118.8700,0
1972-02-01,119.5800,119.5800,119.5800,119.5800,0
1972-02-02,120.4700,120.4700,120.4700,120.4700,0
1972-02-03,120.6600,120.6600,120.6600,120.6600,0
1972-02-04,121.2400,121.2400,121.2400,121.2400,0
1972-02-07,121.1400,121.1400,121.1400,121.1400,0
1972-02-08,121.3500,121.3500,121.3500,121.3500,0
1972-02-09,122.1600,122.1600,122.1600,122.1600,0
1972-02-10,122.7100,122.7100,122.7100,122.7100,0
1972-02-11,122.8600,122.8600,122.8600,122.8600,0
1972-02-14,122.2600,122.2600,122.2600,122.2600,0
1972-02-15,122.6100,122.6100,122.6100,122.6100,0
1972-02-16,123.3500,123.3500,123.3500,123.3500,0
1972-02-17,123.4400,123.4400,123.4400,123.4400,0
1972-02-18,123.4000,123.4000,123.4000,123.4000,0
1972-02-22,123.3000,123.3000,123.3000,123.3000,0
1972-02-23,123.6100,123.6100,123.6100,123.6100,0
1972-02-24,124.0000,124.0000,124.0000,124.0000,0
1972-02-25,124.8300,124.8300,124.8300,124.8300,0
1972-02-28,124.9400,124.9400,124.9400,124.9400,0
1972-02-29,125.3800,125.3800,125.3800,125.3800,0
1972-03-01,126.2900,126.2900,126.2900,126.2900,0
1972-03-02,126.5800,126.5800,126.5800,126.5800,0
1972-03-03,127.1900,127.1900,127.1900,127.1900,0
1972-03-06,127.8800,127.8800,127.8800,127.8800,0
1972-03-07,127.8300,127.8300,127.8300,127.8300,0
1972-03-08,128.4000,128.4000,128.4000,128.4000,0
1972-03-09,128.8500,128.8500,128.8500,128.8500,0
1972-03-10,128.5500,128.5500,128.5500,128.5500,0
1972-03-13,127.3400,127.3400,127.3400,127.3400,0
1972-03-14,127.7300,127.7300,127.7300,127.7300,0
1972-03-15,128.1400,128.1400,128.1400,128.1400,0
1972-03-16,127.7700,127.7700,127.7700,127.7700,0
1972-03-17,128.0100,128.0100,128.0100,128.0100,0
1972-03-20,127.5300,127.5300,127.5300,127.5300,0
1972-03-21,125.7300,125.7300,125.7300,125.7300,0
1972-03-22,126.3600,126.3600,126.3600,126.3600,0
1972-03-23,127.3800,127.3800,127.3800,127.3800,0
1972-03-24,127.5500,127.5500,127.5500,127.5500,0
1972-03-27,127.5600,127.5600,127.5600,127.5600,0
1972-03-28,127.7200,127.7200,127.7200,127.7200,0
1972-03-29,127.5300,127.5300,127.5300,127.5300,0
1972-03-30,128.1400,128.1400,128.1400,128.1400,0
1972-04-03,128.0600,128.0600,128.0600,128.0600,0
1972-04-04,128.7800,128.7800,128.7800,128.7800,0
1972-04-05,130.0000,130.0000,130.0000,130.0000,0
1972-04-06,130.9200,130.9200,130.9200,130.9200,0
1972-04-07,131.8000,131.8000,131.8000,131.8000,0
1972-04-10,131.7600,131.7600,131.7600,131.7600,0
1972-04-11,132.4700,132.4700,132.4700,132.4700,0
1972-04-12,133.1700,133.1700,133.1700,133.1700,0
1972-04-13,133.0600,133.0600,133.0600,133.0600,0
1972-04-14,133.8800,133.8800,133.8800,133.8800,0
1972-04-17,133.7400,133.7400,133.7400,133.7400,0
1972-04-18,134.1000,134.1000,134.1000,134.1000,0
1972-04-19,132.6800,132.6800,132.6800,132.6800,0
1972-04-20,132.8600,132.8600,132.8600,132.8600,0
1972-04-21,133.0100,133.0100,133.0100,133.0100,0
1972-04-24,131.9000,131.9000,131.9000,131.9000,0
1972-04-25,130.8400,130.8400,130.8400,130.8400,0
1972-04-26,130.9200,130.9200,130.9200,130.9200,0
1972-04-27,131.0100,131.0100,131.0100,131.0100,0
1972-04-28,131.3300,131.3300,131.3300,131.3300,0
1972-05-01,130.1600,130.1600,130.1600,130.1600,0
1972-05-02,129.3400,129.3400,129.3400,129.3400,0
1972-05-03,128.7700,128.7700,128.7700,128.7700,0
1972-05-04,128.9200,128.9200,128.9200,128.9200,0
1972-05-05,129.4300,129.4300,129.4300,129.4300,0
1972-05-08,128.6200,128.6200,128.6200,128.6200,0
1972-05-09,125.7800,125.7800,125.7800,125.7800,0
1972-05-10,126.7700,126.7700,126.7700,126.7700,0
1972-05-11,127.9500,127.9500,127.9500,127.9500,0
1972-05-12,129.4400,129.4400,129.4400,129.4400,0
1972-05-15,130.3400,130.3400,130.3400,130.3400,0
1972-05-16,130.3600,130.3600,130.3600,130.3600,0
1972-05-17,129.7600,129.7600,129.7600,129.7600,0
1972-05-18,130.8200,130.8200,130.8200,130.8200,0
1972-05-19,132.1600,132.1600,132.1600,132.1600,0
1972-05-22,132.3800,132.3800,132.3800,132.3800,0
1972-05-23,132.7200,132.7200,132.7200,132.7200,0
1972-05-24,133.4700,133.4700,133.4700,133.4700,0
1972-05-25,133.8000,133.8000,133.8000,133.8000,0
1972-05-26,133.9500,133.9500,133.9500,133.9500,0
1972-05-30,133.4500,133.4500,133.4500,133.4500,0
1972-05-31,132.5300,132.5300,132.5300,132.5300,0
1972-06-01,133.1300,133.1300,133.1300,133.1300,0
1972-06-02,133.5200,133.5200,133.5200,133.5200,0
1972-06-05,132.7400,132.7400,132.7400,132.7400,0
1972-06-06,132.0000,132.0000,132.0000,132.0000,0
1972-06-07,131.0000,131.0000,131.0000,131.0000,0
1972-06-08,131.0700,131.0700,131.0700,131.0700,0
1972-06-09,130.5700,130.5700,130.5700,130.5700,0
1972-06-12,130.3800,130.3800,130.3800,130.3800,0
1972-06-13,130.7800,130.7800,130.7800,130.7800,0
1972-06-14,131.4500,131.4500,131.4500,131.4500,0
1972-06-15,131.2900,131.2900,131.2900,131.2900,0
1972-06-16,131.2800,131.2800,131.2800,131.2800,0
1972-06-19,130.7600,130.7600,130.7600,130.7600,0
1972-06-20,131.0700,131.0700,131.0700,131.0700,0
1972-06-21,131.3800,131.3800,131.3800,131.3800,0
1972-06-22,130.7900,130.7900,130.7900,130.7900,0
1972-06-23,130.2200,130.2200,130.2200,130.2200,0
1972-06-26,129.3100,129.3100,129.3100,129.3100,0
1972-06-27,129.7900,129.7900,129.7900,129.7900,0
1972-06-28,129.5800,129.5800,129.5800,129.5800,0
1972-06-29,129.3500,129.3500,129.3500,129.3500,0
1972-06-30,130.0800,130.0800,130.0800,130.0800,0
1972-07-03,130.5900,130.5900,130.5900,130.5900,0
1972-07-05,131.2800,131.2800,131.2800,131.2800,0
1972-07-06,131.8600,131.8600,131.8600,131.8600,0
1972-07-07,131.5000,131.5000,131.5000,131.5000,0
1972-07-10,130.8500,130.8500,130.8500,130.8500,0
1972-07-11,130.4700,130.4700,130.4700,130.4700,0
1972-07-12,130.1100,130.1100,130.1100,130.1100,0
1972-07-13,129.0300,129.0300,129.0300,129.0300,0
1972-07-14,129.3800,129.3800,129.3800,129.3800,0
1972-07-17,128.4000,128.4000,128.4000,128.4000,0
1972-07-18,127.5400,127.5400,127.5400,127.5400,0
1972-07-19,127.7700,127.7700,127.7700,127.7700,0
1972-07-20,127.0900,127.0900,127.0900,127.0900,0
1972-07-21,127.6300,127.6300,127.6300,127.6300,0
1972-07-24,128.7700,128.7700,128.7700,128.7700,0
1972-07-25,128.4700,128.4700,128.4700,128.4700,0
1972-07-26,128.6500,128.6500,128.6500,128.6500,0
1972-07-27,128.3600,128.3600,128.3600,128.3600,0
1972-07-28,128.1500,128.1500,128.1500,128.1500,0
1972-07-31,127.7500,127.7500,127.7500,127.7500,0
1972-08-01,128.4500,128.4500,128.4500,128.4500,0
1972-08-02,129.3900,129.3900,129.3900,129.3900,0
1972-08-03,130.3100,130.3100,130.3100,130.3100,0
1972-08-04,130.9400,130.9400,130.9400,130.9400,0
1972-08-07,130.9700,130.9700,130.9700,130.9700,0
1972-08-08,130.6100,130.6100,130.6100,130.6100,0
1972-08-09,130.7500,130.7500,130.7500,130.7500,0
1972-08-10,130.8400,130.8400,130.8400,130.8400,0
1972-08-11,131.6800,131.6800,131.6800,131.6800,0
1972-08-14,131.7000,131.7000,131.7000,131.7000,0
1972-08-15,131.4800,131.4800,131.4800,131.4800,0
1972-08-16,131.4600,131.4600,131.4600,131.4600,0
1972-08-17,130.8900,130.8900,130.8900,130.8900,0
1972-08-18,131.4300,131.4300,131.4300,131.4300,0
1972-08-21,131.2900,131.2900,131.2900,131.2900,0
1972-08-22,131.2900,131.2900,131.2900,131.2900,0
1972-08-23,131.1000,131.1000,131.1000,131.1000,0
1972-08-24,130.4000,130.4000,130.4000,130.4000,0
1972-08-25,130.3100,130.3100,130.3100,130.3100,0
1972-08-28,129.7700,129.7700,129.7700,129.7700,0
1972-08-29,129.4400,129.4400,129.4400,129.4400,0
1972-08-30,129.7800,129.7800,129.7800,129.7800,0
1972-08-31,129.9500,129.9500,129.9500,129.9500,0
1972-09-01,130.7000,130.7000,130.7000,130.7000,0
1972-09-05,130.3300,130.3300,130.3300,130.3300,0
1972-09-06,129.6300,129.6300,129.6300,129.6300,0
1972-09-07,129.2100,129.2100,129.2100,129.2100,0
1972-09-08,129.1300,129.1300,129.1300,129.1300,0
1972-09-11,128.2600,128.2600,128.2600,128.2600,0
1972-09-12,127.1800,127.1800,127.1800,127.1800,0
1972-09-13,127.5100,127.5100,127.5100,127.5100,0
1972-09-14,127.5800,127.5800,127.5800,127.5800,0
1972-09-15,127.6700,127.6700,127.6700,127.6700,0
1972-09-18,127.6100,127.6100,127.6100,127.6100,0
1972-09-19,127.4200,127.4200,127.4200,127.4200,0
1972-09-20,127.5100,127.5100,127.5100,127.5100,0
1972-09-21,127.3000,127.3000,127.3000,127.3000,0
1972-09-22,127.4600,127.4600,127.4600,127.4600,0
1972-09-25,126.8200,126.8200,126.8200,126.8200,0
1972-09-26,127.0700,127.0700,127.0700,127.0700,0
1972-09-27,128.5500,128.5500,128.5500,128.5500,0
1972-09-28,129.1300,129.1300,129.1300,129.1300,0
1972-09-29,129.6100,129.6100,129.6100,129.6100,0
1972-10-02,129.3000,129.3000,129.3000,129.3000,0
1972-10-03,129.4800,129.4800,129.4800,129.4800,0
1972-10-04,129.2900,129.2900,129.2900,129.2900,0
1972-10-05,128.0100,128.0100,128.0100,128.0100,0
1972-10-06,128.1300,128.1300,128.1300,128.1300,0
1972-10-09,128.5100,128.5100,128.5100,128.5100,0
1972-10-10,129.0200,129.0200,129.0200,129.0200,0
1972-10-11,128.5700,128.5700,128.5700,128.5700,0
1972-10-12,127.8700,127.8700,127.8700,127.8700,0
1972-10-13,127.1900,127.1900,127.1900,127.1900,0
1972-10-16,125.8700,125.8700,125.8700,125.8700,0
1972-10-17,126.4300,126.4300,126.4300,126.4300,0
1972-10-18,127.0500,127.0500,127.0500,127.0500,0
1972-10-19,126.9100,126.9100,126.9100,126.9100,0
1972-10-20,128.0000,128.0000,128.0000,128.0000,0
1972-10-23,128.6600,128.6600,128.6600,128.6600,0
1972-10-24,128.9100,128.9100,128.9100,128.9100,0
1972-10-25,128.8900,128.8900,128.8900,128.8900,0
1972-10-26,129.3700,129.3700,129.3700,129.3700,0
1972-10-27,129.5300,129.5300,129.5300,129.5300,0
1972-10-30,129.4600,129.4600,129.4600,129.4600,0
1972-10-31,130.2400,130.2400,130.2400,130.2400,0
1972-11-01,131.5900,131.5900,131.5900,131.5900,0
1972-11-02,132.1200,132.1200,132.1200,132.1200,0
1972-11-03,133.3400,133.3400,133.3400,133.3400,0
1972-11-06,133.5800,133.5800,133.5800,133.5800,0
1972-11-08,133.0600,133.0600,133.0600,133.0600,0
1972-11-09,132.8200,132.8200,132.8200,132.8200,0
1972-11-10,133.1200,133.1200,133.1200,133.1200,0
1972-11-13,132.7700,132.7700,132.7700,132.7700,0
1972-11-14,132.9000,132.9000,132.9000,132.9000,0
1972-11-15,132.4500,132.4500,132.4500,132.4500,0
1972-11-16,132.6200,132.6200,132.6200,132.6200,0
1972-11-17,132.3300,132.3300,132.3300,132.3300,0
1972-11-20,132.1200,132.1200,132.1200,132.1200,0
1972-11-21,132.1900,132.1900,132.1900,132.1900,0
1972-11-22,132.4900,132.4900,132.4900,132.4900,0
1972-11-24,133.0200,133.0200,133.0200,133.0200,0
1972-11-27,132.5700,132.5700,132.5700,132.5700,0
1972-11-28,132.7100,132.7100,132.7100,132.7100,0
1972-11-29,132.7300,132.7300,132.7300,132.7300,0
1972-11-30,132.9600,132.9600,132.9600,132.9600,0
1972-12-01,133.9400,133.9400,133.9400,133.9400,0
1972-12-04,134.1400,134.1400,134.1400,134.1400,0
1972-12-05,134.2800,134.2800,134.2800,134.2800,0
1972-12-06,134.6800,134.6800,134.6800,134.6800,0
1972-12-07,135.0600,135.0600,135.0600,135.0600,0
1972-12-08,135.1500,135.1500,135.1500,135.1500,0
1972-12-11,134.8300,134.8300,134.8300,134.8300,0
1972-12-12,134.2700,134.2700,134.2700,134.2700,0
1972-12-13,133.6600,133.6600,133.6600,133.6600,0
1972-12-14,133.3300,133.3300,133.3300,133.3300,0
1972-12-15,133.5300,133.5300,133.5300,133.5300,0
1972-12-18,132.5400,132.5400,132.5400,132.5400,0
1972-12-19,132.3900,132.3900,132.3900,132.3900,0
1972-12-20,131.9300,131.9300,131.9300,131.9300,0
1972-12-21,131.0800,131.0800,131.0800,131.0800,0
1972-12-22,131.2800,131.2800,131.2800,131.2800,0
1972-12-26,131.1800,131.1800,131.1800,131.1800,0
1972-12-27,131.9300,131.9300,131.9300,131.9300,0
1972-12-29,133.7300,133.7300,133.7300,133.7300,0
1973-01-02,134.6300,134.6300,134.6300,134.6300,0
1973-01-03,135.3800,135.3800,135.3800,135.3800,0
1973-01-04,135.4400,135.4400,135.4400,135.4400,0
1973-01-05,135.9100,135.9100,135.9100,135.9100,0
1973-01-08,136.0200,136.0200,136.0200,136.0200,0
1973-01-09,135.9900,135.9900,135.9900,135.9900,0
1973-01-10,136.0600,136.0600,136.0600,136.0600,0
1973-01-11,136.8400,136.8400,136.8400,136.8400,0
1973-01-12,136.0100,136.0100,136.0100,136.0100,0
1973-01-15,134.6000,134.6000,134.6000,134.6000,0
1973-01-16,134.0300,134.0300,134.0300,134.0300,0
1973-01-17,134.0700,134.0700,134.0700,134.0700,0
1973-01-18,134.3400,134.3400,134.3400,134.3400,0
1973-01-19,133.8700,133.8700,133.8700,133.8700,0
1973-01-22,133.1500,133.1500,133.1500,133.1500,0
1973-01-23,132.4400,132.4400,132.4400,132.4400,0
1973-01-24,130.4900,130.4900,130.4900,130.4900,0
1973-01-26,129.7600,129.7600,129.7600,129.7600,0
1973-01-29,128.4600,128.4600,128.4600,128.4600,0
1973-01-30,128.2200,128.2200,128.2200,128.2200,0
1973-01-31,128.4000,128.4000,128.4000,128.4000,0
1973-02-01,126.9400,126.9400,126.9400,126.9400,0
1973-02-02,126.4800,126.4800,126.4800,126.4800,0
1973-02-05,126.0000,126.0000,126.0000,126.0000,0
1973-02-06,126.2700,126.2700,126.2700,126.2700,0
1973-02-07,124.9900,124.9900,124.9900,124.9900,0
1973-02-08,123.9700,123.9700,123.9700,123.9700,0
1973-02-09,125.8600,125.8600,125.8600,125.8600,0
1973-02-12,126.8800,126.8800,126.8800,126.8800,0
1973-02-13,127.1900,127.1900,127.1900,127.1900,0
1973-02-14,125.4200,125.4200,125.4200,125.4200,0
1973-02-15,124.4300,124.4300,124.4300,124.4300,0
1973-02-16,124.5500,124.5500,124.5500,124.5500,0
1973-02-20,125.0100,125.0100,125.0100,125.0100,0
1973-02-21,123.9500,123.9500,123.9500,123.9500,0
1973-02-22,123.6800,123.6800,123.6800,123.6800,0
1973-02-23,122.3400,122.3400,122.3400,122.3400,0
1973-02-26,121.2700,121.2700,121.2700,121.2700,0
1973-02-27,119.8000,119.8000,119.8000,119.8000,0
1973-02-28,120.4100,120.4100,120.4100,120.4100,0
1973-03-01,119.5300,119.5300,119.5300,119.5300,0
1973-03-02,120.1100,120.1100,120.1100,120.1100,0
1973-03-05,120.5500,120.5500,120.5500,120.5500,0
1973-03-06,121.9100,121.9100,121.9100,121.9100,0
1973-03-07,122.2800,122.2800,122.2800,122.2800,0
1973-03-08,122.1100,122.1100,122.1100,122.1100,0
1973-03-09,121.9900,121.9900,121.9900,121.9900,0
1973-03-12,121.8600,121.8600,121.8600,121.8600,0
1973-03-13,122.0900,122.0900,122.0900,122.0900,0
1973-03-14,122.1000,122.1000,122.1000,122.1000,0
1973-03-15,121.6000,121.6000,121.6000,121.6000,0
1973-03-16,121.2200,121.2200,121.2200,121.2200,0
1973-03-19,119.9400,119.9400,119.9400,119.9400,0
1973-03-20,119.2600,119.2600,119.2600,119.2600,0
1973-03-21,117.8900,117.8900,117.8900,117.8900,0
1973-03-22,115.6900,115.6900,115.6900,115.6900,0
1973-03-23,115.4700,115.4700,115.4700,115.4700,0
1973-03-26,115.5400,115.5400,115.5400,115.5400,0
1973-03-27,116.8900,116.8900,116.8900,116.8900,0
1973-03-28,117.1400,117.1400,117.1400,117.1400,0
1973-03-29,118.1900,118.1900,118.1900,118.1900,0
1973-03-30,117.4600,117.4600,117.4600,117.4600,0
1973-04-02,115.7900,115.7900,115.7900,115.7900,0
1973-04-03,114.4700,114.4700,114.4700,114.4700,0
1973-04-04,112.8900,112.8900,112.8900,112.8900,0
1973-04-05,112.0200,112.0200,112.0200,112.0200,0
1973-04-06,113.2700,113.2700,113.2700,113.2700,0
1973-04-09,114.0100,114.0100,114.0100,114.0100,0
1973-04-10,114.8100,114.8100,114.8100,114.8100,0
1973-04-11,115.2900,115.2900,115.2900,115.2900,0
1973-04-12,115.5900,115.5900,115.5900,115.5900,0
1973-04-13,115.2200,115.2200,115.2200,115.2200,0
1973-04-16,114.5500,114.5500,114.5500,114.5500,0
1973-04-17,113.6400,113.6400,113.6400,113.6400,0
1973-04-18,113.7100,113.7100,113.7100,113.7100,0
1973-04-19,114.1500,114.1500,114.1500,114.1500,0
1973-04-23,113.0200,113.0200,113.0200,113.0200,0
1973-04-24,111.2300,111.2300,111.2300,111.2300,0
1973-04-25,109.3700,109.3700,109.3700,109.3700,0
1973-04-26,109.7200,109.7200,109.7200,109.7200,0
1973-04-27,108.4000,108.4000,108.4000,108.4000,0
1973-04-30,107.8500,107.8500,107.8500,107.8500,0
1973-05-01,107.9600,107.9600,107.9600,107.9600,0
1973-05-02,109.0500,109.0500,109.0500,109.0500,0
1973-05-03,109.8100,109.8100,109.8100,109.8100,0
1973-05-04,110.8900,110.8900,110.8900,110.8900,0
1973-05-07,110.4800,110.4800,110.4800,110.4800,0
1973-05-08,110.6700,110.6700,110.6700,110.6700,0
1973-05-09,110.5400,110.5400,110.5400,110.5400,0
1973-05-10,110.3200,110.3200,110.3200,110.3200,0
1973-05-11,109.1000,109.1000,109.1000,109.1000,0
1973-05-14,106.4600,106.4600,106.4600,106.4600,0
1973-05-15,106.1400,106.1400,106.1400,106.1400,0
1973-05-16,106.1000,106.1000,106.1000,106.1000,0
1973-05-17,105.1900,105.1900,105.1900,105.1900,0
1973-05-18,102.8900,102.8900,102.8900,102.8900,0
1973-05-21,100.7600,100.7600,100.7600,100.7600,0
1973-05-22,101.5900,101.5900,101.5900,101.5900,0
1973-05-23,102.0900,102.0900,102.0900,102.0900,0
1973-05-24,104.2700,104.2700,104.2700,104.2700,0
1973-05-25,105.1700,105.1700,105.1700,105.1700,0
1973-05-29,104.8500,104.8500,104.8500,104.8500,0
1973-05-30,103.1900,103.1900,103.1900,103.1900,0
1973-05-31,102.6400,102.6400,102.6400,102.6400,0
1973-06-01,102.3000,102.3000,102.3000,102.3000,0
1973-06-04,100.7700,100.7700,100.7700,100.7700,0
1973-06-05,101.7100,101.7100,101.7100,101.7100,0
1973-06-06,101.7000,101.7000,101.7000,101.7000,0
1973-06-07,102.5700,102.5700,102.5700,102.5700,0
1973-06-08,103.7200,103.7200,103.7200,103.7200,0
1973-06-11,103.0400,103.0400,103.0400,103.0400,0
1973-06-12,104.7900,104.7900,104.7900,104.7900,0
1973-06-13,104.3300,104.3300,104.3300,104.3300,0
1973-06-14,103.5600,103.5600,103.5600,103.5600,0
1973-06-15,102.2600,102.2600,102.2600,102.2600,0
1973-06-18,100.7700,100.7700,100.7700,100.7700,0
1973-06-19,100.9600,100.9600,100.9600,100.9600,0
1973-06-20,101.1900,101.1900,101.1900,101.1900,0
1973-06-21,100.4000,100.4000,100.4000,100.4000,0
1973-06-22,100.9900,100.9900,100.9900,100.9900,0
1973-06-25,99.4300,99.4300,99.4300,99.4300,0
1973-06-26,99.9600,99.9600,99.9600,99.9600,0
1973-06-27,100.2200,100.2200,100.2200,100.2200,0
1973-06-28,101.1600,101.1600,101.1600,101.1600,0
1973-06-29,100.9800,100.9800,100.9800,100.9800,0
1973-07-02,100.1500,100.1500,100.1500,100.1500,0
1973-07-03,99.4500,99.4500,99.4500,99.4500,0
1973-07-05,99.3900,99.3900,99.3900,99.3900,0
1973-07-06,99.4800,99.4800,99.4800,99.4800,0
1973-07-09,100.0100,100.0100,100.0100,100.0100,0
1973-07-10,101.1800,101.1800,101.1800,101.1800,0
1973-07-11,102.6900,102.6900,102.6900,102.6900,0
1973-07-12,103.1700,103.1700,103.1700,103.1700,0
1973-07-13,103.0300,103.0300,103.0300,103.0300,0
1973-07-16,103.9700,103.9700,103.9700,103.9700,0
1973-07-17,104.6400,104.6400,104.6400,104.6400,0
1973-07-18,105.7700,105.7700,105.7700,105.7700,0
1973-07-19,106.5200,106.5200,106.5200,106.5200,0
1973-07-20,107.6800,107.6800,107.6800,107.6800,0
1973-07-23,107.7500,107.7500,107.7500,107.7500,0
1973-07-24,108.2900,108.2900,108.2900,108.2900,0
1973-07-25,109.1900,109.1900,109.1900,109.1900,0
1973-07-26,109.1700,109.1700,109.1700,109.1700,0
1973-07-27,109.3600,109.3600,109.3600,109.3600,0
1973-07-30,108.8800,108.8800,108.8800,108.8800,0
1973-07-31,108.6400,108.6400,108.6400,108.6400,0
1973-08-01,107.1300,107.1300,107.1300,107.1300,0
1973-08-02,106.9800,106.9800,106.9800,106.9800,0
1973-08-03,106.8200,106.8200,106.8200,106.8200,0
1973-08-06,107.2100,107.2100,107.2100,107.2100,0
1973-08-07,107.3000,107.3000,107.3000,107.3000,0
1973-08-08,106.1300,106.1300,106.1300,106.1300,0
1973-08-09,106.1500,106.1500,106.1500,106.1500,0
1973-08-10,105.3200,105.3200,105.3200,105.3200,0
1973-08-13,104.3500,104.3500,104.3500,104.3500,0
1973-08-14,103.5900,103.5900,103.5900,103.5900,0
1973-08-15,103.3500,103.3500,103.3500,103.3500,0
1973-08-16,103.3100,103.3100,103.3100,103.3100,0
1973-08-17,103.7100,103.7100,103.7100,103.7100,0
1973-08-20,102.6700,102.6700,102.6700,102.6700,0
1973-08-21,102.1200,102.1200,102.1200,102.1200,0
1973-08-22,101.3400,101.3400,101.3400,101.3400,0
1973-08-23,102.5300,102.5300,102.5300,102.5300,0
1973-08-24,102.4000,102.4000,102.4000,102.4000,0
1973-08-27,102.9100,102.9100,102.9100,102.9100,0
1973-08-28,102.9900,102.9900,102.9900,102.9900,0
1973-08-29,103.7900,103.7900,103.7900,103.7900,0
1973-08-30,103.9900,103.9900,103.9900,103.9900,0
1973-08-31,104.8700,104.8700,104.8700,104.8700,0
1973-09-04,105.5000,105.5000,105.5000,105.5000,0
1973-09-05,106.0300,106.0300,106.0300,106.0300,0
1973-09-06,106.3600,106.3600,106.3600,106.3600,0
1973-09-07,107.0200,107.0200,107.0200,107.0200,0
1973-09-10,106.2500,106.2500,106.2500,106.2500,0
1973-09-11,105.7700,105.7700,105.7700,105.7700,0
1973-09-12,105.3300,105.3300,105.3300,105.3300,0
1973-09-13,105.6000,105.6000,105.6000,105.6000,0
1973-09-14,106.0700,106.0700,106.0700,106.0700,0
1973-09-17,106.2700,106.2700,106.2700,106.2700,0
1973-09-18,106.3000,106.3000,106.3000,106.3000,0
1973-09-19,107.9100,107.9100,107.9100,107.9100,0
1973-09-20,108.7600,108.7600,108.7600,108.7600,0
1973-09-21,109.4600,109.4600,109.4600,109.4600,0
1973-09-24,109.6900,109.6900,109.6900,109.6900,0
1973-09-25,109.8000,109.8000,109.8000,109.8000,0
1973-09-26,110.6200,110.6200,110.6200,110.6200,0
1973-09-27,111.2700,111.2700,111.2700,111.2700,0
1973-09-28,111.2000,111.2000,111.2000,111.2000,0
1973-10-01,110.9700,110.9700,110.9700,110.9700,0
1973-10-02,111.7600,111.7600,111.7600,111.7600,0
1973-10-03,112.1300,112.1300,112.1300,112.1300,0
1973-10-04,111.5100,111.5100,111.5100,111.5100,0
1973-10-05,112.5600,112.5600,112.5600,112.5600,0
1973-10-08,113.1700,113.1700,113.1700,113.1700,0
1973-10-09,113.0700,113.0700,113.0700,113.0700,0
1973-10-10,112.1700,112.1700,112.1700,112.1700,0
1973-10-11,113.5600,113.5600,113.5600,113.5600,0
1973-10-12,114.1000,114.1000,114.1000,114.1000,0
1973-10-15,113.1300,113.1300,113.1300,113.1300,0
1973-10-16,113.1400,113.1400,113.1400,113.1400,0
1973-10-17,112.6600,112.6600,112.6600,112.6600,0
1973-10-18,112.8200,112.8200,112.8200,112.8200,0
1973-10-19,113.2500,113.2500,113.2500,113.2500,0
1973-10-22,112.2900,112.2900,112.2900,112.2900,0
1973-10-23,111.8100,111.8100,111.8100,111.8100,0
1973-10-24,112.1300,112.1300,112.1300,112.1300,0
1973-10-25,112.3100,112.3100,112.3100,112.3100,0
1973-10-26,112.7900,112.7900,112.7900,112.7900,0
1973-10-29,112.0900,112.0900,112.0900,112.0900,0
1973-10-30,110.6300,110.6300,110.6300,110.6300,0
1973-10-31,110.1700,110.1700,110.1700,110.1700,0
1973-11-01,109.6200,109.6200,109.6200,109.6200,0
1973-11-02,108.9300,108.9300,108.9300,108.9300,0
1973-11-05,107.2100,107.2100,107.2100,107.2100,0
1973-11-06,106.2900,106.2900,106.2900,106.2900,0
1973-11-07,106.7200,106.7200,106.7200,106.7200,0
1973-11-08,107.3100,107.3100,107.3100,107.3100,0
1973-11-09,105.7700,105.7700,105.7700,105.7700,0
1973-11-12,105.0800,105.0800,105.0800,105.0800,0
1973-11-13,104.7400,104.7400,104.7400,104.7400,0
1973-11-14,101.9800,101.9800,101.9800,101.9800,0
1973-11-15,101.6300,101.6300,101.6300,101.6300,0
1973-11-16,101.3800,101.3800,101.3800,101.3800,0
1973-11-19,99.0000,99.0000,99.0000,99.0000,0
1973-11-20,96.5800,96.5800,96.5800,96.5800,0
1973-11-21,97.3200,97.3200,97.3200,97.3200,0
1973-11-23,97.3000,97.3000,97.3000,97.3000,0
1973-11-26,94.1300,94.1300,94.1300,94.1300,0
1973-11-27,93.0700,93.0700,93.0700,93.0700,0
1973-11-28,94.9400,94.9400,94.9400,94.9400,0
1973-11-29,94.6200,94.6200,94.6200,94.6200,0
1973-11-30,93.5100,93.5100,93.5100,93.5100,0
1973-12-03,91.9700,91.9700,91.9700,91.9700,0
1973-12-04,91.5600,91.5600,91.5600,91.5600,0
1973-12-05,89.7300,89.7300,89.7300,89.7300,0
1973-12-06,91.2700,91.2700,91.2700,91.2700,0
1973-12-07,92.3200,92.3200,92.3200,92.3200,0
1973-12-10,93.5400,93.5400,93.5400,93.5400,0
1973-12-11,92.2000,92.2000,92.2000,92.2000,0
1973-12-12,90.8100,90.8100,90.8100,90.8100,0
1973-12-13,89.1200,89.1200,89.1200,89.1200,0
1973-12-14,89.6300,89.6300,89.6300,89.6300,0
1973-12-17,89.1300,89.1300,89.1300,89.1300,0
1973-12-18,90.5600,90.5600,90.5600,90.5600,0
1973-12-19,90.2400,90.2400,90.2400,90.2400,0
1973-12-20,90.2700,90.2700,90.2700,90.2700,0
1973-12-21,89.5200,89.5200,89.5200,89.5200,0
1973-12-24,88.6700,88.6700,88.6700,88.6700,0
1973-12-26,90.1900,90.1900,90.1900,90.1900,0
1973-12-27,91.2500,91.2500,91.2500,91.2500,0
1973-12-28,91.6800,91.6800,91.6800,91.6800,0
1973-12-31,92.1900,92.1900,92.1900,92.1900,0
1974-01-02,92.5300,92.5300,92.5300,92.5300,0
1974-01-03,94.1800,94.1800,94.1800,94.1800,0
1974-01-04,94.1000,94.1000,94.1000,94.1000,0
1974-01-07,94.4700,94.4700,94.4700,94.4700,0
1974-01-08,94.0200,94.0200,94.0200,94.0200,0
1974-01-09,92.2000,92.2000,92.2000,92.2000,0
1974-01-10,91.4200,91.4200,91.4200,91.4200,0
1974-01-11,92.2300,92.2300,92.2300,92.2300,0
1974-01-14,92.4000,92.4000,92.4000,92.4000,0
1974-01-15,93.0700,93.0700,93.0700,93.0700,0
1974-01-16,94.4900,94.4900,94.4900,94.4900,0
1974-01-17,95.9500,95.9500,95.9500,95.9500,0
1974-01-18,95.3200,95.3200,95.3200,95.3200,0
1974-01-21,94.4800,94.4800,94.4800,94.4800,0
1974-01-22,95.2900,95.2900,95.2900,95.2900,0
1974-01-23,95.7600,95.7600,95.7600,95.7600,0
1974-01-24,95.6100,95.6100,95.6100,95.6100,0
1974-01-25,95.4000,95.4000,95.4000,95.4000,0
1974-01-28,95.0200,95.0200,95.0200,95.0200,0
1974-01-29,94.5600,94.5600,94.5600,94.5600,0
1974-01-30,95.1700,95.1700,95.1700,95.1700,0
1974-01-31,94.9300,94.9300,94.9300,94.9300,0
1974-02-01,94.1500,94.1500,94.1500,94.1500,0
1974-02-04,92.8900,92.8900,92.8900,92.8900,0
1974-02-05,92.4600,92.4600,92.4600,92.4600,0
1974-02-06,92.7400,92.7400,92.7400,92.7400,0
1974-02-07,92.8100,92.8100,92.8100,92.8100,0
1974-02-08,92.2000,92.2000,92.2000,92.2000,0
1974-02-11,91.1300,91.1300,91.1300,91.1300,0
1974-02-12,90.5000,90.5000,90.5000,90.5000,0
1974-02-13,90.0800,90.0800,90.0800,90.0800,0
1974-02-14,90.2100,90.2100,90.2100,90.2100,0
1974-02-15,90.9800,90.9800,90.9800,90.9800,0
1974-02-19,90.8200,90.8200,90.8200,90.8200,0
1974-02-20,91.5600,91.5600,91.5600,91.5600,0
1974-02-21,92.1700,92.1700,92.1700,92.1700,0
1974-02-22,92.9300,92.9300,92.9300,92.9300,0
1974-02-25,92.7200,92.7200,92.7200,92.7200,0
1974-02-26,93.1100,93.1100,93.1100,93.1100,0
1974-02-27,94.0600,94.0600,94.0600,94.0600,0
1974-02-28,94.3500,94.3500,94.3500,94.3500,0
1974-03-01,94.0500,94.0500,94.0500,94.0500,0
1974-03-04,93.8000,93.8000,93.8000,93.8000,0
1974-03-05,94.7100,94.7100,94.7100,94.7100,0
1974-03-06,95.1200,95.1200,95.1200,95.1200,0
1974-03-07,94.5300,94.5300,94.5300,94.5300,0
1974-03-08,95.1700,95.1700,95.1700,95.1700,0
1974-03-11,95.8700,95.8700,95.8700,95.8700,0
1974-03-12,95.8000,95.8000,95.8000,95.8000,0
1974-03-13,96.3300,96.3300,96.3300,96.3300,0
1974-03-14,96.5100,96.5100,96.5100,96.5100,0
1974-03-15,96.5300,96.5300,96.5300,96.5300,0
1974-03-18,95.3700,95.3700,95.3700,95.3700,0
1974-03-19,94.7500,94.7500,94.7500,94.7500,0
1974-03-20,94.9500,94.9500,94.9500,94.9500,0
1974-03-21,95.3600,95.3600,95.3600,95.3600,0
1974-03-22,95.4500,95.4500,95.4500,95.4500,0
1974-03-25,95.3500,95.3500,95.3500,95.3500,0
1974-03-26,95.2700,95.2700,95.2700,95.2700,0
1974-03-27,94.2100,94.2100,94.2100,94.2100,0
1974-03-28,92.8700,92.8700,92.8700,92.8700,0
1974-03-29,92.2700,92.2700,92.2700,92.2700,0
1974-04-01,91.9000,91.9000,91.9000,91.9000,0
1974-04-02,92.0300,92.0300,92.0300,92.0300,0
1974-04-03,92.1300,92.1300,92.1300,92.1300,0
1974-04-04,91.8800,91.8800,91.8800,91.8800,0
1974-04-05,90.7000,90.7000,90.7000,90.7000,0
1974-04-08,89.9200,89.9200,89.9200,89.9200,0
1974-04-09,90.1800,90.1800,90.1800,90.1800,0
1974-04-10,89.8700,89.8700,89.8700,89.8700,0
1974-04-11,89.7900,89.7900,89.7900,89.7900,0
1974-04-15,89.4200,89.4200,89.4200,89.4200,0
1974-04-16,90.3300,90.3300,90.3300,90.3300,0
1974-04-17,90.7200,90.7200,90.7200,90.7200,0
1974-04-18,90.9000,90.9000,90.9000,90.9000,0
1974-04-19,90.3100,90.3100,90.3100,90.3100,0
1974-04-22,90.2700,90.2700,90.2700,90.2700,0
1974-04-23,88.4700,88.4700,88.4700,88.4700,0
1974-04-24,86.9500,86.9500,86.9500,86.9500,0
1974-04-25,86.0400,86.0400,86.0400,86.0400,0
1974-04-26,86.2400,86.2400,86.2400,86.2400,0
1974-04-29,86.4600,86.4600,86.4600,86.4600,0
1974-04-30,86.8600,86.8600,86.8600,86.8600,0
1974-05-01,87.6300,87.6300,87.6300,87.6300,0
1974-05-02,87.9700,87.9700,87.9700,87.9700,0
1974-05-03,87.4700,87.4700,87.4700,87.4700,0
1974-05-06,87.3100,87.3100,87.3100,87.3100,0
1974-05-07,86.6600,86.6600,86.6600,86.6600,0
1974-05-08,85.7400,85.7400,85.7400,85.7400,0
1974-05-09,85.8100,85.8100,85.8100,85.8100,0
1974-05-10,84.3000,84.3000,84.3000,84.3000,0
1974-05-13,83.1800,83.1800,83.1800,83.1800,0
1974-05-14,83.1600,83.1600,83.1600,83.1600,0
1974-05-15,83.5100,83.5100,83.5100,83.5100,0
1974-05-16,83.5000,83.5000,83.5000,83.5000,0
1974-05-17,81.9300,81.9300,81.9300,81.9300,0
1974-05-20,81.4300,81.4300,81.4300,81.4300,0
1974-05-21,81.2900,81.2900,81.2900,81.2900,0
1974-05-22,80.7200,80.7200,80.7200,80.7200,0
1974-05-23,80.5500,80.5500,80.5500,80.5500,0
1974-05-24,81.4500,81.4500,81.4500,81.4500,0
1974-05-28,81.0600,81.0600,81.0600,81.0600,0
1974-05-29,79.7800,79.7800,79.7800,79.7800,0
1974-05-30,80.0900,80.0900,80.0900,80.0900,0
1974-05-31,80.2000,80.2000,80.2000,80.2000,0
1974-06-03,81.0800,81.0800,81.0800,81.0800,0
1974-06-04,81.7700,81.7700,81.7700,81.7700,0
1974-06-05,82.2100,82.2100,82.2100,82.2100,0
1974-06-06,83.2000,83.2000,83.2000,83.2000,0
1974-06-07,83.7100,83.7100,83.7100,83.7100,0
1974-06-10,83.9200,83.9200,83.9200,83.9200,0
1974-06-11,83.3400,83.3400,83.3400,83.3400,0
1974-06-12,83.1000,83.1000,83.1000,83.1000,0
1974-06-13,83.2400,83.2400,83.2400,83.2400,0
1974-06-14,82.7600,82.7600,82.7600,82.7600,0
1974-06-17,81.5400,81.5400,81.5400,81.5400,0
1974-06-18,81.2500,81.2500,81.2500,81.2500,0
1974-06-19,80.6600,80.6600,80.6600,80.6600,0
1974-06-20,79.8500,79.8500,79.8500,79.8500,0
1974-06-21,79.1100,79.1100,79.1100,79.1100,0
1974-06-24,78.8800,78.8800,78.8800,78.8800,0
1974-06-25,79.3500,79.3500,79.3500,79.3500,0
1974-06-26,78.2700,78.2700,78.2700,78.2700,0
1974-06-27,76.8300,76.8300,76.8300,76.8300,0
1974-06-28,75.9600,75.9600,75.9600,75.9600,0
1974-07-01,75.3900,75.3900,75.3900,75.3900,0
1974-07-02,73.8100,73.8100,73.8100,73.8100,0
1974-07-03,73.6600,73.6600,73.6600,73.6600,0
1974-07-05,73.5700,73.5700,73.5700,73.5700,0
1974-07-08,70.9600,70.9600,70.9600,70.9600,0
1974-07-09,70.5900,70.5900,70.5900,70.5900,0
1974-07-10,69.8200,69.8200,69.8200,69.8200,0
1974-07-11,69.9500,69.9500,69.9500,69.9500,0
1974-07-12,71.6800,71.6800,71.6800,71.6800,0
1974-07-15,71.9800,71.9800,71.9800,71.9800,0
1974-07-16,71.6300,71.6300,71.6300,71.6300,0
1974-07-17,72.7100,72.7100,72.7100,72.7100,0
1974-07-18,72.8100,72.8100,72.8100,72.8100,0
1974-07-19,73.4000,73.4000,73.4000,73.4000,0
1974-07-22,73.4200,73.4200,73.4200,73.4200,0
1974-07-23,74.4400,74.4400,74.4400,74.4400,0
1974-07-24,74.6300,74.6300,74.6300,74.6300,0
1974-07-25,73.5100,73.5100,73.5100,73.5100,0
1974-07-26,72.8300,72.8300,72.8300,72.8300,0
1974-07-29,71.4900,71.4900,71.4900,71.4900,0
1974-07-30,71.3000,71.3000,71.3000,71.3000,0
1974-07-31,69.9900,69.9900,69.9900,69.9900,0
1974-08-01,69.6300,69.6300,69.6300,69.6300,0
1974-08-02,69.4000,69.4000,69.4000,69.4000,0
1974-08-05,69.6700,69.6700,69.6700,69.6700,0
1974-08-06,70.5300,70.5300,70.5300,70.5300,0
1974-08-07,71.6800,71.6800,71.6800,71.6800,0
1974-08-08,70.6600,70.6600,70.6600,70.6600,0
1974-08-09,70.6900,70.6900,70.6900,70.6900,0
1974-08-12,70.3600,70.3600,70.3600,70.3600,0
1974-08-13,68.8200,68.8200,68.8200,68.8200,0
1974-08-14,67.2500,67.2500,67.2500,67.2500,0
1974-08-15,66.8800,66.8800,66.8800,66.8800,0
1974-08-16,65.8600,65.8600,65.8600,65.8600,0
1974-08-19,65.1300,65.1300,65.1300,65.1300,0
1974-08-20,65.7200,65.7200,65.7200,65.7200,0
1974-08-21,64.9200,64.9200,64.9200,64.9200,0
1974-08-22,63.5900,63.5900,63.5900,63.5900,0
1974-08-23,62.5700,62.5700,62.5700,62.5700,0
1974-08-26,62.9400,62.9400,62.9400,62.9400,0
1974-08-27,62.3400,62.3400,62.3400,62.3400,0
1974-08-28,62.4300,62.4300,62.4300,62.4300,0
1974-08-29,61.3700,61.3700,61.3700,61.3700,0
1974-08-30,62.3700,62.3700,62.3700,62.3700,0
1974-09-03,60.8800,60.8800,60.8800,60.8800,0
1974-09-04,58.9500,58.9500,58.9500,58.9500,0
1974-09-05,60.2200,60.2200,60.2200,60.2200,0
1974-09-06,60.7000,60.7000,60.7000,60.7000,0
1974-09-09,59.3700,59.3700,59.3700,59.3700,0
1974-09-10,58.9700,58.9700,58.9700,58.9700,0
1974-09-11,58.9600,58.9600,58.9600,58.9600,0
1974-09-12,57.7100,57.7100,57.7100,57.7100,0
1974-09-13,56.6600,56.6600,56.6600,56.6600,0
1974-09-16,57.2400,57.2400,57.2400,57.2400,0
1974-09-17,57.7200,57.7200,57.7200,57.7200,0
1974-09-18,58.1200,58.1200,58.1200,58.1200,0
1974-09-19,59.5200,59.5200,59.5200,59.5200,0
1974-09-20,59.9000,59.9000,59.9000,59.9000,0
1974-09-23,59.6600,59.6600,59.6600,59.6600,0
1974-09-24,58.8400,58.8400,58.8400,58.8400,0
1974-09-25,58.7600,58.7600,58.7600,58.7600,0
1974-09-26,57.8700,57.8700,57.8700,57.8700,0
1974-09-27,57.1200,57.1200,57.1200,57.1200,0
1974-09-30,55.6700,55.6700,55.6700,55.6700,0
1974-10-01,55.4800,55.4800,55.4800,55.4800,0
1974-10-02,55.6700,55.6700,55.6700,55.6700,0
1974-10-03,54.8700,54.8700,54.8700,54.8700,0
1974-10-04,55.1600,55.1600,55.1600,55.1600,0
1974-10-07,56.5700,56.5700,56.5700,56.5700,0
1974-10-08,56.1300,56.1300,56.1300,56.1300,0
1974-10-09,57.5700,57.5700,57.5700,57.5700,0
1974-10-10,59.1300,59.1300,59.1300,59.1300,0
1974-10-11,60.4200,60.4200,60.4200,60.4200,0
1974-10-14,61.7300,61.7300,61.7300,61.7300,0
1974-10-15,61.4000,61.4000,61.4000,61.4000,0
1974-10-16,61.1900,61.1900,61.1900,61.1900,0
1974-10-17,62.0400,62.0400,62.0400,62.0400,0
1974-10-18,62.7500,62.7500,62.7500,62.7500,0
1974-10-21,63.8200,63.8200,63.8200,63.8200,0
1974-10-22,64.1400,64.1400,64.1400,64.1400,0
1974-10-23,63.4000,63.4000,63.4000,63.4000,0
1974-10-24,62.6000,62.6000,62.6000,62.6000,0
1974-10-25,62.8800,62.8800,62.8800,62.8800,0
1974-10-28,62.5000,62.5000,62.5000,62.5000,0
1974-10-29,63.6700,63.6700,63.6700,63.6700,0
1974-10-30,64.8800,64.8800,64.8800,64.8800,0
1974-10-31,65.2300,65.2300,65.2300,65.2300,0
1974-11-01,65.0600,65.0600,65.0600,65.0600,0
1974-11-04,64.6200,64.6200,64.6200,64.6200,0
1974-11-05,65.9900,65.9900,65.9900,65.9900,0
1974-11-06,66.1100,66.1100,66.1100,66.1100,0
1974-11-07,66.6400,66.6400,66.6400,66.6400,0
1974-11-08,66.5100,66.5100,66.5100,66.5100,0
1974-11-11,66.7200,66.7200,66.7200,66.7200,0
1974-11-12,65.3600,65.3600,65.3600,65.3600,0
1974-11-13,64.9800,64.9800,64.9800,64.9800,0
1974-11-14,65.0400,65.0400,65.0400,65.0400,0
1974-11-15,64.4100,64.4100,64.4100,64.4100,0
1974-11-18,62.0900,62.0900,62.0900,62.0900,0
1974-11-19,60.9300,60.9300,60.9300,60.9300,0
1974-11-20,60.7500,60.7500,60.7500,60.7500,0
1974-11-21,61.4900,61.4900,61.4900,61.4900,0
1974-11-22,62.0700,62.0700,62.0700,62.0700,0
1974-11-25,61.6800,61.6800,61.6800,61.6800,0
1974-11-26,62.6500,62.6500,62.6500,62.6500,0
1974-11-27,62.8000,62.8000,62.8000,62.8000,0
1974-11-29,62.9500,62.9500,62.9500,62.9500,0
1974-12-02,61.6600,61.6600,61.6600,61.6600,0
1974-12-03,60.5000,60.5000,60.5000,60.5000,0
1974-12-04,60.4100,60.4100,60.4100,60.4100,0
1974-12-05,58.9200,58.9200,58.9200,58.9200,0
1974-12-06,58.2100,58.2100,58.2100,58.2100,0
1974-12-09,57.9100,57.9100,57.9100,57.9100,0
1974-12-10,58.7600,58.7600,58.7600,58.7600,0
1974-12-11,59.2700,59.2700,59.2700,59.2700,0
1974-12-12,59.3600,59.3600,59.3600,59.3600,0
1974-12-13,59.2200,59.2200,59.2200,59.2200,0
1974-12-16,58.8500,58.8500,58.8500,58.8500,0
1974-12-17,59.1800,59.1800,59.1800,59.1800,0
1974-12-18,59.6300,59.6300,59.6300,59.6300,0
1974-12-19,59.4600,59.4600,59.4600,59.4600,0
1974-12-20,58.6700,58.6700,58.6700,58.6700,0
1974-12-23,57.8600,57.8600,57.8600,57.8600,0
1974-12-24,58.3100,58.3100,58.3100,58.3100,0
1974-12-26,58.8800,58.8800,58.8800,58.8800,0
1974-12-27,58.7400,58.7400,58.7400,58.7400,0
1974-12-30,58.7800,58.7800,58.7800,58.7800,0
1974-12-31,59.8200,59.8200,59.8200,59.8200,0
1975-01-02,60.7000,60.7000,60.7000,60.7000,0
1975-01-03,61.2300,61.2300,61.2300,61.2300,0
1975-01-06,61.7400,61.7400,61.7400,61.7400,0
1975-01-07,61.8900,61.8900,61.8900,61.8900,0
1975-01-08,61.5000,61.5000,61.5000,61.5000,0
1975-01-09,62.3700,62.3700,62.3700,62.3700,0
1975-01-10,63.6900,63.6900,63.6900,63.6900,0
1975-01-13,63.3400,63.3400,63.3400,63.3400,0
1975-01-14,63.1100,63.1100,63.1100,63.1100,0
1975-01-15,63.8700,63.8700,63.8700,63.8700,0
1975-01-16,64.8000,64.8000,64.8000,64.8000,0
1975-01-17,64.4000,64.4000,64.4000,64.4000,0
1975-01-20,64.4400,64.4400,64.4400,64.4400,0
1975-01-21,64.1800,64.1800,64.1800,64.1800,0
1975-01-22,64.1200,64.1200,64.1200,64.1200,0
1975-01-23,64.4900,64.4900,64.4900,64.4900,0
1975-01-24,65.3800,65.3800,65.3800,65.3800,0
1975-01-27,67.0400,67.0400,67.0400,67.0400,0
1975-01-28,67.9200,67.9200,67.9200,67.9200,0
1975-01-29,69.0800,69.0800,69.0800,69.0800,0
1975-01-30,68.9900,68.9900,68.9900,68.9900,0
1975-01-31,69.7800,69.7800,69.7800,69.7800,0
1975-02-03,70.7300,70.7300,70.7300,70.7300,0
1975-02-04,70.1300,70.1300,70.1300,70.1300,0
1975-02-05,71.0700,71.0700,71.0700,71.0700,0
1975-02-06,71.4600,71.4600,71.4600,71.4600,0
1975-02-07,71.1200,71.1200,71.1200,71.1200,0
1975-02-10,70.8200,70.8200,70.8200,70.8200,0
1975-02-11,70.8300,70.8300,70.8300,70.8300,0
1975-02-12,71.5900,71.5900,71.5900,71.5900,0
1975-02-13,72.8800,72.8800,72.8800,72.8800,0
1975-02-14,73.2600,73.2600,73.2600,73.2600,0
1975-02-18,72.4700,72.4700,72.4700,72.4700,0
1975-02-19,72.8700,72.8700,72.8700,72.8700,0
1975-02-20,73.5800,73.5800,73.5800,73.5800,0
1975-02-21,73.7900,73.7900,73.7900,73.7900,0
1975-02-24,73.1400,73.1400,73.1400,73.1400,0
1975-02-25,72.0700,72.0700,72.0700,72.0700,0
1975-02-26,72.2400,72.2400,72.2400,72.2400,0
1975-02-27,72.5300,72.5300,72.5300,72.5300,0
1975-02-28,73.0000,73.0000,73.0000,73.0000,0
1975-03-03,73.8300,73.8300,73.8300,73.8300,0
1975-03-04,74.2100,74.2100,74.2100,74.2100,0
1975-03-05,73.9000,73.9000,73.9000,73.9000,0
1975-03-06,74.0300,74.0300,74.0300,74.0300,0
1975-03-07,74.4000,74.4000,74.4000,74.4000,0
1975-03-10,74.8800,74.8800,74.8800,74.8800,0
1975-03-11,75.0400,75.0400,75.0400,75.0400,0
1975-03-12,74.1300,74.1300,74.1300,74.1300,0
1975-03-13,74.6800,74.6800,74.6800,74.6800,0
1975-03-14,76.0700,76.0700,76.0700,76.0700,0
1975-03-17,76.2700,76.2700,76.2700,76.2700,0
1975-03-18,76.1800,76.1800,76.1800,76.1800,0
1975-03-19,75.6700,75.6700,75.6700,75.6700,0
1975-03-20,75.7800,75.7800,75.7800,75.7800,0
1975-03-21,75.9200,75.9200,75.9200,75.9200,0
1975-03-24,74.4200,74.4200,74.4200,74.4200,0
1975-03-25,74.3300,74.3300,74.3300,74.3300,0
1975-03-26,75.5600,75.5600,75.5600,75.5600,0
1975-03-27,76.1800,76.1800,76.1800,76.1800,0
1975-03-31,75.6600,75.6600,75.6600,75.6600,0
1975-04-01,75.4200,75.4200,75.4200,75.4200,0
1975-04-02,75.6200,75.6200,75.6200,75.6200,0
1975-04-03,74.9500,74.9500,74.9500,74.9500,0
1975-04-04,74.7300,74.7300,74.7300,74.7300,0
1975-04-07,74.3400,74.3400,74.3400,74.3400,0
1975-04-08,74.5300,74.5300,74.5300,74.5300,0
1975-04-09,75.4000,75.4000,75.4000,75.4000,0
1975-04-10,75.7600,75.7600,75.7600,75.7600,0
1975-04-11,76.3100,76.3100,76.3100,76.3100,0
1975-04-14,77.3300,77.3300,77.3300,77.3300,0
1975-04-15,77.5100,77.5100,77.5100,77.5100,0
1975-04-16,78.0000,78.0000,78.0000,78.0000,0
1975-04-17,78.2600,78.2600,78.2600,78.2600,0
1975-04-18,78.0800,78.0800,78.0800,78.0800,0
1975-04-21,79.0800,79.0800,79.0800,79.0800,0
1975-04-22,78.5400,78.5400,78.5400,78.5400,0
1975-04-23,78.2400,78.2400,78.2400,78.2400,0
1975-04-24,78.0700,78.0700,78.0700,78.0700,0
1975-04-25,78.6400,78.6400,78.6400,78.6400,0
1975-04-28,78.2800,78.2800,78.2800,78.2800,0
1975-04-29,77.8200,77.8200,77.8200,77.8200,0
1975-04-30,78.5400,78.5400,78.5400,78.5400,0
1975-05-01,79.2700,79.2700,79.2700,79.2700,0
1975-05-02,80.2500,80.2500,80.2500,80.2500,0
1975-05-05,81.1400,81.1400,81.1400,81.1400,0
1975-05-06,80.8100,80.8100,80.8100,80.8100,0
1975-05-07,81.3100,81.3100,81.3100,81.3100,0
1975-05-08,82.1200,82.1200,82.1200,82.1200,0
1975-05-09,82.8200,82.8200,82.8200,82.8200,0
1975-05-12,82.3000,82.3000,82.3000,82.3000,0
1975-05-13,82.3500,82.3500,82.3500,82.3500,0
1975-05-14,82.9100,82.9100,82.9100,82.9100,0
1975-05-15,82.7900,82.7900,82.7900,82.7900,0
1975-05-16,82.4400,82.4400,82.4400,82.4400,0
1975-05-19,81.9900,81.9900,81.9900,81.9900,0
1975-05-20,81.8200,81.8200,81.8200,81.8200,0
1975-05-21,80.9500,80.9500,80.9500,80.9500,0
1975-05-22,81.5600,81.5600,81.5600,81.5600,0
1975-05-23,82.6200,82.6200,82.6200,82.6200,0
1975-05-27,82.4900,82.4900,82.4900,82.4900,0
1975-05-28,81.9800,81.9800,81.9800,81.9800,0
1975-05-29,81.7800,81.7800,81.7800,81.7800,0
1975-05-30,83.1000,83.1000,83.1000,83.1000,0
1975-06-02,83.8800,83.8800,83.8800,83.8800,0
1975-06-03,84.1400,84.1400,84.1400,84.1400,0
1975-06-04,84.0400,84.0400,84.0400,84.0400,0
1975-06-05,84.2400,84.2400,84.2400,84.2400,0
1975-06-06,84.7700,84.7700,84.7700,84.7700,0
1975-06-09,84.0100,84.0100,84.0100,84.0100,0
1975-06-10,83.4000,83.4000,83.4000,83.4000,0
1975-06-11,83.6000,83.6000,83.6000,83.6000,0
1975-06-12,82.9900,82.9900,82.9900,82.9900,0
1975-06-13,83.4300,83.4300,83.4300,83.4300,0
1975-06-16,84.0100,84.0100,84.0100,84.0100,0
1975-06-17,83.4300,83.4300,83.4300,83.4300,0
1975-06-18,83.4700,83.4700,83.4700,83.4700,0
1975-06-19,84.5500,84.5500,84.5500,84.5500,0
1975-06-20,85.2400,85.2400,85.2400,85.2400,0
1975-06-23,85.7700,85.7700,85.7700,85.7700,0
1975-06-24,86.2300,86.2300,86.2300,86.2300,0
1975-06-25,86.3000,86.3000,86.3000,86.3000,0
1975-06-26,86.4500,86.4500,86.4500,86.4500,0
1975-06-27,86.5000,86.5000,86.5000,86.5000,0
1975-06-30,87.0200,87.0200,87.0200,87.0200,0
1975-07-01,86.3300,86.3300,86.3300,86.3300,0
1975-07-02,85.6400,85.6400,85.6400,85.6400,0
1975-07-03,86.2000,86.2000,86.2000,86.2000,0
1975-07-07,85.6000,85.6000,85.6000,85.6000,0
1975-07-08,85.3900,85.3900,85.3900,85.3900,0
1975-07-09,86.5000,86.5000,86.5000,86.5000,0
1975-07-10,86.8300,86.8300,86.8300,86.8300,0
1975-07-11,87.2000,87.2000,87.2000,87.2000,0
1975-07-14,87.5800,87.5800,87.5800,87.5800,0
1975-07-15,88.0000,88.0000,88.0000,88.0000,0
1975-07-16,87.3900,87.3900,87.3900,87.3900,0
1975-07-17,87.1300,87.1300,87.1300,87.1300,0
1975-07-18,87.0200,87.0200,87.0200,87.0200,0
1975-07-21,86.7700,86.7700,86.7700,86.7700,0
1975-07-22,85.7200,85.7200,85.7200,85.7200,0
1975-07-23,84.6200,84.6200,84.6200,84.6200,0
1975-07-24,84.1400,84.1400,84.1400,84.1400,0
1975-07-25,83.6000,83.6000,83.6000,83.6000,0
1975-07-28,83.0900,83.0900,83.0900,83.0900,0
1975-07-29,82.6700,82.6700,82.6700,82.6700,0
1975-07-30,83.0300,83.0300,83.0300,83.0300,0
1975-07-31,83.1900,83.1900,83.1900,83.1900,0
1975-08-01,81.6200,81.6200,81.6200,81.6200,0
1975-08-04,80.9800,80.9800,80.9800,80.9800,0
1975-08-05,80.1700,80.1700,80.1700,80.1700,0
1975-08-06,80.2400,80.2400,80.2400,80.2400,0
1975-08-07,79.5900,79.5900,79.5900,79.5900,0
1975-08-08,79.5500,79.5500,79.5500,79.5500,0
1975-08-11,79.4500,79.4500,79.4500,79.4500,0
1975-08-12,79.6000,79.6000,79.6000,79.6000,0
1975-08-13,79.0900,79.0900,79.0900,79.0900,0
1975-08-14,78.4500,78.4500,78.4500,78.4500,0
1975-08-15,78.5800,78.5800,78.5800,78.5800,0
1975-08-18,78.0300,78.0300,78.0300,78.0300,0
1975-08-19,76.6500,76.6500,76.6500,76.6500,0
1975-08-20,75.5200,75.5200,75.5200,75.5200,0
1975-08-21,75.9000,75.9000,75.9000,75.9000,0
1975-08-22,76.4500,76.4500,76.4500,76.4500,0
1975-08-25,76.8400,76.8400,76.8400,76.8400,0
1975-08-26,76.2100,76.2100,76.2100,76.2100,0
1975-08-27,76.5700,76.5700,76.5700,76.5700,0
1975-08-28,78.0600,78.0600,78.0600,78.0600,0
1975-08-29,79.0100,79.0100,79.0100,79.0100,0
1975-09-02,77.8900,77.8900,77.8900,77.8900,0
1975-09-03,78.0800,78.0800,78.0800,78.0800,0
1975-09-04,78.1300,78.1300,78.1300,78.1300,0
1975-09-05,77.7800,77.7800,77.7800,77.7800,0
1975-09-08,77.4600,77.4600,77.4600,77.4600,0
1975-09-09,76.6000,76.6000,76.6000,76.6000,0
1975-09-10,75.2400,75.2400,75.2400,75.2400,0
1975-09-11,74.8500,74.8500,74.8500,74.8500,0
1975-09-12,74.7200,74.7200,74.7200,74.7200,0
1975-09-15,74.4700,74.4700,74.4700,74.4700,0
1975-09-16,73.7800,73.7800,73.7800,73.7800,0
1975-09-17,73.8700,73.8700,73.8700,73.8700,0
1975-09-18,74.7800,74.7800,74.7800,74.7800,0
1975-09-19,76.3900,76.3900,76.3900,76.3900,0
1975-09-22,75.8600,75.8600,75.8600,75.8600,0
1975-09-23,75.9400,75.9400,75.9400,75.9400,0
1975-09-24,76.4300,76.4300,76.4300,76.4300,0
1975-09-25,76.1000,76.1000,76.1000,76.1000,0
1975-09-26,76.1400,76.1400,76.1400,76.1400,0
1975-09-29,75.3700,75.3700,75.3700,75.3700,0
1975-09-30,74.3300,74.3300,74.3300,74.3300,0
1975-10-01,73.8000,73.8000,73.8000,73.8000,0
1975-10-02,74.1600,74.1600,74.1600,74.1600,0
1975-10-03,75.5000,75.5000,75.5000,75.5000,0
1975-10-06,76.0300,76.0300,76.0300,76.0300,0
1975-10-07,75.8800,75.8800,75.8800,75.8800,0
1975-10-08,76.6100,76.6100,76.6100,76.6100,0
1975-10-09,76.8700,76.8700,76.8700,76.8700,0
1975-10-10,76.9600,76.9600,76.9600,76.9600,0
1975-10-13,77.7000,77.7000,77.7000,77.7000,0
1975-10-14,78.1900,78.1900,78.1900,78.1900,0
1975-10-15,78.2000,78.2000,78.2000,78.2000,0
1975-10-16,78.2200,78.2200,78.2200,78.2200,0
1975-10-17,77.6300,77.6300,77.6300,77.6300,0
1975-10-20,78.1300,78.1300,78.1300,78.1300,0
1975-10-21,78.4300,78.4300,78.4300,78.4300,0
1975-10-22,78.9100,78.9100,78.9100,78.9100,0
1975-10-23,78.0600,78.0600,78.0600,78.0600,0
1975-10-24,78.6200,78.6200,78.6200,78.6200,0
1975-10-27,78.2900,78.2900,78.2900,78.2900,0
1975-10-28,78.7300,78.7300,78.7300,78.7300,0
1975-10-29,77.5800,77.5800,77.5800,77.5800,0
1975-10-30,77.4500,77.4500,77.4500,77.4500,0
1975-10-31,76.9900,76.9900,76.9900,76.9900,0
1975-11-03,76.6200,76.6200,76.6200,76.6200,0
1975-11-04,76.8600,76.8600,76.8600,76.8600,0
1975-11-05,77.3000,77.3000,77.3000,77.3000,0
1975-11-06,77.3900,77.3900,77.3900,77.3900,0
1975-11-07,77.2100,77.2100,77.2100,77.2100,0
1975-11-10,77.4600,77.4600,77.4600,77.4600,0
1975-11-11,78.0000,78.0000,78.0000,78.0000,0
1975-11-12,79.2700,79.2700,79.2700,79.2700,0
1975-11-13,79.2200,79.2200,79.2200,79.2200,0
1975-11-14,78.9800,78.9800,78.9800,78.9800,0
1975-11-17,79.1000,79.1000,79.1000,79.1000,0
1975-11-18,78.6200,78.6200,78.6200,78.6200,0
1975-11-19,77.8700,77.8700,77.8700,77.8700,0
1975-11-20,77.6700,77.6700,77.6700,77.6700,0
1975-11-21,77.7400,77.7400,77.7400,77.7400,0
1975-11-24,77.9200,77.9200,77.9200,77.9200,0
1975-11-25,78.1800,78.1800,78.1800,78.1800,0
1975-11-26,78.5600,78.5600,78.5600,78.5600,0
1975-11-28,78.8000,78.8000,78.8000,78.8000,0
1975-12-01,78.6600,78.6600,78.6600,78.6600,0
1975-12-02,77.3300,77.3300,77.3300,77.3300,0
1975-12-03,75.6700,75.6700,75.6700,75.6700,0
1975-12-04,75.2000,75.2000,75.2000,75.2000,0
1975-12-05,74.7200,74.7200,74.7200,74.7200,0
1975-12-08,74.9200,74.9200,74.9200,74.9200,0
1975-12-09,74.5200,74.5200,74.5200,74.5200,0
1975-12-10,75.2500,75.2500,75.2500,75.2500,0
1975-12-11,75.0800,75.0800,75.0800,75.0800,0
1975-12-12,74.9100,74.9100,74.9100,74.9100,0
1975-12-15,74.5400,74.5400,74.5400,74.5400,0
1975-12-16,75.1900,75.1900,75.1900,75.1900,0
1975-12-17,75.8000,75.8000,75.8000,75.8000,0
1975-12-18,76.0700,76.0700,76.0700,76.0700,0
1975-12-19,75.9200,75.9200,75.9200,75.9200,0
1975-12-22,75.5900,75.5900,75.5900,75.5900,0
1975-12-23,75.8800,75.8800,75.8800,75.8800,0
1975-12-24,76.3700,76.3700,76.3700,76.3700,0
1975-12-26,77.1300,77.1300,77.1300,77.1300,0
1975-12-29,76.9400,76.9400,76.9400,76.9400,0
1975-12-30,76.6700,76.6700,76.6700,76.6700,0
1975-12-31,77.6200,77.6200,77.6200,77.6200,0
1976-01-02,78.0600,78.0600,78.0600,78.0600,0
1976-01-05,78.7600,78.7600,78.7600,78.7600,0
1976-01-06,80.2700,80.2700,80.2700,80.2700,0
1976-01-07,80.9900,80.9900,80.9900,80.9900,0
1976-01-08,81.6500,81.6500,81.6500,81.6500,0
1976-01-09,82.3100,82.3100,82.3100,82.3100,0
1976-01-12,82.7100,82.7100,82.7100,82.7100,0
1976-01-13,82.4200,82.4200,82.4200,82.4200,0
1976-01-14,83.6200,83.6200,83.6200,83.6200,0
1976-01-15,83.7300,83.7300,83.7300,83.7300,0
1976-01-16,84.3000,84.3000,84.3000,84.3000,0
1976-01-19,84.7300,84.7300,84.7300,84.7300,0
1976-01-20,84.9000,84.9000,84.9000,84.9000,0
1976-01-21,84.9500,84.9500,84.9500,84.9500,0
1976-01-22,84.6200,84.6200,84.6200,84.6200,0
1976-01-23,85.2600,85.2600,85.2600,85.2600,0
1976-01-26,85.0500,85.0500,85.0500,85.0500,0
1976-01-27,84.7600,84.7600,84.7600,84.7600,0
1976-01-28,84.6300,84.6300,84.6300,84.6300,0
1976-01-29,86.1500,86.1500,86.1500,86.1500,0
1976-01-30,87.0500,87.0500,87.0500,87.0500,0
1976-02-02,87.2800,87.2800,87.2800,87.2800,0
1976-02-03,87.3800,87.3800,87.3800,87.3800,0
1976-02-04,88.4500,88.4500,88.4500,88.4500,0
1976-02-05,88.0200,88.0200,88.0200,88.0200,0
1976-02-06,87.2500,87.2500,87.2500,87.2500,0
1976-02-09,87.8300,87.8300,87.8300,87.8300,0
1976-02-10,87.9500,87.9500,87.9500,87.9500,0
1976-02-11,88.6900,88.6900,88.6900,88.6900,0
1976-02-12,88.8800,88.8800,88.8800,88.8800,0
1976-02-13,88.9600,88.9600,88.9600,88.9600,0
1976-02-17,88.8200,88.8200,88.8200,88.8200,0
1976-02-18,89.2300,89.2300,89.2300,89.2300,0
1976-02-19,90.1400,90.1400,90.1400,90.1400,0
1976-02-20,91.0200,91.0200,91.0200,91.0200,0
1976-02-23,91.3100,91.3100,91.3100,91.3100,0
1976-02-24,91.7300,91.7300,91.7300,91.7300,0
1976-02-25,92.0900,92.0900,92.0900,92.0900,0
1976-02-26,91.4500,91.4500,91.4500,91.4500,0
1976-02-27,90.2600,90.2600,90.2600,90.2600,0
1976-03-01,90.2500,90.2500,90.2500,90.2500,0
1976-03-02,90.5400,90.5400,90.5400,90.5400,0
1976-03-03,90.1700,90.1700,90.1700,90.1700,0
1976-03-04,89.6500,89.6500,89.6500,89.6500,0
1976-03-05,89.4700,89.4700,89.4700,89.4700,0
1976-03-08,89.9700,89.9700,89.9700,89.9700,0
1976-03-09,89.9800,89.9800,89.9800,89.9800,0
1976-03-10,90.2000,90.2000,90.2000,90.2000,0
1976-03-11,91.2100,91.2100,91.2100,91.2100,0
1976-03-12,90.9900,90.9900,90.9900,90.9900,0
1976-03-15,89.7200,89.7200,89.7200,89.7200,0
1976-03-16,89.8600,89.8600,89.8600,89.8600,0
1976-03-17,90.1100,90.1100,90.1100,90.1100,0
1976-03-18,89.5500,89.5500,89.5500,89.5500,0
1976-03-19,89.5400,89.5400,89.5400,89.5400,0
1976-03-22,89.6900,89.6900,89.6900,89.6900,0
1976-03-23,90.3600,90.3600,90.3600,90.3600,0
1976-03-24,90.9300,90.9300,90.9300,90.9300,0
1976-03-25,90.6700,90.6700,90.6700,90.6700,0
1976-03-26,90.8900,90.8900,90.8900,90.8900,0
1976-03-29,90.6900,90.6900,90.6900,90.6900,0
1976-03-30,90.4900,90.4900,90.4900,90.4900,0
1976-03-31,90.6200,90.6200,90.6200,90.6200,0
1976-04-01,90.4400,90.4400,90.4400,90.4400,0
1976-04-02,90.6300,90.6300,90.6300,90.6300,0
1976-04-05,91.4300,91.4300,91.4300,91.4300,0
1976-04-06,91.5500,91.5500,91.5500,91.5500,0
1976-04-07,90.8000,90.8000,90.8000,90.8000,0
1976-04-08,90.0400,90.0400,90.0400,90.0400,0
1976-04-09,88.8900,88.8900,88.8900,88.8900,0
1976-04-12,88.6000,88.6000,88.6000,88.6000,0
1976-04-13,88.6600,88.6600,88.6600,88.6600,0
1976-04-14,88.7500,88.7500,88.7500,88.7500,0
1976-04-15,89.1700,89.1700,89.1700,89.1700,0
1976-04-19,89.5900,89.5900,89.5900,89.5900,0
1976-04-20,90.6100,90.6100,90.6100,90.6100,0
1976-04-21,90.7700,90.7700,90.7700,90.7700,0
1976-04-22,90.9600,90.9600,90.9600,90.9600,0
1976-04-23,90.6000,90.6000,90.6000,90.6000,0
1976-04-26,90.5700,90.5700,90.5700,90.5700,0
1976-04-27,89.9800,89.9800,89.9800,89.9800,0
1976-04-28,90.3000,90.3000,90.3000,90.3000,0
1976-04-29,90.5500,90.5500,90.5500,90.5500,0
1976-04-30,90.0800,90.0800,90.0800,90.0800,0
1976-05-03,89.0500,89.0500,89.0500,89.0500,0
1976-05-04,89.2400,89.2400,89.2400,89.2400,0
1976-05-05,89.2400,89.2400,89.2400,89.2400,0
1976-05-06,89.4200,89.4200,89.4200,89.4200,0
1976-05-07,90.0200,90.0200,90.0200,90.0200,0
1976-05-10,90.5500,90.5500,90.5500,90.5500,0
1976-05-11,90.5900,90.5900,90.5900,90.5900,0
1976-05-12,90.6400,90.6400,90.6400,90.6400,0
1976-05-13,90.2200,90.2200,90.2200,90.2200,0
1976-05-14,89.7800,89.7800,89.7800,89.7800,0
1976-05-17,89.4900,89.4900,89.4900,89.4900,0
1976-05-18,89.5300,89.5300,89.5300,89.5300,0
1976-05-19,89.2500,89.2500,89.2500,89.2500,0
1976-05-20,89.5300,89.5300,89.5300,89.5300,0
1976-05-21,89.3900,89.3900,89.3900,89.3900,0
1976-05-24,88.1500,88.1500,88.1500,88.1500,0
1976-05-25,87.8100,87.8100,87.8100,87.8100,0
1976-05-26,88.1000,88.1000,88.1000,88.1000,0
1976-05-27,87.7800,87.7800,87.7800,87.7800,0
1976-05-28,88.0400,88.0400,88.0400,88.0400,0
1976-06-01,87.8100,87.8100,87.8100,87.8100,0
1976-06-02,88.1600,88.1600,88.1600,88.1600,0
1976-06-03,88.2600,88.2600,88.2600,88.2600,0
1976-06-04,87.7500,87.7500,87.7500,87.7500,0
1976-06-07,87.2200,87.2200,87.2200,87.2200,0
1976-06-08,87.1200,87.1200,87.1200,87.1200,0
1976-06-09,86.9500,86.9500,86.9500,86.9500,0
1976-06-10,87.3100,87.3100,87.3100,87.3100,0
1976-06-11,87.7100,87.7100,87.7100,87.7100,0
1976-06-14,88.4000,88.4000,88.4000,88.4000,0
1976-06-15,88.4500,88.4500,88.4500,88.4500,0
1976-06-16,88.9300,88.9300,88.9300,88.9300,0
1976-06-17,89.7200,89.7200,89.7200,89.7200,0
1976-06-18,90.0500,90.0500,90.0500,90.0500,0
1976-06-21,90.1500,90.1500,90.1500,90.1500,0
1976-06-22,89.5400,89.5400,89.5400,89.5400,0
1976-06-23,89.1900,89.1900,89.1900,89.1900,0
1976-06-24,89.8000,89.8000,89.8000,89.8000,0
1976-06-25,90.0500,90.0500,90.0500,90.0500,0
1976-06-28,89.8700,89.8700,89.8700,89.8700,0
1976-06-29,90.1100,90.1100,90.1100,90.1100,0
1976-06-30,90.3200,90.3200,90.3200,90.3200,0
1976-07-01,90.2800,90.2800,90.2800,90.2800,0
1976-07-02,90.8800,90.8800,90.8800,90.8800,0
1976-07-06,90.6200,90.6200,90.6200,90.6200,0
1976-07-07,90.6000,90.6000,90.6000,90.6000,0
1976-07-08,90.7900,90.7900,90.7900,90.7900,0
1976-07-09,91.4800,91.4800,91.4800,91.4800,0
1976-07-12,91.9400,91.9400,91.9400,91.9400,0
1976-07-13,91.9700,91.9700,91.9700,91.9700,0
1976-07-14,92.4400,92.4400,92.4400,92.4400,0
1976-07-15,92.5200,92.5200,92.5200,92.5200,0
1976-07-16,92.4000,92.4000,92.4000,92.4000,0
1976-07-19,92.0800,92.0800,92.0800,92.0800,0
1976-07-20,91.6800,91.6800,91.6800,91.6800,0
1976-07-21,91.5300,91.5300,91.5300,91.5300,0
1976-07-22,91.6600,91.6600,91.6600,91.6600,0
1976-07-23,91.6000,91.6000,91.6000,91.6000,0
1976-07-26,91.4800,91.4800,91.4800,91.4800,0
1976-07-27,91.3000,91.3000,91.3000,91.3000,0
1976-07-28,91.0100,91.0100,91.0100,91.0100,0
1976-07-29,90.8500,90.8500,90.8500,90.8500,0
1976-07-30,91.2900,91.2900,91.2900,91.2900,0
1976-08-02,91.2700,91.2700,91.2700,91.2700,0
1976-08-03,92.0100,92.0100,92.0100,92.0100,0
1976-08-04,91.8700,91.8700,91.8700,91.8700,0
1976-08-05,91.4800,91.4800,91.4800,91.4800,0
1976-08-06,91.6400,91.6400,91.6400,91.6400,0
1976-08-09,91.3300,91.3300,91.3300,91.3300,0
1976-08-10,91.8900,91.8900,91.8900,91.8900,0
1976-08-11,91.8100,91.8100,91.8100,91.8100,0
1976-08-12,91.8900,91.8900,91.8900,91.8900,0
1976-08-13,91.8100,91.8100,91.8100,91.8100,0
1976-08-16,91.7700,91.7700,91.7700,91.7700,0
1976-08-17,92.0100,92.0100,92.0100,92.0100,0
1976-08-18,91.8500,91.8500,91.8500,91.8500,0
1976-08-19,90.7400,90.7400,90.7400,90.7400,0
1976-08-20,90.1900,90.1900,90.1900,90.1900,0
1976-08-23,89.6000,89.6000,89.6000,89.6000,0
1976-08-24,89.1300,89.1300,89.1300,89.1300,0
1976-08-25,89.5500,89.5500,89.5500,89.5500,0
1976-08-26,89.2000,89.2000,89.2000,89.2000,0
1976-08-27,89.1400,89.1400,89.1400,89.1400,0
1976-08-30,89.2800,89.2800,89.2800,89.2800,0
1976-08-31,89.7000,89.7000,89.7000,89.7000,0
1976-09-01,90.5900,90.5900,90.5900,90.5900,0
1976-09-02,90.6800,90.6800,90.6800,90.6800,0
1976-09-03,91.0200,91.0200,91.0200,91.0200,0
1976-09-07,91.2100,91.2100,91.2100,91.2100,0
1976-09-08,91.2600,91.2600,91.2600,91.2600,0
1976-09-09,90.8600,90.8600,90.8600,90.8600,0
1976-09-10,91.1900,91.1900,91.1900,91.1900,0
1976-09-13,90.9600,90.9600,90.9600,90.9600,0
1976-09-14,90.5300,90.5300,90.5300,90.5300,0
1976-09-15,90.6300,90.6300,90.6300,90.6300,0
1976-09-16,91.0400,91.0400,91.0400,91.0400,0
1976-09-17,91.6100,91.6100,91.6100,91.6100,0
1976-09-20,91.8900,91.8900,91.8900,91.8900,0
1976-09-21,92.4200,92.4200,92.4200,92.4200,0
1976-09-22,92.4400,92.4400,92.4400,92.4400,0
1976-09-23,92.2700,92.2700,92.2700,92.2700,0
1976-09-24,92.3100,92.3100,92.3100,92.3100,0
1976-09-27,92.4400,92.4400,92.4400,92.4400,0
1976-09-28,91.6400,91.6400,91.6400,91.6400,0
1976-09-29,91.2700,91.2700,91.2700,91.2700,0
1976-09-30,91.2600,91.2600,91.2600,91.2600,0
1976-10-01,90.4400,90.4400,90.4400,90.4400,0
1976-10-04,90.4600,90.4600,90.4600,90.4600,0
1976-10-05,89.7500,89.7500,89.7500,89.7500,0
1976-10-06,89.0700,89.0700,89.0700,89.0700,0
1976-10-07,89.6300,89.6300,89.6300,89.6300,0
1976-10-08,89.3800,89.3800,89.3800,89.3800,0
1976-10-11,89.0200,89.0200,89.0200,89.0200,0
1976-10-12,88.7600,88.7600,88.7600,88.7600,0
1976-10-13,89.3000,89.3000,89.3000,89.3000,0
1976-10-14,88.7300,88.7300,88.7300,88.7300,0
1976-10-15,89.0600,89.0600,89.0600,89.0600,0
1976-10-18,89.4600,89.4600,89.4600,89.4600,0
1976-10-19,89.4500,89.4500,89.4500,89.4500,0
1976-10-20,89.6300,89.6300,89.6300,89.6300,0
1976-10-21,89.4900,89.4900,89.4900,89.4900,0
1976-10-22,89.2600,89.2600,89.2600,89.2600,0
1976-10-25,89.3700,89.3700,89.3700,89.3700,0
1976-10-26,89.4200,89.4200,89.4200,89.4200,0
1976-10-27,89.6200,89.6200,89.6200,89.6200,0
1976-10-28,89.8500,89.8500,89.8500,89.8500,0
1976-10-29,90.3500,90.3500,90.3500,90.3500,0
1976-11-01,90.3900,90.3900,90.3900,90.3900,0
1976-11-03,89.3800,89.3800,89.3800,89.3800,0
1976-11-04,90.0600,90.0600,90.0600,90.0600,0
1976-11-05,89.4700,89.4700,89.4700,89.4700,0
1976-11-08,88.7400,88.7400,88.7400,88.7400,0
1976-11-09,88.0800,88.0800,88.0800,88.0800,0
1976-11-10,87.8200,87.8200,87.8200,87.8200,0
1976-11-11,88.1500,88.1500,88.1500,88.1500,0
1976-11-12,88.1000,88.1000,88.1000,88.1000,0
1976-11-15,88.1300,88.1300,88.1300,88.1300,0
1976-11-16,88.5200,88.5200,88.5200,88.5200,0
1976-11-17,89.0100,89.0100,89.0100,89.0100,0
1976-11-18,89.8100,89.8100,89.8100,89.8100,0
1976-11-19,89.9700,89.9700,89.9700,89.9700,0
1976-11-22,90.4700,90.4700,90.4700,90.4700,0
1976-11-23,90.2200,90.2200,90.2200,90.2200,0
1976-11-24,90.6900,90.6900,90.6900,90.6900,0
1976-11-26,91.4200,91.4200,91.4200,91.4200,0
1976-11-29,91.0800,91.0800,91.0800,91.0800,0
1976-11-30,91.1200,91.1200,91.1200,91.1200,0
1976-12-01,91.8300,91.8300,91.8300,91.8300,0
1976-12-02,91.8400,91.8400,91.8400,91.8400,0
1976-12-03,92.3100,92.3100,92.3100,92.3100,0
1976-12-06,92.6300,92.6300,92.6300,92.6300,0
1976-12-07,93.0100,93.0100,93.0100,93.0100,0
1976-12-08,93.3700,93.3700,93.3700,93.3700,0
1976-12-09,94.1000,94.1000,94.1000,94.1000,0
1976-12-10,94.6200,94.6200,94.6200,94.6200,0
1976-12-13,94.6200,94.6200,94.6200,94.6200,0
1976-12-14,94.6500,94.6500,94.6500,94.6500,0
1976-12-15,94.9200,94.9200,94.9200,94.9200,0
1976-12-16,94.9300,94.9300,94.9300,94.9300,0
1976-12-17,94.6400,94.6400,94.6400,94.6400,0
1976-12-20,94.4700,94.4700,94.4700,94.4700,0
1976-12-21,94.6800,94.6800,94.6800,94.6800,0
1976-12-22,95.1800,95.1800,95.1800,95.1800,0
1976-12-23,95.2200,95.2200,95.2200,95.2200,0
1976-12-27,95.6800,95.6800,95.6800,95.6800,0
1976-12-28,96.2200,96.2200,96.2200,96.2200,0
1976-12-29,96.2900,96.2900,96.2900,96.2900,0
1976-12-30,97.0500,97.0500,97.0500,97.0500,0
1976-12-31,97.8800,97.8800,97.8800,97.8800,0
1977-01-03,97.6900,97.6900,97.6900,97.6900,0
1977-01-04,97.2200,97.2200,97.2200,97.2200,0
1977-01-05,96.8900,96.8900,96.8900,96.8900,0
1977-01-06,97.2900,97.2900,97.2900,97.2900,0
1977-01-07,97.5300,97.5300,97.5300,97.5300,0
1977-01-10,97.3100,97.3100,97.3100,97.3100,0
1977-01-11,96.4100,96.4100,96.4100,96.4100,0
1977-01-12,96.0200,96.0200,96.0200,96.0200,0
1977-01-13,96.8400,96.8400,96.8400,96.8400,0
1977-01-14,97.2000,97.2000,97.2000,97.2000,0
1977-01-17,97.1400,97.1400,97.1400,97.1400,0
1977-01-18,97.1300,97.1300,97.1300,97.1300,0
1977-01-19,97.5500,97.5500,97.5500,97.5500,0
1977-01-20,97.0800,97.0800,97.0800,97.0800,0
1977-01-21,97.3200,97.3200,97.3200,97.3200,0
1977-01-24,97.3700,97.3700,97.3700,97.3700,0
1977-01-25,97.0600,97.0600,97.0600,97.0600,0
1977-01-26,96.5100,96.5100,96.5100,96.5100,0
1977-01-27,96.0400,96.0400,96.0400,96.0400,0
1977-01-28,95.7200,95.7200,95.7200,95.7200,0
1977-01-31,95.5400,95.5400,95.5400,95.5400,0
1977-02-01,96.3000,96.3000,96.3000,96.3000,0
1977-02-02,96.4600,96.4600,96.4600,96.4600,0
1977-02-03,96.3300,96.3300,96.3300,96.3300,0
1977-02-04,96.7400,96.7400,96.7400,96.7400,0
1977-02-07,96.6100,96.6100,96.6100,96.6100,0
1977-02-08,96.5900,96.5900,96.5900,96.5900,0
1977-02-09,95.9900,95.9900,95.9900,95.9900,0
1977-02-10,96.2900,96.2900,96.2900,96.2900,0
1977-02-11,96.0900,96.0900,96.0900,96.0900,0
1977-02-14,96.1300,96.1300,96.1300,96.1300,0
1977-02-15,96.4100,96.4100,96.4100,96.4100,0
1977-02-16,96.6200,96.6200,96.6200,96.6200,0
1977-02-17,96.5600,96.5600,96.5600,96.5600,0
1977-02-18,96.3800,96.3800,96.3800,96.3800,0
1977-02-22,96.1400,96.1400,96.1400,96.1400,0
1977-02-23,95.7600,95.7600,95.7600,95.7600,0
1977-02-24,94.8400,94.8400,94.8400,94.8400,0
1977-02-25,94.9000,94.9000,94.9000,94.9000,0
1977-02-28,94.5700,94.5700,94.5700,94.5700,0
1977-03-01,95.1400,95.1400,95.1400,95.1400,0
1977-03-02,95.1900,95.1900,95.1900,95.1900,0
1977-03-03,95.5300,95.5300,95.5300,95.5300,0
1977-03-04,96.0700,96.0700,96.0700,96.0700,0
1977-03-07,96.1700,96.1700,96.1700,96.1700,0
1977-03-08,96.2300,96.2300,96.2300,96.2300,0
1977-03-09,95.7500,95.7500,95.7500,95.7500,0
1977-03-10,95.9400,95.9400,95.9400,95.9400,0
1977-03-11,96.0700,96.0700,96.0700,96.0700,0
1977-03-14,96.1900,96.1900,96.1900,96.1900,0
1977-03-15,96.3900,96.3900,96.3900,96.3900,0
1977-03-16,96.5800,96.5800,96.5800,96.5800,0
1977-03-17,96.4200,96.4200,96.4200,96.4200,0
1977-03-18,96.4400,96.4400,96.4400,96.4400,0
1977-03-21,96.2600,96.2600,96.2600,96.2600,0
1977-03-22,96.0500,96.0500,96.0500,96.0500,0
1977-03-23,95.7600,95.7600,95.7600,95.7600,0
1977-03-24,95.5400,95.5400,95.5400,95.5400,0
1977-03-25,95.2800,95.2800,95.2800,95.2800,0
1977-03-28,94.8500,94.8500,94.8500,94.8500,0
1977-03-29,94.9200,94.9200,94.9200,94.9200,0
1977-03-30,94.2300,94.2300,94.2300,94.2300,0
1977-03-31,94.1300,94.1300,94.1300,94.1300,0
1977-04-01,94.5400,94.5400,94.5400,94.5400,0
1977-04-04,93.9000,93.9000,93.9000,93.9000,0
1977-04-05,93.6600,93.6600,93.6600,93.6600,0
1977-04-06,93.8900,93.8900,93.8900,93.8900,0
1977-04-07,94.0300,94.0300,94.0300,94.0300,0
1977-04-11,94.3700,94.3700,94.3700,94.3700,0
1977-04-12,95.0600,95.0600,95.0600,95.0600,0
1977-04-13,95.1000,95.1000,95.1000,95.1000,0
1977-04-14,96.0000,96.0000,96.0000,96.0000,0
1977-04-15,96.2600,96.2600,96.2600,96.2600,0
1977-04-18,96.1700,96.1700,96.1700,96.1700,0
1977-04-19,96.1000,96.1000,96.1000,96.1000,0
1977-04-20,96.3600,96.3600,96.3600,96.3600,0
1977-04-21,95.8200,95.8200,95.8200,95.8200,0
1977-04-22,95.1200,95.1200,95.1200,95.1200,0
1977-04-25,94.2600,94.2600,94.2600,94.2600,0
1977-04-26,94.1200,94.1200,94.1200,94.1200,0
1977-04-27,94.7900,94.7900,94.7900,94.7900,0
1977-04-28,95.0600,95.0600,95.0600,95.0600,0
1977-04-29,95.4800,95.4800,95.4800,95.4800,0
1977-05-02,95.8300,95.8300,95.8300,95.8300,0
1977-05-03,96.2100,96.2100,96.2100,96.2100,0
1977-05-04,96.6300,96.6300,96.6300,96.6300,0
1977-05-05,96.8900,96.8900,96.8900,96.8900,0
1977-05-06,96.9000,96.9000,96.9000,96.9000,0
1977-05-09,96.7600,96.7600,96.7600,96.7600,0
1977-05-10,97.1600,97.1600,97.1600,97.1600,0
1977-05-11,96.9200,96.9200,96.9200,96.9200,0
1977-05-12,96.9600,96.9600,96.9600,96.9600,0
1977-05-13,97.4100,97.4100,97.4100,97.4100,0
1977-05-16,97.7900,97.7900,97.7900,97.7900,0
1977-05-17,97.9000,97.9000,97.9000,97.9000,0
1977-05-18,98.4700,98.4700,98.4700,98.4700,0
1977-05-19,98.3600,98.3600,98.3600,98.3600,0
1977-05-20,98.0000,98.0000,98.0000,98.0000,0
1977-05-23,97.1500,97.1500,97.1500,97.1500,0
1977-05-24,96.6600,96.6600,96.6600,96.6600,0
1977-05-25,96.1800,96.1800,96.1800,96.1800,0
1977-05-26,96.1700,96.1700,96.1700,96.1700,0
1977-05-27,95.9000,95.9000,95.9000,95.9000,0
1977-05-31,95.5900,95.5900,95.5900,95.5900,0
1977-06-01,95.8600,95.8600,95.8600,95.8600,0
1977-06-02,95.8000,95.8000,95.8000,95.8000,0
1977-06-03,96.1900,96.1900,96.1900,96.1900,0
1977-06-06,96.1100,96.1100,96.1100,96.1100,0
1977-06-07,96.1700,96.1700,96.1700,96.1700,0
1977-06-08,96.5900,96.5900,96.5900,96.5900,0
1977-06-09,96.6300,96.6300,96.6300,96.6300,0
1977-06-10,97.0700,97.0700,97.0700,97.0700,0
1977-06-13,97.2800,97.2800,97.2800,97.2800,0
1977-06-14,97.7000,97.7000,97.7000,97.7000,0
1977-06-15,97.6700,97.6700,97.6700,97.6700,0
1977-06-16,98.2200,98.2200,98.2200,98.2200,0
1977-06-17,98.6100,98.6100,98.6100,98.6100,0
1977-06-20,98.7200,98.7200,98.7200,98.7200,0
1977-06-21,98.8300,98.8300,98.8300,98.8300,0
1977-06-22,98.7800,98.7800,98.7800,98.7800,0
1977-06-23,99.1700,99.1700,99.1700,99.1700,0
1977-06-24,99.6600,99.6600,99.6600,99.6600,0
1977-06-27,99.6300,99.6300,99.6300,99.6300,0
1977-06-28,99.2800,99.2800,99.2800,99.2800,0
1977-06-29,99.3400,99.3400,99.3400,99.3400,0
1977-06-30,99.7300,99.7300,99.7300,99.7300,0
1977-07-01,99.9000,99.9000,99.9000,99.9000,0
1977-07-05,100.1200,100.1200,100.1200,100.1200,0
1977-07-06,99.9600,99.9600,99.9600,99.9600,0
1977-07-07,100.2800,100.2800,100.2800,100.2800,0
1977-07-08,100.8100,100.8100,100.8100,100.8100,0
1977-07-11,100.8500,100.8500,100.8500,100.8500,0
1977-07-12,100.7500,100.7500,100.7500,100.7500,0
1977-07-13,100.9300,100.9300,100.9300,100.9300,0
1977-07-15,101.4100,101.4100,101.4100,101.4100,0
1977-07-18,102.0100,102.0100,102.0100,102.0100,0
1977-07-19,102.3800,102.3800,102.3800,102.3800,0
1977-07-20,102.4300,102.4300,102.4300,102.4300,0
1977-07-21,102.7000,102.7000,102.7000,102.7000,0
1977-07-22,103.1100,103.1100,103.1100,103.1100,0
1977-07-25,103.0100,103.0100,103.0100,103.0100,0
1977-07-26,102.4000,102.4000,102.4000,102.4000,0
1977-07-27,101.2500,101.2500,101.2500,101.2500,0
1977-07-28,100.6800,100.6800,100.6800,100.6800,0
1977-07-29,100.6500,100.6500,100.6500,100.6500,0
1977-08-01,100.7600,100.7600,100.7600,100.7600,0
1977-08-02,100.4000,100.4000,100.4000,100.4000,0
1977-08-03,100.0200,100.0200,100.0200,100.0200,0
1977-08-04,100.3900,100.3900,100.3900,100.3900,0
1977-08-05,100.8600,100.8600,100.8600,100.8600,0
1977-08-08,100.5500,100.5500,100.5500,100.5500,0
1977-08-09,100.5200,100.5200,100.5200,100.5200,0
1977-08-10,100.8100,100.8100,100.8100,100.8100,0
1977-08-11,100.9400,100.9400,100.9400,100.9400,0
1977-08-12,100.7600,100.7600,100.7600,100.7600,0
1977-08-15,100.8900,100.8900,100.8900,100.8900,0
1977-08-16,100.6500,100.6500,100.6500,100.6500,0
1977-08-17,100.7200,100.7200,100.7200,100.7200,0
1977-08-18,100.8600,100.8600,100.8600,100.8600,0
1977-08-19,100.8500,100.8500,100.8500,100.8500,0
1977-08-22,101.0500,101.0500,101.0500,101.0500,0
1977-08-23,100.9400,100.9400,100.9400,100.9400,0
1977-08-24,100.7500,100.7500,100.7500,100.7500,0
1977-08-25,100.1400,100.1400,100.1400,100.1400,0
1977-08-26,99.8900,99.8900,99.8900,99.8900,0
1977-08-29,100.3700,100.3700,100.3700,100.3700,0
1977-08-30,100.1100,100.1100,100.1100,100.1100,0
1977-08-31,100.1000,100.1000,100.1000,100.1000,0
1977-09-01,100.4000,100.4000,100.4000,100.4000,0
1977-09-02,100.8300,100.8300,100.8300,100.8300,0
1977-09-06,100.7800,100.7800,100.7800,100.7800,0
1977-09-07,101.1600,101.1600,101.1600,101.1600,0
1977-09-08,101.2800,101.2800,101.2800,101.2800,0
1977-09-09,100.9100,100.9100,100.9100,100.9100,0
1977-09-12,100.6000,100.6000,100.6000,100.6000,0
1977-09-13,100.4600,100.4600,100.4600,100.4600,0
1977-09-14,100.6100,100.6100,100.6100,100.6100,0
1977-09-15,100.9700,100.9700,100.9700,100.9700,0
1977-09-16,100.7400,100.7400,100.7400,100.7400,0
1977-09-19,100.3500,100.3500,100.3500,100.3500,0
1977-09-20,100.2300,100.2300,100.2300,100.2300,0
1977-09-21,99.7600,99.7600,99.7600,99.7600,0
1977-09-22,99.4700,99.4700,99.4700,99.4700,0
1977-09-23,99.5700,99.5700,99.5700,99.5700,0
1977-09-26,99.7400,99.7400,99.7400,99.7400,0
1977-09-27,99.7400,99.7400,99.7400,99.7400,0
1977-09-28,99.9600,99.9600,99.9600,99.9600,0
1977-09-29,100.2700,100.2700,100.2700,100.2700,0
1977-09-30,100.8500,100.8500,100.8500,100.8500,0
1977-10-03,101.1600,101.1600,101.1600,101.1600,0
1977-10-04,100.8100,100.8100,100.8100,100.8100,0
1977-10-05,100.8200,100.8200,100.8200,100.8200,0
1977-10-06,101.3100,101.3100,101.3100,101.3100,0
1977-10-07,101.6200,101.6200,101.6200,101.6200,0
1977-10-10,101.6900,101.6900,101.6900,101.6900,0
1977-10-11,101.2300,101.2300,101.2300,101.2300,0
1977-10-12,99.8300,99.8300,99.8300,99.8300,0
1977-10-13,99.0300,99.0300,99.0300,99.0300,0
1977-10-14,99.0500,99.0500,99.0500,99.0500,0
1977-10-17,99.1400,99.1400,99.1400,99.1400,0
1977-10-18,99.2500,99.2500,99.2500,99.2500,0
1977-10-19,98.4500,98.4500,98.4500,98.4500,0
1977-10-20,98.6000,98.6000,98.6000,98.6000,0
1977-10-21,98.5400,98.5400,98.5400,98.5400,0
1977-10-24,97.8900,97.8900,97.8900,97.8900,0
1977-10-25,96.8300,96.8300,96.8300,96.8300,0
1977-10-26,96.8600,96.8600,96.8600,96.8600,0
1977-10-27,97.0700,97.0700,97.0700,97.0700,0
1977-10-28,97.4900,97.4900,97.4900,97.4900,0
1977-10-31,97.5200,97.5200,97.5200,97.5200,0
1977-11-01,96.7400,96.7400,96.7400,96.7400,0
1977-11-02,96.5100,96.5100,96.5100,96.5100,0
1977-11-03,96.4900,96.4900,96.4900,96.4900,0
1977-11-04,97.2100,97.2100,97.2100,97.2100,0
1977-11-07,97.8500,97.8500,97.8500,97.8500,0
1977-11-08,98.2100,98.2100,98.2100,98.2100,0
1977-11-09,98.7000,98.7000,98.7000,98.7000,0
1977-11-10,99.9800,99.9800,99.9800,99.9800,0
1977-11-11,100.9400,100.9400,100.9400,100.9400,0
1977-11-14,100.9800,100.9800,100.9800,100.9800,0
1977-11-15,101.5200,101.5200,101.5200,101.5200,0
1977-11-16,101.5600,101.5600,101.5600,101.5600,0
1977-11-17,101.8600,101.8600,101.8600,101.8600,0
1977-11-18,102.2200,102.2200,102.2200,102.2200,0
1977-11-21,102.3500,102.3500,102.3500,102.3500,0
1977-11-22,102.9300,102.9300,102.9300,102.9300,0
1977-11-23,103.7400,103.7400,103.7400,103.7400,0
1977-11-25,104.3300,104.3300,104.3300,104.3300,0
1977-11-28,104.0600,104.0600,104.0600,104.0600,0
1977-11-29,103.2000,103.2000,103.2000,103.2000,0
1977-11-30,103.1500,103.1500,103.1500,103.1500,0
1977-12-01,103.6800,103.6800,103.6800,103.6800,0
1977-12-02,104.1000,104.1000,104.1000,104.1000,0
1977-12-05,104.1500,104.1500,104.1500,104.1500,0
1977-12-06,102.9700,102.9700,102.9700,102.9700,0
1977-12-07,102.8500,102.8500,102.8500,102.8500,0
1977-12-08,103.0600,103.0600,103.0600,103.0600,0
1977-12-09,103.5700,103.5700,103.5700,103.5700,0
1977-12-12,103.8900,103.8900,103.8900,103.8900,0
1977-12-13,104.1000,104.1000,104.1000,104.1000,0
1977-12-14,103.9600,103.9600,103.9600,103.9600,0
1977-12-15,103.8900,103.8900,103.8900,103.8900,0
1977-12-16,104.0500,104.0500,104.0500,104.0500,0
1977-12-19,103.3000,103.3000,103.3000,103.3000,0
1977-12-20,102.5000,102.5000,102.5000,102.5000,0
1977-12-21,103.0300,103.0300,103.0300,103.0300,0
1977-12-22,103.4100,103.4100,103.4100,103.4100,0
1977-12-23,103.9400,103.9400,103.9400,103.9400,0
1977-12-27,103.9600,103.9600,103.9600,103.9600,0
1977-12-28,104.0400,104.0400,104.0400,104.0400,0
1977-12-29,104.4200,104.4200,104.4200,104.4200,0
1977-12-30,105.0500,105.0500,105.0500,105.0500,0
1978-01-03,104.0000,104.0000,104.0000,104.0000,0
1978-01-04,103.6600,103.6600,103.6600,103.6600,0
1978-01-05,103.2100,103.2100,103.2100,103.2100,0
1978-01-06,101.6600,101.6600,101.6600,101.6600,0
1978-01-09,100.2000,100.2000,100.2000,100.2000,0
1978-01-10,99.5800,99.5800,99.5800,99.5800,0
1978-01-11,99.0900,99.0900,99.0900,99.0900,0
1978-01-12,99.5400,99.5400,99.5400,99.5400,0
1978-01-13,99.7700,99.7700,99.7700,99.7700,0
1978-01-16,99.3600,99.3600,99.3600,99.3600,0
1978-01-17,99.9800,99.9800,99.9800,99.9800,0
1978-01-18,100.4200,100.4200,100.4200,100.4200,0
1978-01-19,100.5800,100.5800,100.5800,100.5800,0
1978-01-20,100.6300,100.6300,100.6300,100.6300,0
1978-01-23,100.3400,100.3400,100.3400,100.3400,0
1978-01-24,100.5400,100.5400,100.5400,100.5400,0
1978-01-25,100.8700,100.8700,100.8700,100.8700,0
1978-01-26,100.5300,100.5300,100.5300,100.5300,0
1978-01-27,100.6200,100.6200,100.6200,100.6200,0
1978-01-30,100.9700,100.9700,100.9700,100.9700,0
1978-01-31,100.8400,100.8400,100.8400,100.8400,0
1978-02-01,101.5400,101.5400,101.5400,101.5400,0
1978-02-02,101.9400,101.9400,101.9400,101.9400,0
1978-02-03,102.2200,102.2200,102.2200,102.2200,0
1978-02-06,102.2700,102.2700,102.2700,102.2700,0
1978-02-07,102.7500,102.7500,102.7500,102.7500,0
1978-02-08,103.1800,103.1800,103.1800,103.1800,0
1978-02-09,103.2000,103.2000,103.2000,103.2000,0
1978-02-10,103.5800,103.5800,103.5800,103.5800,0
1978-02-13,103.3400,103.3400,103.3400,103.3400,0
1978-02-14,102.7800,102.7800,102.7800,102.7800,0
1978-02-15,102.5600,102.5600,102.5600,102.5600,0
1978-02-16,102.1700,102.1700,102.1700,102.1700,0
1978-02-17,102.2500,102.2500,102.2500,102.2500,0
1978-02-21,101.9900,101.9900,101.9900,101.9900,0
1978-02-22,102.1300,102.1300,102.1300,102.1300,0
1978-02-23,102.1600,102.1600,102.1600,102.1600,0
1978-02-24,102.7000,102.7000,102.7000,102.7000,0
1978-02-27,102.2200,102.2200,102.2200,102.2200,0
1978-02-28,101.4700,101.4700,101.4700,101.4700,0
1978-03-01,101.4700,101.4700,101.4700,101.4700,0
1978-03-02,101.7100,101.7100,101.7100,101.7100,0
1978-03-03,101.9500,101.9500,101.9500,101.9500,0
1978-03-06,101.7400,101.7400,101.7400,101.7400,0
1978-03-07,102.0200,102.0200,102.0200,102.0200,0
1978-03-08,102.4100,102.4100,102.4100,102.4100,0
1978-03-09,102.8200,102.8200,102.8200,102.8200,0
1978-03-10,103.4200,103.4200,103.4200,103.4200,0
1978-03-13,103.5300,103.5300,103.5300,103.5300,0
1978-03-14,103.6600,103.6600,103.6600,103.6600,0
1978-03-15,103.8000,103.8000,103.8000,103.8000,0
1978-03-16,104.3800,104.3800,104.3800,104.3800,0
1978-03-17,104.9400,104.9400,104.9400,104.9400,0
1978-03-20,105.3600,105.3600,105.3600,105.3600,0
1978-03-21,105.0200,105.0200,105.0200,105.0200,0
1978-03-22,105.1600,105.1600,105.1600,105.1600,0
1978-03-23,105.3900,105.3900,105.3900,105.3900,0
1978-03-27,105.3000,105.3000,105.3000,105.3000,0
1978-03-28,105.6800,105.6800,105.6800,105.6800,0
1978-03-29,106.0800,106.0800,106.0800,106.0800,0
1978-03-30,106.1800,106.1800,106.1800,106.1800,0
1978-03-31,106.2000,106.2000,106.2000,106.2000,0
1978-04-03,105.8900,105.8900,105.8900,105.8900,0
1978-04-04,106.2000,106.2000,106.2000,106.2000,0
1978-04-05,106.9500,106.9500,106.9500,106.9500,0
1978-04-06,107.4700,107.4700,107.4700,107.4700,0
1978-04-07,108.2300,108.2300,108.2300,108.2300,0
1978-04-10,108.5300,108.5300,108.5300,108.5300,0
1978-04-11,108.4400,108.4400,108.4400,108.4400,0
1978-04-12,108.8700,108.8700,108.8700,108.8700,0
1978-04-13,109.9900,109.9900,109.9900,109.9900,0
1978-04-14,111.2900,111.2900,111.2900,111.2900,0
1978-04-17,111.9100,111.9100,111.9100,111.9100,0
1978-04-18,111.4300,111.4300,111.4300,111.4300,0
1978-04-19,111.6400,111.6400,111.6400,111.6400,0
1978-04-20,112.8600,112.8600,112.8600,112.8600,0
1978-04-21,113.3200,113.3200,113.3200,113.3200,0
1978-04-24,113.6000,113.6000,113.6000,113.6000,0
1978-04-25,114.2800,114.2800,114.2800,114.2800,0
1978-04-26,114.7000,114.7000,114.7000,114.7000,0
1978-04-27,114.5900,114.5900,114.5900,114.5900,0
1978-04-28,115.1800,115.1800,115.1800,115.1800,0
1978-05-01,115.9600,115.9600,115.9600,115.9600,0
1978-05-02,116.1200,116.1200,116.1200,116.1200,0
1978-05-03,116.2100,116.2100,116.2100,116.2100,0
1978-05-04,116.4800,116.4800,116.4800,116.4800,0
1978-05-05,117.2700,117.2700,117.2700,117.2700,0
1978-05-08,117.1400,117.1400,117.1400,117.1400,0
1978-05-09,117.0500,117.0500,117.0500,117.0500,0
1978-05-10,117.5500,117.5500,117.5500,117.5500,0
1978-05-11,118.2500,118.2500,118.2500,118.2500,0
1978-05-12,119.4000,119.4000,119.4000,119.4000,0
1978-05-15,119.8000,119.8000,119.8000,119.8000,0
1978-05-16,120.7800,120.7800,120.7800,120.7800,0
1978-05-17,121.8400,121.8400,121.8400,121.8400,0
1978-05-18,121.6600,121.6600,121.6600,121.6600,0
1978-05-19,121.5700,121.5700,121.5700,121.5700,0
1978-05-22,121.9300,121.9300,121.9300,121.9300,0
1978-05-23,120.9700,120.9700,120.9700,120.9700,0
1978-05-24,119.8000,119.8000,119.8000,119.8000,0
1978-05-25,119.8200,119.8200,119.8200,119.8200,0
1978-05-26,119.8600,119.8600,119.8600,119.8600,0
1978-05-30,120.0000,120.0000,120.0000,120.0000,0
1978-05-31,120.2400,120.2400,120.2400,120.2400,0
1978-06-01,120.3400,120.3400,120.3400,120.3400,0
1978-06-02,121.0300,121.0300,121.0300,121.0300,0
1978-06-05,122.1000,122.1000,122.1000,122.1000,0
1978-06-06,122.8500,122.8500,122.8500,122.8500,0
1978-06-07,123.1000,123.1000,123.1000,123.1000,0
1978-06-08,123.9900,123.9900,123.9900,123.9900,0
1978-06-09,124.4100,124.4100,124.4100,124.4100,0
1978-06-12,124.2900,124.2900,124.2900,124.2900,0
1978-06-13,124.2400,124.2400,124.2400,124.2400,0
1978-06-14,124.5100,124.5100,124.5100,124.5100,0
1978-06-15,124.1900,124.1900,124.1900,124.1900,0
1978-06-16,123.6900,123.6900,123.6900,123.6900,0
1978-06-19,122.9200,122.9200,122.9200,122.9200,0
1978-06-20,122.0300,122.0300,122.0300,122.0300,0
1978-06-21,120.6300,120.6300,120.6300,120.6300,0
1978-06-22,120.6800,120.6800,120.6800,120.6800,0
1978-06-23,120.7400,120.7400,120.7400,120.7400,0
1978-06-26,119.5400,119.5400,119.5400,119.5400,0
1978-06-27,119.1800,119.1800,119.1800,119.1800,0
1978-06-28,119.5200,119.5200,119.5200,119.5200,0
1978-06-29,119.9800,119.9800,119.9800,119.9800,0
1978-06-30,120.3000,120.3000,120.3000,120.3000,0
1978-07-03,120.1500,120.1500,120.1500,120.1500,0
1978-07-05,119.2200,119.2200,119.2200,119.2200,0
1978-07-06,118.8200,118.8200,118.8200,118.8200,0
1978-07-07,119.1600,119.1600,119.1600,119.1600,0
1978-07-10,119.3800,119.3800,119.3800,119.3800,0
1978-07-11,119.8300,119.8300,119.8300,119.8300,0
1978-07-12,120.2800,120.2800,120.2800,120.2800,0
1978-07-13,120.4300,120.4300,120.4300,120.4300,0
1978-07-14,121.5800,121.5800,121.5800,121.5800,0
1978-07-17,122.3600,122.3600,122.3600,122.3600,0
1978-07-18,122.0900,122.0900,122.0900,122.0900,0
1978-07-19,122.8000,122.8000,122.8000,122.8000,0
1978-07-20,123.7500,123.7500,123.7500,123.7500,0
1978-07-21,123.6000,123.6000,123.6000,123.6000,0
1978-07-24,123.5900,123.5900,123.5900,123.5900,0
1978-07-25,123.7900,123.7900,123.7900,123.7900,0
1978-07-26,124.4800,124.4800,124.4800,124.4800,0
1978-07-27,125.1300,125.1300,125.1300,125.1300,0
1978-07-28,125.6200,125.6200,125.6200,125.6200,0
1978-07-31,126.3200,126.3200,126.3200,126.3200,0
1978-08-01,126.8100,126.8100,126.8100,126.8100,0
1978-08-02,128.1600,128.1600,128.1600,128.1600,0
1978-08-03,129.0200,129.0200,129.0200,129.0200,0
1978-08-04,129.7100,129.7100,129.7100,129.7100,0
1978-08-07,130.2100,130.2100,130.2100,130.2100,0
1978-08-08,130.4900,130.4900,130.4900,130.4900,0
1978-08-09,131.6400,131.6400,131.6400,131.6400,0
1978-08-10,131.5800,131.5800,131.5800,131.5800,0
1978-08-11,132.0000,132.0000,132.0000,132.0000,0
1978-08-14,132.1100,132.1100,132.1100,132.1100,0
1978-08-15,131.9500,131.9500,131.9500,131.9500,0
1978-08-16,132.7700,132.7700,132.7700,132.7700,0
1978-08-17,134.1400,134.1400,134.1400,134.1400,0
1978-08-18,134.7100,134.7100,134.7100,134.7100,0
1978-08-21,133.7700,133.7700,133.7700,133.7700,0
1978-08-22,133.8700,133.8700,133.8700,133.8700,0
1978-08-23,134.7300,134.7300,134.7300,134.7300,0
1978-08-24,135.2800,135.2800,135.2800,135.2800,0
1978-08-25,135.8400,135.8400,135.8400,135.8400,0
1978-08-28,135.2400,135.2400,135.2400,135.2400,0
1978-08-29,134.6300,134.6300,134.6300,134.6300,0
1978-08-30,134.7500,134.7500,134.7500,134.7500,0
1978-08-31,135.0100,135.0100,135.0100,135.0100,0
1978-09-01,135.3500,135.3500,135.3500,135.3500,0
1978-09-05,135.4600,135.4600,135.4600,135.4600,0
1978-09-06,136.4800,136.4800,136.4800,136.4800,0
1978-09-07,137.0900,137.0900,137.0900,137.0900,0
1978-09-08,138.3600,138.3600,138.3600,138.3600,0
1978-09-11,138.9500,138.9500,138.9500,138.9500,0
1978-09-12,139.2400,139.2400,139.2400,139.2400,0
1978-09-13,139.2500,139.2500,139.2500,139.2500,0
1978-09-14,138.3400,138.3400,138.3400,138.3400,0
1978-09-15,137.3600,137.3600,137.3600,137.3600,0
1978-09-18,135.6500,135.6500,135.6500,135.6500,0
1978-09-19,134.0600,134.0600,134.0600,134.0600,0
1978-09-20,132.6600,132.6600,132.6600,132.6600,0
1978-09-21,132.1000,132.1000,132.1000,132.1000,0
1978-09-22,132.3000,132.3000,132.3000,132.3000,0
1978-09-25,132.1100,132.1100,132.1100,132.1100,0
1978-09-26,132.9200,132.9200,132.9200,132.9200,0
1978-09-27,132.0100,132.0100,132.0100,132.0100,0
1978-09-28,132.1100,132.1100,132.1100,132.1100,0
1978-09-29,132.8900,132.8900,132.8900,132.8900,0
1978-10-02,133.3000,133.3000,133.3000,133.3000,0
1978-10-03,133.1100,133.1100,133.1100,133.1100,0
1978-10-04,133.1000,133.1000,133.1000,133.1000,0
1978-10-05,133.5400,133.5400,133.5400,133.5400,0
1978-10-06,134.0000,134.0000,134.0000,134.0000,0
1978-10-09,134.6400,134.6400,134.6400,134.6400,0
1978-10-10,134.9300,134.9300,134.9300,134.9300,0
1978-10-11,135.2700,135.2700,135.2700,135.2700,0
1978-10-12,135.5700,135.5700,135.5700,135.5700,0
1978-10-13,135.5800,135.5800,135.5800,135.5800,0
1978-10-16,133.9400,133.9400,133.9400,133.9400,0
1978-10-17,130.9600,130.9600,130.9600,130.9600,0
1978-10-18,128.9200,128.9200,128.9200,128.9200,0
1978-10-19,127.2200,127.2200,127.2200,127.2200,0
1978-10-20,123.8200,123.8200,123.8200,123.8200,0
1978-10-23,121.9400,121.9400,121.9400,121.9400,0
1978-10-24,121.1400,121.1400,121.1400,121.1400,0
1978-10-25,121.1600,121.1600,121.1600,121.1600,0
1978-10-26,118.0000,118.0000,118.0000,118.0000,0
1978-10-27,115.2500,115.2500,115.2500,115.2500,0
1978-10-30,112.4000,112.4000,112.4000,112.4000,0
1978-10-31,111.1200,111.1200,111.1200,111.1200,0
1978-11-01,114.6500,114.6500,114.6500,114.6500,0
1978-11-02,114.6300,114.6300,114.6300,114.6300,0
1978-11-03,115.4900,115.4900,115.4900,115.4900,0
1978-11-06,115.0800,115.0800,115.0800,115.0800,0
1978-11-07,112.8300,112.8300,112.8300,112.8300,0
1978-11-08,112.9900,112.9900,112.9900,112.9900,0
1978-11-09,113.8800,113.8800,113.8800,113.8800,0
1978-11-10,114.8400,114.8400,114.8400,114.8400,0
1978-11-13,113.0000,113.0000,113.0000,113.0000,0
1978-11-14,110.8800,110.8800,110.8800,110.8800,0
1978-11-15,111.4400,111.4400,111.4400,111.4400,0
1978-11-16,112.2100,112.2100,112.2100,112.2100,0
1978-11-17,113.6900,113.6900,113.6900,113.6900,0
1978-11-20,114.5100,114.5100,114.5100,114.5100,0
1978-11-21,114.5600,114.5600,114.5600,114.5600,0
1978-11-22,115.3700,115.3700,115.3700,115.3700,0
1978-11-24,116.1700,116.1700,116.1700,116.1700,0
1978-11-27,115.9700,115.9700,115.9700,115.9700,0
1978-11-28,115.6000,115.6000,115.6000,115.6000,0
1978-11-29,114.0900,114.0900,114.0900,114.0900,0
1978-11-30,114.6900,114.6900,114.6900,114.6900,0
1978-12-01,116.1900,116.1900,116.1900,116.1900,0
1978-12-04,116.5700,116.5700,116.5700,116.5700,0
1978-12-05,117.6700,117.6700,117.6700,117.6700,0
1978-12-06,118.4500,118.4500,118.4500,118.4500,0
1978-12-07,118.5500,118.5500,118.5500,118.5500,0
1978-12-08,118.7700,118.7700,118.7700,118.7700,0
1978-12-11,119.1500,119.1500,119.1500,119.1500,0
1978-12-12,118.5000,118.5000,118.5000,118.5000,0
1978-12-13,118.1300,118.1300,118.1300,118.1300,0
1978-12-14,118.1500,118.1500,118.1500,118.1500,0
1978-12-15,117.4100,117.4100,117.4100,117.4100,0
1978-12-18,114.3300,114.3300,114.3300,114.3300,0
1978-12-19,114.7300,114.7300,114.7300,114.7300,0
1978-12-20,115.3000,115.3000,115.3000,115.3000,0
1978-12-21,115.8500,115.8500,115.8500,115.8500,0
1978-12-22,116.9300,116.9300,116.9300,116.9300,0
1978-12-26,117.6800,117.6800,117.6800,117.6800,0
1978-12-27,117.3300,117.3300,117.3300,117.3300,0
1978-12-28,117.3000,117.3000,117.3000,117.3000,0
1978-12-29,117.9800,117.9800,117.9800,117.9800,0
1979-01-02,117.8400,117.8400,117.8400,117.8400,0
1979-01-03,119.1100,119.1100,119.1100,119.1100,0
1979-01-04,120.6600,120.6600,120.6600,120.6600,0
1979-01-05,122.0500,122.0500,122.0500,122.0500,0
1979-01-08,121.9200,121.9200,121.9200,121.9200,0
1979-01-09,122.6600,122.6600,122.6600,122.6600,0
1979-01-10,122.2800,122.2800,122.2800,122.2800,0
1979-01-11,122.7600,122.7600,122.7600,122.7600,0
1979-01-12,123.7400,123.7400,123.7400,123.7400,0
1979-01-15,124.4700,124.4700,124.4700,124.4700,0
1979-01-16,123.7400,123.7400,123.7400,123.7400,0
1979-01-17,123.5900,123.5900,123.5900,123.5900,0
1979-01-18,124.3100,124.3100,124.3100,124.3100,0
1979-01-19,124.6500,124.6500,124.6500,124.6500,0
1979-01-22,124.6600,124.6600,124.6600,124.6600,0
1979-01-23,125.4600,125.4600,125.4600,125.4600,0
1979-01-24,125.3400,125.3400,125.3400,125.3400,0
1979-01-25,126.4200,126.4200,126.4200,126.4200,0
1979-01-26,127.0400,127.0400,127.0400,127.0400,0
1979-01-29,126.7700,126.7700,126.7700,126.7700,0
1979-01-30,126.5100,126.5100,126.5100,126.5100,0
1979-01-31,125.8200,125.8200,125.8200,125.8200,0
1979-02-01,125.7600,125.7600,125.7600,125.7600,0
1979-02-02,125.8200,125.8200,125.8200,125.8200,0
1979-02-05,124.3400,124.3400,124.3400,124.3400,0
1979-02-06,124.3100,124.3100,124.3100,124.3100,0
1979-02-07,122.8000,122.8000,122.8000,122.8000,0
1979-02-08,123.4100,123.4100,123.4100,123.4100,0
1979-02-09,123.7600,123.7600,123.7600,123.7600,0
1979-02-12,124.0500,124.0500,124.0500,124.0500,0
1979-02-13,124.8900,124.8900,124.8900,124.8900,0
1979-02-14,124.6100,124.6100,124.6100,124.6100,0
1979-02-15,124.9300,124.9300,124.9300,124.9300,0
1979-02-16,125.5700,125.5700,125.5700,125.5700,0
1979-02-20,125.8300,125.8300,125.8300,125.8300,0
1979-02-21,125.7600,125.7600,125.7600,125.7600,0
1979-02-22,125.4500,125.4500,125.4500,125.4500,0
1979-02-23,125.0400,125.0400,125.0400,125.0400,0
1979-02-26,124.9000,124.9000,124.9000,124.9000,0
1979-02-27,122.6400,122.6400,122.6400,122.6400,0
1979-02-28,122.5600,122.5600,122.5600,122.5600,0
1979-03-01,123.3300,123.3300,123.3300,123.3300,0
1979-03-02,123.6700,123.6700,123.6700,123.6700,0
1979-03-05,124.7200,124.7200,124.7200,124.7200,0
1979-03-06,124.4300,124.4300,124.4300,124.4300,0
1979-03-07,125.6100,125.6100,125.6100,125.6100,0
1979-03-08,127.0500,127.0500,127.0500,127.0500,0
1979-03-09,127.2500,127.2500,127.2500,127.2500,0
1979-03-12,127.1900,127.1900,127.1900,127.1900,0
1979-03-13,127.6900,127.6900,127.6900,127.6900,0
1979-03-14,127.5900,127.5900,127.5900,127.5900,0
1979-03-15,127.8500,127.8500,127.8500,127.8500,0
1979-03-16,128.5500,128.5500,128.5500,128.5500,0
1979-03-19,129.1400,129.1400,129.1400,129.1400,0
1979-03-20,128.7900,128.7900,128.7900,128.7900,0
1979-03-21,129.4400,129.4400,129.4400,129.4400,0
1979-03-22,130.0800,130.0800,130.0800,130.0800,0
1979-03-23,130.5800,130.5800,130.5800,130.5800,0
1979-03-26,130.1100,130.1100,130.1100,130.1100,0
1979-03-27,130.7800,130.7800,130.7800,130.7800,0
1979-03-28,130.8700,130.8700,130.8700,130.8700,0
1979-03-29,131.2900,131.2900,131.2900,131.2900,0
1979-03-30,131.7600,131.7600,131.7600,131.7600,0
1979-04-02,131.3600,131.3600,131.3600,131.3600,0
1979-04-03,132.3300,132.3300,132.3300,132.3300,0
1979-04-04,132.7500,132.7500,132.7500,132.7500,0
1979-04-05,133.3700,133.3700,133.3700,133.3700,0
1979-04-06,133.7500,133.7500,133.7500,133.7500,0
1979-04-09,133.7400,133.7400,133.7400,133.7400,0
1979-04-10,134.2200,134.2200,134.2200,134.2200,0
1979-04-11,133.5700,133.5700,133.5700,133.5700,0
1979-04-12,133.5400,133.5400,133.5400,133.5400,0
1979-04-16,132.4800,132.4800,132.4800,132.4800,0
1979-04-17,132.2600,132.2600,132.2600,132.2600,0
1979-04-18,132.9100,132.9100,132.9100,132.9100,0
1979-04-19,133.1800,133.1800,133.1800,133.1800,0
1979-04-20,133.6700,133.6700,133.6700,133.6700,0
1979-04-23,133.8700,133.8700,133.8700,133.8700,0
1979-04-24,134.2900,134.2900,134.2900,134.2900,0
1979-04-25,134.7800,134.7800,134.7800,134.7800,0
1979-04-26,134.6500,134.6500,134.6500,134.6500,0
1979-04-27,134.3700,134.3700,134.3700,134.3700,0
1979-04-30,133.8200,133.8200,133.8200,133.8200,0
1979-05-01,133.7900,133.7900,133.7900,133.7900,0
1979-05-02,133.9900,133.9900,133.9900,133.9900,0
1979-05-03,134.2000,134.2000,134.2000,134.2000,0
1979-05-04,133.7200,133.7200,133.7200,133.7200,0
1979-05-07,130.6000,130.6000,130.6000,130.6000,0
1979-05-08,129.6000,129.6000,129.6000,129.6000,0
1979-05-09,130.3400,130.3400,130.3400,130.3400,0
1979-05-10,129.7100,129.7100,129.7100,129.7100,0
1979-05-11,129.6900,129.6900,129.6900,129.6900,0
1979-05-14,128.9900,128.9900,128.9900,128.9900,0
1979-05-15,129.0100,129.0100,129.0100,129.0100,0
1979-05-16,129.3500,129.3500,129.3500,129.3500,0
1979-05-17,130.4400,130.4400,130.4400,130.4400,0
1979-05-18,131.0100,131.0100,131.0100,131.0100,0
1979-05-21,131.1600,131.1600,131.1600,131.1600,0
1979-05-22,131.9000,131.9000,131.9000,131.9000,0
1979-05-23,132.1200,132.1200,132.1200,132.1200,0
1979-05-24,132.1000,132.1000,132.1000,132.1000,0
1979-05-25,132.6800,132.6800,132.6800,132.6800,0
1979-05-29,132.4600,132.4600,132.4600,132.4600,0
1979-05-30,131.3900,131.3900,131.3900,131.3900,0
1979-05-31,131.4200,131.4200,131.4200,131.4200,0
1979-06-01,131.7600,131.7600,131.7600,131.7600,0
1979-06-04,131.9500,131.9500,131.9500,131.9500,0
1979-06-05,133.0200,133.0200,133.0200,133.0200,0
1979-06-06,133.6200,133.6200,133.6200,133.6200,0
1979-06-07,134.5500,134.5500,134.5500,134.5500,0
1979-06-08,134.9600,134.9600,134.9600,134.9600,0
1979-06-11,135.0400,135.0400,135.0400,135.0400,0
1979-06-12,135.9200,135.9200,135.9200,135.9200,0
1979-06-13,136.0100,136.0100,136.0100,136.0100,0
1979-06-14,136.0200,136.0200,136.0200,136.0200,0
1979-06-15,136.2500,136.2500,136.2500,136.2500,0
1979-06-18,135.8500,135.8500,135.8500,135.8500,0
1979-06-19,136.0500,136.0500,136.0500,136.0500,0
1979-06-20,136.4500,136.4500,136.4500,136.4500,0
1979-06-21,136.7100,136.7100,136.7100,136.7100,0
1979-06-22,137.2400,137.2400,137.2400,137.2400,0
1979-06-25,136.8900,136.8900,136.8900,136.8900,0
1979-06-26,136.5300,136.5300,136.5300,136.5300,0
1979-06-27,137.4000,137.4000,137.4000,137.4000,0
1979-06-28,138.0800,138.0800,138.0800,138.0800,0
1979-06-29,138.1300,138.1300,138.1300,138.1300,0
1979-07-02,137.0300,137.0300,137.0300,137.0300,0
1979-07-03,137.0300,137.0300,137.0300,137.0300,0
1979-07-05,137.7900,137.7900,137.7900,137.7900,0
1979-07-06,138.6400,138.6400,138.6400,138.6400,0
1979-07-09,139.1500,139.1500,139.1500,139.1500,0
1979-07-10,138.9700,138.9700,138.9700,138.9700,0
1979-07-11,138.8500,138.8500,138.8500,138.8500,0
1979-07-12,138.6800,138.6800,138.6800,138.6800,0
1979-07-13,138.5200,138.5200,138.5200,138.5200,0
1979-07-16,138.8900,138.8900,138.8900,138.8900,0
1979-07-17,137.8600,137.8600,137.8600,137.8600,0
1979-07-18,137.2600,137.2600,137.2600,137.2600,0
1979-07-19,137.5700,137.5700,137.5700,137.5700,0
1979-07-20,137.9800,137.9800,137.9800,137.9800,0
1979-07-23,137.5700,137.5700,137.5700,137.5700,0
1979-07-24,138.0200,138.0200,138.0200,138.0200,0
1979-07-25,138.9700,138.9700,138.9700,138.9700,0
1979-07-26,139.5200,139.5200,139.5200,139.5200,0
1979-07-27,140.0200,140.0200,140.0200,140.0200,0
1979-07-30,140.5400,140.5400,140.5400,140.5400,0
1979-07-31,141.3300,141.3300,141.3300,141.3300,0
1979-08-01,141.9000,141.9000,141.9000,141.9000,0
1979-08-02,142.5400,142.5400,142.5400,142.5400,0
1979-08-03,142.6300,142.6300,142.6300,142.6300,0
1979-08-06,142.4100,142.4100,142.4100,142.4100,0
1979-08-07,143.3000,143.3000,143.3000,143.3000,0
1979-08-08,144.0600,144.0600,144.0600,144.0600,0
1979-08-09,144.2700,144.2700,144.2700,144.2700,0
1979-08-10,145.0700,145.0700,145.0700,145.0700,0
1979-08-13,146.0700,146.0700,146.0700,146.0700,0
1979-08-14,146.3000,146.3000,146.3000,146.3000,0
1979-08-15,147.1400,147.1400,147.1400,147.1400,0
1979-08-16,147.4400,147.4400,147.4400,147.4400,0
1979-08-17,147.8400,147.8400,147.8400,147.8400,0
1979-08-20,147.9500,147.9500,147.9500,147.9500,0
1979-08-21,147.9900,147.9900,147.9900,147.9900,0
1979-08-22,148.7400,148.7400,148.7400,148.7400,0
1979-08-23,149.1300,149.1300,149.1300,149.1300,0
1979-08-24,149.4000,149.4000,149.4000,149.4000,0
1979-08-27,149.5100,149.5100,149.5100,149.5100,0
1979-08-28,149.5400,149.5400,149.5400,149.5400,0
1979-08-29,150.0400,150.0400,150.0400,150.0400,0
1979-08-30,150.0600,150.0600,150.0600,150.0600,0
1979-08-31,150.4400,150.4400,150.4400,150.4400,0
1979-09-04,148.4900,148.4900,148.4900,148.4900,0
1979-09-05,146.0300,146.0300,146.0300,146.0300,0
1979-09-06,146.8700,146.8700,146.8700,146.8700,0
1979-09-07,148.0700,148.0700,148.0700,148.0700,0
1979-09-10,148.9100,148.9100,148.9100,148.9100,0
1979-09-11,148.3900,148.3900,148.3900,148.3900,0
1979-09-12,148.6600,148.6600,148.6600,148.6600,0
1979-09-13,149.3300,149.3300,149.3300,149.3300,0
1979-09-14,150.5600,150.5600,150.5600,150.5600,0
1979-09-17,150.4600,150.4600,150.4600,150.4600,0
1979-09-18,149.1900,149.1900,149.1900,149.1900,0
1979-09-19,149.4400,149.4400,149.4400,149.4400,0
1979-09-20,150.2000,150.2000,150.2000,150.2000,0
1979-09-21,150.6500,150.6500,150.6500,150.6500,0
1979-09-24,150.1200,150.1200,150.1200,150.1200,0
1979-09-25,149.2700,149.2700,149.2700,149.2700,0
1979-09-26,149.8800,149.8800,149.8800,149.8800,0
1979-09-27,150.3700,150.3700,150.3700,150.3700,0
1979-09-28,149.9800,149.9800,149.9800,149.9800,0
1979-10-01,149.5900,149.5900,149.5900,149.5900,0
1979-10-02,150.0100,150.0100,150.0100,150.0100,0
1979-10-03,150.5100,150.5100,150.5100,150.5100,0
1979-10-04,151.4200,151.4200,151.4200,151.4200,0
1979-10-05,152.2900,152.2900,152.2900,152.2900,0
1979-10-08,150.9800,150.9800,150.9800,150.9800,0
1979-10-09,145.2000,145.2000,145.2000,145.2000,0
1979-10-10,139.3100,139.3100,139.3100,139.3100,0
1979-10-11,140.0900,140.0900,140.0900,140.0900,0
1979-10-12,140.7100,140.7100,140.7100,140.7100,0
1979-10-15,138.3900,138.3900,138.3900,138.3900,0
1979-10-16,138.3400,138.3400,138.3400,138.3400,0
1979-10-17,139.0400,139.0400,139.0400,139.0400,0
1979-10-18,139.4600,139.4600,139.4600,139.4600,0
1979-10-19,136.5900,136.5900,136.5900,136.5900,0
1979-10-22,133.1600,133.1600,133.1600,133.1600,0
1979-10-23,132.6100,132.6100,132.6100,132.6100,0
1979-10-24,133.0200,133.0200,133.0200,133.0200,0
1979-10-25,132.7200,132.7200,132.7200,132.7200,0
1979-10-26,133.7500,133.7500,133.7500,133.7500,0
1979-10-29,133.9100,133.9100,133.9100,133.9100,0
1979-10-30,135.4800,135.4800,135.4800,135.4800,0
1979-10-31,135.5300,135.5300,135.5300,135.5300,0
1979-11-01,136.4200,136.4200,136.4200,136.4200,0
1979-11-02,136.8800,136.8800,136.8800,136.8800,0
1979-11-05,136.1100,136.1100,136.1100,136.1100,0
1979-11-06,135.6600,135.6600,135.6600,135.6600,0
1979-11-07,134.1400,134.1400,134.1400,134.1400,0
1979-11-08,134.7700,134.7700,134.7700,134.7700,0
1979-11-09,135.8600,135.8600,135.8600,135.8600,0
1979-11-12,137.0500,137.0500,137.0500,137.0500,0
1979-11-13,137.1400,137.1400,137.1400,137.1400,0
1979-11-14,137.7600,137.7600,137.7600,137.7600,0
1979-11-15,138.9200,138.9200,138.9200,138.9200,0
1979-11-16,139.0700,139.0700,139.0700,139.0700,0
1979-11-19,139.9800,139.9800,139.9800,139.9800,0
1979-11-20,139.5000,139.5000,139.5000,139.5000,0
1979-11-21,138.8800,138.8800,138.8800,138.8800,0
1979-11-23,139.8500,139.8500,139.8500,139.8500,0
1979-11-26,141.9500,141.9500,141.9500,141.9500,0
1979-11-27,142.5500,142.5500,142.5500,142.5500,0
1979-11-28,143.5300,143.5300,143.5300,143.5300,0
1979-11-29,144.1600,144.1600,144.1600,144.1600,0
1979-11-30,144.2600,144.2600,144.2600,144.2600,0
1979-12-03,143.8600,143.8600,143.8600,143.8600,0
1979-12-04,144.8000,144.8000,144.8000,144.8000,0
1979-12-05,145.9200,145.9200,145.9200,145.9200,0
1979-12-06,147.0400,147.0400,147.0400,147.0400,0
1979-12-07,147.4900,147.4900,147.4900,147.4900,0
1979-12-10,147.9700,147.9700,147.9700,147.9700,0
1979-12-11,147.8300,147.8300,147.8300,147.8300,0
1979-12-12,148.5100,148.5100,148.5100,148.5100,0
1979-12-13,148.9700,148.9700,148.9700,148.9700,0
1979-12-14,150.0300,150.0300,150.0300,150.0300,0
1979-12-17,150.5600,150.5600,150.5600,150.5600,0
1979-12-18,149.7200,149.7200,149.7200,149.7200,0
1979-12-19,149.6500,149.6500,149.6500,149.6500,0
1979-12-20,150.2700,150.2700,150.2700,150.2700,0
1979-12-21,150.1700,150.1700,150.1700,150.1700,0
1979-12-24,149.9700,149.9700,149.9700,149.9700,0
1979-12-26,150.0100,150.0100,150.0100,150.0100,0
1979-12-27,150.2300,150.2300,150.2300,150.2300,0
1979-12-28,150.8300,150.8300,150.8300,150.8300,0
1979-12-31,151.1400,151.1400,151.1400,151.1400,0
1980-01-02,148.1700,148.1700,148.1700,148.1700,0
1980-01-03,145.9700,145.9700,145.9700,145.9700,0
1980-01-04,148.0200,148.0200,148.0200,148.0200,0
1980-01-07,148.6200,148.6200,148.6200,148.6200,0
1980-01-08,150.6800,150.6800,150.6800,150.6800,0
1980-01-09,151.6000,151.6000,151.6000,151.6000,0
1980-01-10,153.1200,153.1200,153.1200,153.1200,0
1980-01-11,153.8700,153.8700,153.8700,153.8700,0
1980-01-14,154.4000,154.4000,154.4000,154.4000,0
1980-01-15,154.9600,154.9600,154.9600,154.9600,0
1980-01-16,155.9900,155.9900,155.9900,155.9900,0
1980-01-17,155.8100,155.8100,155.8100,155.8100,0
1980-01-18,156.1400,156.1400,156.1400,156.1400,0
1980-01-21,157.3500,157.3500,157.3500,157.3500,0
1980-01-22,156.9200,156.9200,156.9200,156.9200,0
1980-01-23,158.5000,158.5000,158.5000,158.5000,0
1980-01-24,159.2400,159.2400,159.2400,159.2400,0
1980-01-25,159.7000,159.7000,159.7000,159.7000,0
1980-01-28,160.7000,160.7000,160.7000,160.7000,0
1980-01-29,160.2900,160.2900,160.2900,160.2900,0
1980-01-30,161.3000,161.3000,161.3000,161.3000,0
1980-01-31,161.7500,161.7500,161.7500,161.7500,0
1980-02-01,162.3000,162.3000,162.3000,162.3000,0
1980-02-04,162.0200,162.0200,162.0200,162.0200,0
1980-02-05,162.2000,162.2000,162.2000,162.2000,0
1980-02-06,162.9900,162.9900,162.9900,162.9900,0
1980-02-07,163.7700,163.7700,163.7700,163.7700,0
1980-02-08,165.2500,165.2500,165.2500,165.2500,0
1980-02-11,164.4600,164.4600,164.4600,164.4600,0
1980-02-12,164.5700,164.5700,164.5700,164.5700,0
1980-02-13,164.9800,164.9800,164.9800,164.9800,0
1980-02-14,163.5400,163.5400,163.5400,163.5400,0
1980-02-15,162.5600,162.5600,162.5600,162.5600,0
1980-02-19,161.0600,161.0600,161.0600,161.0600,0
1980-02-20,162.1000,162.1000,162.1000,162.1000,0
1980-02-21,161.3100,161.3100,161.3100,161.3100,0
1980-02-22,160.0800,160.0800,160.0800,160.0800,0
1980-02-25,157.9700,157.9700,157.9700,157.9700,0
1980-02-26,158.5000,158.5000,158.5000,158.5000,0
1980-02-27,157.7300,157.7300,157.7300,157.7300,0
1980-02-28,157.4600,157.4600,157.4600,157.4600,0
1980-02-29,158.0300,158.0300,158.0300,158.0300,0
1980-03-03,156.8700,156.8700,156.8700,156.8700,0
1980-03-04,155.3900,155.3900,155.3900,155.3900,0
1980-03-05,152.9400,152.9400,152.9400,152.9400,0
1980-03-06,148.6400,148.6400,148.6400,148.6400,0
1980-03-07,146.1900,146.1900,146.1900,146.1900,0
1980-03-10,143.7500,143.7500,143.7500,143.7500,0
1980-03-11,144.5600,144.5600,144.5600,144.5600,0
1980-03-12,144.6300,144.6300,144.6300,144.6300,0
1980-03-13,144.9800,144.9800,144.9800,144.9800,0
1980-03-14,144.4400,144.4400,144.4400,144.4400,0
1980-03-17,139.7000,139.7000,139.7000,139.7000,0
1980-03-18,138.9200,138.9200,138.9200,138.9200,0
1980-03-19,139.9700,139.9700,139.9700,139.9700,0
1980-03-20,139.6400,139.6400,139.6400,139.6400,0
1980-03-21,138.8000,138.8000,138.8000,138.8000,0
1980-03-24,134.6100,134.6100,134.6100,134.6100,0
1980-03-25,132.5200,132.5200,132.5200,132.5200,0
1980-03-26,132.2200,132.2200,132.2200,132.2200,0
1980-03-27,124.0900,124.0900,124.0900,124.0900,0
1980-03-28,129.2500,129.2500,129.2500,129.2500,0
1980-03-31,131.0000,131.0000,131.0000,131.0000,0
1980-04-01,133.1400,133.1400,133.1400,133.1400,0
1980-04-02,135.8000,135.8000,135.8000,135.8000,0
1980-04-03,136.0100,136.0100,136.0100,136.0100,0
1980-04-07,133.4000,133.4000,133.4000,133.4000,0
1980-04-08,134.3700,134.3700,134.3700,134.3700,0
1980-04-09,136.0400,136.0400,136.0400,136.0400,0
1980-04-10,137.2800,137.2800,137.2800,137.2800,0
1980-04-11,137.7500,137.7500,137.7500,137.7500,0
1980-04-14,136.6700,136.6700,136.6700,136.6700,0
1980-04-15,136.3900,136.3900,136.3900,136.3900,0
1980-04-16,135.7600,135.7600,135.7600,135.7600,0
1980-04-17,134.5500,134.5500,134.5500,134.5500,0
1980-04-18,134.6600,134.6600,134.6600,134.6600,0
1980-04-21,133.0800,133.0800,133.0800,133.0800,0
1980-04-22,135.7100,135.7100,135.7100,135.7100,0
1980-04-23,136.9200,136.9200,136.9200,136.9200,0
1980-04-24,138.6900,138.6900,138.6900,138.6900,0
1980-04-25,137.9200,137.9200,137.9200,137.9200,0
1980-04-28,138.5400,138.5400,138.5400,138.5400,0
1980-04-29,139.3500,139.3500,139.3500,139.3500,0
1980-04-30,139.9900,139.9900,139.9900,139.9900,0
1980-05-01,139.6800,139.6800,139.6800,139.6800,0
1980-05-02,140.2500,140.2500,140.2500,140.2500,0
1980-05-05,141.0400,141.0400,141.0400,141.0400,0
1980-05-06,142.2300,142.2300,142.2300,142.2300,0
1980-05-07,143.5800,143.5800,143.5800,143.5800,0
1980-05-08,143.2600,143.2600,143.2600,143.2600,0
1980-05-09,143.0600,143.0600,143.0600,143.0600,0
1980-05-12,142.9600,142.9600,142.9600,142.9600,0
1980-05-13,144.1000,144.1000,144.1000,144.1000,0
1980-05-14,145.6600,145.6600,145.6600,145.6600,0
1980-05-15,146.6200,146.6200,146.6200,146.6200,0
1980-05-16,147.2400,147.2400,147.2400,147.2400,0
1980-05-19,147.2400,147.2400,147.2400,147.2400,0
1980-05-20,146.9300,146.9300,146.9300,146.9300,0
1980-05-21,146.7500,146.7500,146.7500,146.7500,0
1980-05-22,147.9600,147.9600,147.9600,147.9600,0
1980-05-23,149.4800,149.4800,149.4800,149.4800,0
1980-05-27,150.1000,150.1000,150.1000,150.1000,0
1980-05-28,150.7000,150.7000,150.7000,150.7000,0
1980-05-29,150.0900,150.0900,150.0900,150.0900,0
1980-05-30,150.4500,150.4500,150.4500,150.4500,0
1980-06-02,150.1700,150.1700,150.1700,150.1700,0
1980-06-03,149.9200,149.9200,149.9200,149.9200,0
1980-06-04,151.2100,151.2100,151.2100,151.2100,0
1980-06-05,152.2100,152.2100,152.2100,152.2100,0
1980-06-06,152.6800,152.6800,152.6800,152.6800,0
1980-06-09,153.0000,153.0000,153.0000,153.0000,0
1980-06-10,154.1500,154.1500,154.1500,154.1500,0
1980-06-11,155.2200,155.2200,155.2200,155.2200,0
1980-06-12,155.3100,155.3100,155.3100,155.3100,0
1980-06-13,156.5900,156.5900,156.5900,156.5900,0
1980-06-16,156.7900,156.7900,156.7900,156.7900,0
1980-06-17,156.9800,156.9800,156.9800,156.9800,0
1980-06-18,157.1900,157.1900,157.1900,157.1900,0
1980-06-19,156.7300,156.7300,156.7300,156.7300,0
1980-06-20,156.5100,156.5100,156.5100,156.5100,0
1980-06-23,156.9900,156.9900,156.9900,156.9900,0
1980-06-24,157.6600,157.6600,157.6600,157.6600,0
1980-06-25,158.7400,158.7400,158.7400,158.7400,0
1980-06-26,159.0000,159.0000,159.0000,159.0000,0
1980-06-27,159.1800,159.1800,159.1800,159.1800,0
1980-06-30,157.7800,157.7800,157.7800,157.7800,0
1980-07-01,158.1700,158.1700,158.1700,158.1700,0
1980-07-02,159.1800,159.1800,159.1800,159.1800,0
1980-07-03,160.8700,160.8700,160.8700,160.8700,0
1980-07-07,163.6300,163.6300,163.6300,163.6300,0
1980-07-08,163.5800,163.5800,163.5800,163.5800,0
1980-07-09,164.0900,164.0900,164.0900,164.0900,0
1980-07-10,163.8400,163.8400,163.8400,163.8400,0
1980-07-11,164.8200,164.8200,164.8200,164.8200,0
1980-07-14,166.5200,166.5200,166.5200,166.5200,0
1980-07-15,167.0500,167.0500,167.0500,167.0500,0
1980-07-16,167.1000,167.1000,167.1000,167.1000,0
1980-07-17,168.6700,168.6700,168.6700,168.6700,0
1980-07-18,169.9900,169.9900,169.9900,169.9900,0
1980-07-21,170.4800,170.4800,170.4800,170.4800,0
1980-07-22,169.7900,169.7900,169.7900,169.7900,0
1980-07-23,169.8200,169.8200,169.8200,169.8200,0
1980-07-24,169.9200,169.9200,169.9200,169.9200,0
1980-07-25,169.6300,169.6300,169.6300,169.6300,0
1980-07-28,170.0200,170.0200,170.0200,170.0200,0
1980-07-29,171.0600,171.0600,171.0600,171.0600,0
1980-07-30,172.3300,172.3300,172.3300,172.3300,0
1980-07-31,171.8100,171.8100,171.8100,171.8100,0
1980-08-01,172.4900,172.4900,172.4900,172.4900,0
1980-08-04,171.8900,171.8900,171.8900,171.8900,0
1980-08-05,172.5200,172.5200,172.5200,172.5200,0
1980-08-06,173.4500,173.4500,173.4500,173.4500,0
1980-08-07,175.2400,175.2400,175.2400,175.2400,0
1980-08-08,175.8800,175.8800,175.8800,175.8800,0
1980-08-11,177.1100,177.1100,177.1100,177.1100,0
1980-08-12,176.6200,176.6200,176.6200,176.6200,0
1980-08-13,177.0200,177.0200,177.0200,177.0200,0
1980-08-14,178.7600,178.7600,178.7600,178.7600,0
1980-08-15,179.8900,179.8900,179.8900,179.8900,0
1980-08-18,177.2400,177.2400,177.2400,177.2400,0
1980-08-19,176.2800,176.2800,176.2800,176.2800,0
1980-08-20,177.6800,177.6800,177.6800,177.6800,0
1980-08-21,179.9100,179.9100,179.9100,179.9100,0
1980-08-22,181.7000,181.7000,181.7000,181.7000,0
1980-08-25,181.5800,181.5800,181.5800,181.5800,0
1980-08-26,182.3900,182.3900,182.3900,182.3900,0
1980-08-27,182.1500,182.1500,182.1500,182.1500,0
1980-08-28,180.9900,180.9900,180.9900,180.9900,0
1980-08-29,181.5200,181.5200,181.5200,181.5200,0
1980-09-02,182.3400,182.3400,182.3400,182.3400,0
1980-09-03,184.5300,184.5300,184.5300,184.5300,0
1980-09-04,185.0500,185.0500,185.0500,185.0500,0
1980-09-05,185.6100,185.6100,185.6100,185.6100,0
1980-09-08,184.4500,184.4500,184.4500,184.4500,0
1980-09-09,184.8400,184.8400,184.8400,184.8400,0
1980-09-10,186.3100,186.3100,186.3100,186.3100,0
1980-09-11,188.1600,188.1600,188.1600,188.1600,0
1980-09-12,189.5800,189.5800,189.5800,189.5800,0
1980-09-15,189.5900,189.5900,189.5900,189.5900,0
1980-09-16,191.3100,191.3100,191.3100,191.3100,0
1980-09-17,193.9500,193.9500,193.9500,193.9500,0
1980-09-18,193.6100,193.6100,193.6100,193.6100,0
1980-09-19,195.3300,195.3300,195.3300,195.3300,0
1980-09-22,195.9400,195.9400,195.9400,195.9400,0
1980-09-23,195.0500,195.0500,195.0500,195.0500,0
1980-09-24,195.1800,195.1800,195.1800,195.1800,0
1980-09-25,194.0500,194.0500,194.0500,194.0500,0
1980-09-26,190.7700,190.7700,190.7700,190.7700,0
1980-09-29,185.7900,185.7900,185.7900,185.7900,0
1980-09-30,187.7600,187.7600,187.7600,187.7600,0
1980-10-01,189.6200,189.6200,189.6200,189.6200,0
1980-10-02,190.8100,190.8100,190.8100,190.8100,0
1980-10-03,193.4300,193.4300,193.4300,193.4300,0
1980-10-06,196.0100,196.0100,196.0100,196.0100,0
1980-10-07,196.1700,196.1700,196.1700,196.1700,0
1980-10-08,197.1800,197.1800,197.1800,197.1800,0
1980-10-09,197.5300,197.5300,197.5300,197.5300,0
1980-10-10,197.7900,197.7900,197.7900,197.7900,0
1980-10-13,198.8700,198.8700,198.8700,198.8700,0
1980-10-14,199.0200,199.0200,199.0200,199.0200,0
1980-10-15,199.4300,199.4300,199.4300,199.4300,0
1980-10-16,197.9500,197.9500,197.9500,197.9500,0
1980-10-17,197.2400,197.2400,197.2400,197.2400,0
1980-10-20,197.1500,197.1500,197.1500,197.1500,0
1980-10-21,196.4600,196.4600,196.4600,196.4600,0
1980-10-22,197.9000,197.9000,197.9000,197.9000,0
1980-10-23,195.8100,195.8100,195.8100,195.8100,0
1980-10-24,196.1700,196.1700,196.1700,196.1700,0
1980-10-27,194.3500,194.3500,194.3500,194.3500,0
1980-10-28,193.7600,193.7600,193.7600,193.7600,0
1980-10-29,194.4900,194.4900,194.4900,194.4900,0
1980-10-30,192.5100,192.5100,192.5100,192.5100,0
1980-10-31,192.7800,192.7800,192.7800,192.7800,0
1980-11-03,193.1500,193.1500,193.1500,193.1500,0
1980-11-05,196.0300,196.0300,196.0300,196.0300,0
1980-11-06,193.9600,193.9600,193.9600,193.9600,0
1980-11-07,193.5100,193.5100,193.5100,193.5100,0
1980-11-10,193.1000,193.1000,193.1000,193.1000,0
1980-11-11,195.0200,195.0200,195.0200,195.0200,0
1980-11-12,197.7800,197.7800,197.7800,197.7800,0
1980-11-13,200.2500,200.2500,200.2500,200.2500,0
1980-11-14,201.7600,201.7600,201.7600,201.7600,0
1980-11-17,201.5900,201.5900,201.5900,201.5900,0
1980-11-18,203.7600,203.7600,203.7600,203.7600,0
1980-11-19,205.0200,205.0200,205.0200,205.0200,0
1980-11-20,206.5000,206.5000,206.5000,206.5000,0
1980-11-21,206.0700,206.0700,206.0700,206.0700,0
1980-11-24,204.2200,204.2200,204.2200,204.2200,0
1980-11-25,205.4100,205.4100,205.4100,205.4100,0
1980-11-26,207.0600,207.0600,207.0600,207.0600,0
1980-11-28,208.1500,208.1500,208.1500,208.1500,0
1980-12-01,204.9100,204.9100,204.9100,204.9100,0
1980-12-02,203.7100,203.7100,203.7100,203.7100,0
1980-12-03,204.9000,204.9000,204.9000,204.9000,0
1980-12-04,206.1900,206.1900,206.1900,206.1900,0
1980-12-05,203.0200,203.0200,203.0200,203.0200,0
1980-12-08,195.8700,195.8700,195.8700,195.8700,0
1980-12-09,195.0700,195.0700,195.0700,195.0700,0
1980-12-10,193.5800,193.5800,193.5800,193.5800,0
1980-12-11,188.7500,188.7500,188.7500,188.7500,0
1980-12-12,191.2200,191.2200,191.2200,191.2200,0
1980-12-15,194.0200,194.0200,194.0200,194.0200,0
1980-12-16,191.8800,191.8800,191.8800,191.8800,0
1980-12-17,194.0200,194.0200,194.0200,194.0200,0
1980-12-18,196.0100,196.0100,196.0100,196.0100,0
1980-12-19,197.9100,197.9100,197.9100,197.9100,0
1980-12-22,199.7900,199.7900,199.7900,199.7900,0
1980-12-23,199.8600,199.8600,199.8600,199.8600,0
1980-12-24,200.1400,200.1400,200.1400,200.1400,0
1980-12-26,201.2800,201.2800,201.2800,201.2800,0
1980-12-29,199.8400,199.8400,199.8400,199.8400,0
1980-12-30,200.4600,200.4600,200.4600,200.4600,0
1980-12-31,202.3400,202.3400,202.3400,202.3400,0
1981-01-02,203.5500,203.5500,203.5500,203.5500,0
1981-01-05,204.1700,204.1700,204.1700,204.1700,0
1981-01-06,204.0700,204.0700,204.0700,204.0700,0
1981-01-07,197.3500,197.3500,197.3500,197.3500,0
1981-01-08,195.8900,195.8900,195.8900,195.8900,0
1981-01-09,197.6600,197.6600,197.6600,197.6600,0
1981-01-12,198.4400,198.4400,198.4400,198.4400,0
1981-01-13,198.0500,198.0500,198.0500,198.0500,0
1981-01-14,199.0800,199.0800,199.0800,199.0800,0
1981-01-15,199.8500,199.8500,199.8500,199.8500,0
1981-01-16,201.1300,201.1300,201.1300,201.1300,0
1981-01-19,201.5800,201.5800,201.5800,201.5800,0
1981-01-20,198.7200,198.7200,198.7200,198.7200,0
1981-01-21,198.0900,198.0900,198.0900,198.0900,0
1981-01-22,197.1200,197.1200,197.1200,197.1200,0
1981-01-23,197.5200,197.5200,197.5200,197.5200,0
1981-01-26,196.1300,196.1300,196.1300,196.1300,0
1981-01-27,197.1800,197.1800,197.1800,197.1800,0
1981-01-28,197.3700,197.3700,197.3700,197.3700,0
1981-01-29,197.8800,197.8800,197.8800,197.8800,0
1981-01-30,197.8100,197.8100,197.8100,197.8100,0
1981-02-02,193.0900,193.0900,193.0900,193.0900,0
1981-02-03,193.5600,193.5600,193.5600,193.5600,0
1981-02-04,194.5700,194.5700,194.5700,194.5700,0
1981-02-05,196.2900,196.2900,196.2900,196.2900,0
1981-02-06,197.8700,197.8700,197.8700,197.8700,0
1981-02-09,196.9300,196.9300,196.9300,196.9300,0
1981-02-10,196.7000,196.7000,196.7000,196.7000,0
1981-02-11,195.8100,195.8100,195.8100,195.8100,0
1981-02-12,194.6100,194.6100,194.6100,194.6100,0
1981-02-13,193.8900,193.8900,193.8900,193.8900,0
1981-02-17,193.9800,193.9800,193.9800,193.9800,0
1981-02-18,194.7300,194.7300,194.7300,194.7300,0
1981-02-19,192.7400,192.7400,192.7400,192.7400,0
1981-02-20,192.2900,192.2900,192.2900,192.2900,0
1981-02-23,193.0600,193.0600,193.0600,193.0600,0
1981-02-24,193.9400,193.9400,193.9400,193.9400,0
1981-02-25,193.9900,193.9900,193.9900,193.9900,0
1981-02-26,196.1300,196.1300,196.1300,196.1300,0
1981-02-27,198.0100,198.0100,198.0100,198.0100,0
1981-03-02,199.0600,199.0600,199.0600,199.0600,0
1981-03-03,198.3500,198.3500,198.3500,198.3500,0
1981-03-04,198.7500,198.7500,198.7500,198.7500,0
1981-03-05,199.0500,199.0500,199.0500,199.0500,0
1981-03-06,199.8900,199.8900,199.8900,199.8900,0
1981-03-09,200.1400,200.1400,200.1400,200.1400,0
1981-03-10,199.0300,199.0300,199.0300,199.0300,0
1981-03-11,198.1600,198.1600,198.1600,198.1600,0
1981-03-12,200.6700,200.6700,200.6700,200.6700,0
1981-03-13,202.1700,202.1700,202.1700,202.1700,0
1981-03-16,203.4400,203.4400,203.4400,203.4400,0
1981-03-17,203.1900,203.1900,203.1900,203.1900,0
1981-03-18,204.0000,204.0000,204.0000,204.0000,0
1981-03-19,204.4500,204.4500,204.4500,204.4500,0
1981-03-20,206.2900,206.2900,206.2900,206.2900,0
1981-03-23,207.6200,207.6200,207.6200,207.6200,0
1981-03-24,207.7000,207.7000,207.7000,207.7000,0
1981-03-25,209.3100,209.3100,209.3100,209.3100,0
1981-03-26,209.5300,209.5300,209.5300,209.5300,0
1981-03-27,208.8200,208.8200,208.8200,208.8200,0
1981-03-30,208.9600,208.9600,208.9600,208.9600,0
1981-03-31,210.1800,210.1800,210.1800,210.1800,0
1981-04-01,211.3400,211.3400,211.3400,211.3400,0
1981-04-02,211.9600,211.9600,211.9600,211.9600,0
1981-04-03,212.6500,212.6500,212.6500,212.6500,0
1981-04-06,211.2700,211.2700,211.2700,211.2700,0
1981-04-07,211.7600,211.7600,211.7600,211.7600,0
1981-04-08,212.8000,212.8000,212.8000,212.8000,0
1981-04-09,213.9100,213.9100,213.9100,213.9100,0
1981-04-10,215.1500,215.1500,215.1500,215.1500,0
1981-04-13,214.3300,214.3300,214.3300,214.3300,0
1981-04-14,213.3900,213.3900,213.3900,213.3900,0
1981-04-15,214.9800,214.9800,214.9800,214.9800,0
1981-04-16,216.6400,216.6400,216.6400,216.6400,0
1981-04-20,217.5500,217.5500,217.5500,217.5500,0
1981-04-21,216.7300,216.7300,216.7300,216.7300,0
1981-04-22,217.1900,217.1900,217.1900,217.1900,0
1981-04-23,218.0200,218.0200,218.0200,218.0200,0
1981-04-24,219.5600,219.5600,219.5600,219.5600,0
1981-04-27,219.8800,219.8800,219.8800,219.8800,0
1981-04-28,217.6300,217.6300,217.6300,217.6300,0
1981-04-29,216.2200,216.2200,216.2200,216.2200,0
1981-04-30,216.7400,216.7400,216.7400,216.7400,0
1981-05-01,216.6800,216.6800,216.6800,216.6800,0
1981-05-04,213.3200,213.3200,213.3200,213.3200,0
1981-05-05,211.5500,211.5500,211.5500,211.5500,0
1981-05-06,211.9800,211.9800,211.9800,211.9800,0
1981-05-07,213.6600,213.6600,213.6600,213.6600,0
1981-05-08,214.8400,214.8400,214.8400,214.8400,0
1981-05-11,212.7900,212.7900,212.7900,212.7900,0
1981-05-12,213.1200,213.1200,213.1200,213.1200,0
1981-05-13,213.7800,213.7800,213.7800,213.7800,0
1981-05-14,215.1800,215.1800,215.1800,215.1800,0
1981-05-15,216.5100,216.5100,216.5100,216.5100,0
1981-05-18,216.9400,216.9400,216.9400,216.9400,0
1981-05-19,216.1200,216.1200,216.1200,216.1200,0
1981-05-20,217.6300,217.6300,217.6300,217.6300,0
1981-05-21,218.3500,218.3500,218.3500,218.3500,0
1981-05-22,219.2300,219.2300,219.2300,219.2300,0
1981-05-26,220.2400,220.2400,220.2400,220.2400,0
1981-05-27,222.1700,222.1700,222.1700,222.1700,0
1981-05-28,223.3100,223.3100,223.3100,223.3100,0
1981-05-29,223.4700,223.4700,223.4700,223.4700,0
1981-06-01,223.0200,223.0200,223.0200,223.0200,0
1981-06-02,219.5900,219.5900,219.5900,219.5900,0
1981-06-03,218.8900,218.8900,218.8900,218.8900,0
1981-06-04,219.6800,219.6800,219.6800,219.6800,0
1981-06-05,221.3000,221.3000,221.3000,221.3000,0
1981-06-08,220.8400,220.8400,220.8400,220.8400,0
1981-06-09,220.0100,220.0100,220.0100,220.0100,0
1981-06-10,220.4000,220.4000,220.4000,220.4000,0
1981-06-11,222.3400,222.3400,222.3400,222.3400,0
1981-06-12,222.7600,222.7600,222.7600,222.7600,0
1981-06-15,222.9600,222.9600,222.9600,222.9600,0
1981-06-16,220.5800,220.5800,220.5800,220.5800,0
1981-06-17,220.6100,220.6100,220.6100,220.6100,0
1981-06-18,218.7100,218.7100,218.7100,218.7100,0
1981-06-19,219.5600,219.5600,219.5600,219.5600,0
1981-06-22,218.6000,218.6000,218.6000,218.6000,0
1981-06-23,219.2300,219.2300,219.2300,219.2300,0
1981-06-24,218.7700,218.7700,218.7700,218.7700,0
1981-06-25,219.3100,219.3100,219.3100,219.3100,0
1981-06-26,219.7600,219.7600,219.7600,219.7600,0
1981-06-29,218.2200,218.2200,218.2200,218.2200,0
1981-06-30,215.7500,215.7500,215.7500,215.7500,0
1981-07-01,214.6300,214.6300,214.6300,214.6300,0
1981-07-02,212.8000,212.8000,212.8000,212.8000,0
1981-07-06,209.1000,209.1000,209.1000,209.1000,0
1981-07-07,208.0100,208.0100,208.0100,208.0100,0
1981-07-08,208.4400,208.4400,208.4400,208.4400,0
1981-07-09,210.0300,210.0300,210.0300,210.0300,0
1981-07-10,210.5400,210.5400,210.5400,210.5400,0
1981-07-13,210.8600,210.8600,210.8600,210.8600,0
1981-07-14,209.8800,209.8800,209.8800,209.8800,0
1981-07-15,210.8400,210.8400,210.8400,210.8400,0
1981-07-16,212.0200,212.0200,212.0200,212.0200,0
1981-07-17,212.7600,212.7600,212.7600,212.7600,0
1981-07-20,209.2700,209.2700,209.2700,209.2700,0
1981-07-21,207.7100,207.7100,207.7100,207.7100,0
1981-07-22,206.1600,206.1600,206.1600,206.1600,0
1981-07-23,206.4100,206.4100,206.4100,206.4100,0
1981-07-24,208.0000,208.0000,208.0000,208.0000,0
1981-07-27,209.4200,209.4200,209.4200,209.4200,0
1981-07-28,208.9100,208.9100,208.9100,208.9100,0
1981-07-29,208.9500,208.9500,208.9500,208.9500,0
1981-07-30,210.0300,210.0300,210.0300,210.0300,0
1981-07-31,211.6300,211.6300,211.6300,211.6300,0
1981-08-03,210.4000,210.4000,210.4000,210.4000,0
1981-08-04,210.0900,210.0900,210.0900,210.0900,0
1981-08-05,211.0300,211.0300,211.0300,211.0300,0
1981-08-06,211.6700,211.6700,211.6700,211.6700,0
1981-08-07,211.3600,211.3600,211.3600,211.3600,0
1981-08-10,210.8400,210.8400,210.8400,210.8400,0
1981-08-11,211.6700,211.6700,211.6700,211.6700,0
1981-08-12,211.9500,211.9500,211.9500,211.9500,0
1981-08-13,212.3600,212.3600,212.3600,212.3600,0
1981-08-14,212.1200,212.1200,212.1200,212.1200,0
1981-08-17,209.6500,209.6500,209.6500,209.6500,0
1981-08-18,207.0100,207.0100,207.0100,207.0100,0
1981-08-19,207.2200,207.2200,207.2200,207.2200,0
1981-08-20,207.9700,207.9700,207.9700,207.9700,0
1981-08-21,206.7600,206.7600,206.7600,206.7600,0
1981-08-24,200.7600,200.7600,200.7600,200.7600,0
1981-08-25,197.7800,197.7800,197.7800,197.7800,0
1981-08-26,197.8100,197.8100,197.8100,197.8100,0
1981-08-27,196.8200,196.8200,196.8200,196.8200,0
1981-08-28,197.5500,197.5500,197.5500,197.5500,0
1981-08-31,195.7500,195.7500,195.7500,195.7500,0
1981-09-01,195.1700,195.1700,195.1700,195.1700,0
1981-09-02,195.3900,195.3900,195.3900,195.3900,0
1981-09-03,191.9900,191.9900,191.9900,191.9900,0
1981-09-04,189.6300,189.6300,189.6300,189.6300,0
1981-09-08,184.7900,184.7900,184.7900,184.7900,0
1981-09-09,184.7700,184.7700,184.7700,184.7700,0
1981-09-10,187.5500,187.5500,187.5500,187.5500,0
1981-09-11,189.8100,189.8100,189.8100,189.8100,0
1981-09-14,189.6200,189.6200,189.6200,189.6200,0
1981-09-15,189.5600,189.5600,189.5600,189.5600,0
1981-09-16,187.8200,187.8200,187.8200,187.8200,0
1981-09-17,185.7100,185.7100,185.7100,185.7100,0
1981-09-18,184.2700,184.2700,184.2700,184.2700,0
1981-09-21,184.4100,184.4100,184.4100,184.4100,0
1981-09-22,183.2600,183.2600,183.2600,183.2600,0
1981-09-23,179.9900,179.9900,179.9900,179.9900,0
1981-09-24,180.3900,180.3900,180.3900,180.3900,0
1981-09-25,175.1200,175.1200,175.1200,175.1200,0
1981-09-28,175.0300,175.0300,175.0300,175.0300,0
1981-09-29,178.5100,178.5100,178.5100,178.5100,0
1981-09-30,180.0300,180.0300,180.0300,180.0300,0
1981-10-01,181.0900,181.0900,181.0900,181.0900,0
1981-10-02,184.3700,184.3700,184.3700,184.3700,0
1981-10-05,185.9100,185.9100,185.9100,185.9100,0
1981-10-06,185.8700,185.8700,185.8700,185.8700,0
1981-10-07,188.7800,188.7800,188.7800,188.7800,0
1981-10-08,191.0100,191.0100,191.0100,191.0100,0
1981-10-09,191.2700,191.2700,191.2700,191.2700,0
1981-10-12,191.2800,191.2800,191.2800,191.2800,0
1981-10-13,191.9200,191.9200,191.9200,191.9200,0
1981-10-14,189.4300,189.4300,189.4300,189.4300,0
1981-10-15,189.8500,189.8500,189.8500,189.8500,0
1981-10-16,190.2400,190.2400,190.2400,190.2400,0
1981-10-19,189.7700,189.7700,189.7700,189.7700,0
1981-10-20,191.2300,191.2300,191.2300,191.2300,0
1981-10-21,192.3800,192.3800,192.3800,192.3800,0
1981-10-22,192.4300,192.4300,192.4300,192.4300,0
1981-10-23,191.9100,191.9100,191.9100,191.9100,0
1981-10-26,191.0100,191.0100,191.0100,191.0100,0
1981-10-27,192.6100,192.6100,192.6100,192.6100,0
1981-10-28,193.7500,193.7500,193.7500,193.7500,0
1981-10-29,193.0800,193.0800,193.0800,193.0800,0
1981-10-30,195.2400,195.2400,195.2400,195.2400,0
1981-11-02,197.2500,197.2500,197.2500,197.2500,0
1981-11-03,198.7800,198.7800,198.7800,198.7800,0
1981-11-04,199.7300,199.7300,199.7300,199.7300,0
1981-11-05,200.0200,200.0200,200.0200,200.0200,0
1981-11-06,199.9700,199.9700,199.9700,199.9700,0
1981-11-09,199.9200,199.9200,199.9200,199.9200,0
1981-11-10,199.9000,199.9000,199.9000,199.9000,0
1981-11-11,200.0500,200.0500,200.0500,200.0500,0
1981-11-12,200.9900,200.9900,200.9900,200.9900,0
1981-11-13,200.1600,200.1600,200.1600,200.1600,0
1981-11-16,197.1600,197.1600,197.1600,197.1600,0
1981-11-17,197.6800,197.6800,197.6800,197.6800,0
1981-11-18,197.6000,197.6000,197.6000,197.6000,0
1981-11-19,197.3200,197.3200,197.3200,197.3200,0
1981-11-20,198.6000,198.6000,198.6000,198.6000,0
1981-11-23,198.0100,198.0100,198.0100,198.0100,0
1981-11-24,199.0400,199.0400,199.0400,199.0400,0
1981-11-25,200.0100,200.0100,200.0100,200.0100,0
1981-11-27,201.0200,201.0200,201.0200,201.0200,0
1981-11-30,201.3700,201.3700,201.3700,201.3700,0
1981-12-01,201.1300,201.1300,201.1300,201.1300,0
1981-12-02,200.3500,200.3500,200.3500,200.3500,0
1981-12-03,199.9000,199.9000,199.9000,199.9000,0
1981-12-04,200.8800,200.8800,200.8800,200.8800,0
1981-12-07,199.7100,199.7100,199.7100,199.7100,0
1981-12-08,198.1300,198.1300,198.1300,198.1300,0
1981-12-09,198.2900,198.2900,198.2900,198.2900,0
1981-12-10,198.9200,198.9200,198.9200,198.9200,0
1981-12-11,198.6400,198.6400,198.6400,198.6400,0
1981-12-14,195.6700,195.6700,195.6700,195.6700,0
1981-12-15,195.1600,195.1600,195.1600,195.1600,0
1981-12-16,195.0900,195.0900,195.0900,195.0900,0
1981-12-17,195.7000,195.7000,195.7000,195.7000,0
1981-12-18,197.0100,197.0100,197.0100,197.0100,0
1981-12-21,196.3700,196.3700,196.3700,196.3700,0
1981-12-22,195.6400,195.6400,195.6400,195.6400,0
1981-12-23,195.4500,195.4500,195.4500,195.4500,0
1981-12-24,195.7000,195.7000,195.7000,195.7000,0
1981-12-28,195.1400,195.1400,195.1400,195.1400,0
1981-12-29,193.9100,193.9100,193.9100,193.9100,0
1981-12-30,194.6600,194.6600,194.6600,194.6600,0
1981-12-31,195.8400,195.8400,195.8400,195.8400,0
1982-01-04,195.5300,195.5300,195.5300,195.5300,0
1982-01-05,192.3300,192.3300,192.3300,192.3300,0
1982-01-06,191.1500,191.1500,191.1500,191.1500,0
1982-01-07,191.0200,191.0200,191.0200,191.0200,0
1982-01-08,192.0500,192.0500,192.0500,192.0500,0
1982-01-11,188.8000,188.8000,188.8000,188.8000,0
1982-01-12,187.3200,187.3200,187.3200,187.3200,0
1982-01-13,185.7300,185.7300,185.7300,185.7300,0
1982-01-14,185.8900,185.8900,185.8900,185.8900,0
1982-01-15,187.3200,187.3200,187.3200,187.3200,0
1982-01-18,187.2100,187.2100,187.2100,187.2100,0
1982-01-19,186.1600,186.1600,186.1600,186.1600,0
1982-01-20,185.7200,185.7200,185.7200,185.7200,0
1982-01-21,186.4000,186.4000,186.4000,186.4000,0
1982-01-22,185.8300,185.8300,185.8300,185.8300,0
1982-01-25,183.5200,183.5200,183.5200,183.5200,0
1982-01-26,183.4100,183.4100,183.4100,183.4100,0
1982-01-27,183.5700,183.5700,183.5700,183.5700,0
1982-01-28,186.2200,186.2200,186.2200,186.2200,0
1982-01-29,188.3900,188.3900,188.3900,188.3900,0
1982-02-01,186.8200,186.8200,186.8200,186.8200,0
1982-02-02,187.4600,187.4600,187.4600,187.4600,0
1982-02-03,187.4300,187.4300,187.4300,187.4300,0
1982-02-04,187.1400,187.1400,187.1400,187.1400,0
1982-02-05,188.2100,188.2100,188.2100,188.2100,0
1982-02-08,184.6300,184.6300,184.6300,184.6300,0
1982-02-09,182.5100,182.5100,182.5100,182.5100,0
1982-02-10,182.9700,182.9700,182.9700,182.9700,0
1982-02-11,182.2500,182.2500,182.2500,182.2500,0
1982-02-12,182.5200,182.5200,182.5200,182.5200,0
1982-02-16,180.7100,180.7100,180.7100,180.7100,0
1982-02-17,181.2500,181.2500,181.2500,181.2500,0
1982-02-18,181.3800,181.3800,181.3800,181.3800,0
1982-02-19,180.6500,180.6500,180.6500,180.6500,0
1982-02-22,179.0700,179.0700,179.0700,179.0700,0
1982-02-23,177.4900,177.4900,177.4900,177.4900,0
1982-02-24,178.5800,178.5800,178.5800,178.5800,0
1982-02-25,179.4400,179.4400,179.4400,179.4400,0
1982-02-26,179.4300,179.4300,179.4300,179.4300,0
1982-03-01,180.1300,180.1300,180.1300,180.1300,0
1982-03-02,180.1400,180.1400,180.1400,180.1400,0
1982-03-03,178.0100,178.0100,178.0100,178.0100,0
1982-03-04,176.2900,176.2900,176.2900,176.2900,0
1982-03-05,173.9700,173.9700,173.9700,173.9700,0
1982-03-08,171.0300,171.0300,171.0300,171.0300,0
1982-03-09,169.7100,169.7100,169.7100,169.7100,0
1982-03-10,170.4200,170.4200,170.4200,170.4200,0
1982-03-11,170.0900,170.0900,170.0900,170.0900,0
1982-03-12,168.2300,168.2300,168.2300,168.2300,0
1982-03-15,167.9200,167.9200,167.9200,167.9200,0
1982-03-16,168.2800,168.2800,168.2800,168.2800,0
1982-03-17,168.2000,168.2000,168.2000,168.2000,0
1982-03-18,170.1300,170.1300,170.1300,170.1300,0
1982-03-19,171.7600,171.7600,171.7600,171.7600,0
1982-03-22,173.8300,173.8300,173.8300,173.8300,0
1982-03-23,174.9500,174.9500,174.9500,174.9500,0
1982-03-24,174.8400,174.8400,174.8400,174.8400,0
1982-03-25,175.8300,175.8300,175.8300,175.8300,0
1982-03-26,175.2000,175.2000,175.2000,175.2000,0
1982-03-29,175.5000,175.5000,175.5000,175.5000,0
1982-03-30,175.4200,175.4200,175.4200,175.4200,0
1982-03-31,175.6500,175.6500,175.6500,175.6500,0
1982-04-01,177.3100,177.3100,177.3100,177.3100,0
1982-04-02,178.5600,178.5600,178.5600,178.5600,0
1982-04-05,178.2100,178.2100,178.2100,178.2100,0
1982-04-06,178.6800,178.6800,178.6800,178.6800,0
1982-04-07,179.9100,179.9100,179.9100,179.9100,0
1982-04-08,181.1500,181.1500,181.1500,181.1500,0
1982-04-12,180.8900,180.8900,180.8900,180.8900,0
1982-04-13,180.7600,180.7600,180.7600,180.7600,0
1982-04-14,180.4100,180.4100,180.4100,180.4100,0
1982-04-15,181.1200,181.1200,181.1200,181.1200,0
1982-04-16,182.2500,182.2500,182.2500,182.2500,0
1982-04-19,182.3700,182.3700,182.3700,182.3700,0
1982-04-20,181.9400,181.9400,181.9400,181.9400,0
1982-04-21,182.3200,182.3200,182.3200,182.3200,0
1982-04-22,183.6600,183.6600,183.6600,183.6600,0
1982-04-23,184.9300,184.9300,184.9300,184.9300,0
1982-04-26,185.8000,185.8000,185.8000,185.8000,0
1982-04-27,184.7200,184.7200,184.7200,184.7200,0
1982-04-28,184.8900,184.8900,184.8900,184.8900,0
1982-04-29,184.1500,184.1500,184.1500,184.1500,0
1982-04-30,184.7000,184.7000,184.7000,184.7000,0
1982-05-03,184.9700,184.9700,184.9700,184.9700,0
1982-05-04,185.9500,185.9500,185.9500,185.9500,0
1982-05-05,185.8800,185.8800,185.8800,185.8800,0
1982-05-06,187.2700,187.2700,187.2700,187.2700,0
1982-05-07,188.1300,188.1300,188.1300,188.1300,0
1982-05-10,187.5700,187.5700,187.5700,187.5700,0
1982-05-11,188.1900,188.1900,188.1900,188.1900,0
1982-05-12,188.0600,188.0600,188.0600,188.0600,0
1982-05-13,187.6600,187.6600,187.6600,187.6600,0
1982-05-14,188.2200,188.2200,188.2200,188.2200,0
1982-05-17,186.9000,186.9000,186.9000,186.9000,0
1982-05-18,185.8100,185.8100,185.8100,185.8100,0
1982-05-19,183.9100,183.9100,183.9100,183.9100,0
1982-05-20,182.7200,182.7200,182.7200,182.7200,0
1982-05-21,182.4000,182.4000,182.4000,182.4000,0
1982-05-24,181.7100,181.7100,181.7100,181.7100,0
1982-05-25,181.1200,181.1200,181.1200,181.1200,0
1982-05-26,178.7600,178.7600,178.7600,178.7600,0
1982-05-27,178.3700,178.3700,178.3700,178.3700,0
1982-05-28,178.5400,178.5400,178.5400,178.5400,0
1982-06-01,177.3600,177.3600,177.3600,177.3600,0
1982-06-02,177.8200,177.8200,177.8200,177.8200,0
1982-06-03,177.1000,177.1000,177.1000,177.1000,0
1982-06-04,174.8200,174.8200,174.8200,174.8200,0
1982-06-07,173.8400,173.8400,173.8400,173.8400,0
1982-06-08,173.2800,173.2800,173.2800,173.2800,0
1982-06-09,170.9400,170.9400,170.9400,170.9400,0
1982-06-10,171.3700,171.3700,171.3700,171.3700,0
1982-06-11,173.5500,173.5500,173.5500,173.5500,0
1982-06-14,172.1500,172.1500,172.1500,172.1500,0
1982-06-15,171.1900,171.1900,171.1900,171.1900,0
1982-06-16,171.4400,171.4400,171.4400,171.4400,0
1982-06-17,169.8500,169.8500,169.8500,169.8500,0
1982-06-18,168.5000,168.5000,168.5000,168.5000,0
1982-06-21,168.0000,168.0000,168.0000,168.0000,0
1982-06-22,169.0500,169.0500,169.0500,169.0500,0
1982-06-23,170.8600,170.8600,170.8600,170.8600,0
1982-06-24,171.1200,171.1200,171.1200,171.1200,0
1982-06-25,170.4800,170.4800,170.4800,170.4800,0
1982-06-28,171.0700,171.0700,171.0700,171.0700,0
1982-06-29,170.5300,170.5300,170.5300,170.5300,0
1982-06-30,171.3000,171.3000,171.3000,171.3000,0
1982-07-01,170.6000,170.6000,170.6000,170.6000,0
1982-07-02,170.0500,170.0500,170.0500,170.0500,0
1982-07-06,169.2200,169.2200,169.2200,169.2200,0
1982-07-07,168.0800,168.0800,168.0800,168.0800,0
1982-07-08,166.8000,166.8000,166.8000,166.8000,0
1982-07-09,168.0700,168.0700,168.0700,168.0700,0
1982-07-12,168.8500,168.8500,168.8500,168.8500,0
1982-07-13,169.3500,169.3500,169.3500,169.3500,0
1982-07-14,169.2100,169.2100,169.2100,169.2100,0
1982-07-15,169.6100,169.6100,169.6100,169.6100,0
1982-07-16,170.1800,170.1800,170.1800,170.1800,0
1982-07-19,170.0900,170.0900,170.0900,170.0900,0
1982-07-20,170.8300,170.8300,170.8300,170.8300,0
1982-07-21,171.5400,171.5400,171.5400,171.5400,0
1982-07-22,172.0600,172.0600,172.0600,172.0600,0
1982-07-23,172.1100,172.1100,172.1100,172.1100,0
1982-07-26,171.4500,171.4500,171.4500,171.4500,0
1982-07-27,170.7100,170.7100,170.7100,170.7100,0
1982-07-28,168.3700,168.3700,168.3700,168.3700,0
1982-07-29,167.6000,167.6000,167.6000,167.6000,0
1982-07-30,167.3500,167.3500,167.3500,167.3500,0
1982-08-02,168.3700,168.3700,168.3700,168.3700,0
1982-08-03,167.9700,167.9700,167.9700,167.9700,0
1982-08-04,166.5600,166.5600,166.5600,166.5600,0
1982-08-05,165.1500,165.1500,165.1500,165.1500,0
1982-08-06,163.5900,163.5900,163.5900,163.5900,0
1982-08-09,161.3800,161.3800,161.3800,161.3800,0
1982-08-10,161.3200,161.3200,161.3200,161.3200,0
1982-08-11,160.7700,160.7700,160.7700,160.7700,0
1982-08-12,159.8400,159.8400,159.8400,159.8400,0
1982-08-13,159.1400,159.1400,159.1400,159.1400,0
1982-08-16,159.6800,159.6800,159.6800,159.6800,0
1982-08-17,162.2800,162.2800,162.2800,162.2800,0
1982-08-18,164.9900,164.9900,164.9900,164.9900,0
1982-08-19,164.9200,164.9200,164.9200,164.9200,0
1982-08-20,166.9600,166.9600,166.9600,166.9600,0
1982-08-23,169.8800,169.8800,169.8800,169.8800,0
1982-08-24,172.2300,172.2300,172.2300,172.2300,0
1982-08-25,174.9300,174.9300,174.9300,174.9300,0
1982-08-26,178.1700,178.1700,178.1700,178.1700,0
1982-08-27,177.6000,177.6000,177.6000,177.6000,0
1982-08-30,176.3600,176.3600,176.3600,176.3600,0
1982-08-31,177.7100,177.7100,177.7100,177.7100,0
1982-09-01,177.3000,177.3000,177.3000,177.3000,0
1982-09-02,179.5000,179.5000,179.5000,179.5000,0
1982-09-03,182.0500,182.0500,182.0500,182.0500,0
1982-09-07,180.8800,180.8800,180.8800,180.8800,0
1982-09-08,181.7900,181.7900,181.7900,181.7900,0
1982-09-09,182.7700,182.7700,182.7700,182.7700,0
1982-09-10,182.4700,182.4700,182.4700,182.4700,0
1982-09-13,182.9000,182.9000,182.9000,182.9000,0
1982-09-14,184.6000,184.6000,184.6000,184.6000,0
1982-09-15,186.3100,186.3100,186.3100,186.3100,0
1982-09-16,186.8000,186.8000,186.8000,186.8000,0
1982-09-17,186.6100,186.6100,186.6100,186.6100,0
1982-09-20,186.0000,186.0000,186.0000,186.0000,0
1982-09-21,187.9100,187.9100,187.9100,187.9100,0
1982-09-22,188.6200,188.6200,188.6200,188.6200,0
1982-09-23,188.1500,188.1500,188.1500,188.1500,0
1982-09-24,188.6100,188.6100,188.6100,188.6100,0
1982-09-27,188.6400,188.6400,188.6400,188.6400,0
1982-09-28,189.0400,189.0400,189.0400,189.0400,0
1982-09-29,188.2600,188.2600,188.2600,188.2600,0
1982-09-30,187.6500,187.6500,187.6500,187.6500,0
1982-10-01,188.7000,188.7000,188.7000,188.7000,0
1982-10-04,188.0200,188.0200,188.0200,188.0200,0
1982-10-05,188.7700,188.7700,188.7700,188.7700,0
1982-10-06,191.9800,191.9800,191.9800,191.9800,0
1982-10-07,195.5900,195.5900,195.5900,195.5900,0
1982-10-08,198.8900,198.8900,198.8900,198.8900,0
1982-10-11,202.3100,202.3100,202.3100,202.3100,0
1982-10-12,202.1600,202.1600,202.1600,202.1600,0
1982-10-13,205.1700,205.1700,205.1700,205.1700,0
1982-10-14,204.8500,204.8500,204.8500,204.8500,0
1982-10-15,204.4600,204.4600,204.4600,204.4600,0
1982-10-18,206.6100,206.6100,206.6100,206.6100,0
1982-10-19,207.4800,207.4800,207.4800,207.4800,0
1982-10-20,210.7000,210.7000,210.7000,210.7000,0
1982-10-21,214.2800,214.2800,214.2800,214.2800,0
1982-10-22,215.2900,215.2900,215.2900,215.2900,0
1982-10-25,210.8900,210.8900,210.8900,210.8900,0
1982-10-26,209.9200,209.9200,209.9200,209.9200,0
1982-10-27,212.2000,212.2000,212.2000,212.2000,0
1982-10-28,211.8700,211.8700,211.8700,211.8700,0
1982-10-29,212.6300,212.6300,212.6300,212.6300,0
1982-11-01,214.5200,214.5200,214.5200,214.5200,0
1982-11-02,217.6500,217.6500,217.6500,217.6500,0
1982-11-03,222.7700,222.7700,222.7700,222.7700,0
1982-11-04,225.0100,225.0100,225.0100,225.0100,0
1982-11-05,227.0300,227.0300,227.0300,227.0300,0
1982-11-08,226.7400,226.7400,226.7400,226.7400,0
1982-11-09,230.1900,230.1900,230.1900,230.1900,0
1982-11-10,230.4100,230.4100,230.4100,230.4100,0
1982-11-11,231.5200,231.5200,231.5200,231.5200,0
1982-11-12,232.6100,232.6100,232.6100,232.6100,0
1982-11-15,229.3400,229.3400,229.3400,229.3400,0
1982-11-16,224.9700,224.9700,224.9700,224.9700,0
1982-11-17,227.7500,227.7500,227.7500,227.7500,0
1982-11-18,229.2800,229.2800,229.2800,229.2800,0
1982-11-19,229.4100,229.4100,229.4100,229.4100,0
1982-11-22,225.7900,225.7900,225.7900,225.7900,0
1982-11-23,225.1700,225.1700,225.1700,225.1700,0
1982-11-24,226.8800,226.8800,226.8800,226.8800,0
1982-11-26,228.6400,228.6400,228.6400,228.6400,0
1982-11-29,228.3900,228.3900,228.3900,228.3900,0
1982-11-30,232.3100,232.3100,232.3100,232.3100,0
1982-12-01,235.5900,235.5900,235.5900,235.5900,0
1982-12-02,236.1800,236.1800,236.1800,236.1800,0
1982-12-03,237.1600,237.1600,237.1600,237.1600,0
1982-12-06,239.2900,239.2900,239.2900,239.2900,0
1982-12-07,240.6500,240.6500,240.6500,240.6500,0
1982-12-08,240.7000,240.7000,240.7000,240.7000,0
1982-12-09,237.2400,237.2400,237.2400,237.2400,0
1982-12-10,233.8500,233.8500,233.8500,233.8500,0
1982-12-13,233.3300,233.3300,233.3300,233.3300,0
1982-12-14,231.3300,231.3300,231.3300,231.3300,0
1982-12-15,225.6900,225.6900,225.6900,225.6900,0
1982-12-16,225.6000,225.6000,225.6000,225.6000,0
1982-12-17,228.9300,228.9300,228.9300,228.9300,0
1982-12-20,227.8800,227.8800,227.8800,227.8800,0
1982-12-21,228.5200,228.5200,228.5200,228.5200,0
1982-12-22,231.0400,231.0400,231.0400,231.0400,0
1982-12-23,232.3300,232.3300,232.3300,232.3300,0
1982-12-27,233.2000,233.2000,233.2000,233.2000,0
1982-12-28,232.2000,232.2000,232.2000,232.2000,0
1982-12-29,232.2700,232.2700,232.2700,232.2700,0
1982-12-30,231.2800,231.2800,231.2800,231.2800,0
1982-12-31,232.4100,232.4100,232.4100,232.4100,0
1983-01-03,230.5900,230.5900,230.5900,230.5900,0
1983-01-04,231.6400,231.6400,231.6400,231.6400,0
1983-01-05,232.7300,232.7300,232.7300,232.7300,0
1983-01-06,236.6100,236.6100,236.6100,236.6100,0
1983-01-07,238.6000,238.6000,238.6000,238.6000,0
1983-01-10,240.9400,240.9400,240.9400,240.9400,0
1983-01-11,240.8500,240.8500,240.8500,240.8500,0
1983-01-12,242.9100,242.9100,242.9100,242.9100,0
1983-01-13,243.4800,243.4800,243.4800,243.4800,0
1983-01-14,245.6300,245.6300,245.6300,245.6300,0
1983-01-17,247.1400,247.1400,247.1400,247.1400,0
1983-01-18,246.6500,246.6500,246.6500,246.6500,0
1983-01-19,245.2000,245.2000,245.2000,245.2000,0
1983-01-20,245.9900,245.9900,245.9900,245.9900,0
1983-01-21,243.9700,243.9700,243.9700,243.9700,0
1983-01-24,236.7300,236.7300,236.7300,236.7300,0
1983-01-25,239.1900,239.1900,239.1900,239.1900,0
1983-01-26,241.4300,241.4300,241.4300,241.4300,0
1983-01-27,245.4400,245.4400,245.4400,245.4400,0
1983-01-28,246.9300,246.9300,246.9300,246.9300,0
1983-01-31,248.3500,248.3500,248.3500,248.3500,0
1983-02-01,248.1500,248.1500,248.1500,248.1500,0
1983-02-02,248.2800,248.2800,248.2800,248.2800,0
1983-02-03,249.4400,249.4400,249.4400,249.4400,0
1983-02-04,251.6500,251.6500,251.6500,251.6500,0
1983-02-07,252.0200,252.0200,252.0200,252.0200,0
1983-02-08,251.1000,251.1000,251.1000,251.1000,0
1983-02-09,251.3800,251.3800,251.3800,251.3800,0
1983-02-10,254.7700,254.7700,254.7700,254.7700,0
1983-02-11,256.6400,256.6400,256.6400,256.6400,0
1983-02-14,258.6700,258.6700,258.6700,258.6700,0
1983-02-15,259.0600,259.0600,259.0600,259.0600,0
1983-02-16,259.0700,259.0700,259.0700,259.0700,0
1983-02-17,259.0000,259.0000,259.0000,259.0000,0
1983-02-18,261.2900,261.2900,261.2900,261.2900,0
1983-02-22,259.1800,259.1800,259.1800,259.1800,0
1983-02-23,259.9900,259.9900,259.9900,259.9900,0
1983-02-24,262.3100,262.3100,262.3100,262.3100,0
1983-02-25,262.4400,262.4400,262.4400,262.4400,0
1983-02-28,260.6700,260.6700,260.6700,260.6700,0
1983-03-01,261.8200,261.8200,261.8200,261.8200,0
1983-03-02,263.4000,263.4000,263.4000,263.4000,0
1983-03-03,265.2100,265.2100,265.2100,265.2100,0
1983-03-04,265.9400,265.9400,265.9400,265.9400,0
1983-03-07,265.3900,265.3900,265.3900,265.3900,0
1983-03-08,263.1600,263.1600,263.1600,263.1600,0
1983-03-09,265.0600,265.0600,265.0600,265.0600,0
1983-03-10,266.0800,266.0800,266.0800,266.0800,0
1983-03-11,266.1800,266.1800,266.1800,266.1800,0
1983-03-14,264.3400,264.3400,264.3400,264.3400,0
1983-03-15,264.2500,264.2500,264.2500,264.2500,0
1983-03-16,264.6600,264.6600,264.6600,264.6600,0
1983-03-17,264.0100,264.0100,264.0100,264.0100,0
1983-03-18,265.0100,265.0100,265.0100,265.0100,0
1983-03-21,266.3300,266.3300,266.3300,266.3300,0
1983-03-22,267.5200,267.5200,267.5200,267.5200,0
1983-03-23,269.2600,269.2600,269.2600,269.2600,0
1983-03-24,270.3700,270.3700,270.3700,270.3700,0
1983-03-25,270.8900,270.8900,270.8900,270.8900,0
1983-03-28,269.1500,269.1500,269.1500,269.1500,0
1983-03-29,268.7700,268.7700,268.7700,268.7700,0
1983-03-30,270.7800,270.7800,270.7800,270.7800,0
1983-03-31,270.8000,270.8000,270.8000,270.8000,0
1983-04-04,268.7300,268.7300,268.7300,268.7300,0
1983-04-05,268.8300,268.8300,268.8300,268.8300,0
1983-04-06,266.4700,266.4700,266.4700,266.4700,0
1983-04-07,266.7400,266.7400,266.7400,266.7400,0
1983-04-08,268.1000,268.1000,268.1000,268.1000,0
1983-04-11,270.8100,270.8100,270.8100,270.8100,0
1983-04-12,272.7300,272.7300,272.7300,272.7300,0
1983-04-13,275.9300,275.9300,275.9300,275.9300,0
1983-04-14,278.8100,278.8100,278.8100,278.8100,0
1983-04-15,281.6000,281.6000,281.6000,281.6000,0
1983-04-18,282.8300,282.8300,282.8300,282.8300,0
1983-04-19,281.8600,281.8600,281.8600,281.8600,0
1983-04-20,284.8100,284.8100,284.8100,284.8100,0
1983-04-21,286.8400,286.8400,286.8400,286.8400,0
1983-04-22,288.5500,288.5500,288.5500,288.5500,0
1983-04-25,286.5800,286.5800,286.5800,286.5800,0
1983-04-26,288.1100,288.1100,288.1100,288.1100,0
1983-04-27,288.9300,288.9300,288.9300,288.9300,0
1983-04-28,290.8400,290.8400,290.8400,290.8400,0
1983-04-29,293.0600,293.0600,293.0600,293.0600,0
1983-05-02,290.5400,290.5400,290.5400,290.5400,0
1983-05-03,289.6500,289.6500,289.6500,289.6500,0
1983-05-04,293.2100,293.2100,293.2100,293.2100,0
1983-05-05,297.3200,297.3200,297.3200,297.3200,0
1983-05-06,301.6400,301.6400,301.6400,301.6400,0
1983-05-09,302.6500,302.6500,302.6500,302.6500,0
1983-05-10,304.3400,304.3400,304.3400,304.3400,0
1983-05-11,302.8900,302.8900,302.8900,302.8900,0
1983-05-12,302.1500,302.1500,302.1500,302.1500,0
1983-05-13,303.9400,303.9400,303.9400,303.9400,0
1983-05-16,299.6000,299.6000,299.6000,299.6000,0
1983-05-17,301.0200,301.0200,301.0200,301.0200,0
1983-05-18,303.5100,303.5100,303.5100,303.5100,0
1983-05-19,302.8200,302.8200,302.8200,302.8200,0
1983-05-20,303.5600,303.5600,303.5600,303.5600,0
1983-05-23,303.8600,303.8600,303.8600,303.8600,0
1983-05-24,307.3600,307.3600,307.3600,307.3600,0
1983-05-25,309.1600,309.1600,309.1600,309.1600,0
1983-05-26,311.3900,311.3900,311.3900,311.3900,0
1983-05-27,312.0500,312.0500,312.0500,312.0500,0
1983-05-31,308.7300,308.7300,308.7300,308.7300,0
1983-06-01,307.9500,307.9500,307.9500,307.9500,0
1983-06-02,310.4500,310.4500,310.4500,310.4500,0
1983-06-03,313.8500,313.8500,313.8500,313.8500,0
1983-06-06,315.4800,315.4800,315.4800,315.4800,0
1983-06-07,314.1700,314.1700,314.1700,314.1700,0
1983-06-08,312.4900,312.4900,312.4900,312.4900,0
1983-06-09,312.7400,312.7400,312.7400,312.7400,0
1983-06-10,315.2400,315.2400,315.2400,315.2400,0
1983-06-13,318.0500,318.0500,318.0500,318.0500,0
1983-06-14,320.0400,320.0400,320.0400,320.0400,0
1983-06-15,322.0400,322.0400,322.0400,322.0400,0
1983-06-16,326.5000,326.5000,326.5000,326.5000,0
1983-06-17,326.1100,326.1100,326.1100,326.1100,0
1983-06-20,324.6300,324.6300,324.6300,324.6300,0
1983-06-21,325.9600,325.9600,325.9600,325.9600,0
1983-06-22,328.1900,328.1900,328.1900,328.1900,0
1983-06-23,327.3300,327.3300,327.3300,327.3300,0
1983-06-24,328.9100,328.9100,328.9100,328.9100,0
1983-06-27,324.3400,324.3400,324.3400,324.3400,0
1983-06-28,315.8700,315.8700,315.8700,315.8700,0
1983-06-29,316.2400,316.2400,316.2400,316.2400,0
1983-06-30,318.7000,318.7000,318.7000,318.7000,0
1983-07-01,321.5800,321.5800,321.5800,321.5800,0
1983-07-05,317.1500,317.1500,317.1500,317.1500,0
1983-07-06,319.1400,319.1400,319.1400,319.1400,0
1983-07-07,320.0300,320.0300,320.0300,320.0300,0
1983-07-08,319.5700,319.5700,319.5700,319.5700,0
1983-07-11,320.3800,320.3800,320.3800,320.3800,0
1983-07-12,316.9300,316.9300,316.9300,316.9300,0
1983-07-13,314.5900,314.5900,314.5900,314.5900,0
1983-07-14,315.4900,315.4900,315.4900,315.4900,0
1983-07-15,312.8700,312.8700,312.8700,312.8700,0
1983-07-18,310.2900,310.2900,310.2900,310.2900,0
1983-07-19,311.1700,311.1700,311.1700,311.1700,0
1983-07-20,316.7600,316.7600,316.7600,316.7600,0
1983-07-21,319.2900,319.2900,319.2900,319.2900,0
1983-07-22,320.7100,320.7100,320.7100,320.7100,0
1983-07-25,320.8400,320.8400,320.8400,320.8400,0
1983-07-26,320.3800,320.3800,320.3800,320.3800,0
1983-07-27,315.0400,315.0400,315.0400,315.0400,0
1983-07-28,308.4700,308.4700,308.4700,308.4700,0
1983-07-29,303.9600,303.9600,303.9600,303.9600,0
1983-08-01,302.0800,302.0800,302.0800,302.0800,0
1983-08-02,303.1800,303.1800,303.1800,303.1800,0
1983-08-03,303.8600,303.8600,303.8600,303.8600,0
1983-08-04,299.7000,299.7000,299.7000,299.7000,0
1983-08-05,300.2000,300.2000,300.2000,300.2000,0
1983-08-08,294.9300,294.9300,294.9300,294.9300,0
1983-08-09,294.2600,294.2600,294.2600,294.2600,0
1983-08-10,296.6500,296.6500,296.6500,296.6500,0
1983-08-11,297.5600,297.5600,297.5600,297.5600,0
1983-08-12,299.5800,299.5800,299.5800,299.5800,0
1983-08-15,301.7800,301.7800,301.7800,301.7800,0
1983-08-16,299.8500,299.8500,299.8500,299.8500,0
1983-08-17,300.8400,300.8400,300.8400,300.8400,0
1983-08-18,299.7800,299.7800,299.7800,299.7800,0
1983-08-19,299.1000,299.1000,299.1000,299.1000,0
1983-08-22,298.7600,298.7600,298.7600,298.7600,0
1983-08-23,293.6600,293.6600,293.6600,293.6600,0
1983-08-24,290.8600,290.8600,290.8600,290.8600,0
1983-08-25,289.5300,289.5300,289.5300,289.5300,0
1983-08-26,290.3100,290.3100,290.3100,290.3100,0
1983-08-29,289.3600,289.3600,289.3600,289.3600,0
1983-08-30,289.8600,289.8600,289.8600,289.8600,0
1983-08-31,292.4200,292.4200,292.4200,292.4200,0
1983-09-01,294.5500,294.5500,294.5500,294.5500,0
1983-09-02,297.8500,297.8500,297.8500,297.8500,0
1983-09-06,301.2300,301.2300,301.2300,301.2300,0
1983-09-07,300.7600,300.7600,300.7600,300.7600,0
1983-09-08,301.7900,301.7900,301.7900,301.7900,0
1983-09-09,302.2300,302.2300,302.2300,302.2300,0
1983-09-12,300.7600,300.7600,300.7600,300.7600,0
1983-09-13,297.9300,297.9300,297.9300,297.9300,0
1983-09-14,298.3400,298.3400,298.3400,298.3400,0
1983-09-15,297.1900,297.1900,297.1900,297.1900,0
1983-09-16,298.2700,298.2700,298.2700,298.2700,0
1983-09-19,301.8300,301.8300,301.8300,301.8300,0
1983-09-20,303.3600,303.3600,303.3600,303.3600,0
1983-09-21,303.2600,303.2600,303.2600,303.2600,0
1983-09-22,304.5600,304.5600,304.5600,304.5600,0
1983-09-23,303.6100,303.6100,303.6100,303.6100,0
1983-09-26,303.7700,303.7700,303.7700,303.7700,0
1983-09-27,300.7800,300.7800,300.7800,300.7800,0
1983-09-28,299.7600,299.7600,299.7600,299.7600,0
1983-09-29,299.2900,299.2900,299.2900,299.2900,0
1983-09-30,296.6500,296.6500,296.6500,296.6500,0
1983-10-03,294.6400,294.6400,294.6400,294.6400,0
1983-10-04,294.8100,294.8100,294.8100,294.8100,0
1983-10-05,294.5700,294.5700,294.5700,294.5700,0
1983-10-06,295.7800,295.7800,295.7800,295.7800,0
1983-10-07,297.3600,297.3600,297.3600,297.3600,0
1983-10-10,297.4200,297.4200,297.4200,297.4200,0
1983-10-11,295.4100,295.4100,295.4100,295.4100,0
1983-10-12,291.5900,291.5900,291.5900,291.5900,0
1983-10-13,290.4400,290.4400,290.4400,290.4400,0
1983-10-14,289.6500,289.6500,289.6500,289.6500,0
1983-10-17,289.6900,289.6900,289.6900,289.6900,0
1983-10-18,283.6200,283.6200,283.6200,283.6200,0
1983-10-19,279.8500,279.8500,279.8500,279.8500,0
1983-10-20,281.2500,281.2500,281.2500,281.2500,0
1983-10-21,279.4900,279.4900,279.4900,279.4900,0
1983-10-24,276.8100,276.8100,276.8100,276.8100,0
1983-10-25,278.6000,278.6000,278.6000,278.6000,0
1983-10-26,277.8500,277.8500,277.8500,277.8500,0
1983-10-27,277.5000,277.5000,277.5000,277.5000,0
1983-10-28,276.1400,276.1400,276.1400,276.1400,0
1983-10-31,274.5500,274.5500,274.5500,274.5500,0
1983-11-01,273.0400,273.0400,273.0400,273.0400,0
1983-11-02,275.1800,275.1800,275.1800,275.1800,0
1983-11-03,274.8600,274.8600,274.8600,274.8600,0
1983-11-04,273.1700,273.1700,273.1700,273.1700,0
1983-11-07,271.1200,271.1200,271.1200,271.1200,0
1983-11-08,269.5700,269.5700,269.5700,269.5700,0
1983-11-09,271.0000,271.0000,271.0000,271.0000,0
1983-11-10,273.0800,273.0800,273.0800,273.0800,0
1983-11-11,277.1300,277.1300,277.1300,277.1300,0
1983-11-14,279.5100,279.5100,279.5100,279.5100,0
1983-11-15,278.9200,278.9200,278.9200,278.9200,0
1983-11-16,279.9400,279.9400,279.9400,279.9400,0
1983-11-17,281.2600,281.2600,281.2600,281.2600,0
1983-11-18,281.2800,281.2800,281.2800,281.2800,0
1983-11-21,283.0500,283.0500,283.0500,283.0500,0
1983-11-22,284.5500,284.5500,284.5500,284.5500,0
1983-11-23,284.6900,284.6900,284.6900,284.6900,0
1983-11-25,285.4900,285.4900,285.4900,285.4900,0
1983-11-28,284.4700,284.4700,284.4700,284.4700,0
1983-11-29,284.6200,284.6200,284.6200,284.6200,0
1983-11-30,285.6700,285.6700,285.6700,285.6700,0
1983-12-01,286.0700,286.0700,286.0700,286.0700,0
1983-12-02,283.9100,283.9100,283.9100,283.9100,0
1983-12-05,282.4900,282.4900,282.4900,282.4900,0
1983-12-06,282.0500,282.0500,282.0500,282.0500,0
1983-12-07,282.1500,282.1500,282.1500,282.1500,0
1983-12-08,280.5700,280.5700,280.5700,280.5700,0
1983-12-09,280.5100,280.5100,280.5100,280.5100,0
1983-12-12,279.9400,279.9400,279.9400,279.9400,0
1983-12-13,278.9200,278.9200,278.9200,278.9200,0
1983-12-14,276.4200,276.4200,276.4200,276.4200,0
1983-12-15,275.3500,275.3500,275.3500,275.3500,0
1983-12-16,276.0100,276.0100,276.0100,276.0100,0
1983-12-19,275.5800,275.5800,275.5800,275.5800,0
1983-12-20,274.5100,274.5100,274.5100,274.5100,0
1983-12-21,275.6300,275.6300,275.6300,275.6300,0
1983-12-22,276.2100,276.2100,276.2100,276.2100,0
1983-12-23,276.5400,276.5400,276.5400,276.5400,0
1983-12-27,276.6800,276.6800,276.6800,276.6800,0
1983-12-28,276.5700,276.5700,276.5700,276.5700,0
1983-12-29,277.0600,277.0600,277.0600,277.0600,0
1983-12-30,278.6000,278.6000,278.6000,278.6000,0
1984-01-03,277.6300,277.6300,277.6300,277.6300,0
1984-01-04,280.9700,280.9700,280.9700,280.9700,0
1984-01-05,284.4500,284.4500,284.4500,284.4500,0
1984-01-06,287.9000,287.9000,287.9000,287.9000,0
1984-01-09,287.2700,287.2700,287.2700,287.2700,0
1984-01-10,287.6300,287.6300,287.6300,287.6300,0
1984-01-11,287.6800,287.6800,287.6800,287.6800,0
1984-01-12,287.6300,287.6300,287.6300,287.6300,0
1984-01-13,286.8500,286.8500,286.8500,286.8500,0
1984-01-16,286.2900,286.2900,286.2900,286.2900,0
1984-01-17,286.8600,286.8600,286.8600,286.8600,0
1984-01-18,287.2100,287.2100,287.2100,287.2100,0
1984-01-19,286.4900,286.4900,286.4900,286.4900,0
1984-01-20,284.4100,284.4100,284.4100,284.4100,0
1984-01-23,280.2000,280.2000,280.2000,280.2000,0
1984-01-24,278.8200,278.8200,278.8200,278.8200,0
1984-01-25,277.3500,277.3500,277.3500,277.3500,0
1984-01-26,275.6100,275.6100,275.6100,275.6100,0
1984-01-27,273.1800,273.1800,273.1800,273.1800,0
1984-01-30,269.2300,269.2300,269.2300,269.2300,0
1984-01-31,268.4300,268.4300,268.4300,268.4300,0
1984-02-01,266.4300,266.4300,266.4300,266.4300,0
1984-02-02,266.1600,266.1600,266.1600,266.1600,0
1984-02-03,264.0100,264.0100,264.0100,264.0100,0
1984-02-06,258.6400,258.6400,258.6400,258.6400,0
1984-02-07,257.8100,257.8100,257.8100,257.8100,0
1984-02-08,253.9600,253.9600,253.9600,253.9600,0
1984-02-09,251.6900,251.6900,251.6900,251.6900,0
1984-02-10,254.0400,254.0400,254.0400,254.0400,0
1984-02-13,250.5700,250.5700,250.5700,250.5700,0
1984-02-14,252.4300,252.4300,252.4300,252.4300,0
1984-02-15,252.7300,252.7300,252.7300,252.7300,0
1984-02-16,251.8400,251.8400,251.8400,251.8400,0
1984-02-17,251.3300,251.3300,251.3300,251.3300,0
1984-02-21,249.9600,249.9600,249.9600,249.9600,0
1984-02-22,249.1600,249.1600,249.1600,249.1600,0
1984-02-23,247.0900,247.0900,247.0900,247.0900,0
1984-02-24,251.4400,251.4400,251.4400,251.4400,0
1984-02-27,254.3200,254.3200,254.3200,254.3200,0
1984-02-28,251.5500,251.5500,251.5500,251.5500,0
1984-02-29,252.5700,252.5700,252.5700,252.5700,0
1984-03-01,253.5000,253.5000,253.5000,253.5000,0
1984-03-02,255.5400,255.5400,255.5400,255.5400,0
1984-03-05,253.8600,253.8600,253.8600,253.8600,0
1984-03-06,252.2400,252.2400,252.2400,252.2400,0
1984-03-07,249.1600,249.1600,249.1600,249.1600,0
1984-03-08,249.6600,249.6600,249.6600,249.6600,0
1984-03-09,249.0100,249.0100,249.0100,249.0100,0
1984-03-12,249.7400,249.7400,249.7400,249.7400,0
1984-03-13,250.6700,250.6700,250.6700,250.6700,0
1984-03-14,250.2500,250.2500,250.2500,250.2500,0
1984-03-15,251.0500,251.0500,251.0500,251.0500,0
1984-03-16,253.3700,253.3700,253.3700,253.3700,0
1984-03-19,251.6500,251.6500,251.6500,251.6500,0
1984-03-20,252.7400,252.7400,252.7400,252.7400,0
1984-03-21,252.4900,252.4900,252.4900,252.4900,0
1984-03-22,250.7700,250.7700,250.7700,250.7700,0
1984-03-23,249.9800,249.9800,249.9800,249.9800,0
1984-03-26,249.3000,249.3000,249.3000,249.3000,0
1984-03-27,249.1000,249.1000,249.1000,249.1000,0
1984-03-28,251.0100,251.0100,251.0100,251.0100,0
1984-03-29,251.6300,251.6300,251.6300,251.6300,0
1984-03-30,250.7800,250.7800,250.7800,250.7800,0
1984-04-02,249.8000,249.8000,249.8000,249.8000,0
1984-04-03,248.8800,248.8800,248.8800,248.8800,0
1984-04-04,248.5100,248.5100,248.5100,248.5100,0
1984-04-05,245.7400,245.7400,245.7400,245.7400,0
1984-04-06,243.9400,243.9400,243.9400,243.9400,0
1984-04-09,242.8400,242.8400,242.8400,242.8400,0
1984-04-10,243.4500,243.4500,243.4500,243.4500,0
1984-04-11,241.7900,241.7900,241.7900,241.7900,0
1984-04-12,242.5600,242.5600,242.5600,242.5600,0
1984-04-13,244.0100,244.0100,244.0100,244.0100,0
1984-04-16,243.8800,243.8800,243.8800,243.8800,0
1984-04-17,245.5900,245.5900,245.5900,245.5900,0
1984-04-18,245.4800,245.4800,245.4800,245.4800,0
1984-04-19,245.3500,245.3500,245.3500,245.3500,0
1984-04-23,243.9300,243.9300,243.9300,243.9300,0
1984-04-24,244.0600,244.0600,244.0600,244.0600,0
1984-04-25,243.9000,243.9000,243.9000,243.9000,0
1984-04-26,245.9300,245.9300,245.9300,245.9300,0
1984-04-27,246.9000,246.9000,246.9000,246.9000,0
1984-04-30,247.4400,247.4400,247.4400,247.4400,0
1984-05-01,250.2600,250.2600,250.2600,250.2600,0
1984-05-02,253.0100,253.0100,253.0100,253.0100,0
1984-05-03,252.5500,252.5500,252.5500,252.5500,0
1984-05-04,250.8900,250.8900,250.8900,250.8900,0
1984-05-07,251.3500,251.3500,251.3500,251.3500,0
1984-05-08,252.4200,252.4200,252.4200,252.4200,0
1984-05-09,252.6000,252.6000,252.6000,252.6000,0
1984-05-10,252.9100,252.9100,252.9100,252.9100,0
1984-05-11,250.5700,250.5700,250.5700,250.5700,0
1984-05-14,248.8700,248.8700,248.8700,248.8700,0
1984-05-15,249.0000,249.0000,249.0000,249.0000,0
1984-05-16,248.6800,248.6800,248.6800,248.6800,0
1984-05-17,246.1200,246.1200,246.1200,246.1200,0
1984-05-18,244.6100,244.6100,244.6100,244.6100,0
1984-05-21,243.1500,243.1500,243.1500,243.1500,0
1984-05-22,240.8000,240.8000,240.8000,240.8000,0
1984-05-23,239.5800,239.5800,239.5800,239.5800,0
1984-05-24,235.3900,235.3900,235.3900,235.3900,0
1984-05-25,235.2300,235.2300,235.2300,235.2300,0
1984-05-29,232.6100,232.6100,232.6100,232.6100,0
1984-05-30,231.9300,231.9300,231.9300,231.9300,0
1984-05-31,232.8200,232.8200,232.8200,232.8200,0
1984-06-01,235.9000,235.9000,235.9000,235.9000,0
1984-06-04,238.7500,238.7500,238.7500,238.7500,0
1984-06-05,238.4300,238.4300,238.4300,238.4300,0
1984-06-06,239.4900,239.4900,239.4900,239.4900,0
1984-06-07,239.8900,239.8900,239.8900,239.8900,0
1984-06-08,240.3500,240.3500,240.3500,240.3500,0
1984-06-11,238.1200,238.1200,238.1200,238.1200,0
1984-06-12,237.0400,237.0400,237.0400,237.0400,0
1984-06-13,237.7800,237.7800,237.7800,237.7800,0
1984-06-14,235.6200,235.6200,235.6200,235.6200,0
1984-06-15,235.6400,235.6400,235.6400,235.6400,0
1984-06-18,236.8200,236.8200,236.8200,236.8200,0
1984-06-19,237.8700,237.8700,237.8700,237.8700,0
1984-06-20,238.3500,238.3500,238.3500,238.3500,0
1984-06-21,239.7500,239.7500,239.7500,239.7500,0
1984-06-22,241.1100,241.1100,241.1100,241.1100,0
1984-06-25,240.8500,240.8500,240.8500,240.8500,0
1984-06-26,238.8800,238.8800,238.8800,238.8800,0
1984-06-27,237.2000,237.2000,237.2000,237.2000,0
1984-06-28,238.3200,238.3200,238.3200,238.3200,0
1984-06-29,239.6500,239.6500,239.6500,239.6500,0
1984-07-02,237.9100,237.9100,237.9100,237.9100,0
1984-07-03,238.2900,238.2900,238.2900,238.2900,0
1984-07-05,237.8300,237.8300,237.8300,237.8300,0
1984-07-06,236.7200,236.7200,236.7200,236.7200,0
1984-07-09,236.9900,236.9900,236.9900,236.9900,0
1984-07-10,236.2500,236.2500,236.2500,236.2500,0
1984-07-11,234.8200,234.8200,234.8200,234.8200,0
1984-07-12,234.2200,234.2200,234.2200,234.2200,0
1984-07-13,234.6700,234.6700,234.6700,234.6700,0
1984-07-16,233.6900,233.6900,233.6900,233.6900,0
1984-07-17,233.5000,233.5000,233.5000,233.5000,0
1984-07-18,232.2300,232.2300,232.2300,232.2300,0
1984-07-19,230.8900,230.8900,230.8900,230.8900,0
1984-07-20,229.3700,229.3700,229.3700,229.3700,0
1984-07-23,227.0600,227.0600,227.0600,227.0600,0
1984-07-24,225.7300,225.7300,225.7300,225.7300,0
1984-07-25,225.3000,225.3000,225.3000,225.3000,0
1984-07-26,227.0600,227.0600,227.0600,227.0600,0
1984-07-27,229.3000,229.3000,229.3000,229.3000,0
1984-07-30,228.9500,228.9500,228.9500,228.9500,0
1984-07-31,229.7000,229.7000,229.7000,229.7000,0
1984-08-01,233.3500,233.3500,233.3500,233.3500,0
1984-08-02,238.8700,238.8700,238.8700,238.8700,0
1984-08-03,246.2400,246.2400,246.2400,246.2400,0
1984-08-06,249.2700,249.2700,249.2700,249.2700,0
1984-08-07,249.0900,249.0900,249.0900,249.0900,0
1984-08-08,248.0200,248.0200,248.0200,248.0200,0
1984-08-09,250.3300,250.3300,250.3300,250.3300,0
1984-08-10,252.4300,252.4300,252.4300,252.4300,0
1984-08-13,251.3500,251.3500,251.3500,251.3500,0
1984-08-14,250.6300,250.6300,250.6300,250.6300,0
1984-08-15,249.7000,249.7000,249.7000,249.7000,0
1984-08-16,250.3300,250.3300,250.3300,250.3300,0
1984-08-17,250.3700,250.3700,250.3700,250.3700,0
1984-08-20,250.2200,250.2200,250.2200,250.2200,0
1984-08-21,253.3300,253.3300,253.3300,253.3300,0
1984-08-22,253.8600,253.8600,253.8600,253.8600,0
1984-08-23,254.1200,254.1200,254.1200,254.1200,0
1984-08-24,254.7800,254.7800,254.7800,254.7800,0
1984-08-27,253.2900,253.2900,253.2900,253.2900,0
1984-08-28,254.3700,254.3700,254.3700,254.3700,0
1984-08-29,254.8100,254.8100,254.8100,254.8100,0
1984-08-30,254.5600,254.5600,254.5600,254.5600,0
1984-08-31,254.6400,254.6400,254.6400,254.6400,0
1984-09-04,251.3900,251.3900,251.3900,251.3900,0
1984-09-05,250.6100,250.6100,250.6100,250.6100,0
1984-09-06,252.2200,252.2200,252.2200,252.2200,0
1984-09-07,251.6800,251.6800,251.6800,251.6800,0
1984-09-10,250.5300,250.5300,250.5300,250.5300,0
1984-09-11,251.8000,251.8000,251.8000,251.8000,0
1984-09-12,251.4500,251.4500,251.4500,251.4500,0
1984-09-13,253.3400,253.3400,253.3400,253.3400,0
1984-09-14,255.6000,255.6000,255.6000,255.6000,0
1984-09-17,255.3900,255.3900,255.3900,255.3900,0
1984-09-18,253.9900,253.9900,253.9900,253.9900,0
1984-09-19,253.0100,253.0100,253.0100,253.0100,0
1984-09-20,253.1300,253.1300,253.1300,253.1300,0
1984-09-21,252.6800,252.6800,252.6800,252.6800,0
1984-09-24,250.8000,250.8000,250.8000,250.8000,0
1984-09-25,250.0100,250.0100,250.0100,250.0100,0
1984-09-26,250.2300,250.2300,250.2300,250.2300,0
1984-09-27,250.2900,250.2900,250.2900,250.2900,0
1984-09-28,249.9400,249.9400,249.9400,249.9400,0
1984-10-01,247.8600,247.8600,247.8600,247.8600,0
1984-10-02,246.1000,246.1000,246.1000,246.1000,0
1984-10-03,244.8100,244.8100,244.8100,244.8100,0
1984-10-04,245.2000,245.2000,245.2000,245.2000,0
1984-10-05,245.4600,245.4600,245.4600,245.4600,0
1984-10-08,244.5600,244.5600,244.5600,244.5600,0
1984-10-09,244.0900,244.0900,244.0900,244.0900,0
1984-10-10,243.2900,243.2900,243.2900,243.2900,0
1984-10-11,244.2000,244.7000,244.2000,244.7000,62860000
1984-10-12,245.5000,246.2000,245.5000,246.2000,58860000
1984-10-15,246.8000,247.7000,246.8000,247.7000,61820000
1984-10-16,247.8000,247.9000,247.1000,247.3000,57440000
1984-10-17,247.1000,247.1000,246.8000,247.1000,64670000
1984-10-18,247.5000,249.8000,247.3000,249.8000,64730000
1984-10-19,252.2000,252.2000,251.2000,251.2000,87610000
1984-10-22,250.7000,251.1000,250.5000,250.6000,53480000
1984-10-23,251.1000,251.1000,250.5000,250.6000,59210000
1984-10-24,250.7000,250.8000,250.4000,250.8000,63360000
1984-10-25,250.3000,250.3000,249.0000,249.0000,63910000
1984-10-26,247.7000,247.7000,247.3000,247.4000,52890000
1984-10-29,247.0000,247.0000,246.4000,246.5000,45110000
1984-10-30,246.9000,247.5000,246.9000,247.5000,56550000
1984-10-31,247.5000,247.6000,247.0000,247.0000,58870000
1984-11-01,247.1000,248.0000,247.1000,248.0000,55840000
1984-11-02,248.0000,248.4000,248.0000,248.0000,60100000
1984-11-05,247.8000,248.4000,247.6000,248.4000,56050000
1984-11-06,249.2000,250.5000,249.2000,250.5000,68510000
1984-11-07,250.5000,250.5000,249.8000,249.8000,62200000
1984-11-08,249.4000,249.6000,249.4000,249.5000,60620000
1984-11-09,250.0000,250.3000,249.5000,249.5000,63690000
1984-11-12,249.2000,249.3000,248.8000,249.3000,51230000
1984-11-13,249.3000,249.3000,247.8000,247.8000,55160000
1984-11-14,247.2000,247.2000,246.8000,247.0000,56650000
1984-11-15,246.5000,246.5000,246.0000,246.0000,59380000
1984-11-16,246.1000,246.1000,245.1000,245.1000,59550000
1984-11-19,244.2000,244.2000,242.9000,242.9000,52870000
1984-11-20,242.9000,243.3000,242.8000,243.2000,58600000
1984-11-21,242.7000,243.0000,242.4000,243.0000,60630000
1984-11-23,244.2000,245.3000,244.2000,245.3000,43870000
1984-11-26,245.8000,245.8000,244.9000,244.9000,51500000
1984-11-27,244.6000,252.3000,244.6000,252.3000,57950000
1984-11-28,246.0000,250.7000,245.2000,250.7000,59770000
1984-11-29,244.3000,244.3000,243.5000,243.5000,60830000
1984-11-30,242.9000,242.9000,242.4000,242.4000,57490000
1984-12-03,241.9000,246.9000,240.7000,240.9000,52700000
1984-12-04,241.1000,241.2000,240.8000,240.8000,61930000
1984-12-05,240.3000,240.3000,238.7000,238.7000,66300000
1984-12-06,238.4000,239.0000,238.4000,238.9000,60570000
1984-12-07,239.6000,239.6000,239.3000,239.3000,58350000
1984-12-10,238.2000,250.2000,237.7000,250.2000,58760000
1984-12-11,238.6000,238.8000,238.5000,238.8000,63130000
1984-12-12,238.9000,238.9000,238.4000,238.5000,62960000
1984-12-13,238.1000,238.4000,238.1000,238.1000,60210000
1984-12-14,238.0000,239.0000,238.0000,239.0000,62970000
1984-12-17,238.7000,238.7000,238.3000,238.5000,63480000
1984-12-18,240.4000,243.3000,240.4000,243.3000,87710000
1984-12-19,245.3000,245.4000,244.9000,245.4000,85980000
1984-12-20,244.9000,244.9000,244.4000,244.5000,71630000
1984-12-21,244.3000,244.8000,243.7000,244.8000,68670000
1984-12-24,245.1000,245.8000,245.1000,245.8000,38840000
1984-12-26,246.0000,246.6000,245.8000,246.6000,47580000
1984-12-27,246.1000,246.1000,245.4000,245.4000,60370000
1984-12-28,245.3000,245.9000,245.3000,245.9000,70610000
1984-12-31,246.2000,247.1000,246.2000,247.1000,80120000
1985-01-02,247.1000,247.1000,245.9000,245.9000,48210000
1985-01-03,246.0000,246.7000,246.0000,246.4000,52250000
1985-01-04,246.1000,246.1000,245.8000,246.1000,55800000
1985-01-07,246.0000,246.2000,245.9000,245.9000,53200000
1985-01-08,246.1000,246.4000,246.0000,246.0000,64850000
1985-01-09,246.1000,247.3000,246.1000,247.3000,66670000
1985-01-10,247.9000,250.7000,247.9000,250.7000,81590000
1985-01-11,251.7000,252.2000,251.6000,252.2000,71520000
1985-01-14,252.7000,255.5000,252.7000,255.5000,73320000
1985-01-15,257.3000,258.0000,257.3000,257.8000,90780000
1985-01-16,259.1000,260.2000,259.1000,260.2000,89770000
1985-01-17,260.6000,261.2000,260.5000,261.2000,86990000
1985-01-18,262.1000,263.1000,262.0000,263.1000,78280000
1985-01-21,263.9000,266.4000,263.9000,266.4000,85470000
1985-01-22,268.4000,269.0000,268.4000,268.4000,107300000
1985-01-23,268.8000,270.7000,268.8000,270.7000,100900000
1985-01-24,272.0000,272.9000,272.0000,272.3000,108600000
1985-01-25,272.6000,274.0000,272.5000,274.0000,86510000
1985-01-28,275.0000,275.6000,274.6000,275.0000,90740000
1985-01-29,274.8000,276.2000,274.8000,276.2000,88320000
1985-01-30,278.7000,278.8000,278.4000,278.6000,108700000
1985-01-31,278.2000,278.9000,278.2000,278.7000,92290000
1985-02-01,277.9000,278.5000,277.9000,278.4000,85330000
1985-02-04,278.8000,280.8000,278.8000,280.8000,88440000
1985-02-05,281.8000,282.7000,281.8000,282.6000,98950000
1985-02-06,283.8000,284.7000,283.8000,284.5000,102300000
1985-02-07,285.5000,287.1000,285.5000,287.1000,110230000
1985-02-08,287.8000,288.4000,287.6000,288.4000,103400000
1985-02-11,288.6000,288.6000,287.1000,287.4000,95950000
1985-02-12,286.3000,286.8000,286.3000,286.6000,89270000
1985-02-13,286.7000,288.3000,286.4000,288.3000,113300000
1985-02-14,289.1000,289.3000,288.4000,288.4000,124300000
1985-02-15,288.1000,288.4000,287.7000,287.7000,81510000
1985-02-19,286.6000,287.1000,286.6000,286.9000,67910000
1985-02-20,286.7000,287.6000,286.7000,287.3000,83750000
1985-02-21,287.2000,287.2000,286.9000,287.0000,84140000
1985-02-22,286.9000,286.9000,286.0000,286.2000,79640000
1985-02-25,284.7000,284.7000,283.5000,284.0000,88170000
1985-02-26,284.0000,285.0000,283.7000,285.0000,82930000
1985-02-27,285.3000,285.3000,284.1000,284.1000,85230000
1985-02-28,283.7000,284.2000,283.7000,284.2000,78100000
1985-03-01,285.1000,287.2000,285.1000,287.2000,92100000
1985-03-04,287.6000,287.8000,287.0000,287.1000,74330000
1985-03-05,287.3000,287.5000,286.6000,287.1000,78170000
1985-03-06,286.9000,287.5000,285.4000,285.5000,77640000
1985-03-07,283.9000,285.4000,282.8000,283.2000,78390000
1985-03-08,282.4000,283.2000,282.2000,282.4000,78090000
1985-03-11,281.9000,282.4000,280.9000,281.2000,68960000
1985-03-12,280.9000,281.5000,280.6000,281.4000,71050000
1985-03-13,281.0000,281.5000,278.0000,278.2000,80220000
1985-03-14,277.0000,278.2000,276.9000,277.5000,72640000
1985-03-15,277.5000,278.3000,277.4000,278.0000,68930000
1985-03-18,278.3000,278.5000,277.1000,277.1000,68690000
1985-03-19,277.2000,279.0000,277.1000,278.9000,85720000
1985-03-20,279.0000,279.4000,278.2000,278.8000,87320000
1985-03-21,279.1000,279.4000,278.7000,279.0000,77900000
1985-03-22,279.3000,279.6000,278.7000,278.9000,83910000
1985-03-25,277.7000,278.9000,276.1000,276.3000,64310000
1985-03-26,276.3000,276.4000,275.6000,276.2000,70930000
1985-03-27,277.1000,277.8000,276.2000,277.6000,77710000
1985-03-28,278.3000,278.6000,277.6000,278.2000,78630000
1985-03-29,278.3000,279.2000,278.2000,279.2000,75670000
1985-04-01,279.5000,280.4000,279.2000,280.3000,67200000
1985-04-02,280.9000,281.1000,279.6000,279.7000,73260000
1985-04-03,279.3000,279.8000,277.5000,277.9000,77040000
1985-04-04,277.4000,278.0000,276.8000,277.4000,67350000
1985-04-08,277.0000,277.9000,276.3000,276.5000,63480000
1985-04-09,276.4000,276.8000,276.2000,276.6000,67420000
1985-04-10,277.7000,279.0000,276.6000,278.8000,77940000
1985-04-11,280.1000,280.7000,278.8000,280.1000,81650000
1985-04-12,280.4000,280.7000,280.1000,280.6000,70690000
1985-04-15,280.7000,281.2000,280.6000,281.1000,65110000
1985-04-16,281.6000,282.3000,281.1000,282.3000,75640000
1985-04-17,282.9000,283.4000,282.3000,283.3000,73800000
1985-04-18,283.9000,284.0000,283.0000,283.1000,75710000
1985-04-19,282.7000,283.1000,282.3000,282.8000,75570000
1985-04-22,282.4000,282.8000,281.2000,281.8000,63970000
1985-04-23,281.4000,282.6000,281.3000,282.6000,77720000
1985-04-24,283.1000,283.4000,282.6000,283.1000,64540000
1985-04-25,283.1000,284.0000,282.9000,284.0000,68520000
1985-04-26,284.7000,284.8000,284.0000,284.1000,67830000
1985-04-29,283.6000,284.1000,282.0000,282.1000,73130000
1985-04-30,281.1000,282.1000,279.8000,280.6000,78880000
1985-05-01,280.5000,280.7000,279.5000,279.6000,66020000
1985-05-02,279.3000,279.6000,278.8000,279.0000,65830000
1985-05-03,279.3000,280.3000,279.0000,280.3000,65590000
1985-05-06,280.4000,280.5000,279.7000,279.9000,59310000
1985-05-07,280.2000,281.1000,279.9000,280.9000,70940000
1985-05-08,280.9000,281.1000,280.5000,281.1000,76850000
1985-05-09,281.9000,283.3000,281.0000,283.3000,80740000
1985-05-10,285.3000,287.5000,283.3000,287.5000,95510000
1985-05-13,288.0000,288.2000,287.5000,288.1000,73380000
1985-05-14,288.4000,288.6000,287.1000,287.7000,85150000
1985-05-15,287.8000,289.0000,287.6000,288.5000,78300000
1985-05-16,288.7000,289.8000,288.3000,289.8000,74320000
1985-05-17,290.1000,291.7000,289.7000,291.7000,78350000
1985-05-20,294.0000,294.7000,294.0000,294.5000,93610000
1985-05-21,293.9000,294.8000,293.8000,293.9000,85270000
1985-05-22,293.3000,294.2000,292.6000,293.0000,78580000
1985-05-23,292.9000,293.1000,291.9000,292.2000,83570000
1985-05-24,291.8000,292.2000,291.6000,292.1000,60290000
1985-05-28,292.1000,292.6000,290.7000,290.9000,65440000
1985-05-29,290.7000,291.0000,290.3000,290.6000,74200000
1985-05-30,290.6000,290.9000,289.5000,289.9000,77010000
1985-05-31,289.9000,290.8000,289.8000,290.8000,85010000
1985-06-03,291.4000,291.8000,290.4000,290.6000,73390000
1985-06-04,290.3000,291.1000,290.1000,291.0000,72290000
1985-06-05,291.7000,291.9000,291.0000,291.8000,89120000
1985-06-06,291.1000,291.9000,290.9000,291.9000,81590000
1985-06-07,291.9000,292.2000,290.9000,291.0000,79160000
1985-06-10,290.5000,291.1000,290.1000,290.7000,64520000
1985-06-11,291.3000,291.4000,290.3000,290.5000,81400000
1985-06-12,290.1000,290.7000,289.6000,289.7000,74860000
1985-06-13,288.8000,289.7000,286.7000,286.9000,80180000
1985-06-14,286.9000,288.0000,286.8000,288.0000,74810000
1985-06-17,287.5000,288.1000,286.9000,287.4000,60260000
1985-06-18,287.9000,288.1000,287.3000,287.9000,82670000
1985-06-19,288.3000,288.7000,287.9000,288.2000,80280000
1985-06-20,287.8000,288.3000,287.0000,287.4000,76890000
1985-06-21,287.5000,288.7000,287.2000,288.7000,83950000
1985-06-24,288.4000,290.1000,288.2000,290.0000,65640000
1985-06-25,291.1000,292.8000,290.0000,292.3000,92420000
1985-06-26,293.0000,293.4000,292.3000,293.4000,91000000
1985-06-27,294.4000,295.4000,293.4000,295.3000,91360000
1985-06-28,295.6000,296.2000,295.3000,296.2000,86790000
1985-07-01,295.9000,296.5000,295.5000,296.5000,68530000
1985-07-02,297.0000,297.3000,296.4000,296.9000,80750000
1985-07-03,297.0000,297.4000,296.8000,297.3000,77840000
1985-07-05,297.8000,298.7000,297.3000,298.6000,43670000
1985-07-08,298.3000,298.7000,297.5000,297.8000,63570000
1985-07-09,297.7000,298.0000,296.7000,297.2000,75220000
1985-07-10,297.6000,298.5000,297.1000,298.5000,77150000
1985-07-11,299.5000,300.5000,298.5000,300.5000,87780000
1985-07-12,301.2000,302.4000,300.5000,302.4000,78650000
1985-07-15,302.0000,303.2000,301.8000,303.0000,69170000
1985-07-16,303.7000,305.2000,303.0000,305.2000,84630000
1985-07-17,307.1000,307.9000,305.2000,307.8000,113800000
1985-07-18,307.2000,307.9000,306.7000,306.9000,94350000
1985-07-19,306.8000,307.8000,306.7000,307.8000,85710000
1985-07-22,306.9000,307.8000,306.3000,306.8000,69770000
1985-07-23,307.4000,307.9000,306.1000,306.2000,95330000
1985-07-24,305.0000,305.4000,302.9000,303.7000,93790000
1985-07-25,303.7000,304.6000,303.6000,304.4000,88630000
1985-07-26,304.5000,304.6000,304.2000,304.6000,84260000
1985-07-29,303.6000,304.7000,300.9000,300.9000,76340000
1985-07-30,300.6000,300.9000,300.1000,300.6000,77220000
1985-07-31,301.0000,301.3000,300.1000,301.3000,83280000
1985-08-01,302.6000,304.1000,301.2000,304.0000,90020000
1985-08-02,304.3000,304.6000,304.0000,304.5000,78560000
1985-08-05,303.2000,304.5000,301.8000,302.1000,75520000
1985-08-06,302.1000,302.4000,300.2000,300.2000,80050000
1985-08-07,298.6000,300.2000,298.0000,298.2000,78420000
1985-08-08,298.4000,298.7000,297.8000,298.7000,77690000
1985-08-09,299.1000,299.2000,298.6000,299.1000,71670000
1985-08-12,298.6000,299.3000,298.3000,298.3000,64360000
1985-08-13,298.2000,298.4000,296.8000,297.0000,80520000
1985-08-14,297.1000,297.7000,296.9000,297.6000,73000000
1985-08-15,298.2000,298.3000,297.3000,297.6000,82050000
1985-08-16,297.0000,297.7000,296.4000,296.5000,72960000
1985-08-19,296.2000,296.5000,295.6000,295.6000,65640000
1985-08-20,296.1000,296.4000,295.6000,296.4000,76390000
1985-08-21,296.9000,297.7000,296.4000,297.7000,82650000
1985-08-22,297.8000,297.9000,296.7000,296.9000,78180000
1985-08-23,296.8000,296.9000,296.5000,296.7000,70250000
1985-08-26,296.2000,296.8000,296.0000,296.3000,59200000
1985-08-27,295.8000,296.3000,295.6000,296.0000,67940000
1985-08-28,296.4000,297.0000,295.1000,297.0000,74320000
1985-08-29,297.1000,297.3000,296.9000,297.3000,71930000
1985-08-30,297.2000,297.7000,297.0000,297.7000,64680000
1985-09-03,297.3000,297.7000,296.2000,296.6000,65070000
1985-09-04,296.3000,296.7000,295.4000,295.6000,77410000
1985-09-05,295.2000,295.7000,295.0000,295.3000,70830000
1985-09-06,295.5000,296.2000,295.3000,296.2000,69820000
1985-09-09,295.7000,296.3000,295.6000,296.1000,64370000
1985-09-10,296.2000,296.3000,294.3000,294.5000,77160000
1985-09-11,293.4000,294.5000,291.1000,291.4000,71580000
1985-09-12,290.1000,291.4000,289.6000,289.9000,71550000
1985-09-13,289.3000,289.9000,286.9000,287.2000,71970000
1985-09-16,286.4000,287.2000,285.2000,285.4000,48240000
1985-09-17,285.0000,285.4000,280.8000,281.1000,74440000
1985-09-18,279.9000,281.1000,279.5000,281.0000,83350000
1985-09-19,281.7000,283.6000,281.0000,283.6000,81380000
1985-09-20,284.9000,285.0000,283.6000,284.4000,76220000
1985-09-23,285.9000,286.2000,284.3000,286.1000,72250000
1985-09-24,285.5000,286.1000,283.9000,284.1000,71130000
1985-09-25,283.3000,284.1000,281.5000,281.8000,57360000
1985-09-26,280.3000,281.8000,279.5000,280.2000,63720000
1985-09-30,280.5000,280.7000,279.8000,280.3000,67140000
1985-10-01,280.6000,281.8000,280.3000,281.8000,76580000
1985-10-02,282.1000,282.5000,281.0000,281.2000,82320000
1985-10-03,280.7000,281.5000,280.5000,281.4000,73650000
1985-10-04,280.6000,281.4000,280.1000,280.5000,73950000
1985-10-07,279.3000,280.5000,278.0000,278.3000,64320000
1985-10-08,277.3000,278.3000,276.6000,277.0000,72050000
1985-10-09,277.9000,278.5000,277.0000,278.3000,78100000
1985-10-10,277.9000,279.4000,277.8000,279.4000,77420000
1985-10-11,279.9000,281.8000,279.4000,281.8000,79110000
1985-10-14,282.5000,284.3000,281.8000,284.3000,61560000
1985-10-15,285.3000,285.4000,284.3000,285.0000,85680000
1985-10-16,285.7000,286.7000,284.9000,286.7000,87560000
1985-10-17,287.4000,288.6000,286.7000,288.3000,95470000
1985-10-18,288.6000,288.7000,288.0000,288.4000,90440000
1985-10-21,288.3000,288.5000,287.7000,287.7000,71400000
1985-10-22,287.8000,288.7000,287.5000,288.5000,78870000
1985-10-23,289.3000,289.8000,288.5000,289.8000,101100000
1985-10-24,290.4000,290.9000,289.8000,290.6000,95430000
1985-10-25,290.0000,290.7000,289.2000,289.5000,82920000
1985-10-28,288.7000,289.5000,288.6000,289.2000,65730000
1985-10-29,290.0000,291.2000,289.2000,291.1000,81700000
1985-10-30,291.8000,292.3000,291.1000,292.3000,98020000
1985-10-31,292.8000,292.8000,292.0000,292.5000,84960000
1985-11-01,293.0000,294.2000,292.5000,294.1000,90090000
1985-11-04,294.7000,295.1000,294.0000,294.2000,75340000
1985-11-05,295.3000,295.3000,295.1000,295.3000,87680000
1985-11-06,296.3000,296.8000,295.3000,296.7000,93500000
1985-11-07,297.4000,297.6000,296.7000,297.5000,88640000
1985-11-08,298.0000,300.1000,297.5000,300.0000,86760000
1985-11-11,300.5000,302.4000,300.0000,302.3000,80390000
1985-11-12,303.5000,304.6000,302.3000,304.4000,108300000
1985-11-13,304.0000,304.6000,303.6000,303.9000,93210000
1985-11-14,303.8000,305.2000,303.5000,305.2000,98040000
1985-11-15,305.8000,306.5000,305.2000,306.2000,95270000
1985-11-18,306.1000,306.3000,305.8000,306.1000,82210000
1985-11-19,307.0000,307.3000,306.1000,306.9000,101800000
1985-11-20,307.1000,307.3000,306.8000,307.0000,97600000
1985-11-21,308.1000,309.3000,307.0000,309.3000,119900000
1985-11-22,310.2000,310.9000,309.2000,310.8000,104200000
1985-11-25,310.1000,311.0000,309.4000,309.8000,83430000
1985-11-26,309.6000,310.7000,309.5000,310.5000,93630000
1985-11-27,311.6000,313.0000,310.4000,313.0000,103300000
1985-11-29,313.7000,314.0000,313.2000,314.0000,57590000
1985-12-02,313.9000,314.4000,312.7000,313.0000,85760000
1985-12-03,312.7000,313.2000,312.3000,313.1000,84540000
1985-12-04,313.9000,316.7000,313.1000,316.7000,117200000
1985-12-05,318.2000,319.6000,316.8000,318.2000,141500000
1985-12-06,316.6000,318.2000,316.4000,316.6000,110800000
1985-12-09,316.8000,317.1000,316.4000,316.9000,104800000
1985-12-10,316.8000,317.5000,316.6000,317.3000,111800000
1985-12-11,317.7000,318.9000,317.3000,318.9000,126500000
1985-12-12,320.4000,320.7000,318.9000,320.6000,117300000
1985-12-13,322.1000,324.1000,320.6000,324.0000,131700000
1985-12-16,324.7000,325.6000,324.0000,325.2000,115300000
1985-12-17,323.9000,325.2000,323.1000,323.3000,121000000
1985-12-18,323.2000,323.4000,322.2000,322.5000,115100000
1985-12-19,322.4000,322.7000,322.2000,322.7000,114900000
1985-12-20,322.8000,323.3000,322.5000,323.1000,115800000
1985-12-23,322.5000,323.2000,321.1000,321.6000,99410000
1985-12-24,320.4000,321.6000,319.7000,320.2000,64280000
1985-12-26,320.2000,320.3000,319.7000,320.3000,53900000
1985-12-27,321.8000,322.8000,320.8000,322.8000,74910000
1985-12-30,323.0000,323.2000,322.2000,323.1000,92820000
1985-12-31,323.6000,324.9000,323.2000,324.9000,112700000
1986-01-02,325.0000,325.6000,324.8000,325.0000,75810000
1986-01-03,325.2000,325.7000,324.8000,325.7000,89180000
1986-01-06,325.5000,326.2000,325.3000,326.0000,99240000
1986-01-07,327.5000,329.8000,326.0000,329.7000,127500000
1986-01-08,331.2000,331.7000,328.1000,328.1000,140000000
1986-01-09,325.5000,327.9000,322.1000,323.0000,119400000
1986-01-10,324.4000,324.8000,323.0000,324.4000,98500000
1986-01-13,323.8000,324.3000,323.6000,324.2000,89490000
1986-01-14,325.2000,325.6000,324.2000,324.8000,102900000
1986-01-15,325.9000,328.2000,324.7000,328.2000,118700000
1986-01-16,328.9000,330.1000,328.6000,330.0000,123900000
1986-01-17,330.3000,331.1000,330.0000,330.7000,112800000
1986-01-20,329.1000,330.7000,329.0000,329.5000,89430000
1986-01-21,329.5000,330.0000,328.0000,328.5000,110700000
1986-01-22,328.5000,329.0000,326.7000,326.8000,107600000
1986-01-23,325.9000,326.8000,325.7000,326.7000,111100000
1986-01-24,327.6000,328.9000,326.7000,328.9000,118300000
1986-01-27,329.4000,330.3000,328.8000,330.2000,110500000
1986-01-28,331.4000,332.7000,330.2000,332.6000,115400000
1986-01-29,334.8000,335.8000,332.7000,334.7000,132100000
1986-01-30,334.9000,335.3000,334.2000,334.3000,109000000
1986-01-31,334.4000,335.8000,333.9000,335.8000,109300000
1986-02-03,336.1000,337.5000,335.8000,337.5000,107600000
1986-02-04,338.6000,339.2000,337.2000,337.9000,125300000
1986-02-05,338.2000,338.9000,337.7000,338.9000,105300000
1986-02-06,339.7000,340.9000,338.8000,340.8000,119700000
1986-02-07,340.1000,342.2000,339.7000,342.2000,111100000
1986-02-10,343.2000,344.1000,342.2000,344.0000,107400000
1986-02-11,344.4000,345.3000,344.2000,344.9000,113300000
1986-02-12,345.5000,346.3000,344.9000,346.3000,122200000
1986-02-13,346.9000,348.0000,346.3000,347.9000,128600000
1986-02-14,348.8000,350.2000,347.9000,350.2000,122400000
1986-02-18,350.8000,352.4000,350.2000,352.4000,126000000
1986-02-19,353.2000,353.3000,352.0000,352.1000,136900000
1986-02-20,352.1000,353.2000,351.6000,353.1000,146700000
1986-02-21,355.6500,355.6500,355.6500,355.6500,146700000
1986-02-24,355.7000,356.3000,355.3000,355.3000,127900000
1986-02-25,355.4000,355.6000,354.0000,354.9000,118900000
1986-02-26,355.0000,355.6000,354.6000,355.3000,124200000
1986-02-27,355.9000,358.1000,355.3000,358.1000,124700000
1986-02-28,359.5000,359.8000,359.2000,359.5000,130600000
1986-03-03,360.0000,360.5000,359.5000,359.8000,119600000
1986-03-04,360.9000,362.1000,359.8000,362.0000,135000000
1986-03-05,360.0000,361.0000,359.1000,359.8000,117400000
1986-03-06,360.9000,361.7000,359.8000,361.5000,120300000
1986-03-07,362.4000,362.5000,361.5000,362.2000,125600000
1986-03-10,363.2000,364.0000,362.3000,363.9000,112900000
1986-03-11,365.3000,367.5000,363.9000,367.4000,134800000
1986-03-12,368.9000,370.3000,367.3000,369.7000,154900000
1986-03-13,369.3000,370.4000,368.7000,370.4000,140100000
1986-03-14,371.1000,371.9000,370.4000,371.8000,152200000
1986-03-17,370.2000,371.9000,369.2000,370.0000,129500000
1986-03-18,371.0000,371.5000,370.0000,371.5000,139500000
1986-03-19,372.4000,372.7000,371.5000,371.7000,136900000
1986-03-20,372.7000,372.8000,371.7000,372.7000,151400000
1986-03-21,373.1000,373.6000,372.2000,372.6000,132900000
1986-03-24,372.3000,372.6000,370.2000,370.7000,109600000
1986-03-25,369.8000,370.8000,368.9000,369.3000,110000000
1986-03-26,369.7000,370.6000,369.2000,370.6000,127100000
1986-03-27,372.3000,373.5000,370.6000,373.3000,136400000
1986-03-31,373.9000,374.7000,373.2000,374.7000,109800000
1986-04-01,375.8000,375.8000,373.9000,374.2000,125300000
1986-04-02,372.4000,374.2000,372.1000,374.1000,119900000
1986-04-03,375.1000,376.1000,374.1000,374.5000,119000000
1986-04-04,373.8000,374.6000,372.1000,372.2000,111700000
1986-04-07,370.0000,372.3000,368.0000,369.1000,107400000
1986-04-08,370.8000,373.1000,369.1000,373.1000,117900000
1986-04-09,374.6000,375.2000,373.1000,374.2000,131000000
1986-04-10,374.7000,377.2000,374.2000,377.2000,128500000
1986-04-11,379.2000,379.3000,377.2000,378.9000,129700000
1986-04-14,379.4000,380.8000,378.9000,380.8000,118100000
1986-04-15,381.1000,381.7000,380.3000,381.7000,125100000
1986-04-16,384.6000,387.7000,381.8000,387.6000,148900000
1986-04-17,388.8000,390.1000,387.7000,390.0000,156000000
1986-04-18,390.1000,390.8000,390.0000,390.1000,144700000
1986-04-21,390.4000,391.3000,390.0000,391.0000,129100000
1986-04-22,392.2000,392.4000,390.2000,390.5000,145400000
1986-04-23,389.4000,390.5000,388.3000,389.1000,125000000
1986-04-24,390.0000,391.6000,389.1000,391.5000,143100000
1986-04-25,392.3000,392.5000,391.5000,392.3000,133300000
1986-04-28,392.5000,393.0000,390.7000,391.4000,110200000
1986-04-29,391.5000,392.0000,388.8000,389.2000,124300000
1986-04-30,387.3000,389.3000,383.1000,383.2000,121000000
1986-05-01,383.2000,383.2000,381.5000,381.7000,114300000
1986-05-02,383.0000,383.8000,381.7000,383.2000,102600000
1986-05-05,384.3000,386.1000,383.2000,386.0000,99190000
1986-05-06,386.8000,387.2000,386.0000,386.3000,108500000
1986-05-07,385.8000,386.3000,384.0000,385.3000,116000000
1986-05-08,386.5000,387.5000,385.4000,387.4000,110500000
1986-05-09,387.3000,389.1000,386.8000,389.1000,115900000
1986-05-12,388.7000,389.2000,387.8000,388.1000,101500000
1986-05-13,387.3000,388.2000,386.0000,386.7000,107600000
1986-05-14,387.5000,387.7000,386.0000,387.3000,111900000
1986-05-15,387.5000,387.6000,385.4000,385.6000,108000000
1986-05-16,384.7000,386.1000,384.2000,384.7000,103800000
1986-05-19,384.2000,385.0000,383.6000,383.7000,92730000
1986-05-20,383.5000,385.3000,383.2000,385.3000,116600000
1986-05-21,386.6000,386.7000,385.2000,386.1000,137500000
1986-05-22,386.8000,389.7000,386.0000,389.6000,143900000
1986-05-23,390.9000,392.0000,389.6000,391.9000,115100000
1986-05-27,393.3000,394.9000,391.9000,394.9000,111800000
1986-05-28,396.6000,397.2000,395.0000,397.2000,131500000
1986-05-29,396.9000,398.1000,396.4000,398.0000,130400000
1986-05-30,398.8000,400.4000,398.0000,400.2000,133000000
1986-06-02,400.7000,401.3000,399.3000,399.4000,110600000
1986-06-03,398.6000,399.5000,398.3000,399.5000,120300000
1986-06-04,400.0000,400.8000,398.5000,399.1000,122700000
1986-06-05,399.4000,400.0000,399.1000,400.0000,125600000
1986-06-06,400.6000,400.8000,400.0000,400.3000,120600000
1986-06-09,398.8000,400.4000,394.6000,394.7000,115000000
1986-06-10,392.9000,394.8000,391.8000,392.8000,119800000
1986-06-11,393.7000,395.5000,392.8000,395.4000,124900000
1986-06-12,396.2000,396.9000,395.5000,396.5000,130100000
1986-06-13,398.2000,399.7000,396.6000,399.6000,139300000
1986-06-16,399.6000,400.5000,398.2000,398.5000,118400000
1986-06-17,398.9000,399.4000,396.2000,396.3000,119100000
1986-06-18,394.8000,396.4000,393.9000,395.2000,125400000
1986-06-19,395.9000,397.0000,395.2000,396.4000,111300000
1986-06-20,396.0000,396.9000,395.9000,396.9000,127600000
1986-06-23,396.9000,397.5000,396.5000,396.8000,113500000
1986-06-24,397.7000,399.0000,396.8000,398.9000,112900000
1986-06-25,401.5000,402.6000,399.6000,402.2000,124200000
1986-06-26,402.2000,402.9000,402.0000,402.9000,138300000
1986-06-27,403.1000,403.6000,402.9000,403.6000,128500000
1986-06-30,404.2000,405.5000,403.5000,405.5000,121300000
1986-07-01,407.0000,407.8000,405.5000,407.6000,132800000
1986-07-02,408.3000,409.6000,407.6000,409.5000,136300000
1986-07-03,410.0000,411.2000,409.5000,411.2000,104000000
1986-07-07,409.0000,411.3000,400.9000,401.0000,112100000
1986-07-08,394.2000,400.9000,389.8000,390.7000,137200000
1986-07-09,391.4000,393.5000,390.6000,393.4000,120200000
1986-07-10,393.2000,394.7000,390.9000,392.0000,107300000
1986-07-11,392.4000,392.9000,391.3000,391.6000,104600000
1986-07-14,388.1000,391.6000,384.6000,384.8000,108600000
1986-07-15,382.9000,384.8000,378.2000,378.7000,132700000
1986-07-16,380.0000,380.8000,378.7000,379.7000,115800000
1986-07-17,380.9000,381.7000,379.7000,381.6000,112200000
1986-07-18,380.4000,381.8000,379.6000,381.1000,110900000
1986-07-21,380.0000,381.2000,379.3000,379.5000,81760000
1986-07-22,379.5000,380.4000,379.1000,379.9000,95850000
1986-07-23,379.7000,380.5000,379.7000,379.9000,101600000
1986-07-24,380.1000,380.7000,378.7000,378.7000,113500000
1986-07-25,379.1000,379.9000,378.7000,379.8000,95040000
1986-07-28,379.8000,380.1000,374.6000,374.8000,89130000
1986-07-29,372.9000,374.8000,371.9000,372.0000,97720000
1986-07-30,370.7000,372.1000,369.1000,370.8000,103100000
1986-07-31,371.5000,371.6000,370.8000,371.4000,98640000
1986-08-01,372.5000,372.7000,370.6000,370.7000,99370000
1986-08-04,367.9000,370.6000,365.7000,366.7000,81420000
1986-08-05,366.9000,367.6000,366.6000,366.8000,101900000
1986-08-06,365.9000,367.0000,364.4000,364.7000,93740000
1986-08-07,364.9000,365.6000,364.4000,365.1000,101600000
1986-08-08,365.9000,366.4000,365.1000,365.8000,100100000
1986-08-11,367.7000,370.0000,365.9000,369.9000,94150000
1986-08-12,371.5000,373.4000,369.9000,373.3000,110600000
1986-08-13,374.6000,377.1000,373.3000,376.9000,121300000
1986-08-14,377.9000,379.5000,377.9000,379.5000,110800000
1986-08-15,379.4000,380.3000,379.4000,380.2000,98770000
1986-08-18,379.1000,380.5000,378.7000,379.3000,85400000
1986-08-19,378.7000,379.4000,378.3000,378.8000,111400000
1986-08-20,379.2000,381.0000,378.8000,380.9000,113900000
1986-08-21,381.6000,382.3000,380.8000,381.2000,111900000
1986-08-22,381.0000,381.7000,380.6000,381.5000,101300000
1986-08-25,379.8000,381.6000,379.2000,379.3000,74800000
1986-08-26,380.1000,380.5000,379.1000,380.5000,98840000
1986-08-27,381.6000,381.7000,380.5000,381.7000,103000000
1986-08-28,381.7000,382.5000,381.3000,382.4000,105000000
1986-08-29,383.0000,383.2000,382.3000,382.9000,82250000
1986-09-02,382.8000,384.0000,380.0000,380.1000,97580000
1986-09-03,379.0000,380.2000,378.2000,378.9000,97000000
1986-09-04,379.2000,381.2000,378.9000,381.0000,102500000
1986-09-05,380.6000,381.5000,378.2000,378.4000,111400000
1986-09-08,374.8000,378.4000,371.7000,372.0000,97240000
1986-09-09,372.1000,372.7000,369.3000,369.6000,120100000
1986-09-10,368.1000,369.6000,366.6000,366.8000,115600000
1986-09-11,362.8000,366.8000,353.3000,353.3000,138100000
1986-09-12,346.5000,353.2000,346.3000,346.8000,139800000
1986-09-15,347.4000,347.7000,345.2000,345.9000,102900000
1986-09-16,342.7000,345.9000,342.3000,343.7000,104900000
1986-09-17,345.4000,347.4000,343.7000,346.9000,105200000
1986-09-18,348.1000,349.3000,346.9000,348.6000,99960000
1986-09-19,348.3000,349.5000,347.8000,349.4000,104000000
1986-09-22,350.4000,352.6000,349.4000,352.6000,89030000
1986-09-23,353.6000,353.8000,352.5000,353.4000,109500000
1986-09-24,354.4000,354.7000,353.4000,354.5000,98110000
1986-09-25,354.5000,354.8000,350.3000,351.5000,102500000
1986-09-26,351.0000,351.9000,350.2000,351.6000,84590000
1986-09-29,348.9000,351.6000,347.1000,347.8000,82370000
1986-09-30,349.1000,350.7000,347.8000,350.7000,100800000
1986-10-01,352.5000,352.9000,351.2000,352.3000,102000000
1986-10-02,352.2000,352.7000,351.6000,352.6000,91590000
1986-10-03,353.5000,354.0000,352.2000,352.8000,98250000
1986-10-06,353.0000,353.2000,352.6000,353.2000,75450000
1986-10-07,352.4000,353.7000,352.1000,352.4000,86080000
1986-10-08,351.9000,352.9000,351.4000,352.9000,90040000
1986-10-09,353.6000,353.9000,352.8000,353.1000,93880000
1986-10-10,353.1000,353.7000,352.6000,353.5000,83590000
1986-10-13,353.4000,354.1000,353.1000,354.1000,45530000
1986-10-14,354.2000,354.6000,353.5000,353.8000,92240000
1986-10-15,354.5000,355.7000,353.7000,355.7000,103000000
1986-10-16,356.3000,356.7000,355.6000,356.4000,63830000
1986-10-17,355.7000,356.6000,355.3000,355.7000,91980000
1986-10-20,354.1000,355.8000,353.1000,353.5000,78460000
1986-10-21,353.0000,353.8000,352.4000,353.1000,88550000
1986-10-22,353.6000,354.0000,353.1000,353.9000,98110000
1986-10-23,354.8000,356.2000,353.9000,356.2000,123200000
1986-10-24,356.6000,356.9000,356.2000,356.7000,114500000
1986-10-27,356.1000,356.9000,355.7000,356.6000,93910000
1986-10-28,357.1000,357.8000,356.5000,357.2000,102400000
1986-10-29,357.3000,358.5000,356.9000,358.5000,106100000
1986-10-30,360.8000,361.2000,358.5000,361.1000,123500000
1986-10-31,361.4000,361.6000,360.0000,360.8000,106700000
1986-11-03,361.0000,361.1000,360.6000,361.1000,111200000
1986-11-04,361.2000,362.0000,360.6000,361.9000,140300000
1986-11-05,362.1000,362.5000,362.1000,362.1000,167200000
1986-11-06,362.0000,362.3000,360.6000,361.2000,112300000
1986-11-07,361.0000,361.2000,360.2000,361.0000,99320000
1986-11-10,359.6000,361.1000,359.3000,360.0000,100800000
1986-11-11,360.8000,361.4000,360.0000,361.3000,97330000
1986-11-12,361.4000,362.0000,360.7000,361.2000,108000000
1986-11-13,360.6000,361.2000,358.0000,358.0000,115300000
1986-11-14,358.1000,358.6000,357.5000,358.5000,102200000
1986-11-17,357.3000,358.7000,356.9000,357.1000,91310000
1986-11-18,356.8000,357.3000,352.5000,352.6000,118400000
1986-11-19,350.6000,352.6000,349.1000,349.8000,111200000
1986-11-20,351.0000,352.2000,349.8000,352.2000,114500000
1986-11-21,353.2000,354.7000,352.2000,354.7000,106800000
1986-11-24,355.9000,356.6000,354.6000,356.1000,96860000
1986-11-25,356.2000,357.0000,356.0000,357.0000,113800000
1986-11-26,357.4000,358.2000,356.9000,358.2000,106000000
1986-11-28,358.6000,359.6000,358.1000,359.6000,61950000
1986-12-01,357.4000,359.6000,356.8000,357.9000,97830000
1986-12-02,359.3000,360.7000,357.9000,360.7000,130900000
1986-12-03,361.8000,363.4000,360.7000,363.0000,134400000
1986-12-04,364.0000,364.5000,363.1000,364.1000,128000000
1986-12-05,364.5000,364.7000,362.6000,363.0000,133300000
1986-12-08,362.0000,363.0000,360.2000,361.0000,110600000
1986-12-09,360.1000,361.1000,358.9000,359.0000,116300000
1986-12-10,358.4000,359.1000,358.2000,359.1000,115200000
1986-12-11,358.9000,359.4000,357.1000,357.7000,123800000
1986-12-12,356.7000,357.7000,355.6000,355.9000,108400000
1986-12-15,353.6000,355.9000,352.5000,353.0000,115300000
1986-12-16,353.5000,354.1000,352.8000,353.8000,142300000
1986-12-17,353.6000,353.9000,352.0000,352.3000,127400000
1986-12-18,351.9000,352.2000,351.1000,351.4000,133000000
1986-12-19,351.6000,352.2000,351.0000,352.2000,129000000
1986-12-22,351.3000,352.2000,350.4000,351.3000,119800000
1986-12-23,350.6000,351.6000,348.3000,348.8000,148100000
1986-12-24,349.0000,349.6000,349.0000,349.6000,82120000
1986-12-26,349.7000,350.0000,349.5000,349.9000,44040000
1986-12-29,349.1000,350.1000,347.8000,348.0000,102000000
1986-12-30,347.4000,348.1000,347.0000,347.3000,126400000
1986-12-31,347.9000,348.9000,347.2000,348.8000,140700000
1987-01-02,351.3000,353.2000,348.8000,353.2000,63220000
1987-01-05,356.2000,361.3000,353.3000,361.2000,110600000
1987-01-06,364.2000,366.0000,361.2000,366.0000,137900000
1987-01-07,368.2000,372.5000,360.0000,372.4000,154500000
1987-01-08,375.3000,377.6000,372.5000,377.5000,157900000
1987-01-09,377.8000,380.8000,377.5000,380.7000,143800000
1987-01-12,382.0000,385.5000,380.7000,385.5000,152900000
1987-01-13,385.5000,386.6000,384.9000,386.4000,143400000
1987-01-14,387.3000,390.0000,386.4000,390.0000,172400000
1987-01-15,392.0000,393.6000,389.9000,392.6000,189500000
1987-01-16,389.9000,392.7000,389.0000,389.9000,156200000
1987-01-19,388.6000,392.6000,388.4000,392.6000,134000000
1987-01-20,393.5000,394.6000,391.7000,392.1000,182800000
1987-01-21,389.9000,392.0000,389.2000,389.6000,156500000
1987-01-22,389.0000,393.2000,388.6000,393.2000,162600000
1987-01-23,394.8000,396.2000,392.0000,392.2000,261900000
1987-01-26,388.7000,392.2000,387.6000,388.0000,115700000
1987-01-27,389.7000,391.1000,387.9000,390.8000,130900000
1987-01-28,390.8000,392.1000,390.7000,392.0000,152900000
1987-01-29,393.0000,393.3000,390.5000,391.0000,150700000
1987-01-30,390.1000,392.1000,389.8000,392.1000,154300000
1987-02-02,393.8000,397.2000,392.0000,397.2000,149100000
1987-02-03,398.6000,399.4000,397.2000,399.4000,172100000
1987-02-04,399.9000,403.2000,399.3000,403.1000,178100000
1987-02-05,405.3000,406.3000,403.1000,405.6000,186400000
1987-02-06,406.6000,407.3000,405.7000,406.9000,167300000
1987-02-09,406.4000,407.0000,405.3000,405.8000,139100000
1987-02-10,404.8000,406.0000,402.6000,403.5000,143200000
1987-02-11,404.6000,408.3000,403.5000,408.3000,149500000
1987-02-12,409.6000,410.2000,408.3000,409.2000,168000000
1987-02-13,409.2000,412.6000,408.9000,412.5000,154500000
1987-02-17,414.8000,418.2000,412.5000,418.2000,172000000
1987-02-18,418.8000,418.8000,416.3000,417.1000,195400000
1987-02-19,417.3000,417.4000,415.7000,417.0000,163200000
1987-02-20,416.4000,417.3000,416.1000,417.2000,155700000
1987-02-23,414.2000,417.3000,413.1000,415.2000,140100000
1987-02-24,415.0000,417.6000,414.9000,417.4000,133200000
1987-02-25,419.4000,421.1000,417.4000,421.0000,158000000
1987-02-26,421.4000,423.3000,420.6000,422.9000,155400000
1987-02-27,423.9000,425.0000,422.8000,425.0000,149400000
1987-03-02,425.0000,426.4000,423.8000,423.9000,134600000
1987-03-03,423.4000,424.0000,422.9000,423.6000,139900000
1987-03-04,425.4000,426.8000,423.5000,426.7000,155700000
1987-03-05,429.0000,429.8000,426.8000,429.0000,170400000
1987-03-06,428.3000,429.6000,428.2000,429.5000,148600000
1987-03-09,426.8000,429.5000,425.9000,426.8000,118900000
1987-03-10,427.9000,429.4000,426.5000,429.4000,141300000
1987-03-11,431.4000,431.9000,429.5000,431.4000,155800000
1987-03-12,431.3000,432.6000,431.0000,432.5000,156400000
1987-03-13,432.5000,433.5000,431.7000,432.0000,158300000
1987-03-16,430.3000,432.1000,430.1000,430.9000,131300000
1987-03-17,432.4000,434.8000,430.9000,434.8000,153900000
1987-03-18,436.3000,437.3000,434.5000,434.9000,160900000
1987-03-19,435.3000,437.1000,435.1000,437.0000,151000000
1987-03-20,439.1000,439.9000,437.0000,439.6000,172900000
1987-03-23,439.6000,440.0000,438.0000,438.0000,146300000
1987-03-24,437.1000,438.3000,436.4000,438.1000,165100000
1987-03-25,436.5000,438.2000,436.4000,437.5000,153000000
1987-03-26,438.2000,439.3000,437.5000,438.7000,156100000
1987-03-27,439.4000,439.7000,436.6000,436.6000,152400000
1987-03-30,427.9000,436.8000,426.9000,427.1000,141700000
1987-03-31,427.8000,430.1000,427.1000,430.1000,140500000
1987-04-01,426.3000,429.9000,424.6000,428.3000,143300000
1987-04-02,431.1000,432.1000,430.4000,432.1000,150200000
1987-04-03,433.3000,437.4000,432.1000,437.4000,170500000
1987-04-06,438.1000,439.2000,436.8000,437.6000,150700000
1987-04-07,437.5000,437.9000,434.0000,434.0000,169100000
1987-04-08,434.6000,435.4000,433.9000,434.9000,153700000
1987-04-09,433.9000,435.3000,431.1000,432.0000,158800000
1987-04-10,431.1000,432.1000,430.3000,430.9000,148300000
1987-04-13,427.8000,430.9000,423.7000,423.7000,134900000
1987-04-14,417.1000,423.6000,412.5000,413.2000,165400000
1987-04-15,415.6000,416.5000,413.2000,416.0000,145900000
1987-04-16,418.7000,420.2000,416.3000,419.5000,139000000
1987-04-20,418.8000,420.3000,417.6000,417.7000,110300000
1987-04-21,414.5000,418.6000,414.2000,418.6000,130900000
1987-04-22,419.9000,420.1000,418.0000,418.2000,133300000
1987-04-23,417.7000,418.5000,416.2000,417.4000,138100000
1987-04-24,415.9000,417.4000,412.4000,412.6000,130700000
1987-04-27,407.9000,412.7000,407.4000,409.7000,137700000
1987-04-28,412.2000,412.5000,409.7000,411.9000,130200000
1987-04-29,414.1000,414.8000,412.0000,414.2000,141000000
1987-04-30,415.6000,417.9000,414.2000,417.8000,145000000
1987-05-01,418.6000,418.9000,417.4000,418.4000,184300000
1987-05-04,418.6000,418.8000,417.2000,418.5000,122200000
1987-05-05,420.5000,422.5000,418.5000,422.4000,145300000
1987-05-06,422.7000,423.4000,421.7000,422.4000,174000000
1987-05-07,422.8000,423.1000,422.3000,422.6000,151800000
1987-05-08,423.3000,423.5000,422.5000,423.2000,136900000
1987-05-11,424.6000,424.8000,422.2000,422.2000,136700000
1987-05-12,420.5000,420.6000,419.7000,420.5000,141300000
1987-05-13,421.4000,422.0000,420.5000,421.9000,136100000
1987-05-14,422.2000,423.0000,421.9000,422.7000,138500000
1987-05-15,421.7000,422.7000,418.8000,418.9000,145700000
1987-05-18,415.2000,415.2000,412.0000,413.5000,129400000
1987-05-19,413.7000,414.2000,407.7000,408.2000,147100000
1987-05-20,404.7000,407.2000,404.5000,406.6000,145600000
1987-05-21,408.3000,408.9000,406.6000,408.5000,137100000
1987-05-22,408.4000,409.1000,407.1000,407.4000,112700000
1987-05-26,409.3000,411.5000,407.4000,411.4000,112800000
1987-05-27,411.9000,412.9000,411.4000,412.6000,121500000
1987-05-28,413.4000,414.4000,412.6000,414.4000,130900000
1987-05-29,416.6000,416.8000,414.4000,416.5000,133800000
1987-06-01,415.5000,416.5000,414.7000,415.0000,133100000
1987-06-02,414.3000,415.1000,413.5000,413.6000,130200000
1987-06-03,415.3000,416.1000,415.3000,415.9000,141000000
1987-06-04,415.9000,417.5000,415.8000,417.4000,152000000
1987-06-05,417.5000,418.3000,417.2000,417.8000,176200000
1987-06-08,417.8000,419.4000,417.3000,419.4000,117000000
1987-06-09,420.9000,421.7000,420.4000,421.7000,139300000
1987-06-10,423.2000,424.3000,422.6000,422.8000,172700000
1987-06-11,423.4000,423.8000,422.4000,423.4000,152600000
1987-06-12,425.0000,425.7000,424.4000,425.4000,161200000
1987-06-15,426.5000,426.7000,424.8000,425.4000,155500000
1987-06-16,425.2000,427.6000,424.9000,427.5000,170600000
1987-06-17,427.9000,428.8000,427.5000,428.4000,171000000
1987-06-18,428.1000,429.0000,427.4000,429.0000,158500000
1987-06-19,429.3000,429.6000,428.5000,429.1000,153600000
1987-06-22,429.4000,429.9000,428.9000,429.3000,132700000
1987-06-23,429.3000,429.9000,427.5000,428.0000,154300000
1987-06-24,428.4000,428.5000,426.9000,427.3000,140300000
1987-06-25,427.9000,428.2000,427.0000,427.2000,149800000
1987-06-26,426.5000,427.2000,425.5000,426.7000,145700000
1987-06-29,426.6000,427.1000,426.2000,426.5000,123200000
1987-06-30,426.1000,426.8000,423.9000,424.7000,144400000
1987-07-01,424.5000,425.0000,424.2000,424.5000,213800000
1987-07-02,425.4000,426.2000,425.1000,425.9000,186000000
1987-07-06,425.9000,426.9000,424.9000,425.1000,139400000
1987-07-07,425.4000,425.8000,424.2000,424.6000,195500000
1987-07-08,424.1000,425.2000,423.7000,424.9000,194900000
1987-07-09,425.8000,426.5000,425.0000,425.6000,153100000
1987-07-10,425.3000,426.1000,425.0000,426.0000,131900000
1987-07-13,425.5000,426.8000,425.1000,426.5000,127300000
1987-07-14,428.3000,431.1000,427.5000,431.1000,160200000
1987-07-15,430.9000,432.1000,430.0000,431.2000,153900000
1987-07-16,431.8000,433.3000,431.2000,433.2000,158600000
1987-07-17,434.1000,434.5000,433.2000,434.1000,152900000
1987-07-20,432.8000,433.1000,431.4000,431.6000,130300000
1987-07-21,431.4000,431.8000,429.2000,429.4000,156200000
1987-07-22,429.2000,429.9000,428.5000,429.3000,154100000
1987-07-23,428.7000,429.5000,426.9000,427.6000,153400000
1987-07-24,428.6000,429.2000,427.6000,429.1000,147300000
1987-07-27,428.6000,429.3000,428.4000,428.9000,112000000
1987-07-28,429.9000,430.0000,428.9000,430.0000,125900000
1987-07-29,430.3000,431.2000,430.0000,431.2000,136000000
1987-07-30,432.6000,433.7000,431.2000,433.6000,154200000
1987-07-31,434.0000,434.9000,433.5000,434.9000,142600000
1987-08-03,433.3000,435.0000,433.0000,433.1000,133500000
1987-08-04,432.4000,433.3000,431.2000,432.8000,140400000
1987-08-05,434.5000,436.3000,432.7000,436.3000,151800000
1987-08-06,437.1000,440.8000,436.8000,440.8000,149700000
1987-08-07,442.8000,444.4000,442.8000,443.6000,165300000
1987-08-10,443.8000,446.3000,443.5000,446.3000,130800000
1987-08-11,448.1000,449.4000,447.8000,449.4000,185400000
1987-08-12,448.8000,450.3000,448.6000,449.2000,172100000
1987-08-13,450.7000,451.8000,450.0000,451.6000,160200000
1987-08-14,450.4000,451.6000,450.0000,451.6000,147700000
1987-08-17,451.4000,452.1000,450.8000,451.7000,126300000
1987-08-18,449.9000,450.0000,446.1000,446.8000,147500000
1987-08-19,446.6000,448.0000,446.1000,448.0000,134100000
1987-08-20,449.8000,452.8000,448.8000,452.8000,158200000
1987-08-21,454.2000,455.2000,453.7000,455.2000,166200000
1987-08-24,453.8000,454.2000,453.4000,453.8000,144400000
1987-08-25,454.5000,455.6000,453.8000,455.1000,144600000
1987-08-26,455.1000,455.8000,454.8000,455.3000,151300000
1987-08-27,455.8000,455.8000,454.3000,455.8000,139700000
1987-08-28,453.8000,455.0000,453.0000,453.3000,153900000
1987-08-31,452.8000,455.0000,452.2000,455.0000,132900000
1987-09-01,455.5000,456.3000,452.5000,452.5000,173800000
1987-09-02,450.2000,452.5000,448.1000,448.9000,145500000
1987-09-03,450.4000,450.8000,447.2000,448.4000,147100000
1987-09-04,447.4000,449.0000,446.3000,446.5000,131600000
1987-09-08,442.5000,443.0000,436.0000,437.6000,145500000
1987-09-09,438.9000,439.3000,437.6000,439.2000,134300000
1987-09-10,442.0000,443.5000,442.0000,443.5000,158300000
1987-09-11,443.9000,446.2000,443.5000,446.2000,158200000
1987-09-14,445.7000,445.8000,444.9000,445.5000,130300000
1987-09-15,443.3000,443.6000,441.7000,441.9000,135500000
1987-09-16,441.6000,442.6000,440.8000,440.9000,141800000
1987-09-17,440.5000,441.5000,439.8000,440.8000,154600000
1987-09-18,440.8000,441.9000,440.6000,440.9000,151400000
1987-09-21,441.5000,441.7000,436.0000,436.0000,153900000
1987-09-22,435.0000,437.9000,434.9000,437.9000,157200000
1987-09-23,439.6000,440.7000,439.6000,440.7000,168300000
1987-09-24,441.9000,442.4000,440.9000,441.2000,121200000
1987-09-25,440.9000,441.9000,440.7000,441.9000,129800000
1987-09-28,443.4000,444.0000,441.9000,442.3000,137000000
1987-09-29,442.4000,443.1000,441.4000,442.2000,155100000
1987-09-30,441.5000,444.3000,441.5000,444.3000,162500000
1987-10-01,446.2000,448.5000,445.3000,448.5000,164800000
1987-10-02,449.7000,451.6000,448.5000,451.6000,163300000
1987-10-05,452.5000,453.7000,451.6000,453.6000,145700000
1987-10-06,451.8000,451.9000,447.5000,447.5000,158500000
1987-10-07,444.9000,445.5000,443.2000,444.6000,152000000
1987-10-08,444.5000,445.5000,439.0000,440.0000,157800000
1987-10-09,440.7000,441.0000,438.2000,438.4000,145300000
1987-10-12,434.4000,434.4000,431.4000,433.0000,117800000
1987-10-13,434.3000,435.4000,432.5000,434.8000,131800000
1987-10-14,432.4000,432.8000,427.6000,428.3000,145600000
1987-10-15,424.4000,426.3000,422.4000,422.5000,159800000
1987-10-16,418.4000,418.6000,406.2000,406.3000,195900000
1987-10-19,394.5000,404.8000,360.2000,360.2000,222900000
1987-10-20,351.4000,351.4000,326.6000,327.8000,284100000
1987-10-21,343.7000,352.3000,343.7000,351.9000,288100000
1987-10-22,339.9000,341.8000,335.7000,336.1000,249800000
1987-10-23,330.2000,331.1000,328.0000,328.5000,177000000
1987-10-26,312.8000,312.8000,298.9000,298.9000,190500000
1987-10-27,304.4000,306.9000,296.1000,296.3000,207300000
1987-10-28,289.5000,293.3000,288.5000,291.9000,202200000
1987-10-29,297.1000,307.2000,296.9000,307.1000,205900000
1987-10-30,320.4000,323.4000,306.2000,323.3000,208100000
1987-11-02,325.4000,328.5000,324.2000,328.3000,138000000
1987-11-03,324.2000,324.3000,317.6000,320.7000,139200000
1987-11-04,317.9000,321.1000,316.1000,320.1000,123600000
1987-11-05,322.8000,326.4000,322.1000,326.2000,141000000
1987-11-06,327.4000,328.8000,326.2000,326.4000,141540000
1987-11-09,321.1000,321.4000,319.1000,320.4000,115500000
1987-11-10,314.9000,316.0000,314.6000,315.2000,139550000
1987-11-11,319.1000,319.5000,317.2000,317.8000,120700000
1987-11-12,323.4000,324.8000,322.8000,324.0000,150770000
1987-11-13,323.2000,324.1000,322.6000,323.0000,120190000
1987-11-16,325.2000,325.7000,321.7000,322.4000,111780000
1987-11-17,318.5000,320.0000,315.9000,316.8000,126830000
1987-11-18,317.4000,318.8000,315.8000,318.2000,126150000
1987-11-19,318.1000,318.5000,313.9000,313.9000,127980000
1987-11-20,311.1000,313.9000,309.7000,312.5000,126090000
1987-11-23,312.2000,313.1000,311.8000,313.1000,94070000
1987-11-24,315.6000,317.5000,315.1000,316.7000,128920000
1987-11-25,317.3000,317.8000,316.3000,317.8000,113250000
1987-11-27,317.2000,317.8000,316.3000,316.5000,64780000
1987-11-30,307.3000,307.3000,301.6000,305.2000,147450000
1987-12-01,306.4000,307.3000,304.6000,305.2000,111850000
1987-12-02,304.5000,305.6000,304.2000,305.2000,109080000
1987-12-03,303.4000,303.9000,298.6000,298.8000,129430000
1987-12-04,295.8000,295.8000,291.9000,292.9000,136530000
1987-12-07,293.7000,294.9000,292.9000,294.8000,118330000
1987-12-08,295.3000,298.0000,294.8000,298.0000,137730000
1987-12-09,299.4000,302.0000,298.0000,302.0000,82530000
1987-12-10,298.6000,302.7000,298.5000,300.8000,150020000
1987-12-11,301.3000,302.6000,300.7000,302.6000,118030000
1987-12-14,305.5000,309.5000,304.6000,309.4000,144970000
1987-12-15,312.2000,312.7000,309.3000,312.7000,153250000
1987-12-16,312.0000,319.4000,311.9000,319.3000,149250000
1987-12-17,320.8000,321.5000,319.2000,319.5000,166810000
1987-12-18,321.8000,327.0000,320.0000,326.9000,149040000
1987-12-21,327.9000,328.7000,326.8000,328.7000,142830000
1987-12-22,326.3000,327.7000,325.4000,327.3000,149020000
1987-12-23,329.1000,331.6000,328.3000,331.5000,164080000
1987-12-24,332.2000,333.2000,331.3000,333.2000,82010000
1987-12-28,326.5000,326.5000,324.5000,325.6000,115520000
1987-12-29,325.1000,325.7000,324.1000,325.5000,120080000
1987-12-30,328.4000,329.8000,328.4000,329.7000,152920000
1987-12-31,327.7000,330.5000,327.2000,330.5000,160400000
1988-01-04,335.1000,338.6000,334.5000,338.5000,110820000
1988-01-05,344.2000,345.8000,343.5000,344.1000,149490000
1988-01-06,345.0000,346.8000,344.1000,346.7000,135580000
1988-01-07,345.8000,349.7000,344.8000,349.7000,137040000
1988-01-08,347.6000,348.3000,338.4000,338.5000,144060000
1988-01-11,333.2000,336.3000,332.5000,336.2000,128750000
1988-01-12,332.7000,333.0000,329.0000,332.0000,120350000
1988-01-13,330.3000,333.4000,329.8000,332.7000,115670000
1988-01-14,334.5000,334.9000,333.7000,334.2000,101510000
1988-01-15,340.6000,341.5000,340.0000,340.1000,134160000
1988-01-18,340.4000,340.6000,339.5000,340.5000,90990000
1988-01-19,339.6000,341.1000,338.9000,340.4000,107300000
1988-01-20,338.1000,340.0000,333.1000,333.7000,133500000
1988-01-21,332.5000,334.8000,332.1000,334.3000,124560000
1988-01-22,336.5000,337.6000,335.3000,337.6000,149160000
1988-01-25,338.5000,340.8000,337.6000,340.5000,106860000
1988-01-26,339.7000,340.6000,339.1000,339.2000,102910000
1988-01-27,340.6000,340.8000,339.3000,339.8000,113440000
1988-01-28,341.4000,342.5000,339.8000,342.4000,123670000
1988-01-29,343.8000,344.7000,342.4000,344.7000,135420000
1988-02-01,346.2000,347.6000,345.7000,346.2000,117620000
1988-02-02,345.5000,347.2000,345.1000,347.2000,113510000
1988-02-03,347.5000,348.0000,343.7000,343.7000,130350000
1988-02-04,344.6000,345.2000,343.5000,344.7000,121510000
1988-02-05,346.6000,346.7000,344.7000,345.8000,121130000
1988-02-08,343.7000,345.8000,343.5000,344.5000,120070000
1988-02-09,344.4000,345.1000,343.8000,345.0000,107210000
1988-02-10,346.5000,349.5000,345.0000,349.3000,128850000
1988-02-11,349.9000,351.6000,349.3000,351.0000,138900000
1988-02-12,352.3000,353.3000,352.3000,353.3000,112800000
1988-02-16,352.8000,354.8000,352.6000,354.7000,105060000
1988-02-17,356.5000,356.8000,354.7000,355.3000,132370000
1988-02-18,354.9000,356.3000,354.8000,355.6000,132410000
1988-02-19,355.7000,357.2000,355.4000,357.1000,128710000
1988-02-22,357.4000,360.1000,357.1000,360.0000,129210000
1988-02-23,360.8000,361.1000,359.8000,361.1000,129250000
1988-02-24,361.5000,363.4000,360.9000,363.1000,132960000
1988-02-25,364.8000,366.5000,363.0000,363.6000,154010000
1988-02-26,362.7000,363.7000,362.4000,363.4000,112060000
1988-02-29,363.7000,367.0000,363.4000,367.0000,124880000
1988-03-01,367.4000,368.0000,366.7000,367.3000,136830000
1988-03-02,369.5000,370.6000,369.2000,370.4000,146080000
1988-03-03,371.4000,372.7000,370.3000,372.0000,144210000
1988-03-04,371.9000,373.4000,370.4000,373.4000,141220000
1988-03-07,373.7000,374.6000,372.9000,374.5000,121980000
1988-03-08,375.7000,377.6000,374.5000,376.9000,159150000
1988-03-09,379.7000,380.7000,378.9000,380.3000,158670000
1988-03-10,381.7000,382.0000,376.7000,376.8000,160230000
1988-03-11,375.5000,377.0000,373.2000,375.5000,126600000
1988-03-14,376.4000,376.7000,375.5000,376.7000,108110000
1988-03-15,376.9000,377.1000,375.6000,376.6000,130430000
1988-03-16,377.0000,378.6000,376.2000,378.5000,141860000
1988-03-17,380.4000,380.9000,378.6000,380.7000,161050000
1988-03-18,381.7000,382.6000,380.7000,381.6000,189120000
1988-03-21,378.6000,379.6000,377.7000,378.6000,121870000
1988-03-22,379.1000,379.9000,378.6000,379.8000,121650000
1988-03-23,380.1000,380.4000,379.0000,380.1000,147140000
1988-03-24,377.6000,379.1000,374.6000,375.6000,148910000
1988-03-25,375.9000,376.0000,372.2000,372.5000,116480000
1988-03-28,369.0000,370.5000,368.7000,370.4000,109040000
1988-03-29,372.0000,373.4000,371.4000,373.0000,118230000
1988-03-30,373.7000,374.3000,371.8000,371.8000,121490000
1988-03-31,371.4000,374.6000,370.6000,374.6000,124530000
1988-04-04,373.7000,374.6000,371.5000,371.9000,95130000
1988-04-05,373.0000,373.4000,371.6000,373.4000,118620000
1988-04-06,373.8000,377.7000,373.3000,377.7000,137610000
1988-04-07,378.4000,379.8000,377.7000,378.9000,133520000
1988-04-08,379.8000,381.9000,378.9000,381.8000,134450000
1988-04-11,381.9000,383.2000,381.6000,382.5000,122850000
1988-04-12,382.6000,383.5000,382.3000,383.4000,123380000
1988-04-13,382.9000,384.3000,382.0000,383.4000,130220000
1988-04-14,378.8000,380.0000,374.5000,374.5000,142050000
1988-04-15,371.4000,374.5000,369.8000,373.9000,130170000
1988-04-18,372.5000,375.1000,372.3000,375.1000,102010000
1988-04-19,377.0000,379.1000,376.1000,376.9000,128540000
1988-04-20,374.7000,375.9000,373.9000,374.2000,133540000
1988-04-21,375.1000,375.8000,372.8000,373.2000,142430000
1988-04-22,373.1000,374.1000,373.0000,374.0000,124360000
1988-04-25,374.4000,375.6000,374.1000,375.3000,105110000
1988-04-26,377.0000,378.0000,376.3000,377.8000,125730000
1988-04-27,378.7000,378.9000,377.8000,378.7000,122370000
1988-04-28,378.7000,379.2000,377.9000,378.8000,128810000
1988-04-29,377.7000,379.2000,377.0000,379.2000,121340000
1988-05-02,379.0000,379.8000,378.7000,379.7000,97810000
1988-05-03,380.7000,382.7000,379.7000,382.2000,131060000
1988-05-04,382.2000,383.1000,381.5000,381.6000,134210000
1988-05-05,379.9000,380.5000,379.2000,379.5000,121240000
1988-05-06,380.2000,380.6000,379.2000,379.4000,122740000
1988-05-09,377.7000,378.4000,375.7000,376.3000,100930000
1988-05-10,375.4000,376.5000,374.3000,375.4000,115330000
1988-05-11,369.8000,369.9000,368.4000,369.2000,118750000
1988-05-12,369.8000,370.3000,369.2000,370.2000,102730000
1988-05-13,372.2000,372.5000,371.2000,372.5000,104090000
1988-05-16,372.7000,373.4000,372.0000,373.4000,98240000
1988-05-17,374.2000,376.2000,372.3000,372.3000,124540000
1988-05-18,371.4000,372.3000,366.4000,367.0000,141870000
1988-05-19,363.2000,367.0000,362.8000,366.3000,144790000
1988-05-20,365.9000,367.3000,365.7000,366.0000,173610000
1988-05-23,364.2000,366.0000,362.4000,363.3000,120640000
1988-05-24,363.8000,365.2000,363.3000,365.2000,109730000
1988-05-25,366.1000,366.4000,365.1000,365.7000,116050000
1988-05-26,366.2000,367.3000,365.5000,367.3000,94670000
1988-05-27,366.5000,367.3000,366.2000,366.7000,87910000
1988-05-31,367.7000,370.4000,366.5000,370.3000,106400000
1988-06-01,372.7000,375.0000,372.7000,374.8000,136780000
1988-06-02,374.7000,375.7000,373.9000,374.7000,125750000
1988-06-03,375.2000,377.1000,374.7000,376.9000,119370000
1988-06-06,378.0000,379.4000,376.8000,379.3000,109970000
1988-06-07,379.8000,380.4000,378.8000,379.3000,140750000
1988-06-08,380.4000,383.4000,379.3000,383.4000,155800000
1988-06-09,383.9000,384.7000,382.9000,384.6000,143300000
1988-06-10,384.8000,386.8000,384.4000,386.3000,145320000
1988-06-13,385.8000,386.9000,385.6000,386.8000,128470000
1988-06-14,389.4000,389.7000,387.8000,388.5000,174860000
1988-06-15,387.6000,389.1000,387.6000,389.1000,160720000
1988-06-16,387.7000,389.1000,386.5000,387.1000,146080000
1988-06-17,387.8000,387.9000,386.5000,386.9000,146400000
1988-06-20,385.4000,386.7000,385.0000,386.0000,109700000
1988-06-21,386.5000,387.8000,385.9000,387.8000,154460000
1988-06-22,390.0000,390.6000,387.8000,390.5000,173950000
1988-06-23,390.4000,391.1000,390.3000,391.0000,164030000
1988-06-24,390.7000,391.8000,390.6000,391.6000,138470000
1988-06-27,390.3000,391.6000,388.9000,389.0000,102790000
1988-06-28,389.7000,391.7000,388.5000,391.7000,131230000
1988-06-29,392.8000,392.9000,390.8000,391.7000,147850000
1988-06-30,391.8000,394.8000,391.6000,394.7000,139990000
1988-07-01,394.2000,395.1000,394.0000,394.7000,117380000
1988-07-05,394.4000,396.1000,393.7000,396.1000,109020000
1988-07-06,396.9000,397.5000,395.1000,395.5000,147640000
1988-07-07,394.9000,395.6000,393.7000,395.4000,140790000
1988-07-08,394.8000,395.4000,393.9000,394.3000,126640000
1988-07-11,394.3000,394.8000,393.9000,394.2000,106610000
1988-07-12,394.1000,394.7000,392.0000,393.5000,132950000
1988-07-13,393.6000,394.2000,392.4000,393.6000,132720000
1988-07-14,393.8000,394.7000,393.3000,394.7000,138290000
1988-07-15,394.0000,395.0000,393.8000,395.0000,136380000
1988-07-18,395.0000,395.2000,393.5000,394.8000,122670000
1988-07-19,393.3000,394.8000,390.7000,391.3000,149980000
1988-07-20,391.0000,392.0000,390.7000,391.6000,141370000
1988-07-21,389.5000,391.6000,388.7000,388.9000,132760000
1988-07-22,387.8000,388.9000,386.2000,387.4000,203220000
1988-07-25,387.0000,387.4000,386.3000,387.1000,96960000
1988-07-26,386.3000,387.1000,385.5000,385.8000,111190000
1988-07-27,385.6000,386.3000,383.1000,383.3000,125970000
1988-07-28,382.4000,384.1000,382.1000,384.1000,116260000
1988-07-29,385.3000,387.3000,384.1000,387.3000,120830000
1988-08-01,387.6000,388.5000,387.3000,388.0000,105970000
1988-08-02,387.8000,388.8000,386.8000,387.8000,124470000
1988-08-03,387.6000,388.5000,387.2000,388.5000,123640000
1988-08-04,388.8000,389.5000,388.4000,388.9000,114650000
1988-08-05,388.2000,388.9000,387.4000,387.7000,106260000
1988-08-08,387.9000,388.5000,387.6000,387.7000,102460000
1988-08-09,385.2000,387.9000,383.3000,384.2000,127820000
1988-08-10,382.3000,384.3000,378.5000,378.5000,136660000
1988-08-11,378.8000,379.5000,378.1000,379.1000,132890000
1988-08-12,378.5000,379.2000,378.3000,379.0000,109200000
1988-08-15,377.4000,379.0000,373.9000,374.1000,112600000
1988-08-16,373.5000,376.2000,372.2000,375.7000,128920000
1988-08-17,377.0000,377.1000,375.1000,376.2000,123850000
1988-08-18,376.5000,377.8000,376.2000,377.2000,115770000
1988-08-19,377.7000,378.1000,376.8000,377.4000,118380000
1988-08-22,376.0000,377.5000,373.5000,373.7000,97680000
1988-08-23,373.3000,373.9000,372.6000,373.5000,110110000
1988-08-24,374.5000,376.2000,373.2000,376.0000,110070000
1988-08-25,374.1000,374.1000,374.0000,374.0000,102790000
1988-08-26,374.3000,374.6000,373.9000,374.4000,91610000
1988-08-29,375.5000,376.4000,374.4000,376.2000,83490000
1988-08-30,375.8000,376.6000,375.7000,376.5000,94550000
1988-08-31,376.6000,377.5000,375.1000,376.6000,117140000
1988-09-01,374.2000,376.6000,372.2000,373.0000,106380000
1988-09-02,374.7000,376.7000,373.0000,376.5000,96340000
1988-09-06,377.0000,377.6000,376.3000,377.3000,86990000
1988-09-07,378.0000,378.3000,376.9000,378.0000,117820000
1988-09-08,377.7000,379.7000,377.0000,379.7000,116620000
1988-09-09,378.5000,381.8000,378.5000,381.6000,124810000
1988-09-12,382.1000,382.9000,381.6000,382.1000,82510000
1988-09-13,381.2000,382.4000,381.0000,382.4000,99120000
1988-09-14,383.5000,384.5000,382.4000,383.9000,131060000
1988-09-15,383.6000,384.0000,382.6000,382.7000,113730000
1988-09-16,382.9000,384.0000,382.4000,383.9000,113490000
1988-09-19,382.5000,384.0000,381.5000,383.4000,99840000
1988-09-20,383.6000,384.1000,383.0000,384.1000,114660000
1988-09-21,384.3000,385.0000,384.0000,384.9000,99950000
1988-09-22,384.6000,385.6000,384.1000,384.9000,134260000
1988-09-23,384.3000,385.2000,384.0000,385.0000,141370000
1988-09-26,384.2000,385.1000,382.6000,382.8000,92750000
1988-09-27,382.5000,382.9000,382.1000,382.2000,103770000
1988-09-28,383.0000,383.4000,382.0000,383.3000,111720000
1988-09-29,384.5000,386.1000,383.3000,386.1000,121490000
1988-09-30,386.6000,388.4000,386.1000,387.7000,135440000
1988-10-03,384.7000,387.7000,383.4000,384.5000,107440000
1988-10-04,384.9000,385.1000,383.9000,384.2000,106220000
1988-10-05,383.6000,384.6000,383.1000,384.5000,131800000
1988-10-06,384.5000,385.4000,384.0000,385.2000,124210000
1988-10-07,384.4000,385.7000,384.1000,385.7000,154920000
1988-10-10,385.8000,386.3000,384.4000,385.5000,96830000
1988-10-11,385.6000,386.0000,384.0000,385.3000,120990000
1988-10-12,382.6000,385.3000,381.8000,382.6000,118420000
1988-10-13,383.5000,383.7000,381.8000,383.5000,112380000
1988-10-14,385.1000,385.3000,383.5000,384.6000,119120000
1988-10-17,384.9000,385.3000,384.4000,385.0000,99650000
1988-10-18,385.2000,386.3000,384.5000,386.3000,132330000
1988-10-19,387.7000,388.2000,385.4000,385.8000,142560000
1988-10-20,386.6000,388.6000,385.7000,388.6000,132680000
1988-10-21,387.9000,388.6000,387.7000,388.6000,138720000
1988-10-24,387.5000,388.9000,387.1000,387.2000,109630000
1988-10-25,386.6000,387.4000,385.7000,386.1000,111670000
1988-10-26,385.0000,386.2000,384.3000,385.2000,110410000
1988-10-27,382.3000,385.2000,380.7000,381.8000,122660000
1988-10-28,382.4000,382.9000,381.8000,382.8000,106010000
1988-10-31,381.6000,382.9000,381.2000,382.5000,97880000
1988-11-01,382.7000,383.0000,381.6000,382.4000,110350000
1988-11-02,381.4000,382.4000,380.8000,381.8000,121540000
1988-11-03,381.7000,383.1000,381.6000,382.8000,117140000
1988-11-04,382.0000,382.8000,380.7000,381.0000,105620000
1988-11-07,378.5000,381.1000,376.3000,376.5000,101420000
1988-11-08,377.9000,379.1000,376.5000,378.8000,113250000
1988-11-09,378.2000,378.8000,376.9000,377.7000,110400000
1988-11-10,377.4000,378.5000,377.4000,378.4000,105730000
1988-11-11,376.1000,378.4000,373.6000,373.8000,109680000
1988-11-14,371.8000,374.0000,371.6000,372.4000,100770000
1988-11-15,373.4000,373.6000,371.5000,372.1000,111880000
1988-11-16,370.0000,372.3000,367.6000,367.8000,127990000
1988-11-17,368.4000,368.8000,366.9000,367.4000,140150000
1988-11-18,366.8000,367.9000,366.7000,367.6000,103240000
1988-11-21,365.3000,367.6000,364.1000,365.1000,111930000
1988-11-22,365.2000,365.4000,364.0000,365.4000,117080000
1988-11-23,365.8000,367.9000,365.4000,367.8000,103660000
1988-11-25,366.1000,367.7000,365.7000,366.4000,50060000
1988-11-28,366.4000,366.7000,364.8000,366.1000,93800000
1988-11-29,366.4000,368.2000,365.9000,368.2000,104820000
1988-11-30,369.2000,371.5000,368.1000,371.5000,125340000
1988-12-01,372.1000,374.0000,371.2000,373.9000,123270000
1988-12-02,373.1000,374.4000,372.5000,373.9000,125020000
1988-12-05,374.9000,376.1000,373.9000,375.6000,118670000
1988-12-06,375.7000,377.0000,374.7000,377.0000,116060000
1988-12-07,377.0000,377.2000,376.1000,376.4000,122480000
1988-12-08,375.2000,376.4000,374.9000,375.2000,109870000
1988-12-09,375.0000,375.6000,374.8000,375.2000,113560000
1988-12-12,375.2000,375.6000,374.0000,374.2000,99220000
1988-12-13,373.4000,374.2000,372.5000,373.0000,114140000
1988-12-14,372.9000,373.6000,372.5000,372.8000,117740000
1988-12-15,373.3000,373.5000,372.5000,373.0000,111620000
1988-12-16,373.1000,375.8000,372.9000,375.8000,133140000
1988-12-19,375.6000,376.5000,375.5000,376.4000,131180000
1988-12-20,377.3000,377.5000,376.0000,376.1000,138500000
1988-12-21,376.1000,376.3000,374.9000,375.6000,137410000
1988-12-22,375.7000,376.8000,375.1000,376.5000,153140000
1988-12-23,376.7000,377.4000,376.5000,377.3000,77710000
1988-12-27,377.7000,377.8000,376.4000,376.6000,80780000
1988-12-28,376.5000,376.8000,375.6000,376.8000,105150000
1988-12-29,377.3000,379.1000,376.7000,379.1000,121140000
1988-12-30,379.6000,381.4000,378.9000,381.4000,136940000
1989-01-03,378.9000,381.4000,376.9000,378.6000,93660000
1989-01-04,379.3000,382.9000,378.6000,382.8000,121270000
1989-01-05,383.5000,384.9000,382.7000,383.8000,135040000
1989-01-06,384.4000,384.8000,383.8000,384.7000,123650000
1989-01-09,384.9000,385.8000,384.6000,385.3000,109930000
1989-01-10,385.5000,385.6000,384.0000,384.6000,113520000
1989-01-11,384.5000,385.4000,383.9000,385.3000,115770000
1989-01-12,385.8000,387.5000,385.3000,387.0000,135430000
1989-01-13,387.2000,387.4000,386.5000,387.1000,122860000
1989-01-16,387.0000,388.1000,386.7000,387.4000,105160000
1989-01-17,386.8000,387.4000,385.7000,386.1000,137760000
1989-01-18,386.0000,389.0000,385.5000,388.9000,140520000
1989-01-19,390.8000,391.9000,388.9000,391.1000,162300000
1989-01-20,391.1000,392.1000,390.8000,391.7000,152070000
1989-01-23,391.8000,392.2000,389.9000,390.0000,114020000
1989-01-24,390.1000,392.2000,389.8000,392.0000,132590000
1989-01-25,393.1000,394.1000,392.0000,394.0000,121590000
1989-01-26,393.9000,397.1000,393.4000,397.1000,141680000
1989-01-27,397.0000,398.9000,396.2000,398.0000,176200000
1989-01-30,398.5000,399.2000,397.9000,399.2000,123940000
1989-01-31,399.4000,401.4000,398.5000,401.3000,137050000
1989-02-01,401.8000,403.2000,401.5000,403.2000,152890000
1989-02-02,403.7000,406.2000,403.3000,405.2000,163790000
1989-02-03,405.4000,406.4000,404.6000,406.4000,143350000
1989-02-06,406.4000,406.6000,404.9000,406.0000,128290000
1989-02-07,406.8000,409.7000,405.9000,409.2000,156910000
1989-02-08,409.7000,410.1000,407.8000,408.0000,152730000
1989-02-09,406.5000,408.3000,405.9000,406.4000,146680000
1989-02-10,403.7000,405.6000,402.1000,402.4000,132730000
1989-02-13,400.6000,402.0000,400.3000,401.3000,114490000
1989-02-14,402.7000,403.0000,401.7000,402.0000,132880000
1989-02-15,402.5000,404.2000,401.9000,404.2000,123180000
1989-02-16,405.2000,405.9000,404.3000,405.7000,149250000
1989-02-17,405.8000,407.8000,405.5000,407.2000,114150000
1989-02-21,406.8000,407.5000,405.9000,406.4000,115230000
1989-02-22,405.0000,406.0000,401.4000,402.5000,129520000
1989-02-23,401.2000,403.1000,400.9000,403.1000,116860000
1989-02-24,402.9000,403.1000,399.7000,400.0000,122910000
1989-02-27,398.4000,399.7000,398.2000,398.9000,109400000
1989-02-28,399.2000,400.4000,399.0000,399.7000,122210000
1989-03-01,401.0000,401.5000,399.4000,399.8000,128730000
1989-03-02,400.5000,402.6000,400.0000,402.5000,129490000
1989-03-03,402.8000,404.0000,402.5000,404.0000,135990000
1989-03-06,405.2000,406.3000,404.5000,406.3000,122210000
1989-03-07,405.6000,406.5000,404.9000,406.2000,135930000
1989-03-08,406.0000,407.4000,405.7000,406.4000,150140000
1989-03-09,406.5000,406.6000,405.5000,405.7000,142060000
1989-03-10,404.3000,405.9000,404.2000,405.9000,133370000
1989-03-13,406.6000,407.0000,405.8000,406.6000,118380000
1989-03-14,406.8000,407.2000,405.7000,406.0000,137610000
1989-03-15,406.5000,407.5000,406.2000,407.0000,141230000
1989-03-16,407.4000,409.8000,407.0000,409.5000,150680000
1989-03-17,403.8000,407.9000,402.0000,402.2000,139350000
1989-03-20,400.5000,401.8000,397.8000,398.5000,119840000
1989-03-21,400.6000,401.8000,399.3000,401.8000,123730000
1989-03-22,401.0000,401.6000,399.7000,400.6000,136380000
1989-03-23,401.1000,401.4000,400.1000,400.9000,149180000
1989-03-27,400.4000,401.0000,400.1000,400.6000,98840000
1989-03-28,401.7000,402.9000,401.1000,402.6000,112550000
1989-03-29,403.2000,403.7000,402.3000,403.7000,122960000
1989-03-30,403.2000,404.6000,402.5000,404.6000,115610000
1989-03-31,405.6000,406.8000,404.8000,406.7000,125010000
1989-04-03,407.0000,408.4000,406.8000,407.7000,122530000
1989-04-04,407.0000,407.6000,406.5000,407.2000,139590000
1989-04-05,407.4000,408.3000,407.0000,408.3000,120750000
1989-04-06,407.9000,408.4000,407.0000,408.2000,114040000
1989-04-07,408.7000,410.8000,408.1000,410.7000,133580000
1989-04-10,411.2000,411.4000,410.4000,411.1000,109840000
1989-04-11,412.1000,413.7000,411.5000,413.5000,133270000
1989-04-12,414.6000,416.1000,414.0000,415.7000,161300000
1989-04-13,415.3000,415.9000,413.3000,413.9000,142990000
1989-04-14,415.9000,417.7000,414.7000,417.7000,144650000
1989-04-17,417.6000,418.2000,417.2000,417.8000,115220000
1989-04-18,419.7000,420.8000,418.7000,420.7000,153480000
1989-04-19,421.0000,422.4000,420.6000,421.9000,155010000
1989-04-20,421.6000,422.3000,419.6000,421.5000,141030000
1989-04-21,422.4000,423.8000,421.6000,423.8000,149470000
1989-04-24,423.0000,423.6000,422.6000,423.2000,98170000
1989-04-25,423.7000,424.0000,421.9000,422.7000,123650000
1989-04-26,422.5000,423.4000,422.5000,423.4000,136660000
1989-04-27,424.2000,426.3000,423.6000,426.2000,137410000
1989-04-28,426.3000,427.6000,425.6000,427.6000,129240000
1989-05-01,425.9000,427.5000,425.8000,427.5000,116720000
1989-05-02,427.6000,428.7000,427.4000,428.0000,140980000
1989-05-03,428.7000,429.0000,428.1000,428.8000,142490000
1989-05-04,429.0000,430.1000,428.7000,429.2000,146380000
1989-05-05,430.6000,432.3000,429.9000,430.7000,156070000
1989-05-08,430.5000,430.8000,428.1000,429.3000,129030000
1989-05-09,429.8000,430.3000,427.8000,429.0000,135650000
1989-05-10,428.9000,429.7000,428.5000,429.6000,129660000
1989-05-11,430.3000,430.9000,429.6000,430.6000,144990000
1989-05-12,434.3000,434.9000,432.0000,434.8000,166360000
1989-05-15,435.3000,436.4000,435.1000,436.2000,133660000
1989-05-16,435.8000,436.2000,434.6000,435.7000,143460000
1989-05-17,436.4000,438.8000,436.0000,438.5000,169990000
1989-05-18,438.5000,439.8000,438.4000,439.8000,163450000
1989-05-19,441.1000,442.2000,440.1000,442.1000,181960000
1989-05-22,442.6000,443.2000,441.0000,441.8000,124610000
1989-05-23,441.1000,441.6000,440.1000,440.2000,140960000
1989-05-24,439.9000,441.5000,439.3000,441.5000,122360000
1989-05-25,442.5000,443.4000,441.6000,442.9000,129160000
1989-05-26,443.6000,445.2000,443.0000,445.2000,116990000
1989-05-30,445.9000,446.2000,443.1000,444.2000,116130000
1989-05-31,444.4000,446.2000,443.8000,446.2000,123810000
1989-06-01,446.8000,448.3000,446.1000,448.3000,135870000
1989-06-02,449.8000,451.7000,448.5000,451.6000,163800000
1989-06-05,451.4000,452.0000,447.7000,447.8000,137730000
1989-06-06,447.8000,448.8000,446.6000,448.0000,142750000
1989-06-07,451.7000,453.3000,448.9000,453.2000,160220000
1989-06-08,454.1000,454.6000,453.5000,454.0000,155960000
1989-06-09,452.7000,453.7000,452.3000,453.7000,140440000
1989-06-12,453.0000,453.6000,451.5000,453.4000,125560000
1989-06-13,451.6000,452.8000,449.5000,450.7000,146950000
1989-06-14,451.0000,451.6000,449.8000,450.6000,131620000
1989-06-15,449.7000,450.4000,446.3000,447.1000,137500000
1989-06-16,446.3000,447.2000,445.3000,447.2000,132110000
1989-06-19,446.9000,447.4000,444.9000,446.1000,109590000
1989-06-20,446.6000,446.9000,444.6000,444.6000,137070000
1989-06-21,444.7000,445.2000,443.7000,443.9000,136400000
1989-06-22,443.7000,445.3000,443.5000,445.3000,132790000
1989-06-23,446.5000,448.4000,445.7000,448.4000,153150000
1989-06-26,448.6000,449.0000,447.2000,447.3000,109550000
1989-06-27,447.9000,449.2000,447.6000,448.6000,119020000
1989-06-28,447.6000,448.2000,444.0000,444.9000,127490000
1989-06-29,441.9000,444.2000,437.5000,437.9000,142030000
1989-06-30,436.1000,437.9000,431.7000,435.3000,137100000
1989-07-03,434.5000,436.1000,434.4000,436.0000,53200000
1989-07-05,435.5000,437.1000,435.0000,436.9000,94520000
1989-07-06,437.9000,439.6000,437.0000,439.6000,118050000
1989-07-07,440.0000,443.1000,439.8000,442.4000,120310000
1989-07-10,442.5000,443.1000,442.2000,442.7000,112740000
1989-07-11,444.3000,444.9000,443.3000,444.5000,142140000
1989-07-12,444.5000,446.8000,444.3000,446.8000,147260000
1989-07-13,446.5000,448.0000,446.4000,447.9000,130110000
1989-07-14,448.5000,449.0000,446.8000,448.9000,128850000
1989-07-17,449.0000,450.0000,448.2000,449.9000,107890000
1989-07-18,449.2000,449.5000,447.3000,447.9000,131880000
1989-07-19,448.9000,451.2000,448.4000,451.2000,159880000
1989-07-20,451.6000,452.0000,449.2000,449.2000,166620000
1989-07-21,448.2000,449.8000,447.8000,449.3000,144760000
1989-07-24,448.0000,448.9000,445.9000,446.0000,108060000
1989-07-25,447.3000,448.5000,445.9000,446.5000,127650000
1989-07-26,446.6000,449.1000,446.2000,449.1000,124470000
1989-07-27,450.5000,452.6000,449.8000,452.5000,140250000
1989-07-28,452.6000,453.0000,451.8000,452.8000,128900000
1989-07-31,452.3000,453.8000,451.9000,453.8000,111900000
1989-08-01,455.2000,455.4000,453.2000,453.3000,136880000
1989-08-02,453.0000,454.1000,452.4000,454.1000,130180000
1989-08-03,455.0000,457.2000,454.5000,456.9000,146010000
1989-08-04,456.6000,457.8000,455.4000,457.4000,133670000
1989-08-07,458.5000,461.8000,457.9000,461.7000,135250000
1989-08-08,462.5000,463.4000,461.5000,463.3000,160270000
1989-08-09,463.1000,463.9000,462.4000,462.4000,155690000
1989-08-10,461.5000,464.0000,461.0000,463.6000,134430000
1989-08-11,465.7000,466.1000,462.1000,462.5000,139260000
1989-08-14,461.2000,462.0000,459.8000,460.0000,144660000
1989-08-15,460.9000,461.0000,459.9000,460.9000,133490000
1989-08-16,462.0000,462.2000,460.2000,460.8000,129250000
1989-08-17,461.2000,461.4000,459.7000,460.8000,136320000
1989-08-18,461.4000,462.1000,460.7000,462.0000,134520000
1989-08-21,462.1000,462.5000,458.3000,458.3000,108620000
1989-08-22,457.1000,458.4000,456.5000,458.4000,119030000
1989-08-23,459.6000,461.7000,458.8000,461.7000,139690000
1989-08-24,463.0000,466.0000,462.0000,465.9000,144810000
1989-08-25,466.5000,467.2000,466.0000,466.8000,126730000
1989-08-28,466.2000,467.2000,465.5000,467.2000,100240000
1989-08-29,467.7000,467.9000,465.9000,466.6000,128610000
1989-08-30,466.8000,468.5000,466.6000,468.3000,121700000
1989-08-31,469.0000,469.4000,468.4000,469.3000,117760000
1989-09-01,469.9000,471.5000,469.6000,471.3000,113460000
1989-09-05,472.2000,472.4000,471.1000,471.4000,121140000
1989-09-06,469.7000,471.1000,467.6000,469.3000,136430000
1989-09-07,470.3000,470.7000,469.3000,469.7000,134000000
1989-09-08,470.0000,471.5000,468.4000,471.3000,130060000
1989-09-11,470.9000,471.3000,469.4000,470.4000,113490000
1989-09-12,470.7000,472.1000,470.4000,471.9000,151060000
1989-09-13,473.4000,474.6000,471.8000,471.8000,159940000
1989-09-14,471.1000,471.8000,468.7000,468.8000,142030000
1989-09-15,469.7000,470.1000,467.1000,467.6000,130920000
1989-09-18,467.1000,467.4000,466.0000,466.9000,105050000
1989-09-19,467.1000,467.7000,466.7000,467.1000,136710000
1989-09-20,467.3000,467.6000,466.2000,466.7000,137050000
1989-09-21,467.1000,468.4000,466.5000,467.0000,138620000
1989-09-22,467.1000,468.2000,466.5000,468.1000,148890000
1989-09-25,467.6000,468.5000,466.2000,466.7000,108090000
1989-09-26,466.9000,468.4000,466.7000,467.8000,123380000
1989-09-27,465.8000,467.8000,464.9000,467.8000,123180000
1989-09-28,468.9000,471.2000,468.2000,471.1000,133130000
1989-09-29,471.8000,473.3000,471.4000,472.9000,136380000
1989-10-02,472.8000,475.2000,472.4000,475.2000,108950000
1989-10-03,476.0000,477.3000,475.4000,477.3000,151200000
1989-10-04,477.6000,479.5000,477.4000,479.3000,164360000
1989-10-05,479.9000,481.5000,478.6000,480.7000,151090000
1989-10-06,482.3000,483.9000,481.6000,483.6000,155990000
1989-10-09,483.5000,485.8000,482.7000,485.7000,84270000
1989-10-10,487.0000,487.5000,483.2000,484.1000,136960000
1989-10-11,483.1000,483.6000,480.7000,482.2000,133010000
1989-10-12,482.7000,483.4000,482.1000,482.2000,130960000
1989-10-13,482.5000,482.7000,467.3000,467.3000,167710000
1989-10-16,448.9000,463.1000,447.1000,461.0000,242840000
1989-10-17,460.2000,460.8000,456.3000,459.9000,161470000
1989-10-18,458.7000,463.3000,457.9000,463.3000,147650000
1989-10-19,465.8000,470.8000,463.8000,470.8000,173460000
1989-10-20,470.9000,471.3000,468.8000,470.7000,158160000
1989-10-23,470.7000,471.1000,467.1000,467.2000,117180000
1989-10-24,464.8000,466.6000,458.7000,461.7000,152480000
1989-10-25,462.9000,464.3000,462.1000,462.9000,132120000
1989-10-26,461.9000,462.1000,458.1000,458.2000,128730000
1989-10-27,457.0000,458.4000,451.8000,452.8000,132790000
1989-10-30,453.7000,454.3000,450.8000,451.4000,101070000
1989-10-31,452.9000,455.8000,451.8000,455.6000,128020000
1989-11-01,456.2000,457.3000,455.6000,456.6000,118620000
1989-11-02,454.7000,456.0000,452.2000,453.1000,136000000
1989-11-03,452.8000,454.0000,452.1000,453.0000,110470000
1989-11-06,452.8000,453.0000,448.0000,448.0000,111080000
1989-11-07,447.0000,449.4000,446.8000,449.4000,130550000
1989-11-08,452.5000,454.5000,450.3000,454.1000,137900000
1989-11-09,454.7000,454.9000,453.5000,454.1000,126790000
1989-11-10,455.2000,456.4000,454.6000,456.2000,109050000
1989-11-13,456.8000,456.9000,454.8000,455.9000,109200000
1989-11-14,456.0000,456.4000,453.1000,454.0000,123770000
1989-11-15,454.8000,455.9000,453.1000,455.8000,133010000
1989-11-16,456.5000,456.7000,454.3000,455.3000,146640000
1989-11-17,455.0000,457.1000,454.8000,456.7000,121390000
1989-11-20,457.2000,457.8000,454.0000,455.7000,114920000
1989-11-21,455.7000,456.1000,453.1000,454.1000,124230000
1989-11-22,454.0000,455.5000,453.8000,455.1000,139770000
1989-11-24,456.3000,456.7000,455.5000,456.6000,53670000
1989-11-27,457.5000,457.7000,455.8000,456.2000,108180000
1989-11-28,456.3000,457.1000,456.0000,456.7000,125340000
1989-11-29,456.2000,456.6000,455.0000,455.8000,122010000
1989-11-30,455.1000,456.7000,454.9000,456.1000,129600000
1989-12-01,456.6000,457.9000,456.4000,457.1000,138470000
1989-12-04,457.5000,458.3000,457.0000,458.3000,113780000
1989-12-05,459.0000,459.4000,457.8000,458.6000,132020000
1989-12-06,458.3000,458.8000,456.1000,456.7000,143950000
1989-12-07,456.6000,457.4000,455.6000,456.3000,143980000
1989-12-08,456.7000,457.0000,455.9000,456.2000,128140000
1989-12-11,454.6000,455.8000,451.1000,452.4000,133390000
1989-12-12,451.8000,452.5000,449.6000,450.4000,150540000
1989-12-13,450.5000,451.5000,450.1000,451.1000,184660000
1989-12-14,449.4000,451.1000,446.8000,447.5000,144260000
1989-12-15,446.3000,448.0000,441.7000,443.8000,144390000
1989-12-18,443.6000,443.9000,434.9000,436.0000,146700000
1989-12-19,434.3000,435.7000,431.8000,434.4000,163630000
1989-12-20,435.7000,436.9000,434.6000,436.9000,152430000
1989-12-21,438.2000,441.1000,437.3000,441.1000,164280000
1989-12-22,441.8000,445.1000,441.2000,444.6000,110230000
1989-12-26,444.9000,445.6000,444.4000,445.3000,74490000
1989-12-27,446.3000,448.8000,445.8000,448.8000,115310000
1989-12-28,448.6000,450.0000,448.2000,450.0000,128970000
1989-12-29,450.9000,454.8000,450.1000,454.8000,164110000
1990-01-02,452.9000,459.3000,452.7000,459.3000,110720000
1990-01-03,461.1000,461.6000,460.0000,460.9000,152660000
1990-01-04,460.4000,460.8000,456.9000,459.4000,147950000
1990-01-05,457.9000,459.4000,457.8000,458.2000,137230000
1990-01-08,457.1000,458.7000,456.5000,458.7000,115500000
1990-01-09,459.2000,459.6000,456.6000,456.8000,131130000
1990-01-10,455.1000,456.3000,450.6000,450.7000,143890000
1990-01-11,451.7000,452.5000,448.8000,448.9000,133000000
1990-01-12,442.7000,446.6000,439.3000,439.7000,143500000
1990-01-15,438.2000,439.4000,436.4000,436.6000,108060000
1990-01-16,432.9000,440.2000,432.1000,440.2000,147590000
1990-01-17,440.5000,442.5000,438.5000,438.7000,139150000
1990-01-18,436.2000,437.8000,435.6000,437.5000,136330000
1990-01-19,440.5000,441.2000,439.2000,440.9000,152170000
1990-01-22,439.7000,440.7000,431.7000,431.9000,130490000
1990-01-23,432.5000,433.8000,428.9000,430.4000,141440000
1990-01-24,419.9000,427.2000,419.8000,425.7000,163430000
1990-01-25,428.3000,429.0000,425.1000,425.2000,130500000
1990-01-26,424.2000,425.9000,419.5000,421.3000,136340000
1990-01-29,422.8000,422.9000,416.5000,418.1000,118590000
1990-01-30,416.2000,417.5000,410.0000,410.7000,160160000
1990-01-31,412.2000,415.9000,411.3000,415.8000,148000000
1990-02-01,416.8000,417.9000,416.2000,417.8000,135470000
1990-02-02,418.8000,423.3000,417.6000,422.2000,135020000
1990-02-05,422.9000,424.8000,422.4000,424.7000,108350000
1990-02-06,425.0000,425.2000,422.2000,424.0000,119700000
1990-02-07,422.0000,426.9000,421.8000,426.8000,149300000
1990-02-08,428.8000,430.2000,427.1000,427.3000,140030000
1990-02-09,428.7000,429.1000,427.5000,428.8000,125330000
1990-02-12,428.8000,428.8000,425.8000,426.4000,113030000
1990-02-13,425.3000,427.0000,423.9000,425.8000,127230000
1990-02-14,426.8000,427.2000,425.5000,426.6000,139540000
1990-02-15,426.3000,429.7000,425.9000,429.6000,152380000
1990-02-16,430.0000,430.9000,428.9000,429.0000,120220000
1990-02-20,425.4000,427.9000,421.8000,423.8000,108280000
1990-02-21,418.9000,421.9000,418.4000,421.5000,120100000
1990-02-22,422.6000,425.1000,422.2000,422.8000,134870000
1990-02-23,421.1000,421.5000,418.1000,419.5000,117220000
1990-02-26,419.5000,421.0000,418.7000,421.0000,114600000
1990-02-27,422.1000,423.5000,421.4000,422.6000,130850000
1990-02-28,423.3000,425.8000,422.6000,425.8000,129400000
1990-03-01,425.3000,427.7000,424.5000,427.2000,134240000
1990-03-02,428.2000,431.0000,427.6000,431.0000,132370000
1990-03-05,430.8000,431.2000,429.4000,430.2000,111000000
1990-03-06,429.3000,432.6000,428.6000,432.3000,139150000
1990-03-07,433.1000,433.5000,432.1000,432.5000,167550000
1990-03-08,433.6000,436.6000,432.6000,436.5000,145730000
1990-03-09,437.0000,437.1000,435.4000,436.8000,135120000
1990-03-12,435.3000,436.6000,435.0000,436.6000,103840000
1990-03-13,436.1000,437.0000,434.6000,434.6000,123620000
1990-03-14,435.7000,436.4000,434.5000,436.2000,122180000
1990-03-15,436.7000,438.4000,436.3000,438.1000,128680000
1990-03-16,440.4000,443.1000,439.6000,442.2000,176040000
1990-03-19,440.4000,442.9000,439.0000,442.9000,129400000
1990-03-20,443.2000,443.3000,439.7000,440.1000,142220000
1990-03-21,439.6000,440.9000,439.2000,439.3000,131080000
1990-03-22,439.2000,439.3000,433.2000,434.5000,146220000
1990-03-23,436.1000,437.8000,435.2000,437.3000,130740000
1990-03-26,438.8000,440.0000,438.1000,438.8000,96280000
1990-03-27,437.7000,439.7000,437.0000,439.5000,106910000
1990-03-28,437.0000,439.2000,435.7000,436.7000,132260000
1990-03-29,436.2000,436.7000,434.6000,435.4000,124190000
1990-03-30,434.7000,436.0000,433.2000,435.5000,126630000
1990-04-02,431.6000,434.1000,430.8000,433.2000,111380000
1990-04-03,434.7000,437.7000,434.0000,437.7000,134750000
1990-04-04,438.2000,438.3000,434.9000,435.4000,138380000
1990-04-05,433.4200,433.4200,433.4200,433.4200,134240000
1990-04-06,433.0000,433.9000,430.6000,430.9000,136570000
1990-04-09,430.6000,431.2000,429.9000,430.2000,112370000
1990-04-10,430.0000,432.1000,429.9000,431.9000,129500000
1990-04-11,432.6000,433.8000,432.3000,433.5000,133820000
1990-04-12,435.1000,436.8000,434.3000,436.3000,141410000
1990-04-16,438.4000,438.5000,436.2000,436.7000,124650000
1990-04-17,434.0000,435.9000,433.5000,435.4000,136450000
1990-04-18,435.5000,436.1000,431.3000,431.5000,149750000
1990-04-19,430.2000,431.0000,428.9000,429.0000,145640000
1990-04-20,429.7000,429.8000,424.9000,425.8000,150320000
1990-04-23,423.4000,425.3000,418.2000,420.1000,125990000
1990-04-24,421.7000,422.3000,418.7000,419.2000,126790000
1990-04-25,420.0000,420.7000,419.2000,420.6000,121710000
1990-04-26,421.7000,422.0000,419.4000,421.1000,115930000
1990-04-27,420.6000,421.4000,417.5000,418.0000,116010000
1990-04-30,417.5000,420.1000,417.0000,420.1000,105790000
1990-05-01,422.0000,422.2000,420.7000,421.9000,124130000
1990-05-02,422.8000,423.6000,422.3000,423.6000,143260000
1990-05-03,425.0000,426.6000,424.4000,425.4000,160850000
1990-05-04,427.4000,428.6000,425.7000,428.6000,136810000
1990-05-07,429.3000,431.6000,429.1000,431.2000,122690000
1990-05-08,431.1000,431.9000,430.7000,431.8000,133840000
1990-05-09,431.4000,431.9000,430.5000,431.3000,146630000
1990-05-10,431.8000,433.5000,431.1000,433.2000,142490000
1990-05-11,434.5000,438.2000,433.8000,438.1000,167560000
1990-05-14,440.2000,443.1000,438.8000,441.6000,177170000
1990-05-15,441.0000,442.6000,440.0000,442.5000,162330000
1990-05-16,442.3000,442.9000,440.4000,442.9000,152490000
1990-05-17,445.0000,445.7000,443.4000,445.7000,171410000
1990-05-18,446.0000,448.5000,445.0000,448.3000,191410000
1990-05-21,448.9000,452.9000,448.4000,452.9000,169470000
1990-05-22,455.2000,455.6000,452.2000,453.9000,190160000
1990-05-23,453.8000,456.9000,453.2000,456.9000,188740000
1990-05-24,457.5000,458.9000,457.1000,458.3000,174330000
1990-05-25,454.6000,456.2000,453.0000,453.7000,152190000
1990-05-29,454.1000,457.6000,453.7000,457.5000,134000000
1990-05-30,459.4000,459.8000,457.7000,458.8000,169350000
1990-05-31,458.2000,460.0000,457.5000,459.0000,157260000
1990-06-01,459.5000,462.5000,459.5000,462.1000,168060000
1990-06-04,462.8000,465.6000,460.5000,465.6000,142170000
1990-06-05,467.2000,467.6000,464.0000,464.6000,173460000
1990-06-06,463.4000,465.2000,463.2000,465.0000,156520000
1990-06-07,465.8000,466.6000,462.4000,464.1000,151040000
1990-06-08,463.1000,463.7000,459.3000,460.9000,137900000
1990-06-11,459.4000,462.8000,458.5000,462.8000,112220000
1990-06-12,464.7000,466.6000,463.0000,466.6000,163290000
1990-06-13,467.4000,469.4000,467.0000,468.9000,163550000
1990-06-14,467.8000,468.5000,465.8000,467.1000,155170000
1990-06-15,466.8000,468.3000,466.2000,467.6000,168500000
1990-06-18,465.7000,467.0000,460.5000,460.8000,157650000
1990-06-19,459.8000,461.0000,458.7000,460.5000,142980000
1990-06-20,462.0000,462.3000,459.6000,460.8000,148090000
1990-06-21,460.3000,461.3000,459.2000,461.3000,144290000
1990-06-22,462.7000,462.9000,459.3000,459.3000,167540000
1990-06-25,459.1000,459.7000,455.5000,455.6000,113560000
1990-06-26,457.6000,458.1000,455.2000,455.4000,131620000
1990-06-27,454.3000,457.1000,453.2000,456.9000,137450000
1990-06-28,458.4000,460.5000,457.5000,460.4000,148820000
1990-06-29,461.1000,462.5000,460.7000,462.3000,158810000
1990-07-02,461.6000,462.4000,461.3000,462.0000,114150000
1990-07-03,461.2000,461.8000,460.8000,461.8000,131020000
1990-07-05,460.0000,461.4000,458.3000,459.2000,97760000
1990-07-06,458.7000,460.7000,457.6000,460.5000,101400000
1990-07-09,461.3000,462.2000,460.6000,461.7000,118500000
1990-07-10,461.9000,462.7000,460.7000,461.0000,142270000
1990-07-11,460.5000,463.9000,460.3000,463.9000,159030000
1990-07-12,464.9000,467.2000,463.3000,467.2000,153700000
1990-07-13,467.6000,470.3000,467.0000,468.4000,160590000
1990-07-16,468.7000,470.1000,468.1000,469.6000,138070000
1990-07-17,469.5000,470.0000,463.9000,464.5000,167810000
1990-07-18,463.2000,464.2000,459.8000,460.8000,158990000
1990-07-19,457.2000,458.9000,455.3000,458.2000,182560000
1990-07-20,459.6000,459.7000,455.1000,455.3000,174580000
1990-07-23,451.8000,454.6000,441.3000,444.6000,168880000
1990-07-24,444.5000,445.8000,438.2000,442.6000,160500000
1990-07-25,444.4000,445.8000,442.9000,445.5000,141600000
1990-07-26,446.0000,447.0000,444.4000,445.4000,136060000
1990-07-27,444.2000,445.4000,442.2000,442.6000,121800000
1990-07-30,439.3000,441.9000,436.9000,439.4000,120440000
1990-07-31,439.3000,440.0000,436.8000,438.2000,135150000
1990-08-01,437.7000,438.6000,435.1000,435.9000,128980000
1990-08-02,430.2000,433.4000,427.4000,428.9000,146540000
1990-08-03,423.5000,428.3000,408.1000,417.5000,203170000
1990-08-06,403.7000,414.6000,399.5000,400.0000,174810000
1990-08-07,401.1000,406.6000,401.1000,402.1000,165470000
1990-08-08,404.1000,408.0000,402.9000,407.7000,144850000
1990-08-09,409.7000,413.2000,408.5000,413.0000,129930000
1990-08-10,412.6000,413.0000,406.3000,408.0000,112030000
1990-08-13,404.8000,408.5000,404.1000,408.3000,87640000
1990-08-14,409.3000,410.6000,408.5000,410.3000,107490000
1990-08-15,412.8000,413.3000,410.9000,411.5000,105240000
1990-08-16,408.6000,410.6000,402.3000,402.3000,114900000
1990-08-17,396.4000,400.5000,389.7000,393.5000,146950000
1990-08-20,393.6000,394.0000,388.4000,388.6000,115470000
1990-08-21,380.6000,386.7000,375.8000,379.7000,166490000
1990-08-22,381.6000,382.9000,374.8000,374.8000,146100000
1990-08-23,363.8000,372.4000,359.7000,360.2000,202760000
1990-08-24,365.2000,367.3000,362.2000,367.3000,161080000
1990-08-27,377.5000,382.2000,370.0000,381.3000,129400000
1990-08-28,381.3000,383.3000,380.6000,382.9000,117800000
1990-08-29,381.6000,383.5000,380.5000,381.8000,118070000
1990-08-30,381.5000,383.1000,378.5000,378.7000,106300000
1990-08-31,378.3000,381.3000,377.3000,381.2000,79850000
1990-09-04,379.0000,381.7000,378.6000,381.7000,78140000
1990-09-05,383.0000,383.2000,381.2000,382.4000,89050000
1990-09-06,380.7000,381.9000,377.7000,378.8000,98730000
1990-09-07,376.8000,380.6000,376.6000,380.4000,103160000
1990-09-10,383.9000,385.2000,381.5000,381.7000,96260000
1990-09-11,380.6000,381.7000,378.1000,379.5000,100070000
1990-09-12,380.2000,381.1000,378.3000,380.3000,98470000
1990-09-13,380.3000,381.6000,375.8000,376.2000,105650000
1990-09-14,374.1000,375.3000,372.7000,374.4000,103490000
1990-09-17,373.6000,374.7000,372.7000,374.1000,94020000
1990-09-18,372.1000,373.2000,370.2000,372.2000,115070000
1990-09-19,373.2000,373.8000,371.6000,371.7000,120870000
1990-09-20,369.6000,370.8000,364.2000,364.4000,107920000
1990-09-21,362.9000,364.2000,360.4000,362.3000,124240000
1990-09-24,358.2000,361.1000,351.1000,352.2000,114830000
1990-09-25,353.3000,354.8000,351.6000,354.8000,109930000
1990-09-26,353.9000,355.0000,349.1000,350.0000,118710000
1990-09-27,351.3000,352.5000,340.3000,341.2000,153280000
1990-09-28,334.6000,344.5000,334.6000,344.5000,157510000
1990-10-01,349.0000,354.7000,346.3000,354.7000,124380000
1990-10-02,360.2000,360.9000,356.3000,356.4000,135810000
1990-10-03,355.1000,356.2000,351.2000,351.5000,106030000
1990-10-04,350.1000,350.7000,348.0000,349.9000,104990000
1990-10-05,344.4000,349.8000,343.2000,347.4000,109640000
1990-10-08,349.8000,350.3000,347.4000,348.1000,74910000
1990-10-09,344.9000,346.6000,338.6000,339.1000,109580000
1990-10-10,336.0000,337.9000,333.0000,333.3000,121040000
1990-10-11,331.5000,334.0000,324.3000,325.6000,140850000
1990-10-12,326.5000,327.9000,323.0000,327.6000,132330000
1990-10-15,329.5000,330.1000,325.9000,329.5000,104220000
1990-10-16,328.5000,329.7000,325.0000,325.4000,117130000
1990-10-17,325.1000,328.0000,324.1000,326.8000,121780000
1990-10-18,328.8000,334.0000,327.4000,334.0000,139290000
1990-10-19,338.4000,338.8000,335.8000,337.4000,159110000
1990-10-22,338.0000,342.1000,336.7000,341.1000,114670000
1990-10-23,340.4000,342.6000,340.0000,341.1000,120080000
1990-10-24,339.6000,341.1000,338.9000,341.0000,126730000
1990-10-25,341.7000,342.2000,338.4000,339.7000,104390000
1990-10-26,337.7000,338.7000,334.2000,334.4000,101500000
1990-10-29,334.5000,335.4000,330.4000,330.8000,92230000
1990-10-30,330.0000,330.3000,327.0000,329.8000,109010000
1990-10-31,330.4000,331.5000,328.9000,329.8000,118780000
1990-11-01,328.6000,330.6000,327.8000,330.6000,107950000
1990-11-02,331.6000,336.6000,331.0000,336.5000,112650000
1990-11-05,339.0000,340.8000,337.1000,340.8000,99000000
1990-11-06,341.7000,342.7000,340.2000,340.5000,110730000
1990-11-07,339.3000,340.2000,336.2000,336.8000,109800000
1990-11-08,335.9000,338.3000,335.5000,336.4000,106910000
1990-11-09,338.7000,342.0000,337.4000,342.0000,113350000
1990-11-12,344.8000,351.5000,343.3000,351.5000,119300000
1990-11-13,351.9000,353.5000,350.6000,352.9000,123370000
1990-11-14,353.1000,356.9000,352.1000,356.9000,130810000
1990-11-15,355.5000,356.3000,353.6000,354.5000,117970000
1990-11-16,351.9000,354.0000,349.1000,350.9000,131970000
1990-11-19,352.6000,353.3000,351.1000,352.7000,108260000
1990-11-20,352.1000,353.4000,348.0000,348.3000,126680000
1990-11-21,348.3000,348.8000,346.5000,348.8000,116670000
1990-11-23,348.8000,349.7000,348.5000,349.0000,69420000
1990-11-26,346.2000,348.9000,345.5000,348.9000,84730000
1990-11-27,350.0000,354.1000,349.6000,354.1000,114600000
1990-11-28,354.8000,356.9000,354.3000,355.1000,128590000
1990-11-29,353.9000,355.8000,353.2000,355.8000,114190000
1990-11-30,354.1000,359.1000,353.9000,359.1000,131280000
1990-12-03,361.1000,362.2000,359.8000,361.3000,123810000
1990-12-04,360.6000,364.2000,360.5000,364.1000,124850000
1990-12-05,364.9000,371.0000,364.0000,370.9000,148080000
1990-12-06,377.4000,378.0000,371.2000,372.3000,189440000
1990-12-07,371.7000,372.0000,369.1000,371.5000,124580000
1990-12-10,370.4000,371.6000,369.8000,371.5000,111250000
1990-12-11,369.8000,370.9000,367.8000,368.0000,128700000
1990-12-12,368.3000,370.4000,367.0000,370.4000,122300000
1990-12-13,370.8000,371.7000,370.1000,371.5000,122020000
1990-12-14,369.7000,370.7000,367.0000,368.8000,119500000
1990-12-17,364.7000,367.4000,364.6000,365.7000,111870000
1990-12-18,366.7000,370.2000,366.1000,370.2000,131980000
1990-12-19,370.7000,371.6000,370.2000,371.2000,146210000
1990-12-20,369.0000,372.6000,368.0000,372.3000,167400000
1990-12-21,372.2000,373.8000,371.6000,373.6000,147610000
1990-12-24,371.9000,373.2000,371.7000,372.4000,44210000
1990-12-26,372.7000,373.3000,371.7000,372.4000,72370000
1990-12-27,372.2000,372.9000,370.3000,371.1000,102720000
1990-12-28,369.6000,371.3000,369.4000,371.2000,132330000
1990-12-31,370.3000,373.8000,369.8000,373.8000,128870000
1991-01-02,373.0000,373.5000,371.8000,372.2000,92020000
1991-01-03,371.2000,371.8000,367.4000,367.5000,108390000
1991-01-04,366.5000,367.9000,365.9000,367.2000,103830000
1991-01-07,363.5000,365.8000,360.1000,360.2000,109460000
1991-01-08,359.1000,360.5000,358.2000,359.0000,111730000
1991-01-09,362.4000,365.0000,357.1000,357.5000,145780000
1991-01-10,358.9000,361.9000,358.3000,361.9000,110140000
1991-01-11,362.1000,362.2000,360.5000,361.8000,107650000
1991-01-14,355.2000,358.7000,353.0000,355.8000,101810000
1991-01-15,354.9000,357.4000,354.5000,357.3000,102570000
1991-01-16,358.6000,365.2000,357.6000,365.2000,122160000
1991-01-17,379.1000,380.2000,371.6000,375.8000,212350000
1991-01-18,373.1000,377.1000,371.8000,377.0000,138660000
1991-01-21,374.5000,379.8000,374.4000,379.7000,96960000
1991-01-22,380.1000,381.6000,378.3000,379.0000,131180000
1991-01-23,379.0000,384.1000,378.2000,383.9000,133840000
1991-01-24,386.7000,391.8000,384.9000,391.3000,176560000
1991-01-25,391.8000,395.1000,391.1000,394.3000,158790000
1991-01-28,394.5000,397.6000,393.6000,396.8000,128500000
1991-01-29,396.0000,400.7000,395.7000,400.6000,152060000
1991-01-30,401.9000,408.5000,400.4000,408.5000,202660000
1991-01-31,409.8000,414.2000,408.6000,414.2000,177260000
1991-02-01,415.1000,418.9000,413.5000,417.7000,168220000
1991-02-04,418.8000,424.9000,417.5000,424.8000,185940000
1991-02-05,427.2000,432.2000,425.4000,432.2000,208510000
1991-02-06,432.3000,439.3000,430.4000,439.2000,219590000
1991-02-07,439.1000,442.5000,433.3000,435.0000,245600000
1991-02-08,434.1000,437.0000,433.1000,436.8000,168190000
1991-02-11,444.1000,444.2000,444.1000,444.1000,184840000
1991-02-12,443.6000,445.4000,442.5000,444.0000,200740000
1991-02-13,443.8000,448.0000,442.8000,448.0000,176580000
1991-02-14,449.4000,450.3000,443.1000,444.3000,191670000
1991-02-15,447.9000,449.1000,445.4000,448.7000,155030000
1991-02-19,448.2000,450.3000,447.5000,450.3000,132890000
1991-02-20,447.3000,449.5000,445.8000,446.0000,142240000
1991-02-21,447.2000,447.7000,446.2000,446.4000,142810000
1991-02-22,447.8000,453.0000,446.4000,449.0000,177010000
1991-02-25,453.6000,454.2000,451.1000,451.1000,149260000
1991-02-26,448.4000,449.7000,446.4000,447.7000,130460000
1991-02-27,447.0000,451.0000,446.8000,450.8000,161920000
1991-02-28,452.8000,453.5000,450.3000,453.1000,171460000
1991-03-01,450.6000,456.7000,450.3000,456.7000,160530000
1991-03-04,458.1000,461.4000,457.2000,461.1000,149790000
1991-03-05,463.6000,473.5000,461.9000,473.1000,224880000
1991-03-06,478.0000,478.5000,473.7000,473.8000,283080000
1991-03-07,474.7000,476.2000,472.4000,475.7400,191890000
1991-03-08,478.2000,478.8000,475.1000,475.1100,187910000
1991-03-11,473.0000,474.0000,466.6000,467.1500,161250000
1991-03-12,465.6000,467.1600,461.1700,461.4000,162510000
1991-03-13,461.3300,468.3200,461.1200,468.1800,162950000
1991-03-14,471.0100,472.5300,466.7400,467.7900,199410000
1991-03-15,466.9800,468.5500,464.2800,466.2900,157720000
1991-03-18,465.7500,468.0300,463.5400,466.2700,138290000
1991-03-19,460.1700,464.3600,459.0400,462.8100,149340000
1991-03-20,462.2100,466.1200,461.8800,466.0900,161440000
1991-03-21,468.3100,469.4100,464.2500,464.6000,206920000
1991-03-22,464.3100,464.7800,463.0400,464.1500,168080000
1991-03-25,465.3000,469.1000,464.7600,468.4900,148570000
1991-03-26,470.2800,478.6400,469.1000,478.5700,191970000
1991-03-27,481.3800,482.9500,479.3600,482.3700,194380000
1991-03-28,482.3400,483.3200,481.7700,482.3000,184300000
1991-04-01,480.1800,481.6300,479.1200,480.8600,126190000
1991-04-02,483.6500,491.2200,481.8500,491.2000,199630000
1991-04-03,493.3300,496.3700,492.2900,495.0500,229810000
1991-04-04,494.6400,499.5000,494.3400,497.5700,216110000
1991-04-05,498.5800,499.2400,494.0100,495.7900,200260000
1991-04-08,494.4700,495.7700,493.8900,495.6500,148930000
1991-04-09,497.4400,497.4400,491.9700,492.4600,170470000
1991-04-10,492.7300,493.8100,488.7900,490.7600,172700000
1991-04-11,494.9100,499.4900,492.4400,499.3100,197910000
1991-04-12,501.4000,502.2900,498.5100,501.6200,185850000
1991-04-15,500.0200,501.2800,497.7800,500.8400,167800000
1991-04-16,501.1800,506.8100,500.3600,506.7500,223450000
1991-04-17,509.6200,512.6800,508.0400,511.3100,267560000
1991-04-18,509.3600,510.6000,506.4600,506.6200,255530000
1991-04-19,503.2800,505.4500,500.5100,501.1900,218010000
1991-04-22,497.7100,500.1200,493.0700,494.3800,153440000
1991-04-23,497.7300,498.3600,494.3800,496.0800,161550000
1991-04-24,496.4200,498.6400,496.1100,498.4500,158230000
1991-04-25,497.7000,498.7900,495.8600,496.0300,169580000
1991-04-26,493.1400,495.2800,492.3000,494.6400,149200000
1991-04-29,495.2800,496.0500,487.7000,487.7400,140300000
1991-04-30,487.3800,487.4900,479.6300,484.7200,201470000
1991-05-01,481.9400,487.8600,481.4600,487.8500,185190000
1991-05-02,490.6400,492.3300,488.9300,491.1300,174790000
1991-05-03,490.5700,492.1300,489.7700,492.1000,142110000
1991-05-06,490.7800,491.6300,489.2900,491.4800,119580000
1991-05-07,493.6900,494.0500,491.3700,491.5100,156930000
1991-05-08,490.2800,493.1700,489.9200,492.5100,158510000
1991-05-09,494.9800,497.9400,493.5200,497.8100,179620000
1991-05-10,498.9700,500.0200,493.1700,493.4200,158350000
1991-05-13,494.2900,495.4000,491.6000,493.9300,126000000
1991-05-14,491.8500,492.7800,488.0900,488.7900,155030000
1991-05-15,486.1200,487.5400,476.5800,478.0800,186740000
1991-05-16,481.3600,482.7300,479.1500,481.7700,154270000
1991-05-17,480.1800,481.5100,478.4400,481.3800,146200000
1991-05-20,480.5200,481.8700,479.3200,480.1000,125390000
1991-05-21,481.9600,484.6500,480.7200,483.6000,166460000
1991-05-22,485.9200,487.9400,484.5400,487.2900,161750000
1991-05-23,489.1300,489.9600,488.0300,489.6000,170850000
1991-05-24,490.9300,492.7800,490.0000,492.6700,128000000
1991-05-28,494.5100,497.1700,493.3800,497.1700,126330000
1991-05-29,497.7600,500.2400,497.1600,499.0500,147630000
1991-05-30,499.3000,503.7200,498.9300,503.1900,150610000
1991-05-31,504.2300,506.1200,501.9800,506.1100,157380000
1991-06-03,505.8400,507.4600,504.3800,507.1000,142160000
1991-06-04,505.5300,507.2500,504.3200,507.2500,157150000
1991-06-05,506.8200,508.0400,504.7600,505.2000,158310000
1991-06-06,505.5300,505.9200,502.6300,502.9400,161530000
1991-06-07,500.5800,501.7900,496.9100,498.5400,145820000
1991-06-10,498.4000,498.8800,495.4700,495.8500,113810000
1991-06-11,497.1600,498.7300,495.8800,496.6200,140320000
1991-06-12,493.6300,495.6200,489.0500,491.0500,156910000
1991-06-13,490.2700,491.7000,489.9100,491.1400,127700000
1991-06-14,493.9500,495.2100,491.9800,495.0700,135000000
1991-06-17,494.7600,495.9900,494.1800,494.3200,116600000
1991-06-18,494.2000,494.6800,490.8300,491.5900,145420000
1991-06-19,487.5700,490.3300,484.3200,485.3600,150830000
1991-06-20,483.7800,486.3000,482.6600,485.8800,143920000
1991-06-21,487.3700,487.6700,485.3100,485.8200,151130000
1991-06-24,482.7900,484.7100,475.1400,475.2300,124120000
1991-06-25,477.1900,478.1200,472.9800,473.3000,129030000
1991-06-26,472.4000,473.7900,470.9200,473.0800,136480000
1991-06-27,474.4200,476.2800,473.7900,476.2400,138910000
1991-06-28,475.7500,476.4300,470.9700,475.9200,160330000
1991-07-01,478.0600,481.5600,476.9700,481.3100,121930000
1991-07-02,480.7800,480.9200,478.6200,478.7800,136540000
1991-07-03,475.1500,477.0300,473.1800,474.3200,125020000
1991-07-05,474.1700,475.0800,473.2100,474.0500,56260000
1991-07-08,471.8300,479.5200,471.2400,479.5100,121790000
1991-07-09,481.5900,485.1100,480.8700,483.6400,151480000
1991-07-10,484.4000,489.2900,484.4000,487.1700,171610000
1991-07-11,486.7500,488.5000,486.2100,488.3700,140030000
1991-07-12,490.1200,492.7100,488.1300,492.7100,155470000
1991-07-15,493.6400,496.3300,493.0800,496.1900,137950000
1991-07-16,496.7000,497.3900,493.6000,493.6000,156950000
1991-07-17,492.9500,493.5600,491.3100,493.4200,160940000
1991-07-18,494.1600,496.9500,493.8600,496.8000,171730000
1991-07-19,497.6300,498.6700,496.3200,497.5500,177000000
1991-07-22,497.4400,497.5600,494.4100,494.9900,127910000
1991-07-23,494.4400,495.9800,489.6500,489.6500,144700000
1991-07-24,487.9000,490.2500,487.4200,487.4200,147250000
1991-07-25,487.9000,490.5100,487.5800,490.2800,134740000
1991-07-26,490.6200,492.9700,490.4800,492.6900,124560000
1991-07-29,492.3500,493.5100,490.9800,493.3500,121670000
1991-07-30,495.0600,498.2700,494.2200,498.2700,152260000
1991-07-31,499.6200,502.1300,498.3400,502.0400,160320000
1991-08-01,502.2700,504.3000,501.7300,504.1500,160100000
1991-08-02,506.5200,507.2500,504.3300,505.6700,148490000
1991-08-05,504.2900,505.0100,502.5000,502.6100,117090000
1991-08-06,502.6600,505.3900,501.4900,505.2000,149720000
1991-08-07,506.7800,507.6500,505.6000,507.4600,177270000
1991-08-08,508.4500,510.2400,507.8800,509.3900,161590000
1991-08-09,509.1500,509.9000,507.5900,508.3100,140780000
1991-08-12,507.6400,510.2300,507.2300,510.0000,114070000
1991-08-13,511.5200,515.1900,510.9100,514.4000,166820000
1991-08-14,516.2300,517.9300,515.3000,517.6800,108730000
1991-08-15,517.7700,518.4000,515.3200,515.6700,159480000
1991-08-16,514.7300,515.8100,510.8900,512.4700,135100000
1991-08-19,489.3600,504.9700,487.0800,497.6400,161590000
1991-08-20,502.2800,504.0000,499.1000,502.0500,145430000
1991-08-21,510.6700,517.9700,505.5100,517.9700,192750000
1991-08-22,517.8500,519.1400,516.3400,518.3000,157460000
1991-08-23,519.2100,521.4000,516.2600,521.0600,172120000
1991-08-26,520.4300,521.4700,519.3400,521.3800,112280000
1991-08-27,522.2000,522.2200,519.2900,521.7500,139670000
1991-08-28,522.4500,526.2900,521.8900,526.2900,165660000
1991-08-29,527.0300,527.7100,525.3400,526.3900,158800000
1991-08-30,525.6400,526.5000,523.6300,525.6800,129400000
1991-09-03,526.3000,526.5300,520.8700,520.9100,134330000
1991-09-04,520.7000,521.6000,517.3000,517.9200,154070000
1991-09-05,517.8700,518.7600,516.4100,516.9300,167420000
1991-09-06,516.8600,518.2900,516.4400,516.9400,149330000
1991-09-09,516.4800,518.0700,516.3400,518.0700,105850000
1991-09-10,516.4500,518.2500,511.0500,511.2800,146780000
1991-09-11,511.9000,514.8000,511.3500,514.7600,151800000
1991-09-12,518.3600,521.1300,516.7600,521.1300,172800000
1991-09-13,520.2900,521.5700,516.1500,516.7100,166630000
1991-09-16,516.3100,516.9900,514.1100,515.6800,137570000
1991-09-17,516.0800,516.1700,513.8900,515.1700,166960000
1991-09-18,514.2300,518.7200,513.8200,518.5500,133250000
1991-09-19,519.7400,523.4700,519.1700,522.6700,203950000
1991-09-20,525.0700,528.1700,523.9800,527.1900,226510000
1991-09-23,526.2600,526.4600,524.1200,524.6900,158860000
1991-09-24,525.5000,526.5400,523.0600,526.4700,179750000
1991-09-25,526.5000,528.4200,526.0100,527.8200,178120000
1991-09-26,525.2300,528.2900,524.9800,526.9400,172340000
1991-09-27,529.1400,529.2100,523.9600,524.4800,168300000
1991-09-30,524.6200,526.8800,522.3800,526.8800,141030000
1991-10-01,527.1400,528.8500,525.8800,528.5100,162680000
1991-10-02,528.4600,529.2100,526.1400,526.3300,179610000
1991-10-03,524.5300,525.7500,519.8100,520.5100,179370000
1991-10-04,520.3400,522.6500,519.9200,520.4000,151230000
1991-10-07,517.9400,519.6300,515.9400,516.2000,133850000
1991-10-08,515.7300,517.2500,514.8100,517.2500,158960000
1991-10-09,516.4300,517.2300,513.8000,513.8100,165400000
1991-10-10,514.4800,516.4100,513.2100,515.9400,166800000
1991-10-11,517.9700,519.1600,517.1600,519.0500,145010000
1991-10-14,521.0200,525.6600,519.7900,525.6600,117080000
1991-10-15,526.7600,534.1100,526.6400,534.1100,177930000
1991-10-16,535.2200,540.9400,525.6600,540.9400,223330000
1991-10-17,538.1600,539.8800,535.3100,536.2700,226840000
1991-10-18,537.2800,539.1500,536.9200,538.9000,212130000
1991-10-21,538.3100,538.9500,535.7800,536.9600,158140000
1991-10-22,539.3600,539.4900,536.8700,537.1400,180130000
1991-10-23,537.8900,538.4200,534.1400,535.1700,199760000
1991-10-24,533.9600,535.4300,527.6300,528.7500,199360000
1991-10-25,526.8100,528.4000,524.9300,525.1300,173950000
1991-10-28,526.5700,529.4100,526.5700,529.4100,145910000
1991-10-29,531.1000,534.5300,529.8700,534.5100,182350000
1991-10-30,537.5500,541.3500,535.6100,541.3200,202590000
1991-10-31,541.7900,543.0100,540.9600,542.9800,228520000
1991-11-01,542.1700,543.6100,539.8900,540.9300,205420000
1991-11-04,539.0700,540.7400,536.6500,537.5000,154800000
1991-11-05,537.8300,540.3700,537.2500,538.8200,176980000
1991-11-06,539.2700,540.7000,537.8100,539.4800,191180000
1991-11-07,540.1800,545.4900,540.0700,545.2800,216080000
1991-11-08,549.0400,549.2600,546.3800,548.0800,211430000
1991-11-11,549.1700,551.1600,548.6200,550.7100,153630000
1991-11-12,553.4400,555.9900,551.9100,555.6800,214620000
1991-11-13,551.8300,556.2200,550.9500,556.1700,208490000
1991-11-14,557.7100,558.1600,553.0000,554.8400,220530000
1991-11-15,551.6300,554.5200,531.2200,531.2900,255480000
1991-11-18,529.9400,535.0800,525.5600,534.7300,227150000
1991-11-19,529.3600,533.4100,516.3900,523.4700,219630000
1991-11-20,526.8300,527.9200,524.2000,526.1200,172910000
1991-11-21,526.9700,530.4600,526.1600,530.3300,188910000
1991-11-22,530.2500,530.8900,524.0700,526.4600,167080000
1991-11-25,523.9200,526.5800,522.8800,522.8800,142320000
1991-11-26,523.2500,525.1900,517.9800,522.2300,172790000
1991-11-27,522.1000,522.8100,521.3500,522.7800,134410000
1991-11-29,522.0000,524.2600,521.7100,523.9000,66310000
1991-12-02,519.4800,530.9100,518.6300,530.9100,145910000
1991-12-03,531.4500,533.6000,530.9400,533.3400,166380000
1991-12-04,533.7500,536.0800,533.2000,535.2800,167290000
1991-12-05,535.6800,536.7000,533.2100,534.0300,170630000
1991-12-06,532.4800,537.5300,531.6300,536.3000,171830000
1991-12-09,537.2800,538.8100,534.9000,535.3500,155390000
1991-12-10,534.9600,535.9300,531.7800,534.2300,157620000
1991-12-11,534.9500,536.7200,529.2200,531.6400,174440000
1991-12-12,533.3500,536.0800,532.3900,536.0200,168070000
1991-12-13,539.0100,541.0600,536.9000,540.9000,178700000
1991-12-16,541.1300,543.9200,540.4500,543.7300,148400000
1991-12-17,543.0300,544.0400,539.5900,539.7000,191120000
1991-12-18,538.0500,540.2100,537.2500,539.8400,176780000
1991-12-19,536.0600,538.1600,533.7000,534.5300,174580000
1991-12-20,538.2600,539.8400,535.6800,535.7600,189260000
1991-12-23,535.8800,543.9400,535.3600,543.9000,184320000
1991-12-24,545.4200,550.9000,544.2200,549.5600,133450000
1991-12-26,551.4300,559.6900,549.8300,559.3000,133280000
1991-12-27,562.0500,566.5400,560.1400,565.7100,163370000
1991-12-30,568.4100,579.7500,566.8600,579.7500,224080000
1991-12-31,584.7700,586.3500,578.4000,586.3400,257460000
1992-01-02,580.0400,586.4500,576.1300,586.4500,181380000
1992-01-03,589.1800,592.8300,587.3300,592.6500,214200000
1992-01-06,595.0800,598.0100,593.1300,597.9000,237720000
1992-01-07,595.3600,602.5000,594.3300,602.2900,262250000
1992-01-08,601.0800,610.6800,598.5300,610.3200,315130000
1992-01-09,614.4300,621.0300,611.5700,619.8000,327820000
1992-01-10,618.7100,619.2600,610.5600,615.7000,259430000
1992-01-13,614.1400,617.6300,613.1000,617.6300,211900000
1992-01-14,618.2300,625.7600,617.9700,625.7500,268060000
1992-01-15,627.9200,631.3400,625.1200,630.8200,293280000
1992-01-16,631.8000,632.9900,625.4400,627.3400,302260000
1992-01-17,628.1700,629.4800,625.1200,626.8500,282490000
1992-01-20,625.1200,626.9800,619.2600,619.3800,209690000
1992-01-21,608.9600,611.7100,604.8700,604.8700,265440000
1992-01-22,608.4700,620.6900,605.8100,620.6800,251170000
1992-01-23,624.7300,626.8500,620.8300,622.8600,274370000
1992-01-24,623.2700,625.8600,621.5400,624.6800,240940000
1992-01-27,625.3800,625.8000,621.0000,621.0000,196450000
1992-01-28,622.4400,623.3300,619.0500,621.2900,320960000
1992-01-29,621.9000,626.3200,616.2800,616.3100,248240000
1992-01-30,615.8300,621.3700,615.4700,621.3700,216200000
1992-01-31,621.6100,622.3700,619.1200,620.2100,226160000
1992-02-03,620.5700,623.8300,619.7700,623.4300,194610000
1992-02-04,626.1100,631.2900,624.4300,631.0000,226150000
1992-02-05,633.3900,637.9400,632.2900,636.9700,270110000
1992-02-06,638.9600,640.7500,636.2500,637.6700,244210000
1992-02-07,639.2400,640.1600,631.5600,634.9500,238050000
1992-02-10,633.6200,634.8800,632.2100,634.1300,191600000
1992-02-11,634.4600,635.1200,631.8300,633.3700,214330000
1992-02-12,635.3100,644.9200,633.6300,644.9200,253450000
1992-02-13,646.0900,646.0900,638.3300,639.1000,217000000
1992-02-14,637.4700,638.7800,635.8700,636.4300,206290000
1992-02-18,636.2100,637.2500,626.4000,626.4100,218700000
1992-02-19,621.5900,625.0200,619.1800,622.4100,248440000
1992-02-20,626.3200,632.5800,623.8300,632.2300,247090000
1992-02-21,633.3000,633.9900,628.1600,629.7500,246850000
1992-02-24,628.9300,630.6000,624.3200,624.9300,172920000
1992-02-25,623.5500,625.8100,617.0800,621.4000,194500000
1992-02-26,626.4200,632.5500,623.0200,632.4000,225090000
1992-02-27,636.0600,636.3800,633.8600,633.9500,205540000
1992-02-28,636.3400,636.5400,631.2900,633.4700,204640000
1992-03-02,634.0400,635.4700,632.4000,635.4700,176940000
1992-03-03,634.9500,637.2100,634.0800,634.2500,204550000
1992-03-04,632.0300,635.3100,630.2900,630.2900,212960000
1992-03-05,627.7800,630.2600,620.9900,621.9700,221920000
1992-03-06,620.6100,621.8900,613.9500,615.9500,193070000
1992-03-09,617.1800,618.0400,615.4700,615.8200,162120000
1992-03-10,618.6900,624.2100,617.3300,623.4600,200560000
1992-03-11,622.8800,623.5200,616.5200,617.1400,192150000
1992-03-12,616.1000,617.7500,612.2500,615.9200,189530000
1992-03-13,619.3000,619.8000,616.9000,618.6200,165610000
1992-03-16,618.1100,618.9500,615.2700,617.9400,140850000
1992-03-17,620.2100,623.4400,619.1400,623.2700,173770000
1992-03-18,625.5100,626.2700,624.0400,624.9400,179270000
1992-03-19,627.0100,627.3500,625.3400,625.9600,189970000
1992-03-20,625.8200,626.6300,623.6600,624.2800,191500000
1992-03-23,623.1700,624.0300,621.7200,621.8300,148860000
1992-03-24,622.8700,623.9200,617.3600,618.6800,186920000
1992-03-25,616.6500,620.0400,616.5400,619.4800,191950000
1992-03-26,619.8000,621.7300,614.9500,615.4000,175500000
1992-03-27,612.7800,614.6300,602.5300,604.6700,203960000
1992-03-30,605.0300,606.5600,601.5800,602.0700,154210000
1992-03-31,600.3500,605.1600,599.6000,603.7700,192050000
1992-04-01,598.6200,602.3400,597.6600,602.0900,180170000
1992-04-02,601.7300,603.1700,593.4200,593.8200,194640000
1992-04-03,592.8300,593.9800,587.9300,590.0100,193930000
1992-04-06,592.6800,596.3900,590.8800,596.2900,153120000
1992-04-07,596.1500,597.9700,581.4800,581.6100,210060000
1992-04-08,574.8900,579.6000,567.1500,573.6800,243470000
1992-04-09,575.8800,586.7500,575.4400,586.7500,198750000
1992-04-10,590.5900,592.2400,584.0900,584.2400,175210000
1992-04-13,584.0300,588.1500,583.7000,588.1500,128020000
1992-04-14,592.3400,597.7900,590.1000,594.8100,195600000
1992-04-15,599.6400,600.6100,596.2500,600.0300,218570000
1992-04-16,598.2300,600.2100,591.6000,591.8100,198480000
1992-04-20,586.5000,590.6900,575.1100,577.2000,178050000
1992-04-21,576.6400,579.0400,573.0700,575.0500,201780000
1992-04-22,575.1600,579.1300,574.5400,578.2300,198890000
1992-04-23,580.6700,581.0900,571.9900,576.0500,201880000
1992-04-24,576.4100,576.8600,571.9900,572.8900,165970000
1992-04-27,571.2400,572.4000,566.9400,566.9400,162140000
1992-04-28,566.0100,566.9700,557.0600,560.3300,187480000
1992-04-29,563.0300,569.9700,561.7800,569.9400,180380000
1992-04-30,571.8800,578.6900,571.2400,578.6800,180120000
1992-05-01,579.7300,580.9700,575.3900,578.1400,147290000
1992-05-04,581.2800,584.3600,579.2000,583.5400,144230000
1992-05-05,584.4400,588.9000,583.8400,588.0700,169940000
1992-05-06,589.8600,591.2100,588.7100,589.3600,171420000
1992-05-07,589.4100,590.1700,586.3300,587.1600,170280000
1992-05-08,587.0300,588.3800,584.9200,585.7600,154710000
1992-05-11,586.4500,588.1400,585.9200,587.1300,141070000
1992-05-12,586.7200,588.4100,582.5300,583.9600,162340000
1992-05-13,583.2900,584.7600,582.1400,582.3800,171750000
1992-05-14,580.5800,582.8500,574.7200,576.4600,185180000
1992-05-15,572.6000,575.2100,571.0100,574.4300,142890000
1992-05-18,576.8200,578.4300,575.8000,576.5300,129350000
1992-05-19,576.5300,578.2800,575.0400,578.0500,156670000
1992-05-20,578.9800,580.4200,578.0200,580.2900,160230000
1992-05-21,579.1200,580.5500,577.3800,579.1000,175860000
1992-05-22,579.6400,581.1700,578.9600,580.3000,124860000
1992-05-26,579.5800,580.4300,575.2700,575.6500,126740000
1992-05-27,576.2800,577.7700,575.6700,577.3500,138340000
1992-05-28,576.5100,580.6400,576.1000,580.4900,153200000
1992-05-29,583.2400,585.9600,581.3400,585.3100,188630000
1992-06-01,583.6700,588.3800,582.1300,588.3700,141570000
1992-06-02,589.2000,590.2500,587.6400,589.1800,164960000
1992-06-03,588.1700,591.0700,587.9700,589.9300,171860000
1992-06-04,589.7700,590.5600,588.1400,588.2600,168120000
1992-06-05,588.2100,589.4700,584.2300,585.4300,168390000
1992-06-08,584.7100,585.3700,581.5000,582.0100,129050000
1992-06-09,581.3300,583.0400,572.2400,573.8000,182220000
1992-06-10,573.2500,574.6900,569.5900,569.7100,157030000
1992-06-11,567.6900,569.7500,566.7900,567.6800,160150000
1992-06-12,570.1700,571.6400,569.2100,569.5200,149510000
1992-06-15,568.4800,570.7200,567.9800,569.0100,132360000
1992-06-16,569.0600,569.6100,564.0600,564.0700,163180000
1992-06-17,562.1800,563.9100,552.8600,553.2400,190570000
1992-06-18,552.1800,553.4600,548.5500,549.1700,187860000
1992-06-19,551.4200,554.3000,550.8000,554.2000,177570000
1992-06-22,552.4000,553.2100,546.0100,549.7300,151190000
1992-06-23,553.2000,554.9500,551.6300,553.3600,165670000
1992-06-24,552.6200,553.9000,551.1500,551.3900,152330000
1992-06-25,552.0900,552.8600,546.2300,548.2000,171220000
1992-06-26,547.1900,548.2200,545.9500,547.8400,150110000
1992-06-29,550.9200,558.8100,549.0300,558.8000,159520000
1992-06-30,559.6700,563.9800,559.3200,563.6000,195190000
1992-07-01,563.7300,569.0500,563.2400,568.9900,186080000
1992-07-02,570.0200,571.1900,562.8300,563.3500,194650000
1992-07-06,560.7300,563.3300,560.1800,563.1700,134770000
1992-07-07,564.3400,565.0100,556.9600,557.4100,174410000
1992-07-08,556.0900,557.6200,553.7600,557.5700,161650000
1992-07-09,560.4100,564.7500,558.6400,564.7500,175840000
1992-07-10,566.6600,568.5700,564.5800,567.8000,151510000
1992-07-13,568.5600,571.0800,567.7100,570.2200,132930000
1992-07-14,571.1700,575.3800,570.6400,575.2100,167200000
1992-07-15,575.8400,577.1400,575.0200,575.4700,169380000
1992-07-16,573.3900,576.1900,572.4100,576.1900,172690000
1992-07-17,571.5500,574.5600,567.7400,570.5200,146770000
1992-07-20,560.8500,567.3800,560.7600,564.2800,117830000
1992-07-21,566.3100,569.2900,565.7700,568.6300,155320000
1992-07-22,566.1700,567.3400,563.6100,563.8800,168350000
1992-07-23,564.8600,565.7300,563.5000,565.2400,164560000
1992-07-24,564.3400,566.3400,562.6300,565.6100,167790000
1992-07-27,565.9600,565.9600,564.1500,564.7300,128130000
1992-07-28,566.2500,571.6500,565.6800,571.6300,173310000
1992-07-29,574.5600,577.5600,572.7300,577.4900,210940000
1992-07-30,576.6600,578.8600,575.9500,578.8000,168750000
1992-07-31,579.6200,581.0100,577.8800,580.8300,168790000
1992-08-03,579.6200,582.6300,579.5700,582.3600,141300000
1992-08-04,583.8400,583.8400,580.3500,581.3200,168490000
1992-08-05,579.1200,580.9300,576.2600,576.8700,163780000
1992-08-06,575.2300,576.1300,572.9800,574.0200,156830000
1992-08-07,573.1500,576.7300,572.4700,573.7400,149680000
1992-08-10,573.4400,574.3000,572.1800,573.1400,120450000
1992-08-11,573.7100,574.5800,570.0300,571.6000,145140000
1992-08-12,572.4600,573.0600,570.8000,570.8500,144150000
1992-08-13,571.8700,572.4400,570.5700,570.9900,143180000
1992-08-14,571.0000,573.1800,571.0000,573.1800,145650000
1992-08-17,573.4200,573.6100,571.6700,572.4700,132560000
1992-08-18,571.0800,572.4500,570.1500,570.8700,140340000
1992-08-19,571.3200,571.6800,567.6100,567.6100,156140000
1992-08-20,567.9200,568.5600,565.9800,567.8600,155490000
1992-08-21,570.1100,570.6600,562.4200,563.7000,167300000
1992-08-24,559.2700,561.8900,554.9400,555.3900,138460000
1992-08-25,554.6400,555.0300,550.3600,554.2200,152410000
1992-08-26,555.0300,559.0400,554.9300,558.8000,145870000
1992-08-27,562.5600,564.2700,561.1100,563.2700,155490000
1992-08-28,562.8100,563.9000,562.3100,563.5600,127110000
1992-08-31,562.8700,564.0800,561.3600,563.1200,133530000
1992-09-01,562.5100,565.6400,562.3600,565.6100,156870000
1992-09-02,566.4900,571.4700,565.7400,571.2500,170330000
1992-09-03,572.4800,575.7900,572.2200,574.8800,186500000
1992-09-04,573.3600,574.7600,572.6500,573.4400,122380000
1992-09-08,572.7200,573.0400,569.5100,571.1700,123880000
1992-09-09,571.5600,575.0400,571.0000,574.8900,170290000
1992-09-10,575.6800,581.2700,575.1300,581.2400,200940000
1992-09-11,582.2100,584.0100,581.3600,583.0100,188330000
1992-09-14,587.9900,594.2100,586.1500,594.2100,227000000
1992-09-15,590.4500,592.5300,586.3900,587.8600,183010000
1992-09-16,583.4000,588.0300,582.1600,585.8900,181510000
1992-09-17,587.7700,589.2100,586.7000,587.8200,183160000
1992-09-18,587.5300,589.1300,586.5100,589.1200,199420000
1992-09-21,588.2400,588.9000,586.5900,588.5800,159460000
1992-09-22,588.4400,588.8600,582.2700,583.0000,204920000
1992-09-23,581.9300,583.4300,580.3400,582.9600,193240000
1992-09-24,584.4700,586.0400,583.5500,585.9300,180690000
1992-09-25,585.4700,586.5600,574.7400,577.2000,198490000
1992-09-28,574.9900,575.6300,573.1400,575.3400,124360000
1992-09-29,575.1000,577.7800,574.7000,577.6300,158860000
1992-09-30,578.5400,583.2900,578.0800,583.2700,187130000
1992-10-01,581.0800,582.4800,577.8300,578.3300,185130000
1992-10-02,576.6000,578.1900,571.4100,571.6300,169960000
1992-10-05,565.6600,569.2100,551.7200,565.2100,223690000
1992-10-06,566.0800,571.3000,565.6200,570.5500,195540000
1992-10-07,572.2300,573.7900,568.8500,569.2000,156520000
1992-10-08,571.7600,574.5600,570.4600,573.8800,197850000
1992-10-09,571.7400,574.1500,569.5000,570.5200,170240000
1992-10-12,571.4000,573.9500,570.8400,573.8400,127850000
1992-10-13,574.5200,577.7400,574.1600,576.4400,167560000
1992-10-14,575.0400,578.3300,574.7400,576.2200,175690000
1992-10-15,576.0200,578.6900,573.8900,578.6400,173780000
1992-10-16,577.6600,582.6100,577.6200,582.6100,183830000
1992-10-19,583.1100,590.7300,582.3400,590.6700,198130000
1992-10-20,593.8700,595.7500,591.3900,592.7000,232360000
1992-10-21,594.2500,597.3700,593.1400,597.1500,222050000
1992-10-22,596.4700,597.7100,594.8900,597.1200,229750000
1992-10-23,598.2500,599.0900,596.7400,597.3000,229240000
1992-10-26,596.6200,599.0000,595.8200,598.9200,168800000
1992-10-27,598.5000,600.4400,595.1000,596.9500,202570000
1992-10-28,596.8100,601.5400,596.1200,601.3900,208600000
1992-10-29,603.2600,606.3700,602.6400,605.8200,211470000
1992-10-30,605.9900,606.5800,602.4300,605.1700,193080000
1992-11-02,603.7600,607.5900,603.6200,607.5700,179350000
1992-11-03,606.6900,608.3100,603.6000,604.5800,187370000
1992-11-04,604.4400,606.3100,603.3100,605.5200,189530000
1992-11-05,605.9400,614.1600,605.3900,614.0800,238450000
1992-11-06,614.0500,616.9700,612.7000,616.8200,229150000
1992-11-09,616.8400,622.4800,616.0100,622.0500,245430000
1992-11-10,624.1000,628.1500,622.7300,627.7600,262160000
1992-11-11,629.1800,635.1100,628.2600,634.9200,273240000
1992-11-12,636.0200,637.0900,633.3400,634.3700,259470000
1992-11-13,634.0500,637.1600,633.0600,637.1600,201470000
1992-11-16,635.6300,637.5400,633.4700,634.0100,188080000
1992-11-17,632.8000,634.1500,626.5500,627.0700,224320000
1992-11-18,627.1200,635.0600,627.1200,634.8600,233260000
1992-11-19,636.6500,639.8400,635.8400,638.5700,258250000
1992-11-20,639.0700,642.9600,638.6700,642.6000,248040000
1992-11-23,638.3700,642.1600,636.6400,638.8400,208140000
1992-11-24,639.8900,646.5000,639.8100,645.9400,244920000
1992-11-25,647.3100,648.3300,646.2400,648.3300,222270000
1992-11-27,648.8100,650.6400,648.5700,649.4900,93930000
1992-11-30,650.7400,652.7500,648.8400,652.7300,217800000
1992-12-01,650.5800,654.2700,650.2700,653.9500,237120000
1992-12-02,653.9000,654.6900,651.3700,652.9100,243180000
1992-12-03,652.2600,656.8100,651.3900,656.3600,239030000
1992-12-04,658.0600,661.9200,656.8500,661.6000,261110000
1992-12-07,662.8400,666.5500,661.8000,666.5300,226270000
1992-12-08,667.3800,667.9800,664.6300,667.1200,274700000
1992-12-09,664.8600,667.6900,662.4000,663.9200,269870000
1992-12-10,662.0400,662.9600,656.4300,658.9300,241350000
1992-12-11,656.2600,657.4500,654.6200,655.7900,213170000
1992-12-14,656.3900,657.0900,654.6600,654.7300,194500000
1992-12-15,652.7700,653.8900,648.7500,650.7500,248930000
1992-12-16,651.2200,652.7900,648.9800,649.6300,258270000
1992-12-17,651.4900,658.5200,650.2700,658.4600,247940000
1992-12-18,659.8700,662.2900,659.4200,661.2900,244060000
1992-12-21,660.7800,662.6300,660.0100,662.4600,202910000
1992-12-22,663.7400,664.1300,658.4300,660.8400,247700000
1992-12-23,662.1200,662.9700,660.6900,662.9600,252890000
1992-12-24,663.1800,665.9800,662.7700,665.8800,106260000
1992-12-28,665.6600,666.3900,663.8700,666.2500,144070000
1992-12-29,667.3000,671.1800,666.9100,669.0100,199710000
1992-12-30,670.2600,671.8600,668.5700,671.8500,193480000
1992-12-31,673.0000,676.9500,672.1000,676.9500,203190000
1993-01-04,675.3100,676.7800,671.4200,671.8000,188870000
1993-01-05,670.5200,674.3500,670.5100,674.3400,229400000
1993-01-06,678.4400,681.8900,676.7300,681.8500,270020000
1993-01-07,681.5600,685.3000,677.8200,678.2100,296930000
1993-01-08,677.1900,677.8600,672.6800,677.2100,232820000
1993-01-11,677.4600,682.4400,676.2000,682.4000,195740000
1993-01-12,681.4400,682.9000,677.0900,679.4500,233770000
1993-01-13,679.2100,686.9700,677.6200,686.7800,244700000
1993-01-14,690.3200,695.8100,688.2000,695.7000,286960000
1993-01-15,692.4600,699.2300,691.6800,697.1500,295440000
1993-01-18,694.6900,698.2900,694.4500,698.1300,240740000
1993-01-19,698.3800,699.6700,695.7400,696.8100,277890000
1993-01-20,696.8200,699.1900,695.9400,697.4400,271320000
1993-01-21,696.4800,701.0800,695.5800,700.7700,281330000
1993-01-22,700.5900,703.7100,700.3700,701.6300,294720000
1993-01-25,703.6600,708.5000,702.0000,706.9500,264590000
1993-01-26,709.8800,711.0300,706.3600,707.1600,296340000
1993-01-27,705.8200,707.0200,694.9600,697.9000,281720000
1993-01-28,695.3900,697.6700,692.9400,694.6700,267210000
1993-01-29,696.9600,697.1800,693.8400,696.3400,236950000
1993-02-01,697.9800,702.1400,696.7700,701.7700,213940000
1993-02-02,702.2500,705.1300,700.9800,705.1200,254080000
1993-02-03,707.6800,709.3400,706.0300,708.6700,291730000
1993-02-04,710.0300,711.2800,706.7400,708.8500,284660000
1993-02-05,706.8300,708.2500,696.7600,700.9800,293210000
1993-02-08,701.4500,702.2300,697.6000,698.4400,222070000
1993-02-09,697.4100,700.7300,691.3000,692.2100,276980000
1993-02-10,695.0100,696.3500,692.5100,695.0200,259410000
1993-02-11,696.9900,697.5300,695.2800,695.8800,235770000
1993-02-12,696.0400,696.6400,690.4000,690.5400,214600000
1993-02-16,683.0400,689.1700,663.4200,665.3900,303720000
1993-02-17,662.9500,665.8800,655.7200,659.4300,275520000
1993-02-18,668.0000,669.0000,657.2200,662.4500,298620000
1993-02-19,664.7900,666.1700,661.1800,663.6100,243300000
1993-02-22,661.4000,663.5000,652.1900,652.4200,277440000
1993-02-23,651.7800,654.9000,647.7900,651.4000,270920000
1993-02-24,651.3200,662.6600,649.3700,662.4600,280920000
1993-02-25,661.0300,667.2000,659.1200,667.0700,259390000
1993-02-26,667.6100,670.9400,666.4900,670.7700,217330000
1993-03-01,670.8800,672.9400,668.9000,669.5100,186040000
1993-03-02,669.2800,677.8700,668.7400,677.7200,207080000
1993-03-03,678.4300,683.9200,678.4300,683.9200,237380000
1993-03-04,679.7000,683.2900,677.6000,680.7300,232050000
1993-03-05,678.8000,683.3500,678.6600,681.3700,214240000
1993-03-08,682.9300,687.7200,681.7200,687.2300,219940000
1993-03-09,689.3200,690.4300,687.3900,688.9600,232270000
1993-03-10,688.5700,693.0400,688.0800,692.8700,245200000
1993-03-11,693.8100,695.9900,693.4500,694.2800,247070000
1993-03-12,687.7900,692.9000,686.8900,692.7800,288300000
1993-03-15,693.8900,695.5600,693.1200,695.2100,187580000
1993-03-16,697.0500,697.4100,695.0700,695.4700,229270000
1993-03-17,693.3800,694.9400,686.6300,687.4000,245090000
1993-03-18,689.3800,690.0400,687.2500,687.4100,231710000
1993-03-19,687.9800,689.8200,682.7200,682.7200,235640000
1993-03-22,677.7100,681.6200,674.4900,676.6200,213030000
1993-03-23,679.1500,679.8000,674.8000,675.0400,226150000
1993-03-24,674.9000,676.5600,671.6800,674.3600,243330000
1993-03-25,675.6700,681.4600,675.3100,681.0100,219300000
1993-03-26,682.9400,683.7400,680.0100,681.5400,204510000
1993-03-29,681.2800,684.1100,680.7400,680.7600,194480000
1993-03-30,682.5500,686.2500,682.0100,686.2500,121570000
1993-03-31,689.4800,692.5600,687.8000,690.1300,257920000
1993-04-01,690.8200,691.1500,685.9500,686.6400,246690000
1993-04-02,677.8500,683.9000,669.8300,669.8500,279260000
1993-04-05,669.7400,671.6900,667.3100,670.7100,190840000
1993-04-06,672.6000,673.6300,663.9100,664.1400,217530000
1993-04-07,664.8500,669.0800,664.0000,668.8800,212540000
1993-04-08,668.1800,669.3500,665.3000,666.3300,220880000
1993-04-12,670.3100,673.6700,668.2700,673.1200,214150000
1993-04-13,676.3700,678.0600,673.4100,673.8300,256950000
1993-04-14,672.8600,674.2500,672.2100,673.9400,243110000
1993-04-15,671.2600,673.1300,668.4000,670.3200,246950000
1993-04-16,669.4400,671.0800,666.1800,666.7800,226780000
1993-04-19,664.2000,667.2200,660.0800,663.0300,222850000
1993-04-20,663.7100,664.1700,657.8400,661.9700,251320000
1993-04-21,663.1100,664.5900,660.2200,664.0400,248440000
1993-04-22,663.3500,668.5300,662.3500,663.5100,263780000
1993-04-23,661.4700,664.0800,657.8000,658.4100,243390000
1993-04-26,656.7900,658.3300,645.7600,645.8700,212320000
1993-04-27,645.9800,652.6500,644.7100,652.5200,236790000
1993-04-28,655.5400,658.1700,654.0400,658.1600,220510000
1993-04-29,657.6100,658.7900,654.3800,658.4500,204960000
1993-04-30,660.6800,664.9200,659.6800,661.4200,226960000
1993-05-03,662.7500,666.7400,661.4300,666.7100,202330000
1993-05-04,671.4200,678.3400,669.3800,678.1600,268770000
1993-05-05,678.7800,683.8100,676.6200,683.2600,289190000
1993-05-06,683.7600,684.3800,679.0300,680.0400,260220000
1993-05-07,680.3200,682.4400,679.4200,681.4400,226110000
1993-05-10,682.4800,684.2000,682.2200,682.8200,206450000
1993-05-11,681.0300,683.3200,680.2100,683.0600,223270000
1993-05-12,681.8000,683.0000,680.6200,681.6900,246370000
1993-05-13,677.9100,680.8600,674.2300,675.6400,262530000
1993-05-14,674.8100,676.3800,673.7300,676.3700,229170000
1993-05-17,678.4600,678.6900,675.7300,677.9600,209900000
1993-05-18,680.3000,680.9500,678.0100,680.7800,277710000
1993-05-19,681.7600,690.4600,678.8900,690.4300,318310000
1993-05-20,693.8800,697.9000,691.6300,697.4300,343230000
1993-05-21,695.9600,696.8700,692.4800,694.2900,278180000
1993-05-24,692.5500,696.3200,691.2800,694.6900,205220000
1993-05-25,692.9300,695.0800,692.7200,695.0400,252570000
1993-05-26,695.7400,704.0900,694.7900,704.0900,293390000
1993-05-27,706.3700,707.0500,703.5700,704.5900,277790000
1993-05-28,701.1700,704.0100,695.1100,700.5300,235750000
1993-06-01,700.9600,706.2400,700.0700,704.2800,236780000
1993-06-02,705.1600,706.5200,702.9500,705.8600,274320000
1993-06-03,704.8200,706.6300,702.6800,706.2200,260080000
1993-06-04,703.3200,704.5700,701.0500,702.0100,251880000
1993-06-07,701.9100,703.6900,694.4500,694.6100,247860000
1993-06-08,691.4600,693.1400,686.1500,687.7400,262310000
1993-06-09,687.0000,691.3900,686.3500,689.2400,263050000
1993-06-10,689.1000,689.5100,685.6900,688.0500,242280000
1993-06-11,693.6300,693.6300,690.2500,693.1900,235210000
1993-06-14,694.7100,697.4600,694.1500,696.4100,208430000
1993-06-15,698.9600,699.5200,696.1300,697.3400,236790000
1993-06-16,697.9500,698.2700,693.1800,696.2500,239900000
1993-06-17,696.3800,697.1700,694.4000,695.9400,245440000
1993-06-18,696.1300,697.4700,689.5900,689.5900,249920000
1993-06-21,688.5700,690.7600,687.0600,688.7400,208470000
1993-06-22,688.6600,689.9000,685.9800,686.7700,258170000
1993-06-23,686.6800,687.4600,683.9700,684.7900,259950000
1993-06-24,683.3000,689.1300,682.8900,688.7200,227150000
1993-06-25,689.9500,695.6900,689.6600,694.8100,219360000
1993-06-28,697.7200,702.8400,696.2100,702.8400,227010000
1993-06-29,703.5700,704.4300,699.8700,701.0700,251050000
1993-06-30,703.6600,705.4200,702.1300,703.9500,265900000
1993-07-01,702.0100,704.4200,700.7600,703.5900,225790000
1993-07-02,702.3900,704.6600,701.6900,704.4900,182540000
1993-07-06,705.5000,705.9200,700.8800,702.2200,199370000
1993-07-07,697.6100,700.1900,697.3700,698.7900,236010000
1993-07-08,698.9300,702.7500,698.3100,702.7100,254670000
1993-07-09,701.7000,705.9600,701.5000,705.8100,213730000
1993-07-12,706.8400,707.9300,704.9600,707.6700,202520000
1993-07-13,707.6900,709.0800,707.1300,708.4700,256530000
1993-07-14,708.7700,713.9600,707.8700,712.4900,290560000
1993-07-15,710.3400,712.1800,708.0900,708.6900,300220000
1993-07-16,705.4300,707.9400,698.8500,699.7300,282880000
1993-07-19,699.3900,699.6400,694.5300,695.8300,239620000
1993-07-20,697.8600,701.9600,695.6600,701.9000,261650000
1993-07-21,700.0600,701.4500,698.6100,700.0800,255930000
1993-07-22,700.8300,701.3900,694.7400,695.5200,256820000
1993-07-23,697.5900,700.6400,696.5400,700.2400,237580000
1993-07-26,702.2500,705.4100,700.5300,704.5400,226150000
1993-07-27,703.8600,704.9900,699.8200,701.0000,271490000
1993-07-28,701.7700,705.6900,701.6000,705.5900,265340000
1993-07-29,706.7200,708.6500,706.2900,707.2400,275200000
1993-07-30,703.3300,706.5400,702.3700,704.7000,256700000
1993-08-02,706.3800,708.1200,705.0600,707.6600,224350000
1993-08-03,709.2700,709.8600,707.8700,709.0100,247520000
1993-08-04,708.9600,713.9700,708.4400,713.7900,253380000
1993-08-05,715.3000,715.8300,713.8100,715.5000,269820000
1993-08-06,716.6100,718.3600,715.9100,718.0800,251110000
1993-08-09,717.5400,720.9500,717.4100,718.4900,236180000
1993-08-10,718.7400,718.9000,716.1400,717.0800,260860000
1993-08-11,718.4200,718.8100,717.6500,718.7700,291800000
1993-08-12,721.4700,721.5100,715.0800,717.1200,271290000
1993-08-13,717.6800,718.2800,716.5500,718.2600,233590000
1993-08-16,721.1800,727.0000,720.0000,726.8900,245600000
1993-08-17,727.3100,731.0200,727.1000,731.0100,273530000
1993-08-18,736.3500,737.2900,732.9800,734.8300,233180000
1993-08-19,732.6600,734.3700,730.0100,730.4800,289170000
1993-08-20,729.9200,731.3500,729.0400,730.9600,260380000
1993-08-23,729.9400,731.2400,729.3600,730.8600,226930000
1993-08-24,731.9400,735.4900,730.6600,735.1400,283380000
1993-08-25,735.7600,737.4500,732.4100,733.6600,327230000
1993-08-26,730.4600,732.9700,727.6100,731.3900,290450000
1993-08-27,731.5400,734.0900,730.8800,734.0700,247340000
1993-08-30,735.5900,738.4200,734.6900,737.3800,225070000
1993-08-31,739.5000,742.9100,738.4200,742.8400,269900000
1993-09-01,743.6500,746.4100,742.2100,746.1500,281360000
1993-09-02,748.2400,749.4000,747.1900,748.6500,294780000
1993-09-03,747.8600,749.7200,746.6900,749.7100,218700000
1993-09-07,749.1800,749.5400,738.4200,739.3500,244220000
1993-09-08,734.6200,737.5400,724.4800,730.7300,307520000
1993-09-09,732.1900,737.8900,731.6300,737.7100,265500000
1993-09-10,740.3900,744.6300,739.2300,744.3100,254200000
1993-09-13,744.2100,745.4200,740.0800,740.3200,230330000
1993-09-14,734.2700,737.4100,729.6800,732.6400,266750000
1993-09-15,731.2300,739.6200,730.4800,739.5500,285460000
1993-09-16,739.3500,740.6500,738.0700,739.8000,220150000
1993-09-17,739.1500,741.6000,736.8300,740.1100,263170000
1993-09-20,742.2900,744.4100,739.8800,740.2100,228850000
1993-09-21,740.3200,741.5500,730.1500,733.5600,284810000
1993-09-22,737.8900,745.5400,735.7200,745.5400,289360000
1993-09-23,748.4400,752.4000,746.5500,752.2600,334040000
1993-09-24,752.5600,754.6700,751.7800,754.6500,309990000
1993-09-27,757.9500,760.0000,756.4500,759.9500,266560000
1993-09-28,760.0000,763.6800,759.2100,763.6600,283400000
1993-09-29,765.5800,766.5700,762.2200,763.1700,341320000
1993-09-30,760.2700,763.0200,759.9000,762.7800,306210000
1993-10-01,761.6200,763.5300,761.1500,763.2300,290020000
1993-10-04,763.5500,765.5000,762.8800,764.8400,237500000
1993-10-05,766.4200,767.4500,759.6700,762.2700,306430000
1993-10-06,764.3800,767.3600,763.1100,764.7700,297940000
1993-10-07,764.9000,765.5400,761.2700,762.4900,294190000
1993-10-08,763.5300,765.0700,758.9000,764.2700,281400000
1993-10-11,766.4400,767.8400,764.4700,767.6500,251120000
1993-10-12,772.1800,772.8200,770.2300,772.4600,316310000
1993-10-13,775.2400,779.0100,774.2000,778.9700,415360000
1993-10-14,782.2700,785.9500,780.2800,785.4100,382750000
1993-10-15,788.1300,791.2000,785.5500,787.4200,368800000
1993-10-18,788.1100,789.2200,782.6000,782.9100,343720000
1993-10-19,781.1700,782.3300,767.7700,768.7100,378720000
1993-10-20,770.9800,772.0900,766.9600,768.2500,336910000
1993-10-21,768.8800,771.3300,765.7500,771.2800,338570000
1993-10-22,774.1900,776.8200,771.2600,772.6800,361740000
1993-10-25,774.1200,774.3600,767.7900,769.7500,284460000
1993-10-26,768.3700,770.4800,763.0600,765.4600,295900000
1993-10-27,767.3500,772.0800,765.9300,771.8800,302150000
1993-10-28,772.5000,776.7900,770.8700,773.4900,312140000
1993-10-29,774.7800,779.5800,773.7500,779.2600,304660000
1993-11-01,780.3700,784.0300,779.3000,783.7700,273130000
1993-11-02,783.7800,785.6600,779.8000,785.6600,324660000
1993-11-03,783.9500,786.1000,771.6500,772.9500,348810000
1993-11-04,770.0100,772.5600,756.5900,757.2600,327880000
1993-11-05,757.2600,762.9900,748.5900,762.9900,333680000
1993-11-08,763.9500,768.0300,761.3400,766.2100,253640000
1993-11-09,773.0500,774.4200,769.4700,769.8400,316770000
1993-11-10,770.7500,776.7700,770.0100,776.5000,303850000
1993-11-11,779.2600,780.8600,777.4500,778.9800,318740000
1993-11-12,779.7200,780.7100,777.9600,779.3200,307750000
1993-11-15,778.7600,780.0200,772.1500,772.4500,271140000
1993-11-16,771.7900,772.7700,767.1600,771.6900,312690000
1993-11-17,769.9800,773.2800,761.2800,762.3600,359650000
1993-11-18,759.8400,763.3100,753.5800,754.3400,372060000
1993-11-19,752.1800,755.3200,750.2200,751.5600,391110000
1993-11-22,746.2700,749.3800,737.6700,738.1300,302140000
1993-11-23,742.9500,746.8700,740.1800,746.8200,279550000
1993-11-24,750.9400,753.1900,748.0900,753.1800,240370000
1993-11-26,753.7700,755.0200,753.6000,754.8700,80290000
1993-11-29,756.4000,756.4000,751.3900,751.5400,243130000
1993-11-30,751.0100,755.1100,748.6800,754.3900,285840000
1993-12-01,759.9000,764.2400,757.4000,763.8100,323880000
1993-12-02,765.4100,766.7300,762.2700,766.7300,299130000
1993-12-03,768.7300,772.2400,768.5700,772.2200,327870000
1993-12-06,767.5100,771.4400,765.6100,771.0900,292660000
1993-12-07,770.8800,771.9300,767.7700,769.3500,298840000
1993-12-08,766.1600,768.1300,765.9900,767.8900,293440000
1993-12-09,764.4200,766.4000,760.5100,761.4900,302790000
1993-12-10,760.3600,761.8400,758.1000,760.7400,308250000
1993-12-13,759.7800,760.9500,757.3100,759.7200,270010000
1993-12-14,758.8600,760.1800,750.9600,751.4700,304880000
1993-12-15,751.2600,753.1200,750.3000,752.9700,287600000
1993-12-16,754.8200,756.3400,753.2000,755.5300,286970000
1993-12-17,758.7100,760.1200,757.1700,759.2300,310630000
1993-12-20,759.6500,760.5800,758.6000,760.1500,266180000
1993-12-21,758.2800,774.0400,754.6300,755.6300,291200000
1993-12-22,752.4500,756.7000,752.3400,756.0700,301660000
1993-12-23,757.6200,759.1800,756.8800,758.7000,246050000
1993-12-27,758.7500,761.0900,758.1500,761.0600,182550000
1993-12-28,761.0000,764.5700,760.2500,764.5600,247610000
1993-12-29,764.1000,768.4800,763.6000,768.4800,266390000
1993-12-30,768.6400,771.2800,767.7000,771.0800,262690000
1993-12-31,771.4200,776.8700,770.2900,776.8000,253850000
1994-01-03,774.1100,777.2900,768.4100,770.7600,253020000
1994-01-04,771.4300,774.7800,771.0200,774.2800,298600000
1994-01-05,775.2300,778.2100,773.6900,778.0500,349880000
1994-01-06,780.3600,781.2100,778.2500,780.4100,349210000
1994-01-07,779.2900,783.3900,778.2000,782.9400,330060000
1994-01-10,783.0500,787.4900,782.9200,786.6900,313350000
1994-01-11,785.9300,787.3200,784.3400,785.5200,321930000
1994-01-12,788.2000,788.4300,782.6800,786.8700,322540000
1994-01-13,784.3600,787.8500,783.9700,787.8100,290110000
1994-01-14,789.9900,793.1400,788.7800,792.3100,299660000
1994-01-17,791.6800,792.7400,790.8300,792.1800,243450000
1994-01-18,791.9400,793.1700,791.2600,793.0200,319440000
1994-01-19,789.6400,792.0800,787.3200,789.2800,337870000
1994-01-20,790.3200,793.0300,789.8400,793.0300,340170000
1994-01-21,794.3100,794.6500,792.5900,794.2800,349430000
1994-01-24,793.8900,794.4200,789.8800,790.6500,303880000
1994-01-25,789.9800,791.2100,783.5300,786.3900,352350000
1994-01-26,785.1300,789.5000,784.8700,788.8000,316490000
1994-01-27,789.1300,793.3200,788.4600,792.8800,314490000
1994-01-28,795.0300,796.5400,793.6000,796.5300,347490000
1994-01-31,797.7700,800.6300,797.2000,800.4700,329920000
1994-02-01,798.4200,799.9900,794.9200,797.2400,339750000
1994-02-02,796.9600,799.6900,796.7200,799.5700,334950000
1994-02-03,798.4400,798.9100,794.8500,797.7900,331620000
1994-02-04,797.2400,797.8300,777.1800,777.2800,376030000
1994-02-07,770.6400,779.3200,767.3000,779.2000,370020000
1994-02-08,780.2700,783.0800,777.7700,782.7000,309940000
1994-02-09,783.4800,787.5200,783.1200,786.5300,330190000
1994-02-10,788.1500,788.4800,782.7200,783.4200,339290000
1994-02-11,781.0300,783.1300,778.3300,781.3900,208190000
1994-02-14,783.6100,785.8800,782.1600,785.4500,282510000
1994-02-15,786.3800,790.5800,785.6200,790.1200,296640000
1994-02-16,792.6400,793.4600,790.2500,792.6200,338500000
1994-02-17,796.1400,796.2100,788.6900,790.2400,354810000
1994-02-18,791.4700,792.3600,784.9100,788.8500,300630000
1994-02-22,787.4100,791.2100,785.8100,791.1500,263270000
1994-02-23,792.6400,793.1200,788.5100,789.1100,295470000
1994-02-24,780.7600,786.1800,777.6900,779.4400,348950000
1994-02-25,781.7100,783.8000,779.8300,783.7800,285650000
1994-02-28,788.2400,792.9300,785.6200,792.5000,287550000
1994-03-01,792.1000,793.4200,783.5800,788.6400,307310000
1994-03-02,773.0100,783.5200,772.0300,783.4700,326640000
1994-03-03,784.6000,786.9700,783.7900,784.5800,318360000
1994-03-04,786.9000,790.8800,785.3600,790.5500,318180000
1994-03-07,793.6300,795.7100,792.0600,795.0500,303240000
1994-03-08,794.0900,795.3600,790.3600,792.1200,304660000
1994-03-09,792.9600,794.7600,789.2900,793.0500,316900000
1994-03-10,793.8700,795.0400,787.0100,789.0900,326790000
1994-03-11,786.6600,789.6900,786.3000,789.2000,279250000
1994-03-14,790.4700,793.2400,789.7100,792.8000,265500000
1994-03-15,794.4600,795.6500,792.4400,793.5200,303080000
1994-03-16,794.8100,799.0200,794.4600,798.9900,338010000
1994-03-17,800.3900,804.3100,800.0600,803.8500,324270000
1994-03-18,799.2100,804.4300,799.1900,803.9300,311450000
1994-03-21,800.1600,803.3900,797.1200,797.3000,261550000
1994-03-22,795.9100,797.4900,794.8600,796.3400,305230000
1994-03-23,798.8800,799.2900,796.2800,797.5100,334150000
1994-03-24,793.6500,796.8500,783.2800,786.6800,373500000
1994-03-25,785.8100,787.6900,783.3800,783.4500,281290000
1994-03-28,780.0100,784.6400,767.4600,772.5000,300920000
1994-03-29,770.4100,773.4100,755.2900,755.2900,309560000
1994-03-30,746.1300,753.2700,741.8000,744.9100,398190000
1994-03-31,743.9200,747.7000,731.8500,743.4600,413950000
1994-04-04,723.0600,737.1300,721.6100,727.4100,313720000
1994-04-05,739.5500,751.0800,731.9500,750.9500,330810000
1994-04-06,751.5500,752.4500,745.3900,750.7200,293820000
1994-04-07,750.9700,755.3000,750.4600,755.1700,284690000
1994-04-08,753.2300,755.3500,746.0900,748.7100,268820000
1994-04-11,747.5000,749.4500,746.2700,748.1100,238170000
1994-04-12,746.1700,747.8300,738.0200,739.2200,290760000
1994-04-13,740.4800,741.5900,723.9500,727.3800,343360000
1994-04-14,727.3800,730.7000,721.5700,727.3100,313100000
1994-04-15,728.2200,729.9800,726.8800,727.9700,278920000
1994-04-18,731.1200,731.2800,719.7200,720.4500,246580000
1994-04-19,722.3500,723.2500,709.1000,712.8500,328190000
1994-04-20,716.3200,717.7200,703.4000,705.5200,335340000
1994-04-21,709.6200,718.7400,707.1100,718.7400,341230000
1994-04-22,721.8400,724.2300,720.0700,722.5600,319540000
1994-04-25,723.8500,731.1100,723.5600,730.8000,238290000
1994-04-26,733.5300,734.3800,731.3100,734.2100,285540000
1994-04-28,736.0300,736.2200,730.9600,731.6900,308690000
1994-04-29,729.7300,734.3700,728.5900,733.8400,263810000
1994-05-02,733.9700,740.9400,732.7200,740.6800,254080000
1994-05-03,741.8500,742.4600,736.2500,739.3700,302080000
1994-05-04,739.3800,741.4600,737.4300,740.3000,278820000
1994-05-05,741.3600,742.4300,739.9200,740.5500,275370000
1994-05-06,732.1900,737.4000,730.0200,732.8600,249510000
1994-05-09,729.9600,731.7300,722.4900,722.9600,223840000
1994-05-10,727.4000,729.3300,724.0800,725.0000,300040000
1994-05-11,724.5400,725.5900,716.6100,717.0000,312280000
1994-05-12,721.1700,722.1600,718.9800,719.6100,270710000
1994-05-13,717.3200,720.1400,713.2500,716.9200,318730000
1994-05-16,715.2300,716.9600,711.0900,711.9100,233560000
1994-05-17,708.4100,712.1400,703.8400,711.5200,318170000
1994-05-18,715.5000,722.5800,714.6200,721.9000,305490000
1994-05-19,723.2600,728.9500,722.5200,727.3100,335750000
1994-05-20,727.2100,727.3300,725.0600,726.7000,283620000
1994-05-23,727.6000,728.1100,723.0200,724.9500,230700000
1994-05-24,727.8900,732.0200,726.5800,731.4700,279570000
1994-05-25,729.0600,732.9000,727.5100,732.0700,274180000
1994-05-26,733.8700,734.4300,730.1400,731.6400,276720000
1994-05-27,730.5100,733.5900,729.3700,733.1400,205520000
1994-05-31,730.8300,735.4200,730.5000,735.1900,214430000
1994-06-01,733.1800,735.9900,730.5700,735.5200,300340000
1994-06-02,737.6500,739.7300,735.6300,739.5000,297820000
1994-06-03,738.6000,743.6900,729.7400,742.3800,279000000
1994-06-06,743.2900,744.9400,741.9400,743.4300,288370000
1994-06-07,742.4700,742.6700,738.9500,739.3000,255550000
1994-06-08,737.9600,740.3300,728.7000,729.7900,326070000
1994-06-09,730.1100,730.4300,727.1900,728.8800,283080000
1994-06-10,730.0600,734.5100,729.8400,734.2500,254310000
1994-06-13,733.1300,734.5400,731.6400,731.7000,213110000
1994-06-14,733.8900,736.4000,733.5200,735.9800,280890000
1994-06-15,738.0000,738.3900,734.4500,735.8400,265280000
1994-06-16,733.4500,735.7400,733.2100,734.9700,255370000
1994-06-17,735.4500,735.7800,728.8400,729.3500,278470000
1994-06-20,726.4500,726.4500,718.2700,718.8500,234170000
1994-06-21,716.4200,716.4200,706.0200,708.7900,296510000
1994-06-22,710.5200,714.6700,710.5200,712.7400,263700000
1994-06-23,712.9100,714.0100,700.2400,700.8500,310310000
1994-06-24,699.7800,699.7800,693.3000,693.7900,282460000
1994-06-27,694.1600,702.9300,690.9500,702.6800,241230000
1994-06-28,704.1300,706.9900,698.4000,702.0500,260090000
1994-06-29,702.5800,707.9600,702.5100,704.0100,268240000
1994-06-30,705.7500,707.4900,702.1900,705.9600,281780000
1994-07-01,706.2900,706.9800,703.4400,706.8500,201870000
1994-07-05,706.7300,707.0200,703.2600,703.5900,200100000
1994-07-06,702.4700,702.4700,699.4100,701.0000,263050000
1994-07-07,701.4800,706.5600,700.8600,706.5300,268580000
1994-07-08,705.6000,709.1700,703.6400,707.4600,257210000
1994-07-11,708.4600,709.4800,703.0500,706.8300,225660000
1994-07-12,707.3200,709.8300,703.5000,709.5900,249600000
1994-07-13,710.8800,719.5300,710.8800,719.3500,342160000
1994-07-14,720.3500,725.1900,720.3500,721.5600,351310000
1994-07-15,721.6400,721.6400,719.6900,721.3600,213820000
1994-07-18,722.3000,722.6400,720.1500,722.6200,249350000
1994-07-19,722.7000,723.0100,719.0800,719.3200,300460000
1994-07-20,719.5700,719.5700,711.0800,712.7700,297630000
1994-07-21,713.3200,715.0300,710.5500,715.0300,297470000
1994-07-22,716.7600,717.1300,713.9300,716.6800,293720000
1994-07-25,716.6600,716.8800,714.6500,716.8800,216640000
1994-07-26,717.1000,717.1000,714.4300,715.6600,268550000
1994-07-27,715.8000,716.3600,712.0100,712.1300,270680000
1994-07-28,712.0600,714.3100,711.8700,712.4300,267190000
1994-07-29,713.9300,722.2300,713.9300,722.1600,300810000
1994-08-01,722.8400,724.9100,722.6700,724.8500,269660000
1994-08-02,725.3300,728.1400,723.6500,724.8000,309760000
1994-08-03,725.2800,725.4100,723.5000,723.6900,285400000
1994-08-04,724.4100,724.8000,719.8000,720.1800,271130000
1994-08-05,718.6600,718.9100,715.9100,718.6700,230910000
1994-08-08,717.7300,720.4800,717.0500,720.4700,221810000
1994-08-09,720.4600,722.6100,719.7500,722.6100,267250000
1994-08-10,722.8700,728.2800,722.8700,728.2000,326430000
1994-08-11,727.6400,731.7600,724.9200,728.2000,321770000
1994-08-12,729.4300,731.8900,728.7500,731.6100,259460000
1994-08-15,732.1100,733.4200,730.6700,732.8900,243590000
1994-08-16,733.3900,735.9100,730.3000,735.5100,295560000
1994-08-17,737.0100,742.7300,737.0100,742.6600,335310000
1994-08-18,742.2700,744.7100,740.1600,742.1700,335280000
1994-08-19,743.4600,743.8300,739.6000,742.4300,282910000
1994-08-22,741.7600,742.8300,740.5200,742.2900,254750000
1994-08-23,743.3200,749.5400,743.1300,747.9800,333210000
1994-08-24,748.1300,751.8400,747.7200,751.7200,323480000
1994-08-25,752.1900,756.5400,751.5700,754.8000,308290000
1994-08-26,756.5000,764.5700,756.5000,762.9400,316810000
1994-08-29,763.4400,765.9700,762.9100,763.2100,284030000
1994-08-30,762.7000,766.6300,761.1500,766.4600,295140000
1994-08-31,765.7300,767.6000,764.5500,765.6200,323990000
1994-09-01,763.0000,763.0000,757.4300,758.9500,321840000
1994-09-02,759.5200,761.2000,758.1400,759.2300,236460000
1994-09-06,759.0100,759.6500,757.5200,759.4800,185150000
1994-09-07,760.5100,765.1200,760.0700,764.2800,283770000
1994-09-08,764.7400,769.4400,764.7000,769.3000,303060000
1994-09-09,766.2100,766.2100,761.4700,763.7300,277410000
1994-09-12,763.5600,763.7100,759.0600,760.0100,223400000
1994-09-13,761.8600,765.9700,761.8600,765.8300,283030000
1994-09-14,766.2800,768.6400,765.0500,768.6100,293060000
1994-09-15,768.4100,778.6600,768.4100,778.6600,298230000
1994-09-16,777.7300,779.5800,773.9000,777.9100,323300000
1994-09-19,778.1300,779.0900,776.4500,776.7200,261540000
1994-09-20,775.8200,775.8200,766.7400,766.7400,305630000
1994-09-21,767.1300,767.2400,758.0800,760.7100,322330000
1994-09-22,761.8000,763.1300,758.8300,760.4400,308590000
1994-09-23,759.8800,762.2400,756.8200,757.4600,321030000
1994-09-26,756.9500,756.9500,752.4900,755.6300,250460000
1994-09-27,755.1400,756.1800,753.3200,755.3700,273720000
1994-09-28,756.1200,761.2500,756.1200,760.0100,300240000
1994-09-29,759.7000,760.1300,756.3100,759.3400,284260000
1994-09-30,760.3400,765.2100,759.5400,764.2900,308100000
1994-10-03,764.4700,764.4800,760.3300,760.8800,244890000
1994-10-04,761.0400,761.2000,747.2400,747.3000,332850000
1994-10-05,746.1900,746.4600,737.6200,746.2800,347710000
1994-10-06,747.9500,749.0900,743.6800,744.1900,270210000
1994-10-07,745.2300,750.1100,745.2300,749.9600,275060000
1994-10-10,751.3300,756.9200,751.3300,756.8100,230260000
1994-10-11,758.3700,766.1800,758.3700,765.5700,367590000
1994-10-12,765.3200,767.8800,764.8000,767.0000,331570000
1994-10-13,770.1000,774.7400,767.5200,767.8900,372980000
1994-10-14,768.3500,768.8400,764.7300,767.0800,298120000
1994-10-17,767.0700,767.9300,765.0500,765.7800,290370000
1994-10-18,766.7400,767.4200,763.5600,764.8100,308800000
1994-10-19,765.4500,771.1900,764.2100,770.6200,343840000
1994-10-20,771.8300,772.5400,765.4900,768.2400,356180000
1994-10-21,767.4400,767.4400,763.3900,765.3800,354230000
1994-10-24,766.2200,767.1900,760.5000,761.2100,283980000
1994-10-25,757.2300,758.3700,754.4700,758.2600,292610000
1994-10-26,759.0700,763.2400,759.0700,763.2400,317600000
1994-10-27,763.7800,767.4900,763.7800,767.4700,315000000
1994-10-28,767.7800,776.1500,766.9700,776.1500,378500000
1994-10-31,775.8700,778.8100,774.5000,777.4900,313240000
1994-11-01,776.2500,776.2500,770.9500,772.1900,318760000
1994-11-02,772.2600,776.8600,771.1900,771.8200,360020000
1994-11-03,772.6100,773.5300,770.8800,772.1000,311390000
1994-11-04,772.7000,773.5100,766.0800,766.0800,280880000
1994-11-07,766.2200,766.2200,762.0100,762.3100,246170000
1994-11-08,762.6100,767.6400,762.6100,767.5400,298660000
1994-11-09,770.7700,774.4000,765.8800,767.2500,311110000
1994-11-10,766.5000,768.7600,763.9800,764.3800,267750000
1994-11-11,763.9400,765.1300,761.4700,762.1200,273270000
1994-11-14,763.6100,768.1800,763.6100,768.1400,263820000
1994-11-15,768.7300,771.7800,766.8600,769.0200,320350000
1994-11-16,769.7300,770.9000,768.4200,769.6400,309770000
1994-11-17,770.3500,771.0600,763.8500,765.8400,351200000
1994-11-18,766.5700,767.4100,762.9600,764.6700,303800000
1994-11-21,767.0300,768.0000,757.5800,757.7400,302150000
1994-11-22,756.5700,756.5700,741.2000,741.2100,353750000
1994-11-23,738.3300,738.3300,728.7800,736.7000,346560000
1994-11-25,737.2200,742.5700,737.2200,742.5200,98590000
1994-11-28,743.0800,746.2100,742.9600,745.7300,239300000
1994-11-29,746.4700,751.7000,745.8800,751.4800,305110000
1994-11-30,751.4400,754.2900,748.7400,750.3200,325710000
1994-12-01,748.8300,749.2000,739.9400,740.6100,275730000
1994-12-02,741.9900,745.1200,739.2800,745.0200,259950000
1994-12-05,745.5300,747.8100,744.7300,745.7100,247520000
1994-12-06,744.6100,745.2500,740.2700,741.2300,286350000
1994-12-07,740.2400,740.2400,733.5900,734.2700,272250000
1994-12-08,734.7400,735.6900,718.0800,719.1200,331750000
1994-12-09,719.2600,719.4200,710.9400,719.0500,334170000
1994-12-12,719.2400,720.9900,712.4800,719.1200,260890000
1994-12-13,719.9200,720.6100,718.0200,719.4900,263990000
1994-12-14,719.1000,725.6700,719.1000,725.6700,328510000
1994-12-15,727.0400,730.7000,727.0400,730.6800,342970000
1994-12-16,730.8300,732.0200,729.0600,729.0700,321460000
1994-12-19,728.7500,729.1600,726.6600,727.8900,280080000
1994-12-20,729.5700,730.7300,726.2600,728.5100,325500000
1994-12-21,729.7200,737.1300,729.7200,737.1200,349600000
1994-12-22,737.2600,739.5200,737.2600,739.3400,358680000
1994-12-23,739.0300,743.1700,739.0000,742.1900,216530000
1994-12-27,743.6000,746.2000,743.6000,746.1900,229080000
1994-12-28,746.3900,746.5500,740.7900,742.4600,261260000
1994-12-29,742.9700,749.6700,742.6800,749.5300,290960000
1994-12-30,749.2600,751.9800,746.8700,751.9600,332500000
1995-01-03,751.3100,751.3100,743.5300,743.5800,248750000
1995-01-04,744.7700,746.4200,740.4700,745.8400,290350000
1995-01-05,746.8700,748.5000,745.1300,745.6600,297510000
1995-01-06,746.2700,750.7300,745.7600,749.6900,312920000
1995-01-09,750.1900,752.8400,750.1000,752.0900,267090000
1995-01-10,754.2700,759.2200,754.2700,756.5200,353510000
1995-01-11,758.1400,760.0500,751.7000,755.7400,329520000
1995-01-12,755.6600,757.0500,754.6500,756.5100,302230000
1995-01-13,758.3600,762.3200,757.2800,762.1600,313630000
1995-01-16,762.3000,769.1300,762.1900,768.1600,301370000
1995-01-17,769.1700,772.1600,768.4000,772.1400,337330000
1995-01-18,773.0100,774.3100,769.1800,772.3800,348330000
1995-01-19,772.3400,772.3400,768.3200,768.5500,331830000
1995-01-20,767.9900,768.1200,759.3200,762.0500,342170000
1995-01-23,759.3200,759.5800,753.8100,759.5100,276420000
1995-01-24,760.5200,763.3300,759.8200,763.2000,298330000
1995-01-25,759.6900,763.3400,757.1900,760.9800,313100000
1995-01-26,761.0500,762.3200,757.5600,757.5600,295060000
1995-01-27,758.8600,760.4200,756.8500,758.9100,309380000
1995-01-30,759.6300,760.5700,751.4900,751.8300,259470000
1995-01-31,752.8500,755.8000,751.0500,755.2000,301430000
1995-02-01,756.6800,762.3300,756.6800,758.3100,309930000
1995-02-02,758.1600,763.6600,758.1600,763.6400,294260000
1995-02-03,766.5100,773.9400,766.5100,772.0600,379850000
1995-02-06,772.8200,779.1100,772.8200,778.8500,298480000
1995-02-07,779.7900,780.9300,776.9700,778.9700,320970000
1995-02-08,780.1900,784.0300,779.2300,783.7700,349420000
1995-02-09,785.0400,787.8900,784.9700,785.4400,381420000
1995-02-10,786.4100,790.8200,786.4100,790.4300,359380000
1995-02-13,789.7000,792.0900,788.7200,789.4200,300360000
1995-02-14,790.1400,791.5000,788.6700,790.6200,345250000
1995-02-15,790.7600,795.6300,789.7400,795.6300,382290000
1995-02-16,796.0200,796.0200,790.9800,793.3100,343990000
1995-02-17,791.9900,791.9900,786.8300,786.9700,294510000
1995-02-21,787.7300,788.2500,784.1500,784.6200,272620000
1995-02-22,783.9600,788.2600,783.5100,787.9300,302200000
1995-02-23,789.2600,794.5000,789.2600,791.3500,356980000
1995-02-24,790.8000,791.8000,787.1200,791.0800,318540000
1995-02-27,789.5500,790.8100,783.7300,784.5000,272260000
1995-02-28,785.5300,794.0100,784.7200,793.7300,323350000
1995-03-01,794.3300,795.2900,791.8700,791.8700,336510000
1995-03-02,792.4000,793.6900,790.7200,793.6800,297340000
1995-03-03,793.2100,798.8000,792.2300,798.7900,313590000
1995-03-06,796.5300,797.7900,791.7000,797.7700,265110000
1995-03-07,797.8700,798.3100,790.3500,791.3300,336760000
1995-03-08,793.0500,795.8100,791.5100,795.8100,313150000
1995-03-09,796.4800,797.9300,793.3200,796.2400,319470000
1995-03-10,795.9600,802.2200,795.7800,802.2200,330320000
1995-03-13,802.2200,804.6200,801.3700,802.3100,281070000
1995-03-14,804.4600,809.1800,804.4600,808.2400,347170000
1995-03-15,807.9800,808.6900,804.8400,807.3800,335510000
1995-03-16,807.1800,809.5900,806.8000,809.3400,340150000
1995-03-17,811.0300,811.2300,807.3400,808.3300,315350000
1995-03-20,808.3500,810.6600,807.4000,810.4900,277410000
1995-03-21,811.0600,814.2100,808.8800,809.7800,336150000
1995-03-22,808.6500,809.4300,806.7000,809.1000,315140000
1995-03-23,809.3000,813.3300,808.9000,811.3900,350790000
1995-03-24,812.9600,818.6700,812.8700,818.6600,402890000
1995-03-27,817.8800,822.6600,817.2900,822.6300,315230000
1995-03-28,822.9100,826.1700,821.5700,826.1400,350240000
1995-03-29,826.1000,829.9200,817.2400,819.1600,410380000
1995-03-30,820.6500,822.2400,811.2300,816.8600,363320000
1995-03-31,813.2400,817.2300,806.5000,817.2100,347850000
1995-04-03,816.0600,818.2800,812.2500,818.0500,273920000
1995-04-04,817.0600,820.4800,813.5800,813.7200,365640000
1995-04-05,813.6800,816.3200,810.8900,816.3200,348890000
1995-04-06,816.9300,818.1600,813.5200,813.8000,348320000
1995-04-07,814.8400,816.1900,811.5600,814.6900,331460000
1995-04-10,814.4400,821.3600,813.9000,821.2600,300920000
1995-04-11,824.1200,825.7400,821.6900,824.8300,355650000
1995-04-12,825.4900,828.5600,823.6900,828.5300,345180000
1995-04-13,829.0600,832.9000,828.8600,832.6400,359830000
1995-04-17,835.1500,839.5000,829.9100,830.8200,366500000
1995-04-18,833.3700,834.4500,825.0100,825.7400,377080000
1995-04-19,825.0700,825.2300,812.7500,816.5500,453960000
1995-04-20,817.8900,819.1000,813.9500,819.0100,408860000
1995-04-21,821.3900,823.6700,820.4300,823.4400,394510000
1995-04-24,823.2500,829.4800,821.5300,828.9100,318700000
1995-04-25,829.6200,832.0700,828.6900,831.2800,375490000
1995-04-26,830.4700,836.9100,829.1700,836.9100,392410000
1995-04-27,837.1500,842.6200,837.1500,840.9500,417550000
1995-04-28,841.6600,844.4200,837.4500,843.9800,375830000
1995-05-01,844.7200,846.4200,841.6300,841.6300,315660000
1995-05-02,841.9300,842.8200,839.4300,841.7900,348490000
1995-05-03,842.7500,850.2700,842.7500,850.2600,398810000
1995-05-04,851.5000,856.7900,846.0700,846.7500,421000000
1995-05-05,849.0700,850.7900,842.5700,843.5300,331890000
1995-05-08,843.4800,849.8400,842.7600,849.2900,320160000
1995-05-09,850.4200,851.8900,845.3600,848.1700,381750000
1995-05-10,850.4800,851.9900,845.7500,847.6200,380030000
1995-05-11,847.1200,853.8400,846.1300,853.8300,390710000
1995-05-12,853.7400,859.8800,852.5200,858.9400,404570000
1995-05-15,859.7400,863.3900,857.9800,863.0600,350040000
1995-05-16,863.3900,868.8600,862.5600,868.2500,382100000
1995-05-17,869.5000,874.5100,869.5000,871.9300,404110000
1995-05-18,872.5300,874.4400,864.0500,864.0600,388180000
1995-05-19,862.2800,864.8300,858.6600,864.5700,337190000
1995-05-22,865.5700,871.5800,865.4200,871.1800,344140000
1995-05-23,872.0100,879.6600,872.0100,879.6400,414920000
1995-05-24,882.9000,885.9200,875.9900,877.9800,439210000
1995-05-25,877.7400,878.7600,871.6500,877.3200,381560000
1995-05-26,876.2600,876.2600,870.0400,871.8700,302720000
1995-05-30,872.7700,873.7000,857.7400,858.7000,320360000
1995-05-31,859.1700,864.5800,851.7200,864.5800,376150000
1995-06-01,865.6700,870.2100,864.2100,868.8200,354420000
1995-06-02,867.1200,875.1200,863.8400,872.9700,351970000
1995-06-05,875.2500,884.1800,875.2500,882.8500,372350000
1995-06-06,882.8300,885.8300,879.4000,879.4000,387500000
1995-06-07,880.4100,883.0600,878.3200,881.5800,378420000
1995-06-08,882.1800,886.3000,882.1800,886.1300,378560000
1995-06-09,885.7200,885.7900,880.4800,884.3800,382600000
1995-06-12,885.5500,889.3300,885.5500,887.9800,352760000
1995-06-13,890.5100,894.2300,890.0500,894.2300,402980000
1995-06-14,892.2600,896.2800,891.0200,895.7200,421450000
1995-06-15,896.3300,903.8600,896.3300,902.6800,412280000
1995-06-16,904.3700,908.6500,904.1400,908.6500,403210000
1995-06-19,909.9000,922.0900,909.8400,922.0900,407000000
1995-06-20,924.1100,929.8500,924.0100,929.8300,444490000
1995-06-21,931.6100,933.7500,926.0000,929.1900,455280000
1995-06-22,941.1700,941.1700,931.2600,940.0900,474080000
1995-06-23,938.6500,940.1000,936.7300,938.8700,447260000
1995-06-26,938.3300,939.1400,926.7900,926.9800,384980000
1995-06-27,925.1900,928.6200,918.8900,919.5600,417490000
1995-06-28,918.0800,921.9900,913.0200,920.5200,395320000
1995-06-29,921.0400,927.7800,919.8800,926.8100,368600000
1995-06-30,928.0200,934.0300,928.0200,933.4500,402140000
1995-07-03,933.9900,935.3300,931.9900,934.5300,130770000
1995-07-05,937.0500,943.4800,937.0500,941.8200,370320000
1995-07-06,943.3200,953.0000,942.5900,952.9300,425540000
1995-07-07,952.9000,969.7700,952.6400,969.7600,512200000
1995-07-10,970.4100,977.8400,970.1100,976.6300,457320000
1995-07-11,975.3900,975.5300,970.2000,970.2200,443750000
1995-07-12,975.9000,988.7100,975.7700,988.6300,514470000
1995-07-13,989.2700,999.5900,988.2500,994.1500,530100000
1995-07-14,988.9600,999.3300,984.2900,999.3300,433600000
1995-07-17,1000.7300,1007.1800,1000.7300,1005.8900,466420000
1995-07-18,1005.6500,1006.6500,987.2400,988.5300,483650000
1995-07-19,988.5300,988.5300,936.9700,952.8700,597910000
1995-07-20,955.9700,961.5500,952.0600,960.5700,480830000
1995-07-21,959.2500,967.5100,957.9500,961.7700,468690000
1995-07-24,964.1200,978.7100,964.1200,978.5700,404090000
1995-07-25,984.0100,994.7300,983.6400,993.7500,499930000
1995-07-26,996.7700,1002.5700,996.7700,1000.1800,483900000
1995-07-27,1002.4300,1011.8400,1002.4300,1010.6600,508520000
1995-07-28,1009.9900,1010.9900,1003.2800,1005.2800,458560000
1995-07-31,1006.4300,1023.0300,995.7600,1001.2100,385570000
1995-08-01,1001.5700,1001.7200,986.1700,991.1100,436320000
1995-08-02,995.1100,1001.3300,983.5300,983.7500,486330000
1995-08-03,980.1700,982.9800,970.8100,982.7000,451900000
1995-08-04,983.8000,991.4600,983.8000,991.0900,378860000
1995-08-07,992.7800,997.1600,992.7800,995.2200,362450000
1995-08-08,997.3100,999.6900,995.0500,997.1200,403670000
1995-08-09,1003.4000,1005.9300,1002.6700,1005.1000,476490000
1995-08-10,1005.8600,1007.0400,998.8800,1000.6100,452260000
1995-08-11,1004.0800,1006.5400,999.5200,1004.1100,375760000
1995-08-14,1004.1900,1012.4400,1003.3500,1012.4400,371320000
1995-08-15,1014.5900,1015.8300,1007.1800,1012.3700,424440000
1995-08-16,1016.1900,1025.7600,1015.6400,1025.7500,472040000
1995-08-17,1026.3900,1030.5100,1023.9200,1029.2400,496820000
1995-08-18,1032.6300,1034.1300,1028.4800,1031.2800,470540000
1995-08-21,1033.0200,1035.1899,1017.7400,1019.7000,437980000
1995-08-22,1021.4800,1025.5601,1016.3900,1025.2900,466030000
1995-08-23,1027.3300,1029.4600,1024.6500,1028.1899,430810000
1995-08-24,1028.2600,1029.2300,1019.2000,1020.9300,449460000
1995-08-25,1021.5300,1022.7300,1019.0700,1019.9700,383360000
1995-08-28,1020.7000,1021.4900,1008.0000,1008.1500,397790000
1995-08-29,1007.8600,1007.9900,989.4800,1003.6400,470640000
1995-08-30,1006.9600,1012.7400,1006.9600,1012.6100,401840000
1995-08-31,1013.8800,1020.6400,1013.6500,1020.1100,375820000
1995-09-01,1019.4200,1020.6000,1016.9300,1019.4700,292450000
1995-09-05,1021.7300,1039.3000,1021.7300,1039.3000,387000000
1995-09-06,1040.6700,1046.3300,1040.6700,1044.2800,464050000
1995-09-07,1048.4800,1053.9800,1047.7500,1051.0800,489860000
1995-09-08,1052.5800,1060.0400,1048.1300,1060.0300,464600000
1995-09-11,1060.4700,1068.1700,1060.4700,1066.5601,441840000
1995-09-12,1068.7000,1070.2300,1064.1200,1065.0000,467930000
1995-09-13,1065.3400,1069.8199,1062.9000,1067.4000,498920000
1995-09-14,1068.2300,1069.6300,1063.7200,1066.9600,484610000
1995-09-15,1062.9399,1062.9399,1047.7000,1051.1000,520200000
1995-09-18,1052.0000,1052.1600,1041.6801,1050.1801,406980000
1995-09-19,1049.0100,1060.6600,1049.0100,1060.3199,466680000
1995-09-20,1063.4200,1066.9500,1063.4200,1065.0900,514820000
1995-09-21,1062.7300,1063.8000,1054.6300,1058.5100,469690000
1995-09-22,1055.6801,1055.6801,1048.0400,1053.3900,439040000
1995-09-25,1053.5300,1053.9100,1042.6400,1046.1500,312670000
1995-09-26,1048.0400,1052.8800,1038.0400,1038.0500,426670000
1995-09-27,1035.0000,1035.0000,1008.4400,1026.5400,523530000
1995-09-28,1028.4900,1047.0601,1028.4900,1047.0500,448420000
1995-09-29,1047.7900,1051.4000,1040.2400,1043.5400,463580000
1995-10-02,1041.3900,1043.0400,1027.1600,1027.5699,393760000
1995-10-03,1027.9900,1028.6600,1012.2500,1020.4500,456000000
1995-10-04,1017.0400,1017.0400,1001.7100,1002.2700,386390000
1995-10-05,1002.0700,1014.2100,1000.0300,1014.2000,456560000
1995-10-06,1017.9400,1022.8100,1011.4000,1012.0400,450010000
1995-10-09,1006.8100,1006.8100,982.3600,984.7400,403570000
1995-10-10,978.6400,984.4600,959.3600,983.4700,532680000
1995-10-11,992.6300,1001.5800,990.8700,1001.5700,454220000
1995-10-12,1003.5800,1015.6400,1003.5800,1015.6300,421760000
1995-10-13,1020.3300,1024.3199,1018.1600,1018.3800,425540000
1995-10-16,1018.3300,1021.4500,1016.5100,1018.1300,325980000
1995-10-17,1021.5300,1035.4399,1018.7400,1035.4399,434620000
1995-10-18,1045.3199,1050.6500,1042.7800,1045.3700,544550000
1995-10-19,1042.8000,1047.8199,1039.4000,1046.9700,470890000
1995-10-20,1046.6400,1048.0100,1036.8600,1039.5300,428030000
1995-10-23,1035.2800,1038.0500,1031.2700,1036.9200,368550000
1995-10-24,1039.5300,1042.1300,1038.1801,1039.2400,445690000
1995-10-25,1040.1000,1040.9301,1026.4399,1026.4700,456100000
1995-10-26,1026.2000,1027.5300,1007.4400,1017.5700,479020000
1995-10-27,1016.4100,1025.5601,1012.5400,1025.5500,440320000
1995-10-30,1028.1700,1040.1500,1028.1700,1039.6899,416390000
1995-10-31,1043.5699,1046.0300,1035.9301,1036.0601,469860000
1995-11-01,1037.3000,1040.6100,1034.3900,1040.5000,437200000
1995-11-02,1042.1100,1057.3300,1041.9600,1057.3199,499400000
1995-11-03,1059.1500,1065.6600,1056.5400,1065.6600,451920000
1995-11-06,1065.6300,1067.8000,1061.4500,1062.1400,390760000
1995-11-07,1058.9900,1058.9900,1038.6300,1043.9000,519030000
1995-11-08,1046.0000,1053.7700,1044.9700,1047.9399,476910000
1995-11-09,1057.0300,1065.6400,1057.0300,1065.5900,478190000
1995-11-10,1063.7200,1068.8101,1060.9301,1063.8700,473140000
1995-11-13,1063.2100,1065.7800,1057.3400,1058.4600,395980000
1995-11-14,1054.1400,1054.7600,1040.6200,1040.6200,447250000
1995-11-15,1044.1600,1045.9399,1033.2100,1041.8500,459390000
1995-11-16,1038.3300,1048.9399,1037.1700,1044.4800,492420000
1995-11-17,1045.2700,1046.9301,1042.2300,1045.0300,477980000
1995-11-20,1048.0699,1049.8900,1029.4700,1029.4700,438110000
1995-11-21,1029.2400,1029.2400,1016.5800,1024.9900,537910000
1995-11-22,1027.3600,1031.2600,1021.2400,1021.2400,418960000
1995-11-24,1022.8400,1030.1801,1022.8400,1030.1700,136100000
1995-11-27,1034.0000,1037.8199,1029.0699,1029.3199,439220000
1995-11-28,1030.6500,1050.0601,1029.5100,1050.0500,497080000
1995-11-29,1052.6801,1057.5800,1049.5500,1057.5699,534400000
1995-11-30,1056.7700,1061.8800,1056.0100,1059.2000,542960000
1995-12-01,1060.6600,1060.8300,1053.2500,1055.3101,495080000
1995-12-04,1057.9500,1072.3000,1056.9301,1069.7900,505030000
1995-12-05,1071.2400,1074.8500,1064.1400,1065.8900,567380000
1995-12-06,1067.8600,1069.8000,1055.4700,1061.7300,567670000
1995-12-07,1061.8900,1061.8900,1048.2700,1053.1700,491230000
1995-12-08,1056.4301,1062.4399,1052.2900,1062.4100,455910000
1995-12-11,1064.6801,1065.7300,1061.4800,1061.5000,423760000
1995-12-12,1061.9800,1061.9800,1051.7500,1052.0699,463860000
1995-12-13,1054.4600,1058.6000,1053.0200,1056.5400,484120000
1995-12-14,1057.0300,1058.3400,1038.1700,1038.1899,565700000
1995-12-15,1041.1100,1041.7600,1028.2200,1030.4800,581830000
1995-12-18,1029.1200,1029.1200,1001.5300,1002.5600,576640000
1995-12-19,1005.4300,1026.4100,1004.7300,1026.4100,564330000
1995-12-20,1032.5100,1036.2800,1025.0300,1025.2700,567890000
1995-12-21,1030.2400,1040.6500,1030.2400,1040.6400,532800000
1995-12-22,1041.4800,1046.8900,1041.4800,1046.8900,420600000
1995-12-26,1047.5601,1049.6300,1045.5699,1049.3700,332770000
1995-12-27,1049.9000,1051.2700,1046.0500,1048.1300,384320000
1995-12-28,1044.3800,1044.3800,1039.5601,1042.2200,449670000
1995-12-29,1042.2600,1052.1801,1040.2500,1052.1300,541910000
1996-01-02,1052.8300,1058.8800,1048.4700,1058.6500,399620000
1996-01-03,1056.3600,1058.9200,1045.3199,1046.2600,506550000
1996-01-04,1047.2000,1047.6400,1021.5700,1029.8199,629970000
1996-01-05,1022.4100,1033.4700,1017.6900,1033.4700,548130000
1996-01-08,1034.9399,1035.6200,1031.3400,1032.3700,142690000
1996-01-09,1031.6100,1031.6100,997.6600,998.8100,545790000
1996-01-10,991.9300,1003.2400,987.9800,990.2100,603420000
1996-01-11,999.9200,1011.1000,998.2900,1011.1000,513200000
1996-01-12,1013.2600,1014.9100,1001.9200,1008.2300,485300000
1996-01-15,1009.9600,1010.2400,988.5700,988.5700,422660000
1996-01-16,994.3100,995.8800,977.7900,995.8700,561850000
1996-01-17,987.2800,1006.2400,986.3200,998.3000,613690000
1996-01-18,1003.3700,1007.4300,999.4700,1007.2400,536760000
1996-01-19,1009.6000,1019.5200,1009.0500,1018.4500,571120000
1996-01-22,1019.7200,1029.4700,1019.1400,1029.4399,484430000
1996-01-23,1029.5300,1031.6100,1027.2900,1028.0400,533870000
1996-01-24,1032.6899,1043.4600,1032.6899,1043.4600,593000000
1996-01-25,1045.1700,1046.0000,1035.2500,1035.9500,582810000
1996-01-26,1034.7100,1040.9700,1032.2600,1040.9600,513610000
1996-01-29,1042.5300,1044.4900,1039.8700,1042.5100,434380000
1996-01-30,1045.3500,1052.3000,1045.3500,1051.3000,542190000
1996-01-31,1052.2100,1059.8101,1048.1400,1059.7900,561170000
1996-02-01,1058.2600,1069.4600,1057.8199,1069.4600,583070000
1996-02-02,1071.6500,1076.3199,1069.9000,1072.1100,561260000
1996-02-05,1072.9500,1083.3600,1070.8000,1083.3400,512040000
1996-02-06,1084.0800,1090.6000,1084.0000,1089.0800,589490000
1996-02-07,1088.8700,1089.9800,1081.2600,1084.8800,611640000
1996-02-08,1084.9301,1093.5100,1080.6500,1093.1700,556580000
1996-02-09,1093.3900,1098.8500,1089.9700,1094.6000,552650000
1996-02-12,1094.8400,1098.9399,1094.6600,1095.3800,494040000
1996-02-13,1084.4500,1093.7600,1079.9399,1087.2200,525250000
1996-02-14,1089.6000,1093.4399,1083.8300,1088.0300,515890000
1996-02-15,1087.5900,1092.2600,1086.6700,1090.5400,493760000
1996-02-16,1091.3900,1092.0100,1085.6200,1090.7100,459680000
1996-02-20,1085.5200,1088.9500,1080.0300,1083.2400,459680000
1996-02-21,1085.1200,1096.9399,1084.9600,1096.8500,485810000
1996-02-22,1100.1700,1117.5300,1100.1700,1117.1100,641140000
1996-02-23,1118.6000,1121.8900,1109.1500,1117.7900,583520000
1996-02-26,1116.5300,1119.1000,1111.0900,1113.0500,473800000
1996-02-27,1114.1300,1115.3900,1105.1700,1106.1700,514460000
1996-02-28,1109.6000,1114.9200,1106.6700,1107.5500,543440000
1996-02-29,1102.1700,1105.4600,1098.0900,1100.0500,533230000
1996-03-01,1098.9399,1100.2900,1082.9700,1086.0800,587170000
1996-03-04,1088.9100,1091.7700,1083.2600,1084.8800,474380000
1996-03-05,1084.2400,1096.8199,1083.2400,1096.8101,491900000
1996-03-06,1096.8900,1099.0699,1091.8199,1091.8199,532540000
1996-03-07,1092.7700,1095.3700,1090.4800,1093.1200,509360000
1996-03-08,1080.8199,1081.3000,1057.8700,1063.7300,583640000
1996-03-11,1065.0000,1080.6400,1064.6400,1080.5000,457880000
1996-03-12,1078.7200,1078.7200,1066.0400,1073.0500,459340000
1996-03-13,1079.9100,1089.0300,1077.9900,1088.6400,482340000
1996-03-14,1090.8700,1096.4500,1090.8700,1091.0699,512870000
1996-03-15,1092.6899,1099.6600,1089.8400,1099.5900,514420000
1996-03-18,1102.7800,1114.4301,1102.7800,1114.4200,498780000
1996-03-19,1118.0200,1119.8400,1110.2800,1112.5000,520590000
1996-03-20,1110.7400,1111.7500,1099.4200,1101.8199,529620000
1996-03-21,1102.6400,1104.1000,1098.7600,1099.7900,499240000
1996-03-22,1101.8199,1103.4000,1096.2300,1102.2200,475630000
1996-03-25,1104.3101,1107.0900,1087.0300,1087.0900,476710000
1996-03-26,1085.1200,1090.1700,1079.9000,1088.3500,544620000
1996-03-27,1091.3400,1098.7600,1089.7100,1093.8800,500520000
1996-03-28,1091.0900,1096.7200,1089.7700,1094.8300,483210000
1996-03-29,1097.6801,1105.3400,1097.6801,1101.4000,514090000
1996-04-01,1105.7700,1107.2900,1102.9399,1106.5699,463880000
1996-04-02,1107.9800,1111.4301,1106.8500,1111.2900,492190000
1996-04-03,1109.7100,1115.9000,1106.6300,1115.8500,529750000
1996-04-04,1116.0500,1119.3500,1114.7300,1118.2100,503890000
1996-04-08,1106.3199,1106.6700,1093.6600,1105.6600,517700000
1996-04-09,1111.2600,1115.1400,1107.3400,1109.1500,561670000
1996-04-10,1108.9800,1117.6899,1105.1000,1105.2800,556310000
1996-04-11,1105.1500,1108.7000,1092.4399,1097.1400,534300000
1996-04-12,1098.6100,1101.6801,1096.1899,1100.9399,483760000
1996-04-15,1102.8000,1110.4900,1102.6899,1110.4399,461860000
1996-04-16,1118.3199,1124.9200,1117.5900,1124.9200,613920000
1996-04-17,1124.3500,1126.5300,1118.2800,1120.8700,577800000
1996-04-18,1124.8101,1142.8600,1124.8101,1136.3000,577320000
1996-04-19,1141.9900,1143.3101,1137.7000,1138.7000,593120000
1996-04-22,1143.0800,1153.5200,1143.0800,1153.5000,582590000
1996-04-23,1155.3101,1166.7700,1153.4500,1166.7600,650190000
1996-04-24,1171.4399,1176.8500,1170.3199,1176.8300,728620000
1996-04-25,1177.9900,1184.1899,1174.3500,1184.1700,720790000
1996-04-26,1184.7800,1188.8900,1183.0900,1186.8900,643300000
1996-04-29,1186.6700,1188.8600,1184.0500,1188.2000,553980000
1996-04-30,1189.4000,1190.8700,1185.5800,1190.5200,604790000
1996-05-01,1190.4800,1200.1899,1190.1500,1199.6600,654270000
1996-05-02,1199.7600,1199.7600,1178.2400,1178.3300,646950000
1996-05-03,1184.4399,1193.4700,1181.4900,1184.6000,705220000
1996-05-06,1186.8300,1189.8500,1179.0500,1186.3101,680150000
1996-05-07,1188.4301,1189.6899,1181.3000,1182.6700,806500000
1996-05-08,1180.7400,1183.4399,1163.2100,1183.4301,756920000
1996-05-09,1184.8500,1189.8400,1184.7900,1187.8199,635710000
1996-05-10,1193.1600,1202.7800,1193.1600,1202.7600,606020000
1996-05-13,1204.3300,1221.8700,1204.0300,1221.8700,595270000
1996-05-14,1226.0699,1234.9600,1226.0699,1234.4900,690200000
1996-05-15,1236.2700,1242.9200,1233.4100,1233.5601,687990000
1996-05-16,1228.9700,1239.3101,1225.3900,1239.3101,620950000
1996-05-17,1242.1000,1243.3000,1240.7400,1241.8800,630660000
1996-05-20,1246.0000,1249.2600,1243.2700,1248.1100,589730000
1996-05-21,1250.4800,1252.8101,1244.4200,1244.4200,690480000
1996-05-22,1243.4500,1248.4301,1240.7900,1247.3800,693400000
1996-05-23,1249.1899,1252.3700,1245.5200,1248.6500,757950000
1996-05-24,1249.9000,1251.7300,1247.1600,1247.8000,610280000
1996-05-28,1249.6000,1251.2300,1235.8600,1236.3000,643130000
1996-05-29,1237.0100,1238.4399,1222.9600,1225.6300,636100000
1996-05-30,1226.8800,1235.4700,1222.9500,1233.4800,605030000
1996-05-31,1238.9700,1243.7400,1235.5601,1243.4301,607690000
1996-06-03,1242.5400,1243.3500,1238.1200,1238.7300,525170000
1996-06-04,1242.0601,1244.8600,1240.2000,1243.6801,645710000
1996-06-05,1242.7300,1249.8500,1241.8500,1249.1500,649940000
1996-06-06,1252.0000,1254.1200,1232.5200,1232.5200,673890000
1996-06-07,1222.1000,1229.7800,1206.5300,1229.7600,600980000
1996-06-10,1231.5000,1233.5500,1229.1400,1230.0400,476470000
1996-06-11,1233.4500,1237.4000,1230.0601,1230.7600,554300000
1996-06-12,1235.8500,1240.7800,1234.6200,1235.4700,543980000
1996-06-13,1236.2400,1236.7600,1222.0200,1225.6500,564470000
1996-06-14,1225.1500,1225.5699,1213.1801,1213.1801,509880000
1996-06-17,1215.3000,1217.1300,1207.0300,1207.6400,448160000
1996-06-18,1207.2600,1207.2600,1182.4800,1183.0800,621350000
1996-06-19,1185.3300,1187.9500,1177.7100,1179.2700,600610000
1996-06-20,1181.4000,1182.3900,1152.7900,1167.3400,669830000
1996-06-21,1174.3101,1176.1100,1171.1600,1175.4399,540110000
1996-06-24,1177.9301,1185.3900,1176.4200,1182.9000,500470000
1996-06-25,1185.4500,1186.3300,1172.4600,1172.5800,553660000
1996-06-26,1171.3700,1171.3700,1147.7500,1153.2900,605340000
1996-06-27,1153.7000,1166.1801,1148.3300,1166.0100,566010000
1996-06-28,1171.6100,1185.0400,1171.6100,1185.0200,628770000
1996-07-01,1185.6400,1198.0400,1185.6400,1197.4500,501850000
1996-07-02,1196.9000,1196.9000,1191.1400,1191.1500,517630000
1996-07-03,1191.3000,1191.4000,1180.8900,1181.6000,499320000
1996-07-05,1172.8101,1172.8101,1158.3400,1158.3500,216200000
1996-07-08,1157.6899,1160.9800,1148.3600,1148.8199,446400000
1996-07-09,1154.7800,1157.1500,1152.2800,1153.5900,486900000
1996-07-10,1153.2400,1154.0800,1132.6300,1141.1899,538010000
1996-07-11,1141.1899,1141.2200,1094.2200,1106.3600,694930000
1996-07-12,1111.7200,1113.3300,1095.3600,1103.4900,541540000
1996-07-15,1102.5200,1103.5000,1059.3600,1060.1899,587010000
1996-07-16,1056.1500,1065.3300,1008.4400,1053.4700,877330000
1996-07-17,1070.7700,1087.6600,1053.4700,1086.6500,701140000
1996-07-18,1093.7400,1109.8600,1086.6500,1109.8199,640340000
1996-07-19,1106.8500,1109.8199,1092.2400,1097.6801,531610000
1996-07-22,1096.2800,1097.7000,1067.8500,1081.3900,419110000
1996-07-23,1084.6100,1085.7300,1047.8900,1049.0699,598040000
1996-07-24,1030.5000,1049.0601,1017.6400,1042.3700,678050000
1996-07-25,1049.7900,1062.4000,1041.8900,1062.3900,541900000
1996-07-26,1065.8400,1079.6300,1062.3900,1079.4399,473140000
1996-07-29,1079.2100,1082.1400,1066.3000,1066.4700,417780000
1996-07-30,1072.4700,1075.5699,1063.2000,1071.9500,418470000
1996-07-31,1073.6600,1082.1200,1070.9900,1080.5900,481220000
1996-08-01,1081.3400,1098.9200,1080.4100,1098.8500,500640000
1996-08-02,1109.0200,1125.9800,1098.8500,1124.9200,577240000
1996-08-05,1127.9100,1129.2300,1120.0400,1120.5300,394230000
1996-08-06,1118.1000,1128.8900,1113.8700,1128.8700,450040000
1996-08-07,1132.8800,1141.4000,1128.1801,1141.1100,534140000
1996-08-08,1139.1500,1141.1200,1136.2600,1137.5100,470100000
1996-08-09,1134.1000,1141.3000,1132.0400,1137.2700,457370000
1996-08-12,1136.6899,1139.8000,1130.1600,1138.2700,366740000
1996-08-13,1135.4600,1138.2800,1123.9200,1126.1500,405240000
1996-08-14,1127.9399,1133.7600,1126.1500,1133.5100,428620000
1996-08-15,1132.0400,1136.0400,1129.6300,1134.6899,457750000
1996-08-16,1135.7700,1137.7700,1132.4700,1133.6500,420750000
1996-08-19,1133.9200,1135.1100,1128.9900,1130.9100,350170000
1996-08-20,1132.0000,1132.7900,1124.5900,1124.6700,406170000
1996-08-21,1122.1700,1128.8101,1118.6200,1126.8400,416540000
1996-08-22,1129.9800,1143.9600,1126.8199,1143.9600,495050000
1996-08-23,1142.8300,1146.8199,1140.4200,1143.0500,434320000
1996-08-26,1144.3600,1144.3600,1137.2900,1139.2200,422090000
1996-08-27,1141.7100,1149.0400,1141.7100,1149.0200,491130000
1996-08-28,1150.1100,1153.9000,1150.1100,1153.8800,461520000
1996-08-29,1152.8600,1152.8600,1143.7600,1145.0300,419990000
1996-08-30,1147.7100,1148.4900,1139.0000,1141.5000,336610000
1996-09-03,1133.3000,1142.3600,1123.1400,1142.2900,394510000
1996-09-04,1143.6400,1145.8101,1140.5400,1143.8199,439820000
1996-09-05,1139.3500,1139.3500,1125.6600,1125.6600,461970000
1996-09-06,1128.7600,1141.5601,1128.7600,1139.3900,471020000
1996-09-09,1140.7900,1149.1500,1140.7900,1148.7100,437010000
1996-09-10,1149.1600,1150.8500,1144.3700,1149.4301,479130000
1996-09-11,1145.7700,1154.3900,1143.9000,1153.9500,487020000
1996-09-12,1156.2800,1166.7900,1151.6600,1165.8101,543500000
1996-09-13,1175.8500,1188.6801,1175.8500,1188.6700,638560000
1996-09-16,1190.0400,1199.5900,1190.0400,1193.9600,575520000
1996-09-17,1204.0400,1205.2800,1187.5000,1203.3101,632220000
1996-09-18,1201.1801,1213.3900,1196.9100,1205.7100,552930000
1996-09-19,1204.6700,1213.1300,1203.3600,1212.0900,563280000
1996-09-20,1213.8000,1221.0300,1210.1899,1219.6899,590560000
1996-09-23,1216.6899,1216.6899,1207.8000,1211.4700,366280000
1996-09-24,1210.9600,1220.5100,1210.7600,1215.2700,583420000
1996-09-25,1219.6600,1224.6600,1219.6600,1224.6600,622590000
1996-09-26,1228.2900,1237.2600,1222.7200,1227.9800,721820000
1996-09-27,1229.6899,1231.5800,1226.5900,1230.0500,561540000
1996-09-30,1229.1400,1233.9600,1226.0900,1226.9200,524290000
1996-10-01,1223.7300,1227.4399,1214.6000,1221.5100,542530000
1996-10-02,1224.0100,1236.1300,1221.5100,1236.1100,576590000
1996-10-03,1237.2500,1239.1100,1232.9500,1233.0900,575390000
1996-10-04,1240.1200,1247.5699,1240.1200,1247.5601,562730000
1996-10-07,1247.1400,1252.5900,1246.9000,1250.8700,480670000
1996-10-08,1253.4100,1256.7200,1239.8500,1240.1500,561770000
1996-10-09,1247.5500,1249.5699,1235.4700,1237.9800,566240000
1996-10-10,1235.1300,1243.1400,1232.6400,1236.9700,579110000
1996-10-11,1241.9700,1248.5000,1241.9700,1248.2700,526810000
1996-10-14,1250.6700,1256.8101,1250.6700,1256.3600,438410000
1996-10-15,1267.5601,1269.6200,1252.5400,1258.1000,571220000
1996-10-16,1256.7300,1256.7300,1244.9399,1250.9900,546750000
1996-10-17,1253.5800,1255.6600,1241.9600,1241.9600,580140000
1996-10-18,1242.9200,1243.3300,1238.2400,1242.4800,545880000
1996-10-21,1241.9500,1253.3199,1233.8500,1236.4100,489140000
1996-10-22,1233.1700,1236.4100,1215.4800,1220.0000,600390000
1996-10-23,1219.0200,1228.3300,1215.0800,1227.8800,549810000
1996-10-24,1230.9200,1235.6700,1226.6100,1227.0000,541760000
1996-10-25,1227.1300,1230.3700,1222.3800,1222.6000,551670000
1996-10-28,1225.3900,1229.6300,1215.7200,1215.8900,502500000
1996-10-29,1219.9399,1222.1300,1202.3600,1203.0500,549440000
1996-10-30,1206.0000,1208.0500,1203.0500,1206.2300,537520000
1996-10-31,1209.0400,1221.6100,1206.2300,1221.5100,567370000
1996-11-01,1223.7200,1224.8199,1218.2700,1221.7800,544420000
1996-11-04,1223.4700,1224.1200,1218.2300,1220.4800,436620000
1996-11-05,1223.1000,1231.7400,1223.1000,1229.0699,567880000
1996-11-06,1230.8000,1245.5000,1228.6200,1245.4900,621940000
1996-11-07,1245.6500,1256.7900,1243.6300,1254.1400,651200000
1996-11-08,1254.3199,1257.6200,1248.7200,1257.5100,543610000
1996-11-11,1258.2400,1262.7700,1256.4301,1262.6700,435160000
1996-11-12,1267.3800,1268.6000,1255.5900,1256.5300,593410000
1996-11-13,1259.7300,1261.9000,1254.3300,1260.7200,574950000
1996-11-14,1260.9500,1270.9000,1256.8900,1270.3600,602310000
1996-11-15,1273.0601,1274.7600,1257.5500,1261.8000,613020000
1996-11-18,1263.0800,1263.2900,1250.2100,1254.5699,492940000
1996-11-19,1253.8600,1262.9399,1252.9700,1262.6200,547460000
1996-11-20,1264.7700,1272.4600,1261.7600,1264.9399,558920000
1996-11-21,1267.7500,1268.6200,1256.0100,1258.0800,569870000
1996-11-22,1262.8600,1274.6600,1262.8600,1274.3600,669240000
1996-11-25,1275.4100,1281.2200,1272.4500,1280.3700,622820000
1996-11-26,1281.7000,1283.8800,1271.5400,1281.2000,627420000
1996-11-27,1281.9800,1287.4200,1279.1500,1287.3199,493290000
1996-11-29,1287.9700,1293.7500,1287.3199,1292.6100,207100000
1996-12-02,1294.7800,1299.8199,1287.0100,1299.8199,515460000
1996-12-03,1303.6801,1313.3800,1299.3500,1300.3700,681120000
1996-12-04,1300.9200,1303.2700,1288.6300,1297.0200,626420000
1996-12-05,1299.5500,1303.4301,1296.7300,1300.1200,602410000
1996-12-06,1275.9000,1293.8700,1258.8900,1287.6801,644540000
1996-12-09,1296.1801,1316.3101,1287.6500,1316.2700,574010000
1996-12-10,1325.1500,1328.9500,1312.2800,1312.5500,676520000
1996-12-11,1300.8500,1312.5500,1291.5100,1309.1200,628970000
1996-12-12,1320.5500,1324.3800,1298.2800,1298.3300,581260000
1996-12-13,1291.4000,1298.3900,1281.4301,1284.9100,553660000
1996-12-16,1289.7200,1292.2400,1257.7800,1260.9800,518000000
1996-12-17,1255.2800,1266.6200,1251.0300,1266.3199,613230000
1996-12-18,1274.5100,1285.7100,1266.3800,1285.3800,617600000
1996-12-19,1292.8300,1296.9301,1285.3800,1295.8600,645670000
1996-12-20,1303.0300,1304.5601,1286.7600,1288.5601,628630000
1996-12-23,1290.6801,1291.2800,1276.9301,1279.5200,483680000
1996-12-24,1280.5601,1287.6300,1277.8101,1287.6300,261250000
1996-12-26,1289.7400,1294.6600,1287.5699,1294.5699,384560000
1996-12-27,1296.1801,1297.1500,1291.0601,1291.3800,390280000
1996-12-30,1295.1801,1297.0100,1287.7000,1287.7500,559630000
1996-12-31,1289.2400,1291.8800,1285.4500,1291.0300,666010000
1997-01-02,1292.6500,1293.6300,1272.3400,1280.7000,492350000
1997-01-03,1288.0200,1310.8400,1280.7000,1310.6801,519140000
1997-01-06,1314.3400,1321.4700,1310.6300,1316.4000,588140000
1997-01-07,1316.9100,1327.8199,1312.0800,1327.7300,577740000
1997-01-08,1329.6000,1330.7700,1319.9399,1320.3500,666490000
1997-01-09,1325.2300,1327.2400,1320.3300,1326.2000,621950000
1997-01-10,1317.3800,1332.0200,1311.7800,1332.0200,659530000
1997-01-13,1335.4500,1337.7700,1328.7100,1330.9100,612090000
1997-01-14,1337.3800,1349.0100,1330.9100,1346.3600,629070000
1997-01-15,1347.7000,1347.8400,1333.4100,1333.5300,681170000
1997-01-16,1340.1400,1347.3900,1333.5300,1340.4600,712970000
1997-01-17,1340.6100,1350.5300,1339.8000,1349.0500,673120000
1997-01-20,1351.1400,1365.6200,1349.0500,1364.2800,592380000
1997-01-21,1363.4399,1377.4900,1360.6100,1376.9700,681850000
1997-01-22,1377.8500,1388.0601,1373.3000,1388.0601,720790000
1997-01-23,1393.1500,1400.5300,1378.2300,1378.3700,795360000
1997-01-24,1375.6000,1379.9500,1360.4800,1363.8300,721430000
1997-01-27,1367.4100,1368.0000,1352.1801,1352.8101,537780000
1997-01-28,1365.9100,1370.6899,1349.2800,1354.3700,658960000
1997-01-29,1359.3199,1360.7600,1349.5400,1355.1700,599260000
1997-01-30,1362.0500,1371.0300,1360.6300,1371.0200,653640000
1997-01-31,1374.9800,1381.9700,1374.9800,1379.8500,679190000
1997-02-03,1383.9700,1384.5100,1374.5699,1376.0500,537540000
1997-02-04,1376.7000,1377.7800,1362.8101,1373.7500,606160000
1997-02-05,1373.9500,1375.0500,1339.6400,1348.4399,680460000
1997-02-06,1351.1100,1351.7100,1340.5400,1346.4000,623490000
1997-02-07,1354.9100,1360.5300,1346.2900,1357.7100,644310000
1997-02-10,1360.4600,1362.2100,1335.3400,1335.3400,629500000
1997-02-11,1342.1100,1342.7100,1319.6899,1331.5100,650980000
1997-02-12,1337.4800,1358.9700,1336.5699,1358.9600,669230000
1997-02-13,1364.5200,1373.7500,1358.9500,1370.8101,730410000
1997-02-14,1370.2500,1373.0400,1364.2400,1367.1899,587210000
1997-02-18,1369.1600,1370.3199,1358.0500,1365.7900,563710000
1997-02-19,1366.3400,1370.4301,1362.3700,1365.5800,616100000
1997-02-20,1362.6200,1365.6200,1345.6200,1347.4000,609670000
1997-02-21,1346.4600,1347.7700,1332.0500,1334.3199,612770000
1997-02-24,1328.4000,1345.3400,1325.1600,1345.0800,574060000
1997-02-25,1349.8101,1355.6700,1342.6801,1347.6899,700880000
1997-02-26,1350.1700,1351.9700,1333.2400,1340.5500,640940000
1997-02-27,1339.6200,1340.9500,1312.5900,1312.6600,673500000
1997-02-28,1310.9700,1313.9000,1296.8800,1309.0000,686880000
1997-03-03,1306.2100,1311.9600,1301.8300,1311.1801,531980000
1997-03-04,1316.2000,1330.0400,1316.2000,1317.3700,597100000
1997-03-05,1322.3800,1329.2800,1320.7300,1329.0900,660100000
1997-03-06,1331.4600,1332.3400,1314.9000,1315.4301,641410000
1997-03-07,1319.7400,1324.2300,1308.9600,1311.8000,636330000
1997-03-10,1312.7200,1322.7200,1306.7900,1322.7200,562650000
1997-03-11,1323.9100,1326.0800,1314.4200,1316.7600,573770000
1997-03-12,1314.9700,1314.9700,1300.7700,1304.1300,564220000
1997-03-13,1302.4800,1307.6600,1291.7000,1293.2800,553470000
1997-03-14,1299.7300,1303.0000,1291.8600,1292.9700,589900000
1997-03-17,1289.3600,1292.9700,1265.1700,1279.4301,580850000
1997-03-18,1282.6000,1283.0100,1264.5200,1269.3400,540270000
1997-03-19,1264.3500,1264.3500,1239.7600,1249.2900,704760000
1997-03-20,1252.5300,1262.6600,1243.0400,1259.2600,632060000
1997-03-21,1263.6100,1267.2800,1253.7100,1254.0699,571120000
1997-03-24,1251.0699,1251.0699,1230.9600,1242.6400,594970000
1997-03-25,1247.1100,1253.8700,1241.5200,1248.0601,544050000
1997-03-26,1252.8700,1269.0800,1248.0601,1269.0800,591610000
1997-03-27,1274.8300,1277.3600,1241.2400,1249.5100,579950000
1997-03-31,1246.3500,1246.3500,1220.4000,1221.7000,583640000
1997-04-01,1211.2800,1222.2600,1206.7200,1216.9301,599440000
1997-04-02,1217.4399,1217.4399,1199.4100,1201.0000,583250000
1997-04-03,1199.1200,1213.7700,1196.2200,1213.7600,580490000
1997-04-04,1208.6500,1236.7300,1206.5100,1236.7300,667640000
1997-04-07,1245.8300,1256.1200,1245.8300,1251.3500,568270000
1997-04-08,1253.0500,1257.4000,1245.5699,1257.3700,522450000
1997-04-09,1263.9500,1267.4100,1248.4399,1249.4301,564040000
1997-04-10,1248.3101,1248.3101,1235.5699,1235.7700,520770000
1997-04-11,1224.3500,1224.3500,1206.9000,1206.9000,533990000
1997-04-14,1209.0400,1216.4200,1199.6801,1216.4100,471240000
1997-04-15,1221.9500,1228.5000,1205.9301,1212.8800,572050000
1997-04-16,1209.3300,1215.4399,1202.7700,1210.2700,575510000
1997-04-17,1214.1000,1224.1400,1210.2700,1217.0699,600610000
1997-04-18,1232.4600,1233.0100,1217.0699,1222.5699,574960000
1997-04-21,1221.9800,1223.4200,1202.6000,1203.9500,546340000
1997-04-22,1205.2300,1212.7400,1194.1600,1212.7400,619440000
1997-04-23,1214.6400,1228.3300,1213.0400,1227.1400,584320000
1997-04-24,1238.0000,1242.1600,1227.9301,1228.1000,586820000
1997-04-25,1224.4200,1228.2700,1209.1899,1209.2900,497290000
1997-04-28,1211.8700,1220.0800,1203.9700,1217.0300,453000000
1997-04-29,1233.2500,1242.6400,1233.2500,1242.6300,573420000
1997-04-30,1238.9500,1263.9900,1237.8101,1260.7600,657060000
1997-05-01,1263.9301,1273.0000,1260.9399,1270.5000,615620000
1997-05-02,1275.5100,1305.3800,1275.5100,1305.3300,723590000
1997-05-05,1311.7000,1339.8600,1311.7000,1339.2400,835140000
1997-05-06,1334.4500,1334.4500,1324.2500,1328.3000,741910000
1997-05-07,1321.8300,1333.5601,1319.7500,1322.9100,610710000
1997-05-08,1317.7600,1337.7400,1316.0500,1330.8300,620050000
1997-05-09,1338.8000,1343.0100,1325.6100,1335.0500,544810000
1997-05-12,1339.0500,1345.1100,1339.0500,1344.1899,529710000
1997-05-13,1343.8300,1346.2200,1332.1000,1333.5900,578610000
1997-05-14,1337.3400,1339.9800,1328.0699,1335.5500,612480000
1997-05-15,1335.5601,1353.9800,1334.9200,1353.5800,595400000
1997-05-16,1347.5300,1347.5300,1339.9399,1340.7300,562760000
1997-05-19,1343.3199,1344.9100,1335.9500,1341.2400,451060000
1997-05-20,1342.1700,1363.8900,1338.4200,1363.8800,531940000
1997-05-21,1373.1500,1380.9000,1373.1500,1373.7500,654890000
1997-05-22,1376.1801,1378.2600,1366.7600,1372.6000,551360000
1997-05-23,1377.7300,1389.7500,1377.7300,1389.7200,539440000
1997-05-27,1388.0000,1409.3900,1386.8300,1409.2100,634040000
1997-05-28,1411.6500,1414.2600,1403.7300,1410.1801,646840000
1997-05-29,1412.4900,1414.2500,1401.8500,1403.0400,611460000
1997-05-30,1355.8000,1403.2500,1352.6500,1400.3199,713770000
1997-06-02,1407.0699,1408.4900,1394.7200,1404.7900,555220000
1997-06-03,1397.4900,1397.4900,1384.6700,1384.9100,586410000
1997-06-04,1387.4600,1392.9900,1375.4500,1379.6700,594220000
1997-06-05,1385.7400,1393.7900,1385.7400,1390.0500,560950000
1997-06-06,1390.1300,1405.2900,1387.6300,1404.8400,586010000
1997-06-09,1410.6899,1416.7700,1410.6899,1412.0400,558860000
1997-06-10,1410.3101,1415.6600,1398.2200,1401.6899,664990000
1997-06-11,1401.1400,1408.0100,1394.4399,1407.8500,623700000
1997-06-12,1404.5300,1414.6300,1399.6700,1411.3199,630230000
1997-06-13,1411.7100,1426.7300,1410.7600,1423.0300,593870000
1997-06-16,1423.7400,1432.0000,1421.7400,1431.9500,500070000
1997-06-17,1429.6400,1445.6000,1426.2600,1443.1100,618760000
1997-06-18,1433.4700,1433.4700,1428.8400,1432.4301,588340000
1997-06-19,1433.3600,1448.4500,1432.4301,1447.1400,651740000
1997-06-20,1447.4500,1453.3900,1444.4200,1447.1000,612260000
1997-06-23,1444.8400,1451.0699,1433.3300,1434.3199,553910000
1997-06-24,1443.9301,1452.6801,1443.9301,1452.4301,630080000
1997-06-25,1453.8800,1467.2900,1439.1000,1446.2400,672870000
1997-06-26,1442.5000,1447.8199,1435.1000,1436.3800,612940000
1997-06-27,1441.2900,1444.9500,1436.3800,1438.1500,548480000
1997-06-30,1439.4700,1448.6801,1432.0699,1442.0699,637020000
1997-07-01,1442.6500,1444.1200,1432.4200,1438.2500,589030000
1997-07-02,1443.2400,1455.8000,1437.1500,1455.6100,622390000
1997-07-03,1464.0699,1469.3600,1464.0699,1467.6100,371760000
1997-07-07,1472.6100,1477.2500,1466.5699,1470.7400,546110000
1997-07-08,1471.4500,1485.1600,1469.9399,1485.1000,635390000
1997-07-09,1491.8400,1494.8900,1483.2100,1486.6300,707870000
1997-07-10,1485.6700,1491.9700,1476.2100,1490.9301,637320000
1997-07-11,1489.7100,1503.3101,1485.3101,1502.6200,651460000
1997-07-14,1506.9700,1523.8800,1506.9700,1523.8800,677580000
1997-07-15,1534.5699,1543.1899,1523.8800,1542.1100,726930000
1997-07-16,1561.4100,1581.4500,1561.4100,1580.6300,836200000
1997-07-17,1581.2500,1582.6300,1564.5699,1568.8500,750890000
1997-07-18,1559.5000,1559.5000,1535.7400,1547.9900,668550000
1997-07-21,1548.1000,1549.2300,1530.2300,1536.2300,535710000
1997-07-22,1539.0000,1564.0100,1538.5500,1563.8600,647960000
1997-07-23,1571.3300,1578.0300,1562.3700,1567.6500,693280000
1997-07-24,1565.8700,1571.0300,1553.2300,1569.1300,742100000
1997-07-25,1571.6899,1576.9500,1561.4200,1569.5800,666600000
1997-07-28,1573.0900,1574.1300,1560.5100,1563.5300,589500000
1997-07-29,1560.4700,1572.3199,1557.5601,1572.3199,632300000
1997-07-30,1573.1300,1589.8101,1570.7900,1588.0500,724950000
1997-07-31,1591.5601,1595.7600,1585.0900,1593.8101,677690000
1997-08-01,1594.6700,1599.0300,1580.5000,1594.3300,584020000
1997-08-04,1593.0900,1605.7400,1593.0900,1605.4500,593300000
1997-08-05,1610.2100,1621.7700,1587.2500,1621.5300,731870000
1997-08-06,1623.2400,1635.0300,1617.2100,1630.4399,780350000
1997-08-07,1637.1400,1638.2600,1623.8000,1624.1801,747460000
1997-08-08,1612.3700,1614.8600,1586.6000,1598.5200,691650000
1997-08-11,1599.1600,1601.0900,1570.5000,1586.7400,613980000
1997-08-12,1592.6500,1601.1500,1575.8900,1576.2400,637480000
1997-08-13,1594.2500,1597.4800,1571.5900,1583.4000,648370000
1997-08-14,1587.1200,1591.5699,1577.9500,1586.6899,575880000
1997-08-15,1583.2700,1583.2700,1561.8500,1562.0300,540240000
1997-08-18,1563.4500,1569.5300,1545.1300,1569.5200,545600000
1997-08-19,1579.3800,1600.7200,1579.3800,1600.7100,654020000
1997-08-20,1603.2900,1628.8101,1599.1100,1628.7000,713530000
1997-08-21,1626.8800,1628.8000,1605.8199,1607.3600,703630000
1997-08-22,1581.6801,1607.3600,1574.7700,1598.6899,628780000
1997-08-25,1601.1100,1610.9000,1596.3800,1601.5699,567740000
1997-08-26,1596.0400,1601.9399,1591.0400,1591.3000,664840000
1997-08-27,1593.7300,1598.2500,1583.1200,1595.5400,635430000
1997-08-28,1586.1000,1586.1000,1572.0900,1581.3199,664030000
1997-08-29,1580.0000,1591.3199,1578.9700,1587.3199,498240000
1997-09-02,1595.0699,1618.3800,1595.0699,1618.0900,583880000
1997-09-03,1619.9600,1629.4000,1616.4000,1618.2400,652520000
1997-09-04,1618.0000,1625.9900,1616.5500,1624.6300,669770000
1997-09-05,1633.0100,1639.9000,1633.0100,1635.7700,644380000
1997-09-08,1641.7200,1648.7000,1641.7200,1645.3500,648040000
1997-09-09,1646.5900,1659.3700,1645.0400,1656.2200,711410000
1997-09-10,1655.6700,1655.6700,1639.1600,1639.2500,724200000
1997-09-11,1635.3101,1640.8900,1620.5200,1639.8600,708040000
1997-09-12,1642.9800,1649.8900,1633.6500,1649.3300,690960000
1997-09-15,1649.7600,1654.7400,1634.7600,1634.9200,663570000
1997-09-16,1643.7900,1669.1801,1643.7900,1668.6000,745330000
1997-09-17,1673.6600,1675.6899,1662.5300,1666.4700,770020000
1997-09-18,1671.5699,1680.1801,1667.7100,1670.0200,718240000
1997-09-19,1668.8700,1680.3700,1666.9100,1680.3600,679860000
1997-09-22,1684.3101,1697.3199,1684.3101,1689.4500,703720000
1997-09-23,1691.9800,1697.3600,1686.3800,1697.3600,755210000
1997-09-24,1700.6899,1702.4900,1686.5200,1687.4100,784480000
1997-09-25,1685.7800,1688.8101,1675.5601,1678.8900,732460000
1997-09-26,1686.0000,1689.1801,1677.6899,1682.2400,678780000
1997-09-29,1685.3000,1695.5300,1680.6200,1694.9800,635550000
1997-09-30,1691.1801,1694.0100,1685.5100,1685.6899,779730000
1997-10-01,1690.7900,1696.6300,1680.7600,1690.3000,970680000
1997-10-02,1693.3400,1702.9301,1692.1100,1702.4100,704980000
1997-10-03,1718.1700,1726.5900,1706.2300,1715.8700,765240000
1997-10-06,1722.3900,1724.4700,1716.6000,1721.9100,715450000
1997-10-07,1725.8500,1739.8600,1725.8500,1737.2700,777300000
1997-10-08,1739.9100,1741.8101,1727.5800,1741.7700,786410000
1997-10-09,1734.9900,1748.7800,1731.3400,1745.8500,780590000
1997-10-10,1739.2000,1745.8500,1736.1100,1739.0300,707020000
1997-10-13,1744.8800,1747.8500,1739.0300,1742.1200,653120000
1997-10-14,1744.8300,1747.0500,1723.2800,1732.7900,749290000
1997-10-15,1715.3000,1732.7900,1713.9100,1723.3700,816140000
1997-10-16,1730.8500,1732.5300,1691.9200,1699.6600,833830000
1997-10-17,1699.6600,1699.6600,1645.8700,1666.8500,921830000
1997-10-20,1675.1600,1686.4500,1666.7800,1685.4500,683660000
1997-10-21,1699.7600,1712.9000,1699.7600,1712.5400,789340000
1997-10-22,1716.4900,1717.3000,1704.8300,1708.0800,774910000
1997-10-23,1708.0800,1708.0800,1662.9900,1671.2500,818880000
1997-10-24,1686.0699,1691.6000,1642.6899,1650.9200,936240000
1997-10-27,1650.9200,1650.9200,1531.5601,1532.7500,906360000
1997-10-28,1484.7200,1603.2200,1465.8400,1603.0200,1395000000
1997-10-29,1614.5900,1626.2400,1596.9399,1602.7500,900600000
1997-10-30,1572.8900,1596.2200,1564.6500,1570.4100,754110000
1997-10-31,1594.1200,1599.7100,1570.4100,1593.6100,710010000
1997-11-03,1609.6200,1630.1600,1609.6200,1629.9800,642760000
1997-11-04,1627.2400,1634.4900,1622.2100,1631.1500,631090000
1997-11-05,1639.9399,1644.4200,1634.1200,1637.3300,695500000
1997-11-06,1638.1400,1638.1400,1622.3600,1623.4399,629490000
1997-11-07,1597.2700,1623.4301,1587.3101,1602.4000,673200000
1997-11-10,1609.7700,1616.8199,1589.7600,1590.7200,589740000
1997-11-11,1594.4500,1596.1801,1580.5200,1584.8600,567560000
1997-11-12,1584.8600,1584.8600,1540.5900,1541.7100,706290000
1997-11-13,1554.7900,1559.2500,1508.4100,1559.2500,772650000
1997-11-14,1565.6801,1585.4399,1565.6801,1583.5100,705390000
1997-11-17,1601.9500,1631.4600,1583.4700,1614.1100,652880000
1997-11-18,1614.6700,1616.4200,1600.2000,1600.4399,575210000
1997-11-19,1596.2900,1603.1100,1594.0500,1601.2200,552580000
1997-11-20,1607.6600,1627.4800,1607.6600,1626.5601,687990000
1997-11-21,1636.5800,1654.4301,1616.3900,1620.7500,679100000
1997-11-24,1612.9399,1620.7500,1584.5601,1586.9900,556720000
1997-11-25,1593.3000,1596.5601,1580.2700,1589.0400,642000000
1997-11-26,1593.5699,1597.7900,1591.5500,1594.5000,517560000
1997-11-28,1595.8400,1604.2400,1595.8400,1600.5500,209930000
1997-12-01,1608.5601,1630.7200,1608.5601,1630.7200,610620000
1997-12-02,1625.4800,1625.4800,1605.1200,1606.3700,650360000
1997-12-03,1603.9900,1615.1400,1591.0500,1615.1300,717890000
1997-12-04,1621.7200,1624.6400,1610.6801,1613.4200,695120000
1997-12-05,1608.0300,1633.9100,1606.9200,1633.9000,663220000
1997-12-08,1639.3900,1652.8400,1639.0000,1651.5400,634420000
1997-12-09,1636.9700,1636.9700,1619.8300,1620.5500,802080000
1997-12-10,1611.8800,1621.1899,1585.1500,1596.6100,741630000
1997-12-11,1577.5500,1596.6000,1550.7600,1558.5400,823740000
1997-12-12,1564.0601,1567.8199,1533.6200,1536.5800,760430000
1997-12-15,1540.4100,1542.7200,1515.6899,1536.5601,792570000
1997-12-16,1541.2500,1561.1801,1539.0699,1553.0000,784930000
1997-12-17,1563.5300,1568.5400,1546.5601,1547.3700,757460000
1997-12-18,1548.6700,1549.5500,1516.4100,1523.1899,740420000
1997-12-19,1506.8600,1525.8800,1486.5100,1524.7400,794540000
1997-12-22,1533.4600,1544.4500,1526.8199,1532.0601,627100000
1997-12-23,1531.6000,1533.1100,1509.2500,1509.9100,614300000
1997-12-24,1516.6600,1518.2100,1497.6700,1499.5300,312170000
1997-12-26,1501.1500,1511.3800,1501.1500,1511.3800,204700000
1997-12-29,1521.7900,1537.4900,1521.7900,1537.4500,645090000
1997-12-30,1539.5500,1565.4800,1539.5500,1565.0300,758360000
1997-12-31,1565.8700,1580.7300,1560.9399,1570.3500,795460000
1998-01-02,1574.1000,1581.5300,1563.7700,1581.5300,434140000
1998-01-05,1585.7700,1602.5100,1582.9900,1594.1200,681560000
1998-01-06,1588.0699,1594.1200,1576.2600,1580.1400,635700000
1998-01-07,1574.0100,1580.1400,1547.5200,1561.7000,691340000
1998-01-08,1555.9100,1566.5601,1550.7000,1555.5400,645050000
1998-01-09,1555.5400,1555.6600,1497.3700,1503.2200,813460000
1998-01-12,1482.0100,1507.7200,1465.6100,1507.5800,698330000
1998-01-13,1519.6200,1542.1801,1519.6200,1541.6300,742030000
1998-01-14,1549.8000,1550.7100,1535.9800,1548.7600,691680000
1998-01-15,1545.8199,1554.8500,1541.2900,1547.0601,659450000
1998-01-16,1557.6899,1564.9600,1557.6899,1562.8800,701230000
1998-01-20,1567.8000,1590.1400,1567.8000,1590.1400,715490000
1998-01-21,1583.4000,1590.4800,1578.4301,1587.9200,716850000
1998-01-22,1577.8800,1585.0500,1573.2800,1576.5100,660500000
1998-01-23,1582.5200,1584.9500,1568.1801,1575.9301,647390000
1998-01-26,1578.3300,1579.3101,1556.9100,1561.4600,588240000
1998-01-27,1562.2300,1580.0400,1559.2600,1578.9000,680550000
1998-01-28,1586.4900,1611.5000,1586.4900,1610.8199,777610000
1998-01-29,1609.0800,1629.5400,1608.3500,1619.4900,827970000
1998-01-30,1624.5300,1628.2000,1615.4200,1619.3600,729510000
1998-02-02,1640.0601,1653.9399,1640.0601,1652.8900,808120000
1998-02-03,1654.2300,1666.5400,1649.3101,1666.3400,764140000
1998-02-04,1663.4600,1681.1700,1661.1100,1680.4399,820450000
1998-02-05,1692.2200,1701.2000,1675.1000,1676.9000,865990000
1998-02-06,1675.5100,1694.5601,1675.4000,1694.3500,753820000
1998-02-09,1699.9200,1701.5800,1686.2100,1690.4301,688620000
1998-02-10,1692.2900,1713.5400,1692.1100,1709.0400,835560000
1998-02-11,1708.9900,1714.1500,1703.7800,1708.5500,760090000
1998-02-12,1702.8900,1714.6200,1692.3700,1714.3400,769560000
1998-02-13,1709.4000,1715.1100,1707.6000,1710.4200,683180000
1998-02-17,1721.0200,1723.4000,1700.9100,1703.4301,691970000
1998-02-18,1702.7900,1715.7400,1701.3600,1715.7300,687480000
1998-02-19,1723.9000,1730.8800,1717.4700,1727.0100,738870000
1998-02-20,1731.8400,1731.8400,1713.8400,1728.1300,745760000
1998-02-23,1744.2100,1751.7600,1735.5699,1751.7600,731710000
1998-02-24,1755.7500,1757.9600,1738.7100,1738.7100,774920000
1998-02-25,1746.8400,1766.6600,1746.7300,1766.4800,845060000
1998-02-26,1766.7100,1777.1300,1763.8600,1777.1100,782680000
1998-02-27,1778.0200,1783.7400,1769.9900,1770.5100,816160000
1998-03-02,1778.7200,1781.0699,1756.9399,1758.5400,747030000
1998-03-03,1748.9600,1757.1801,1741.1500,1757.1400,783120000
1998-03-04,1750.4800,1762.3199,1748.5699,1759.7000,731200000
1998-03-05,1714.5900,1714.5900,1708.4800,1711.9200,874260000
1998-03-06,1722.5900,1753.4900,1722.5900,1753.4900,791520000
1998-03-09,1747.9399,1747.9399,1725.1600,1725.1600,739340000
1998-03-10,1741.5800,1748.6600,1741.5800,1748.5100,799920000
1998-03-11,1756.0300,1763.4000,1756.0300,1756.8500,838450000
1998-03-12,1763.7100,1766.2300,1749.7800,1764.0601,756150000
1998-03-13,1775.0100,1780.9000,1768.6200,1771.6600,752290000
1998-03-16,1779.4100,1788.4000,1779.4100,1788.1801,690210000
1998-03-17,1787.9399,1788.8101,1769.9301,1779.3000,799940000
1998-03-18,1772.7400,1788.7400,1768.7800,1788.2800,757120000
1998-03-19,1789.5500,1799.9800,1789.5500,1799.9800,789290000
1998-03-20,1803.2800,1807.0300,1788.8600,1789.1600,756320000
1998-03-23,1784.9500,1798.3199,1783.1899,1792.5100,731510000
1998-03-24,1796.8400,1813.4500,1796.8400,1812.4399,803810000
1998-03-25,1837.6200,1840.8300,1812.7600,1824.5100,871650000
1998-03-26,1822.2400,1832.6000,1816.0200,1828.5400,725070000
1998-03-27,1837.1100,1839.7600,1818.4800,1823.6200,738420000
1998-03-30,1823.7900,1826.6300,1814.4100,1818.7000,655780000
1998-03-31,1823.4800,1839.7700,1818.6100,1835.6801,841000000
1998-04-01,1838.1500,1848.9500,1826.1200,1847.6600,835580000
1998-04-02,1847.9600,1858.2100,1845.7200,1852.9600,918090000
1998-04-03,1857.3500,1865.8000,1850.6300,1855.4000,863080000
1998-04-06,1859.2400,1861.1200,1828.7200,1829.1400,761070000
1998-04-07,1823.5400,1823.5400,1788.7400,1798.7100,776480000
1998-04-08,1801.1100,1816.3300,1798.3500,1807.0100,719600000
1998-04-09,1814.5100,1821.7500,1814.4399,1820.2400,755840000
1998-04-13,1824.0699,1826.9800,1810.2600,1824.9500,631850000
1998-04-14,1825.4000,1844.7600,1825.4000,1843.0300,777690000
1998-04-15,1852.8900,1866.9200,1852.8900,1863.2600,901950000
1998-04-16,1857.2700,1863.3400,1849.1000,1858.2400,854830000
1998-04-17,1854.5000,1866.8300,1849.5800,1866.6000,811930000
1998-04-20,1869.0100,1888.0000,1869.0100,1887.1400,808730000
1998-04-21,1894.9900,1904.1801,1882.7000,1903.8700,938570000
1998-04-22,1907.4600,1931.8300,1907.4600,1917.6100,1026050000
1998-04-23,1913.1400,1913.1400,1880.1700,1881.3900,891510000
1998-04-24,1878.5699,1891.7300,1860.2600,1868.9600,806250000
1998-04-27,1868.9600,1868.9600,1804.1400,1820.3101,796370000
1998-04-28,1842.4900,1848.8900,1820.3000,1831.7700,782220000
1998-04-29,1837.1700,1854.2300,1837.1700,1851.6400,792740000
1998-04-30,1868.1200,1874.4600,1868.1200,1868.4100,842050000
1998-05-01,1871.8101,1875.5200,1864.4399,1873.4399,774600000
1998-05-04,1880.1200,1890.8000,1873.4301,1878.8600,770840000
1998-05-05,1876.2600,1876.2600,1862.9200,1864.9100,767370000
1998-05-06,1872.5900,1874.1100,1855.6000,1856.6801,752820000
1998-05-07,1858.4100,1859.5699,1835.0900,1835.1400,716270000
1998-05-08,1832.1700,1864.7100,1832.1700,1864.3700,718440000
1998-05-11,1870.0100,1877.6500,1847.9800,1848.0699,723610000
1998-05-12,1847.4399,1860.1600,1839.2100,1860.1600,735840000
1998-05-13,1869.8500,1871.7700,1866.1801,1866.1801,783840000
1998-05-14,1857.7700,1878.5000,1854.2100,1865.3600,741310000
1998-05-15,1869.3600,1870.7500,1844.7200,1846.7700,755970000
1998-05-18,1838.5300,1850.6300,1822.5601,1831.6200,685930000
1998-05-19,1840.6200,1849.5500,1840.6200,1845.8700,678040000
1998-05-20,1850.1600,1852.2700,1827.4900,1831.7500,674390000
1998-05-21,1834.4900,1840.7600,1817.8900,1820.9900,681880000
1998-05-22,1810.8199,1834.2400,1801.6200,1805.0000,637350000
1998-05-26,1813.5300,1817.9200,1777.6801,1778.0900,676260000
1998-05-27,1759.6300,1781.3000,1742.0500,1781.1000,793890000
1998-05-28,1782.7500,1796.7300,1775.4301,1794.6200,644880000
1998-05-29,1800.3300,1803.0699,1778.0900,1778.8700,664240000
1998-06-01,1770.3700,1779.3400,1741.1000,1746.8199,645550000
1998-06-02,1757.9200,1764.8400,1746.8199,1761.7900,701070000
1998-06-03,1771.1899,1774.5800,1742.0100,1742.3101,727000000
1998-06-04,1753.3300,1769.9500,1753.3300,1769.9500,725200000
1998-06-05,1772.9000,1782.9200,1766.3101,1782.9200,679590000
1998-06-08,1783.4700,1791.5400,1778.5400,1787.7700,610090000
1998-06-09,1787.6600,1801.0400,1786.9100,1800.7600,709090000
1998-06-10,1791.2500,1797.2000,1773.2500,1773.2500,707460000
1998-06-11,1776.6100,1779.8800,1747.5100,1749.7500,718210000
1998-06-12,1748.4600,1748.4600,1715.7100,1745.0500,745640000
1998-06-15,1726.5699,1745.0500,1715.0400,1715.7500,629030000
1998-06-16,1728.7400,1753.3101,1715.7500,1753.1200,680420000
1998-06-17,1762.1899,1787.0601,1762.1899,1776.4000,830790000
1998-06-18,1776.3500,1778.4500,1767.9500,1772.7000,721700000
1998-06-19,1783.6300,1785.2500,1773.9000,1781.2900,712690000
1998-06-22,1782.5601,1807.5601,1777.2300,1805.8199,645910000
1998-06-23,1813.2400,1844.5800,1806.3500,1844.5699,807790000
1998-06-24,1858.3600,1878.5601,1837.1600,1877.7600,927390000
1998-06-25,1886.3300,1894.7100,1860.4000,1863.2500,838580000
1998-06-26,1865.3500,1872.2300,1862.7500,1869.5300,614630000
1998-06-29,1880.5900,1891.6700,1880.5900,1891.0800,659280000
1998-06-30,1882.7300,1898.6200,1878.8700,1894.7400,862200000
1998-07-01,1904.2400,1914.4600,1893.0601,1914.4600,857360000
1998-07-02,1908.7500,1908.9600,1891.1000,1894.0000,793330000
1998-07-06,1898.6300,1909.8700,1893.3101,1909.4700,691810000
1998-07-07,1912.2600,1912.2600,1897.3400,1908.1100,806450000
1998-07-08,1909.4100,1935.9000,1906.6100,1935.3900,841820000
1998-07-09,1935.5500,1951.0699,1931.9900,1939.8199,844840000
1998-07-10,1938.9600,1943.8900,1925.1200,1943.0400,709610000
1998-07-13,1948.3199,1965.7200,1946.6300,1965.5300,776950000
1998-07-14,1972.6899,1979.6400,1963.6200,1968.4100,843960000
1998-07-15,1974.5601,1994.9900,1926.4399,1994.5400,920300000
1998-07-16,2000.9000,2004.9200,1982.4800,2000.5601,904820000
1998-07-17,2005.5800,2010.6100,1994.4000,2008.7600,798320000
1998-07-20,2013.4800,2022.4000,2006.3300,2014.2500,722060000
1998-07-21,2018.4600,2028.1801,1977.6200,1979.1400,854220000
1998-07-22,1969.1000,1980.4200,1950.7700,1969.7500,828750000
1998-07-23,1970.8300,1981.0500,1935.2200,1935.2200,868000000
1998-07-24,1947.8600,1974.3300,1909.5601,1930.9900,805610000
1998-07-27,1916.3101,1933.3000,1887.4800,1933.2600,715580000
1998-07-28,1931.8300,1937.9301,1893.3400,1896.5300,803040000
1998-07-29,1908.2700,1915.0400,1878.1600,1881.4900,730540000
1998-07-30,1897.0300,1919.6400,1890.1400,1919.5800,739540000
1998-07-31,1920.0900,1920.6600,1871.7200,1872.3900,740540000
1998-08-03,1869.7200,1870.6500,1849.8700,1851.1000,655140000
1998-08-04,1863.7700,1869.8199,1784.4000,1785.6400,914990000
1998-08-05,1790.1500,1804.6000,1750.8101,1788.2000,902440000
1998-08-06,1777.8800,1829.5100,1776.8199,1829.5100,782280000
1998-08-07,1842.4800,1864.9000,1838.0601,1846.7700,810860000
1998-08-10,1847.2100,1850.1000,1834.8800,1839.2100,547010000
1998-08-11,1801.6700,1801.6700,1775.2400,1792.7000,732920000
1998-08-12,1809.6700,1826.4900,1809.6700,1825.5300,713640000
1998-08-13,1820.5300,1831.4900,1802.4399,1802.5400,636440000
1998-08-14,1815.7400,1818.0000,1782.3700,1790.1899,669100000
1998-08-17,1784.9100,1818.1200,1778.5500,1818.0400,626440000
1998-08-18,1826.8800,1858.2200,1826.8800,1855.1200,751830000
1998-08-19,1872.3800,1874.3101,1840.7700,1842.6899,735600000
1998-08-20,1835.1200,1843.2000,1828.9301,1832.4500,651590000
1998-08-21,1816.4800,1816.4800,1767.1100,1797.6100,785140000
1998-08-24,1803.7700,1815.2400,1787.9500,1790.8199,588240000
1998-08-25,1807.1200,1818.0300,1786.7500,1798.1700,688040000
1998-08-26,1776.9100,1783.4900,1762.4200,1768.1300,685860000
1998-08-27,1742.1300,1742.1300,1673.6100,1686.4100,959260000
1998-08-28,1690.0699,1699.2100,1624.0000,1639.6801,905540000
1998-08-31,1646.7500,1655.1899,1498.7300,1499.2500,1003780000
1998-09-01,1509.0100,1577.5100,1475.4900,1575.0900,1258680000
1998-09-02,1590.0200,1627.0900,1590.0200,1592.8500,938300000
1998-09-03,1572.4399,1594.5500,1552.2700,1571.8600,752250000
1998-09-04,1586.3300,1593.9200,1543.8600,1566.5200,623410000
1998-09-08,1566.5200,1660.9200,1566.5200,1660.8600,780330000
1998-09-09,1658.5000,1680.7100,1624.5500,1624.5500,695170000
1998-09-10,1624.5400,1624.5400,1568.2300,1585.3300,762920000
1998-09-11,1599.8000,1642.0800,1585.2800,1641.6400,706720000
1998-09-14,1660.3101,1677.9000,1641.6400,1665.6899,686720000
1998-09-15,1658.6500,1678.2400,1651.9100,1678.1100,664830000
1998-09-16,1684.0300,1693.8000,1672.3199,1689.9100,716800000
1998-09-17,1646.1899,1689.9100,1637.0500,1646.2500,683670000
1998-09-18,1658.0800,1664.6200,1644.4600,1663.7700,647160000
1998-09-21,1630.1100,1680.4301,1615.3300,1680.4301,548670000
1998-09-22,1693.5300,1702.9399,1680.4301,1697.8000,755180000
1998-09-23,1711.6700,1760.3500,1697.8101,1760.2700,932780000
1998-09-24,1753.1899,1768.3600,1713.7700,1720.3400,814080000
1998-09-25,1705.4900,1744.0601,1697.6400,1743.5900,700230000
1998-09-28,1757.9000,1769.7100,1725.6500,1739.2200,696680000
1998-09-29,1745.4000,1750.1000,1719.9500,1734.0500,781710000
1998-09-30,1716.7100,1734.0500,1686.1000,1693.8400,737760000
1998-10-01,1663.3000,1693.8400,1606.6100,1612.3300,856960000
1998-10-02,1609.4500,1623.4200,1569.0601,1614.9800,871450000
1998-10-05,1591.1700,1614.9800,1511.1500,1536.6899,877180000
1998-10-06,1570.5000,1577.8700,1500.6000,1510.8900,887180000
1998-10-07,1504.5800,1523.0300,1449.0601,1462.6100,940230000
1998-10-08,1420.9399,1462.6000,1343.8700,1419.1200,1209510000
1998-10-09,1447.3400,1493.5400,1419.1100,1492.4900,892830000
1998-10-12,1528.4900,1560.2500,1492.4900,1546.0800,764820000
1998-10-13,1541.1300,1547.0500,1504.7000,1509.4500,663540000
1998-10-14,1502.1801,1553.0000,1496.5900,1540.9700,750050000
1998-10-15,1541.8000,1611.4301,1538.5900,1611.0100,841670000
1998-10-16,1625.2400,1634.7400,1611.0200,1620.9500,977090000
1998-10-19,1618.1400,1649.5400,1613.8500,1648.7300,840920000
1998-10-20,1661.8300,1688.1600,1638.5300,1639.1899,1087340000
1998-10-21,1657.7500,1675.4000,1635.5900,1674.7500,831480000
1998-10-22,1672.0300,1702.7300,1659.6700,1702.6400,894000000
1998-10-23,1699.1899,1710.6500,1690.3101,1693.8600,826670000
1998-10-26,1706.1801,1725.3400,1693.8600,1724.9800,815570000
1998-10-27,1740.8400,1769.0400,1717.2200,1717.6300,965910000
1998-10-28,1710.2800,1738.3700,1708.4000,1737.3500,783820000
1998-10-29,1734.9600,1758.1400,1729.2900,1757.1899,899640000
1998-10-30,1768.7000,1781.6300,1766.0500,1771.3900,920010000
1998-11-02,1783.7100,1801.2700,1771.4000,1800.9100,889150000
1998-11-03,1798.2800,1800.9200,1779.3800,1788.4301,889000000
1998-11-04,1807.8800,1828.4399,1788.2100,1823.5699,1050450000
1998-11-05,1812.6899,1838.5000,1808.0800,1837.1000,918930000
1998-11-06,1834.8000,1857.9500,1833.7500,1856.5601,937630000
1998-11-09,1857.6500,1867.5000,1843.9800,1861.0500,845730000
1998-11-10,1859.2300,1875.5699,1847.0100,1865.6200,910480000
1998-11-11,1888.2200,1892.5400,1859.3600,1862.1100,935350000
1998-11-12,1853.2400,1862.1100,1843.5400,1851.0601,804300000
1998-11-13,1843.6700,1859.9700,1842.5200,1847.9900,804340000
1998-11-16,1868.4399,1877.8500,1844.0699,1861.6801,754180000
1998-11-17,1857.6000,1887.5300,1845.8101,1878.5200,823450000
1998-11-18,1878.2600,1898.2400,1848.1899,1897.4399,899110000
1998-11-19,1904.0000,1930.3400,1897.4200,1919.6801,981680000
1998-11-20,1935.6500,1936.1000,1915.7500,1928.2100,871040000
1998-11-23,1937.8199,1977.8101,1928.2000,1977.4200,951040000
1998-11-24,1972.9100,1988.4500,1965.3800,1965.8800,996810000
1998-11-25,1973.6400,1985.2100,1957.9800,1985.2100,815540000
1998-11-27,1994.9100,2016.5200,1985.2100,2016.4399,512930000
1998-11-30,2023.6600,2025.0400,1949.5400,1949.5400,1106520000
1998-12-01,1928.5100,2003.8800,1924.1500,2003.7500,1026050000
1998-12-02,1995.9600,2005.7900,1973.2000,1995.2100,982390000
1998-12-03,1995.2900,2012.7900,1954.3101,1954.3300,1040490000
1998-12-04,1984.3900,2003.1600,1975.0601,2003.1600,890580000
1998-12-07,2009.9800,2040.8800,2007.3500,2040.6400,810730000
1998-12-08,2042.6000,2060.9800,2018.1500,2034.7500,918890000
1998-12-09,2045.1600,2052.7100,2031.8800,2050.4199,855750000
1998-12-10,2051.5901,2058.3701,2015.7200,2015.9600,870690000
1998-12-11,2012.8700,2035.0300,2004.9900,2029.3101,783340000
1998-12-14,2013.4301,2029.3600,1962.0601,1966.9200,742440000
1998-12-15,1984.9100,2012.6500,1981.2600,2012.6000,766690000
1998-12-16,2023.3199,2027.1899,1996.8400,2009.3600,840980000
1998-12-17,2014.7800,2043.8900,2014.7800,2043.8800,791620000
1998-12-18,2057.7700,2086.1399,2055.8301,2086.1399,901530000
1998-12-21,2107.2400,2143.8101,2104.1899,2138.0300,958380000
1998-12-22,2144.2200,2144.6101,2105.5400,2120.9800,906740000
1998-12-23,2149.2800,2172.5701,2134.2600,2172.5400,965290000
1998-12-24,2171.3000,2171.3000,2162.6699,2163.0400,443630000
1998-12-28,2178.2400,2190.1101,2163.0400,2180.3000,861880000
1998-12-29,2184.4299,2186.1499,2161.8301,2181.7700,911180000
1998-12-30,2181.3401,2196.6399,2160.9299,2166.9500,919770000
1998-12-31,2169.3799,2200.6299,2165.7400,2192.6899,886630000
1999-01-04,2207.5400,2233.5701,2192.6799,2208.0500,936660000
1999-01-05,2207.7500,2251.7700,2206.4900,2251.2700,948350000
1999-01-06,2286.1299,2320.9500,2286.1299,2320.8601,1252650000
1999-01-07,2293.2700,2333.7000,2284.2400,2326.0901,1200900000
1999-01-08,2363.8000,2369.5500,2314.9500,2344.4099,1286690000
1999-01-11,2373.9700,2384.7200,2348.2400,2384.5901,1140930000
1999-01-12,2395.8999,2396.3000,2320.2100,2320.7500,1107300000
1999-01-13,2222.2800,2353.3301,2205.6899,2316.8101,1195470000
1999-01-14,2337.3101,2338.2900,2276.3601,2276.8201,1012270000
1999-01-15,2292.3000,2348.7200,2276.8201,2348.2000,1001160000
1999-01-19,2390.9299,2408.4299,2348.2000,2408.1699,1057490000
1999-01-20,2451.4299,2474.3799,2414.8101,2415.4900,1280980000
1999-01-21,2403.5200,2403.5200,2335.7500,2344.7200,1083860000
1999-01-22,2309.3401,2365.1101,2303.8201,2338.8799,1014740000
1999-01-25,2363.4800,2369.6899,2328.7400,2369.3101,870960000
1999-01-26,2388.9700,2434.3701,2384.6299,2433.4099,1030160000
1999-01-27,2455.2500,2464.1201,2406.7800,2407.1399,1034480000
1999-01-28,2442.5200,2477.4700,2407.1399,2477.3401,1013890000
1999-01-29,2486.2800,2506.6799,2454.7100,2505.8899,1057120000
1999-02-01,2522.3799,2533.4399,2500.3501,2510.0901,957110000
1999-02-02,2512.1201,2512.1201,2442.9299,2463.4199,963710000
1999-02-03,2453.2300,2493.5801,2448.5500,2493.4099,1057010000
1999-02-04,2496.4900,2496.5200,2409.9900,2410.0701,1099190000
1999-02-05,2419.9299,2421.4299,2346.8201,2373.6201,1013740000
1999-02-08,2405.3101,2414.9800,2358.0500,2404.9199,881780000
1999-02-09,2403.9500,2403.9500,2310.6399,2310.7900,909780000
1999-02-10,2304.2500,2338.1499,2289.8999,2309.5000,915620000
1999-02-11,2339.0200,2405.7600,2326.1899,2405.5500,961760000
1999-02-12,2375.9900,2379.0000,2319.7400,2321.8899,837560000
1999-02-16,2361.2200,2368.4099,2300.5200,2313.8701,819240000
1999-02-17,2277.5801,2304.7200,2242.2700,2248.9099,902780000
1999-02-18,2269.0300,2273.0801,2224.2100,2260.5500,859910000
1999-02-19,2276.6101,2291.4099,2260.5500,2283.6001,813480000
1999-02-22,2293.3301,2342.4099,2275.6001,2342.0100,843510000
1999-02-23,2360.6799,2386.4800,2342.0100,2376.3501,912110000
1999-02-24,2389.7500,2405.2900,2338.8999,2339.3799,931090000
1999-02-25,2329.3899,2339.3799,2286.9099,2326.8201,858700000
1999-02-26,2320.4900,2326.8201,2277.1799,2288.0300,901170000
1999-03-01,2286.8301,2300.8201,2264.3201,2295.1799,770800000
1999-03-02,2303.6201,2317.5701,2257.0701,2259.0300,894020000
1999-03-03,2274.0400,2280.9700,2235.1899,2265.2000,864380000
1999-03-04,2286.2900,2311.1799,2250.6299,2292.8899,889430000
1999-03-05,2329.5801,2339.2100,2292.8899,2337.1101,859200000
1999-03-08,2357.3201,2398.1899,2353.7400,2397.6201,970750000
1999-03-09,2396.5200,2433.3701,2385.5200,2392.9399,1032900000
1999-03-10,2407.1001,2408.9500,2378.8101,2406.0000,936670000
1999-03-11,2419.1201,2437.3899,2391.5500,2412.2500,1033580000
1999-03-12,2411.4800,2412.2500,2362.8701,2381.5300,918410000
1999-03-15,2392.5400,2431.4500,2375.8301,2431.4399,851480000
1999-03-16,2437.9800,2450.0100,2423.8101,2439.2700,977210000
1999-03-17,2440.2200,2441.7200,2419.8501,2428.9700,854320000
1999-03-18,2425.3601,2463.0100,2423.5400,2462.9600,937430000
1999-03-19,2480.3899,2480.6299,2420.2100,2421.2700,1054880000
1999-03-22,2428.3899,2430.8501,2395.2900,2395.9399,874200000
1999-03-23,2388.0400,2395.9399,2319.9600,2322.8401,976000000
1999-03-24,2326.6299,2365.3501,2305.6399,2365.2800,856520000
1999-03-25,2399.7200,2434.8899,2399.7200,2434.8000,939490000
1999-03-26,2425.0500,2445.7200,2410.4600,2419.1699,831140000
1999-03-29,2442.5901,2492.8401,2419.1699,2492.8401,876200000
1999-03-30,2492.1699,2506.7900,2477.6201,2480.2900,896110000
1999-03-31,2508.3401,2520.6299,2458.7700,2461.3999,1101200000
1999-04-01,2493.0701,2502.4600,2460.2400,2493.3701,848680000
1999-04-05,2523.9800,2560.1001,2515.7000,2560.0601,977920000
1999-04-06,2555.4800,2582.3701,2544.0400,2563.1699,1113990000
1999-04-07,2594.7800,2596.2500,2511.3899,2544.4299,1272750000
1999-04-08,2553.4500,2573.9700,2514.2700,2573.3899,1145880000
1999-04-09,2574.9800,2599.2000,2561.5100,2593.0500,1091380000
1999-04-12,2530.9900,2606.2400,2526.8401,2598.8101,1143330000
1999-04-13,2626.8501,2632.5100,2575.0500,2583.5000,1341700000
1999-04-14,2621.5200,2628.1899,2507.2800,2507.2800,1416190000
1999-04-15,2535.1899,2536.3401,2443.0200,2521.7700,1233960000
1999-04-16,2528.5100,2528.5100,2476.9299,2484.0400,1027070000
1999-04-19,2501.7100,2501.7100,2341.3501,2345.6101,1200990000
1999-04-20,2355.2600,2409.7800,2329.8701,2409.6399,1143740000
1999-04-21,2428.8899,2489.8401,2404.7100,2489.0801,1125280000
1999-04-22,2551.1299,2561.7900,2525.2600,2561.6101,1110460000
1999-04-23,2563.8701,2603.1001,2538.0000,2590.6899,1049670000
1999-04-26,2617.0901,2661.5100,2615.7300,2652.0500,1050470000
1999-04-27,2671.5701,2677.7600,2602.1299,2602.4099,1132010000
1999-04-28,2601.1299,2610.9099,2544.8999,2550.3701,1000820000
1999-04-29,2544.9299,2553.1001,2500.7500,2528.4399,1005650000
1999-04-30,2565.8701,2578.0601,2488.3999,2542.8601,994460000
1999-05-03,2546.3301,2549.1001,2512.3701,2535.5801,866010000
1999-05-04,2535.8101,2557.2100,2482.4900,2485.1201,921730000
1999-05-05,2498.1499,2534.4500,2430.6499,2534.4500,1038730000
1999-05-06,2532.4099,2546.3601,2464.5701,2472.2800,909640000
1999-05-07,2499.5300,2507.7200,2462.2700,2503.6201,867050000
1999-05-10,2516.8401,2536.1101,2500.7400,2526.3899,831130000
1999-05-11,2553.0200,2574.3701,2542.4199,2566.6799,954690000
1999-05-12,2584.5701,2610.3301,2548.2400,2606.5400,1032500000
1999-05-13,2621.7400,2632.7400,2581.7500,2582.0000,1069560000
1999-05-14,2549.3301,2558.5901,2519.5300,2527.8601,936350000
1999-05-17,2517.2600,2561.8501,2494.5100,2561.8401,787680000
1999-05-18,2569.5901,2576.4299,2543.3201,2558.3601,862100000
1999-05-19,2568.4399,2577.9299,2540.3799,2577.3999,964350000
1999-05-20,2585.4600,2587.3301,2542.2300,2542.2300,1004770000
1999-05-21,2551.4199,2553.7600,2509.2400,2520.1399,889330000
1999-05-24,2529.3000,2529.3000,2444.8899,2453.6599,919880000
1999-05-25,2454.6299,2466.1699,2379.6101,2380.8999,1048510000
1999-05-26,2407.8601,2427.1799,2339.1201,2427.1799,1099420000
1999-05-27,2421.1001,2440.0801,2400.9399,2419.1499,834390000
1999-05-28,2427.8301,2470.6399,2412.1101,2470.5200,681570000
1999-06-01,2467.5100,2470.5300,2411.9700,2412.0300,743680000
1999-06-02,2411.3201,2436.5701,2364.5901,2432.4099,895580000
1999-06-03,2440.7500,2444.0400,2402.2900,2403.3201,819310000
1999-06-04,2419.4600,2478.3401,2419.4600,2478.3401,885690000
1999-06-07,2490.8301,2528.0500,2478.3401,2524.2100,874770000
1999-06-08,2526.1101,2534.4800,2472.0500,2474.5601,847720000
1999-06-09,2495.1201,2519.5701,2491.7100,2519.3501,841720000
1999-06-10,2504.2400,2523.4900,2468.5801,2484.6201,796410000
1999-06-11,2495.5901,2506.1899,2442.8701,2447.8799,755120000
1999-06-14,2453.2300,2456.1699,2397.1201,2398.3101,835470000
1999-06-15,2403.4700,2434.5200,2397.3999,2414.6699,837020000
1999-06-16,2465.0100,2517.8501,2414.6599,2517.8301,1026530000
1999-06-17,2500.3501,2549.9900,2494.2800,2544.1499,892380000
1999-06-18,2524.8101,2564.4399,2524.8101,2563.4399,978110000
1999-06-21,2578.2000,2630.2800,2563.4399,2630.2800,903880000
1999-06-22,2618.3401,2642.3601,2580.2600,2580.2600,1002260000
1999-06-23,2569.3999,2598.1299,2557.4600,2598.1201,950570000
1999-06-24,2596.7100,2598.1299,2550.1399,2553.9900,911730000
1999-06-25,2573.0000,2587.1499,2542.3601,2552.6499,767890000
1999-06-28,2568.4700,2602.4500,2554.9500,2602.4399,761900000
1999-06-29,2602.9800,2642.1101,2594.3201,2642.1101,952190000
1999-06-30,2639.7900,2696.8701,2621.0601,2686.1201,1328060000
1999-07-01,2692.9600,2711.7600,2658.2600,2706.1799,1093090000
1999-07-02,2712.8999,2741.0200,2711.8799,2741.0200,850020000
1999-07-06,2760.0100,2787.1699,2733.6299,2736.7800,1135620000
1999-07-07,2742.3301,2748.8201,2724.3701,2743.0400,1033750000
1999-07-08,2744.4800,2775.5200,2731.1201,2771.8601,1048380000
1999-07-09,2785.3401,2793.2600,2767.3701,2793.0701,927180000
1999-07-12,2805.0801,2812.3501,2774.7700,2790.4399,981370000
1999-07-13,2768.8201,2782.2500,2755.8401,2778.2300,995390000
1999-07-14,2796.6201,2818.1399,2771.2100,2818.1299,1071090000
1999-07-15,2828.6101,2840.0300,2813.5200,2839.3701,1119320000
1999-07-16,2851.5200,2871.8999,2839.3701,2864.4800,1052960000
1999-07-19,2874.6101,2874.9199,2829.8899,2830.2900,945950000
1999-07-20,2806.3701,2806.3701,2728.8101,2732.1799,1081290000
1999-07-21,2742.8301,2769.6001,2728.3701,2761.7700,1019080000
1999-07-22,2749.0500,2749.0500,2679.3501,2684.4399,1038620000
1999-07-23,2700.8601,2708.8701,2668.4299,2692.3999,922040000
1999-07-26,2656.3000,2666.6599,2619.0801,2619.1899,843850000
1999-07-27,2658.2600,2685.0400,2650.1799,2679.3301,997520000
1999-07-28,2684.0400,2709.7600,2660.6201,2705.8401,964880000
1999-07-29,2663.9600,2705.8401,2627.8000,2640.0100,917000000
1999-07-30,2657.8301,2676.4500,2631.8701,2638.4900,877260000
1999-08-02,2638.3101,2670.8101,2617.2200,2623.6299,754220000
1999-08-03,2647.8101,2649.2100,2564.2500,2587.9900,1013500000
1999-08-04,2590.2000,2604.1101,2538.8799,2540.0000,964170000
1999-08-05,2539.2400,2565.8301,2474.4099,2565.8301,1167110000
1999-08-06,2552.0300,2592.3301,2535.6299,2547.9700,813730000
1999-08-09,2562.0500,2563.7200,2517.4600,2518.9800,748210000
1999-08-10,2513.1399,2521.6499,2442.2200,2490.1101,978230000
1999-08-11,2532.5400,2565.1499,2490.1101,2564.9800,911460000
1999-08-12,2567.2100,2586.1001,2548.5100,2549.4900,916770000
1999-08-13,2590.1699,2637.8201,2590.1699,2637.8101,934220000
1999-08-16,2644.6699,2661.1499,2623.0500,2645.2800,781570000
1999-08-17,2674.4700,2680.0000,2631.3401,2671.2300,898390000
1999-08-18,2671.1299,2683.1499,2657.3899,2657.7300,1045290000
1999-08-19,2637.7400,2657.7400,2612.2800,2621.4299,868280000
1999-08-20,2635.0500,2648.4099,2620.2100,2648.3301,795140000
1999-08-23,2670.7000,2719.9099,2648.3301,2719.5701,915630000
1999-08-24,2708.8000,2777.0000,2708.0601,2752.3701,1032160000
1999-08-25,2772.8201,2810.1001,2750.7200,2805.6001,1035950000
1999-08-26,2808.4199,2819.8999,2774.1101,2774.6201,1100060000
1999-08-27,2792.4700,2795.1799,2752.4800,2758.8999,806090000
1999-08-30,2763.8301,2769.0701,2703.1001,2712.6899,795940000
1999-08-31,2717.2600,2739.8999,2671.6699,2739.3501,970590000
1999-09-01,2752.3301,2768.5500,2739.1101,2750.8000,919330000
1999-09-02,2716.1499,2750.8201,2698.1799,2734.2400,836160000
1999-09-03,2793.6599,2843.1101,2734.2400,2843.1101,910410000
1999-09-07,2840.1201,2860.1599,2833.0200,2837.2600,911230000
1999-09-08,2824.0200,2851.1201,2806.6001,2808.7400,1005950000
1999-09-09,2826.6001,2852.0400,2807.9500,2852.0200,1029970000
1999-09-10,2880.7300,2897.5300,2855.2800,2887.0601,1129430000
1999-09-13,2879.7800,2883.3601,2844.7600,2844.7700,984440000
1999-09-14,2843.5300,2870.2600,2837.9299,2868.2900,1013000000
1999-09-15,2887.2300,2888.8999,2813.2500,2814.1699,1059050000
1999-09-16,2820.8401,2820.8401,2756.0300,2806.7200,960310000
1999-09-17,2825.8601,2869.6499,2824.1899,2869.6201,1005060000
1999-09-20,2877.5300,2890.7200,2858.7900,2886.1499,803340000
1999-09-21,2863.5601,2863.5601,2819.6899,2821.1001,1035910000
1999-09-22,2832.1001,2858.1899,2802.1799,2858.1599,1029880000
1999-09-23,2879.8999,2880.1001,2741.9399,2749.8301,1170630000
1999-09-24,2728.2300,2746.7800,2684.7000,2740.4099,1152000000
1999-09-27,2781.4199,2794.1599,2758.9600,2761.7500,942310000
1999-09-28,2752.2400,2763.7500,2694.7400,2756.2500,1103400000
1999-09-29,2756.2500,2772.4299,2728.8999,2730.2700,1121110000
1999-09-30,2744.3501,2765.4099,2717.8899,2746.1599,1210570000
1999-10-01,2729.0400,2739.7700,2698.0100,2736.8501,973610000
1999-10-04,2751.5400,2795.9900,2747.6899,2795.9700,914660000
1999-10-05,2795.9700,2833.9600,2765.3701,2799.6699,1193260000
1999-10-06,2822.6001,2857.4299,2822.6001,2857.2100,1170050000
1999-10-07,2874.7500,2886.2000,2847.1799,2860.7000,1216890000
1999-10-08,2861.7200,2886.5901,2825.8601,2886.5701,1035030000
1999-10-11,2890.7300,2920.7300,2890.5400,2915.9500,873260000
1999-10-12,2921.4099,2923.3201,2869.4399,2872.4299,1004090000
1999-10-13,2834.9399,2864.2200,2787.8601,2801.2700,1004720000
1999-10-14,2816.0200,2821.6899,2766.4600,2806.8401,1015490000
1999-10-15,2748.1001,2763.0400,2704.2800,2731.8301,1074740000
1999-10-18,2726.3000,2730.4900,2632.0100,2689.1499,997350000
1999-10-19,2725.5701,2729.3000,2674.8999,2688.1799,1093110000
1999-10-20,2745.6201,2788.1299,2728.0000,2788.1299,1053700000
1999-10-21,2727.7400,2805.0701,2724.7400,2801.9500,1123220000
1999-10-22,2827.2300,2843.6001,2807.5400,2816.5200,1175300000
1999-10-25,2813.2900,2832.6599,2793.5400,2815.9500,933190000
1999-10-26,2851.9900,2859.9199,2811.2000,2811.4700,1067420000
1999-10-27,2811.9399,2812.5000,2768.8701,2802.5200,1075340000
1999-10-28,2832.8101,2875.4800,2830.0801,2875.2200,1249160000
1999-10-29,2919.3701,2978.6299,2919.3701,2966.4299,1441380000
1999-11-01,2970.9299,2997.8999,2967.6299,2967.6499,1076080000
1999-11-02,2984.4299,3014.8401,2971.6799,2981.6299,1248540000
1999-11-03,3021.5300,3040.9399,3011.9399,3028.5100,1339050000
1999-11-04,3067.0801,3077.4099,3030.3101,3055.9500,1364610000
1999-11-05,3100.1299,3118.0601,3081.4600,3102.2900,1346320000
1999-11-08,3072.0400,3148.2000,3068.8601,3143.9700,1300800000
1999-11-09,3172.9900,3174.8101,3099.2200,3125.0400,1470420000
1999-11-10,3126.0901,3186.5701,3122.0400,3155.9600,1433250000
1999-11-11,3186.4099,3201.3799,3169.0400,3197.2900,1382840000
1999-11-12,3220.9800,3222.9900,3124.7700,3221.1499,1409070000
1999-11-15,3230.2600,3236.3501,3214.5801,3219.5400,1283340000
1999-11-16,3242.9199,3295.5200,3235.2000,3295.5200,1486980000
1999-11-17,3308.8799,3324.2400,3268.8501,3269.3899,1652650000
1999-11-18,3301.4900,3347.1101,3288.6799,3347.1101,1592920000
1999-11-19,3351.7500,3373.0000,3335.6299,3369.2500,1422350000
1999-11-22,3399.0601,3400.2300,3357.6799,3392.5601,1374760000
1999-11-23,3408.6799,3411.2300,3320.6699,3342.8701,1456310000
1999-11-24,3351.6599,3420.5000,3328.0300,3420.5000,1290550000
1999-11-26,3455.1399,3469.3501,3444.1299,3447.8101,730780000
1999-11-29,3458.1299,3468.3201,3421.3601,3421.3701,1543750000
1999-11-30,3424.6101,3424.6101,3326.5300,3336.1599,1548680000
1999-12-01,3341.1001,3375.8000,3321.5701,3353.7100,1434310000
1999-12-02,3371.8501,3452.7800,3371.8501,3452.7800,1458170000
1999-12-03,3507.3000,3553.5601,3507.3000,3520.6299,1539060000
1999-12-06,3531.2400,3570.9099,3507.7200,3546.0100,1373230000
1999-12-07,3573.3000,3589.0601,3532.4099,3586.9199,1564600000
1999-12-08,3588.8201,3625.4700,3579.5100,3586.0801,1676620000
1999-12-09,3643.5701,3647.5500,3514.9099,3594.1699,1787570000
1999-12-10,3633.5500,3636.6499,3560.9099,3620.2400,1594040000
1999-12-13,3624.6699,3668.1599,3597.9800,3658.1699,1582860000
1999-12-14,3669.2100,3669.8501,3571.2600,3571.6599,1596410000
1999-12-15,3546.7300,3621.9800,3503.7000,3621.9500,1648290000
1999-12-16,3669.2300,3715.2500,3666.2300,3715.0601,1430310000
1999-12-17,3792.2300,3796.8000,3742.6799,3753.0601,1572710000
1999-12-20,3782.0601,3801.9299,3747.7900,3783.8701,1324450000
1999-12-21,3798.2500,3911.1699,3785.7800,3911.1499,1486980000
1999-12-22,3935.4900,3948.4800,3878.0601,3937.3000,1473570000
1999-12-23,3966.4600,4001.6299,3958.1699,3969.4399,1272680000
1999-12-27,4001.8999,4001.8999,3902.3501,3975.3799,1154650000
1999-12-28,3977.8799,4022.5100,3943.0400,3972.1101,1237130000
1999-12-29,3990.5400,4041.5400,3987.8799,4041.4600,1158430000
1999-12-30,4079.0300,4090.6101,4026.1899,4036.8701,1107160000
1999-12-31,4056.9900,4082.3701,4032.3301,4069.3101,762980000
2000-01-03,4186.1899,4192.1899,3989.7100,4131.1499,1510070000
2000-01-04,4020.0000,4073.2500,3898.2300,3901.6899,1511840000
2000-01-05,3854.3501,3924.2100,3734.8701,3877.5400,1735670000
2000-01-06,3834.4399,3868.7600,3715.6201,3727.1299,1598320000
2000-01-07,3711.0901,3882.6699,3711.0901,3882.6201,1634930000
2000-01-10,4002.2300,4072.3601,3958.8301,4049.6699,1691710000
2000-01-11,4031.3799,4066.6599,3904.8201,3921.1899,1694460000
2000-01-12,3950.9500,3950.9800,3834.5300,3850.0200,1525900000
2000-01-13,3915.1399,3957.4700,3858.2200,3957.2100,1476970000
2000-01-14,4045.7200,4091.9500,4045.7200,4064.2700,1656630000
2000-01-18,4059.6499,4148.0000,4053.2100,4130.8101,1585230000
2000-01-19,4116.2700,4164.6499,4084.7300,4151.2900,1652210000
2000-01-20,4205.0601,4227.3501,4143.6099,4189.5098,1851300000
2000-01-21,4236.6499,4238.0000,4168.2998,4235.3999,1923680000
2000-01-24,4290.3799,4303.1499,4095.3101,4096.0801,1989050000
2000-01-25,4124.7500,4167.6299,4028.5100,4167.4102,1743630000
2000-01-26,4174.7202,4174.7202,4069.9099,4069.9099,1717000000
2000-01-27,4120.5000,4140.0898,3973.5901,4039.5601,1798460000
2000-01-28,4010.1399,4048.3101,3856.2300,3887.0701,1616370000
2000-01-31,3873.8401,3940.4600,3748.0300,3940.3501,1507630000
2000-02-01,3961.0701,4053.1599,3911.8401,4051.9800,1398240000
2000-02-02,4059.0300,4125.7500,4051.4399,4073.9600,1527880000
2000-02-03,4134.6499,4211.0601,4085.5300,4210.9800,1722330000
2000-02-04,4242.1499,4294.8398,4229.2002,4244.1401,1751450000
2000-02-07,4274.0298,4321.9600,4244.7402,4321.7700,1625540000
2000-02-08,4370.0098,4428.4800,4370.0098,4427.5000,1971180000
2000-02-09,4460.1802,4460.7598,4362.7402,4363.2402,1775590000
2000-02-10,4390.1602,4485.6699,4357.6899,4485.6299,1813590000
2000-02-11,4489.3301,4489.7900,4360.5400,4395.4502,1738590000
2000-02-14,4434.3799,4435.9600,4355.5400,4418.5498,1600850000
2000-02-15,4415.5200,4440.6201,4291.1001,4420.7700,1708930000
2000-02-16,4427.1899,4477.6401,4413.6602,4427.6499,1782130000
2000-02-17,4483.0098,4553.1401,4444.7500,4548.9199,2008440000
2000-02-18,4563.7202,4564.4502,4404.6099,4411.7402,1898410000
2000-02-22,4432.8301,4443.9399,4291.0098,4382.1201,1772290000
2000-02-23,4406.8799,4567.9702,4401.3799,4550.3301,1892800000
2000-02-24,4583.8901,4620.0298,4495.2002,4617.6499,1944050000
2000-02-25,4618.8301,4662.9302,4576.1899,4590.5000,1825500000
2000-02-28,4575.0698,4626.7202,4466.4199,4577.8501,1798070000
2000-02-29,4646.6401,4698.4600,4637.1699,4696.6899,2088840000
2000-03-01,4732.8198,4796.8999,4732.8198,4784.0801,2232340000
2000-03-02,4816.8101,4829.0098,4705.4502,4754.5098,2137080000
2000-03-03,4846.0098,4914.7900,4813.8198,4914.7900,2136530000
2000-03-06,4935.6499,4980.1499,4887.8799,4904.8501,2015580000
2000-03-07,4991.9702,5006.7798,4829.8799,4847.8398,2156410000
2000-03-08,4920.8599,4923.1401,4722.1401,4897.2598,2020130000
2000-03-09,4913.0801,5047.9600,4857.5698,5046.8599,2006810000
2000-03-10,5060.3398,5132.5200,5039.3501,5048.6201,1992170000
2000-03-13,4879.0298,5027.7300,4839.2598,4907.2402,1736270000
2000-03-14,4997.3101,5013.4902,4706.6099,4706.6299,1977820000
2000-03-15,4758.4399,4758.4399,4553.9199,4582.6201,1937800000
2000-03-16,4658.4399,4717.7598,4455.1001,4717.3901,2041510000
2000-03-17,4702.0298,4805.9399,4702.0298,4798.1299,1691530000
2000-03-20,4812.1401,4822.7002,4610.0000,4610.0000,1539860000
2000-03-21,4589.5200,4712.2402,4467.5298,4711.6802,1753310000
2000-03-22,4750.5400,4900.4199,4736.8999,4864.7500,1769510000
2000-03-23,4874.1699,4975.6602,4865.1001,4940.6099,1714160000
2000-03-24,4986.5400,5078.8599,4902.8301,4963.0298,1688970000
2000-03-27,4994.4199,5022.2300,4946.6099,4958.5601,1380380000
2000-03-28,4939.0498,4952.9302,4833.8901,4833.8901,1490090000
2000-03-29,4860.0200,4860.0200,4641.0098,4644.6699,1738270000
2000-03-30,4540.4399,4683.8799,4355.6899,4457.8901,1925860000
2000-03-31,4550.2100,4606.4800,4381.3799,4572.8301,2118100000
2000-04-03,4494.8901,4572.8398,4193.1001,4223.6802,1739920000
2000-04-04,4283.4502,4283.4502,3649.1101,4148.8901,2889100000
2000-04-05,4025.8999,4286.8799,4009.0901,4169.2202,1947700000
2000-04-06,4266.7998,4324.0898,4196.5098,4267.5601,1746450000
2000-04-07,4354.1299,4446.4502,4323.1802,4446.4502,1563430000
2000-04-10,4475.2002,4475.2002,4188.1699,4188.2002,1446140000
2000-04-11,4094.6101,4182.9600,4009.5200,4055.8999,1679390000
2000-04-12,4050.3201,4077.9199,3769.1699,3769.6299,1921090000
2000-04-13,3839.5601,3914.6799,3676.6699,3676.7800,1951500000
2000-04-14,3597.4399,3615.6399,3265.9800,3321.2900,2555780000
2000-04-17,3232.9399,3539.7700,3227.0400,3539.1599,2482830000
2000-04-18,3596.1499,3794.9700,3563.8301,3793.5701,2152720000
2000-04-19,3832.6499,3851.5601,3698.3301,3706.4099,1760270000
2000-04-20,3735.0801,3751.3301,3599.6799,3643.8799,1422730000
2000-04-24,3466.6899,3496.8201,3345.2500,3482.4800,1540710000
2000-04-25,3592.7300,3711.5701,3583.9199,3711.2300,1622910000
2000-04-26,3728.9900,3777.0801,3629.3601,3630.0901,1592830000
2000-04-27,3519.1299,3774.1101,3513.7600,3774.0300,1548760000
2000-04-28,3830.6101,3873.8501,3810.0601,3860.6599,1583710000
2000-05-01,3930.1799,3982.3799,3899.7100,3958.0801,1500610000
2000-05-02,3927.9199,3948.6299,3784.5400,3785.4500,1438040000
2000-05-03,3755.3000,3759.2100,3592.7900,3707.3101,1480050000
2000-05-04,3723.2700,3762.4700,3679.4299,3720.2400,1287850000
2000-05-05,3694.2800,3818.3999,3694.2800,3816.8201,1197290000
2000-05-08,3758.4600,3765.2200,3669.1101,3669.3799,1142710000
2000-05-09,3704.8501,3708.7400,3540.8201,3585.0100,1454780000
2000-05-10,3525.0200,3531.4800,3367.0601,3384.7300,1580110000
2000-05-11,3450.0601,3502.5300,3389.8701,3499.5801,1370230000
2000-05-12,3546.2400,3619.6899,3523.2000,3529.0601,1220040000
2000-05-15,3533.2100,3607.7700,3445.1299,3607.6499,1155810000
2000-05-16,3674.8899,3729.1201,3626.9900,3717.5701,1495270000
2000-05-17,3649.5400,3690.8201,3616.2700,3644.9600,1227380000
2000-05-18,3660.2400,3663.8401,3538.7100,3538.7100,1258610000
2000-05-19,3480.6299,3506.1799,3381.7300,3390.3999,1366930000
2000-05-22,3390.9500,3390.9500,3172.6499,3364.2100,1615480000
2000-05-23,3346.6599,3389.6001,3163.9700,3164.5500,1330440000
2000-05-24,3155.1399,3276.1899,3042.6599,3270.6101,2087980000
2000-05-25,3308.5100,3365.8401,3194.5901,3205.3501,1561840000
2000-05-26,3215.2800,3256.6299,3150.7800,3205.1101,1069440000
2000-05-30,3286.5400,3460.2400,3286.5400,3459.4800,1457360000
2000-05-31,3428.2500,3501.5100,3399.6201,3400.9099,1533730000
2000-06-01,3471.9500,3583.2700,3459.8501,3582.5000,1580240000
2000-06-02,3728.9500,3814.5000,3728.9500,3813.3799,1903210000
2000-06-05,3773.2400,3875.6599,3765.6001,3821.7600,1455960000
2000-06-06,3825.9800,3884.0100,3749.1799,3756.3701,1603060000
2000-06-07,3766.5500,3839.3701,3725.8701,3839.2600,1431220000
2000-06-08,3886.0400,3890.0200,3797.4099,3825.5601,1399250000
2000-06-09,3892.7500,3893.6699,3847.7100,3874.8401,1268720000
2000-06-12,3892.0500,3892.0500,3767.8799,3767.9099,1281000000
2000-06-13,3743.9099,3851.4299,3695.3501,3851.0601,1398790000
2000-06-14,3875.0400,3883.3401,3797.0000,3797.4099,1400300000
2000-06-15,3802.1899,3849.9399,3763.7400,3845.7400,1426630000
2000-06-16,3877.0701,3883.1499,3822.3401,3860.5601,1501190000
2000-06-19,3818.6499,3990.7900,3818.6499,3989.8301,1411400000
2000-06-20,4003.0901,4050.5801,3982.2300,4013.3601,1694520000
2000-06-21,3965.3701,4073.1599,3961.3000,4064.0100,1541900000
2000-06-22,4073.7300,4073.7300,3936.8401,3936.8401,1639540000
2000-06-23,3950.0500,3957.6799,3830.2300,3845.3401,1344960000
2000-06-26,3884.6499,3935.1201,3852.4099,3912.1201,1316960000
2000-06-27,3904.3999,3945.7500,3858.9500,3858.9600,1476020000
2000-06-28,3877.7700,3974.4800,3872.1699,3940.3401,1660130000
2000-06-29,3900.2900,3929.1001,3838.8501,3877.2300,1550990000
2000-06-30,3889.5100,3967.4900,3889.3301,3966.1101,2066390000
2000-07-03,3950.5901,3995.8501,3942.9299,3991.9299,600810000
2000-07-05,3949.7600,3950.1899,3859.2000,3863.1001,1342600000
2000-07-06,3872.9099,3961.1001,3820.3401,3960.5701,1482480000
2000-07-07,3978.3799,4054.0500,3960.8101,4023.2000,1486480000
2000-07-10,3993.6201,4028.5400,3976.2000,3980.2900,1395950000
2000-07-11,3970.4199,4029.3000,3936.7500,3956.4199,1714500000
2000-07-12,4024.5901,4103.6499,4001.7300,4099.5898,1775980000
2000-07-13,4128.8101,4193.2402,4111.1602,4174.8599,1881560000
2000-07-14,4221.7998,4252.2202,4174.6001,4246.1802,1678610000
2000-07-17,4243.5498,4289.0601,4215.8599,4274.6699,1584500000
2000-07-18,4233.4902,4237.8501,4161.8901,4177.1699,1501970000
2000-07-19,4154.3701,4159.3901,4047.4299,4055.6299,1445310000
2000-07-20,4106.6299,4184.5601,4106.6299,4184.5601,1719880000
2000-07-21,4154.0000,4163.3398,4093.7600,4094.4500,1545940000
2000-07-24,4109.6499,4125.7998,3976.5100,3981.5701,1460690000
2000-07-25,4015.4099,4034.8000,3955.3601,4029.5701,1471000000
2000-07-26,3998.0300,4002.7000,3906.5500,3987.7200,1754760000
2000-07-27,3938.1399,3954.9600,3841.6201,3842.2300,1791100000
2000-07-28,3855.1001,3867.8000,3642.2800,3663.0000,1769410000
2000-07-31,3692.4299,3767.8899,3615.7900,3766.9900,1512580000
2000-08-01,3760.9500,3766.9199,3682.4500,3685.5200,1341460000
2000-08-02,3684.1201,3753.9500,3651.8101,3658.4600,1476820000
2000-08-03,3554.6799,3761.0701,3521.1399,3759.8799,1828860000
2000-08-04,3812.3101,3846.9800,3751.2200,3787.3601,1438850000
2000-08-07,3819.3799,3870.2600,3795.6101,3862.9900,1319680000
2000-08-08,3850.8701,3893.0500,3839.5801,3848.5500,1461590000
2000-08-09,3915.2600,3936.4600,3849.7700,3853.5000,1517650000
2000-08-10,3843.5801,3847.2900,3759.9900,3759.9900,1349670000
2000-08-11,3741.6201,3789.9800,3686.8601,3789.4700,1333260000
2000-08-14,3804.6899,3850.2700,3767.3701,3849.6899,1232060000
2000-08-15,3846.8301,3888.9199,3831.9600,3851.6599,1353620000
2000-08-16,3878.5801,3914.8401,3844.1699,3861.2000,1401380000
2000-08-17,3858.8799,3947.0500,3857.7500,3940.8701,1440370000
2000-08-18,3958.7000,3980.2600,3925.9500,3930.3401,1447920000
2000-08-21,3966.2300,3985.6201,3917.9399,3953.1499,1269330000
2000-08-22,3970.1599,4011.1499,3957.8501,3958.2100,1413190000
2000-08-23,3935.5100,4011.7600,3902.1101,4011.0100,1461790000
2000-08-24,4020.9900,4055.4399,4004.7700,4053.2800,1546950000
2000-08-25,4049.8401,4083.1201,4025.5901,4042.6799,1285820000
2000-08-28,4049.1799,4097.3301,4048.0100,4070.5901,1373010000
2000-08-29,4074.2100,4093.8799,4056.2600,4082.1699,1489470000
2000-08-30,4076.5000,4115.9902,4065.8201,4103.8101,1537020000
2000-08-31,4127.1899,4208.7300,4127.1899,4206.3501,1903150000
2000-09-01,4252.1499,4259.8701,4192.8901,4234.3301,1472940000
2000-09-05,4205.9399,4206.5098,4143.1802,4143.1802,1668120000
2000-09-06,4136.8398,4136.8398,4013.3401,4013.3401,1757190000
2000-09-07,4047.0200,4105.5400,4035.1201,4098.3501,1634610000
2000-09-08,4081.9600,4081.9600,3977.4700,3978.4099,1508550000
2000-09-11,3961.1599,4008.4600,3880.6899,3896.3501,1483670000
2000-09-12,3925.4199,3958.3601,3834.3401,3849.5100,1596640000
2000-09-13,3794.9199,3895.8101,3794.2900,3893.8899,1656550000
2000-09-14,3963.1001,3984.3301,3897.1799,3913.8601,1699480000
2000-09-15,3905.0901,3905.0901,3806.8799,3835.2300,1777540000
2000-09-18,3838.6299,3862.3201,3702.5400,3726.5200,1613970000
2000-09-19,3766.0400,3865.8501,3740.6499,3865.6399,1707400000
2000-09-20,3863.0801,3913.8701,3795.0801,3897.4399,1802040000
2000-09-21,3864.6001,3892.3999,3813.1201,3828.8701,1616010000
2000-09-22,3616.1599,3803.7600,3614.6599,3803.7600,2164340000
2000-09-25,3852.5300,3868.1101,3737.5000,3741.2200,1774680000
2000-09-26,3762.6499,3795.7900,3677.7300,3689.1001,1825900000
2000-09-27,3740.6201,3750.6101,3622.6599,3656.3000,1948200000
2000-09-28,3638.9399,3778.3799,3626.5500,3778.3201,2001450000
2000-09-29,3749.2700,3751.3301,3670.3101,3672.8201,2018050000
2000-10-02,3714.4800,3714.4800,3559.8401,3568.8999,1799220000
2000-10-03,3624.9299,3639.2900,3454.6499,3455.8301,1958840000
2000-10-04,3440.6001,3532.4299,3382.5300,3523.1001,2129330000
2000-10-05,3499.9600,3549.0100,3459.5801,3472.1001,1872960000
2000-10-06,3477.7000,3505.8101,3314.9099,3361.0100,1870690000
2000-10-09,3352.1499,3376.9199,3233.1899,3355.5601,1437770000
2000-10-10,3326.8899,3383.3999,3229.0100,3240.5400,1874430000
2000-10-11,3152.3301,3258.2400,3103.5300,3168.4900,2340450000
2000-10-12,3241.2600,3249.1101,3071.2500,3074.6799,2128660000
2000-10-13,3054.5500,3316.9700,3054.5500,3316.7700,2070750000
2000-10-16,3315.4800,3339.8501,3262.3701,3290.2800,1788600000
2000-10-17,3335.3999,3348.6101,3173.6799,3213.9600,1936790000
2000-10-18,3106.9500,3257.8101,3026.1101,3171.5601,2519920000
2000-10-19,3330.2500,3423.4500,3314.8899,3418.6001,2343470000
2000-10-20,3402.9600,3535.1101,3401.8799,3483.1399,2171490000
2000-10-23,3483.3799,3523.6899,3432.4399,3468.6899,1690110000
2000-10-24,3495.4500,3526.7100,3401.0500,3419.7900,1880860000
2000-10-25,3347.2400,3376.3301,3210.7400,3229.5701,2170930000
2000-10-26,3245.3999,3286.2900,3081.3601,3272.1799,2292490000
2000-10-27,3320.6899,3362.2600,3231.6299,3278.3601,1963390000
2000-10-30,3243.8799,3279.7200,3149.2400,3191.3999,1741440000
2000-10-31,3223.4399,3379.0801,3223.4399,3369.6299,2146420000
2000-11-01,3316.5100,3396.7200,3289.4600,3333.3899,2024380000
2000-11-02,3387.2800,3433.1599,3370.0200,3429.0200,2226920000
2000-11-03,3447.3201,3468.5901,3401.7700,3451.5801,1846200000
2000-11-06,3469.3501,3480.0100,3412.9800,3416.2100,1608520000
2000-11-07,3399.2800,3435.1299,3360.2600,3415.7900,1700120000
2000-11-08,3426.2900,3429.1201,3231.2800,3231.7000,1678000000
2000-11-09,3174.8999,3230.0000,3087.0601,3200.3501,1942770000
2000-11-10,3122.1101,3141.3501,3028.9199,3028.9900,1779930000
2000-11-13,2956.0901,3063.3101,2859.3899,2966.7200,2048330000
2000-11-14,3069.8101,3145.3000,3059.8799,3138.2700,1785310000
2000-11-15,3137.6101,3208.9500,3104.5701,3165.4900,1705940000
2000-11-16,3121.8000,3175.6299,3031.7600,3031.8799,1523710000
2000-11-17,3044.4500,3090.9700,2967.1699,3027.1899,1760850000
2000-11-20,2943.1101,2949.5000,2860.4900,2875.6399,1716290000
2000-11-21,2892.0300,2921.8000,2845.1699,2871.4500,1749380000
2000-11-22,2828.1399,2872.6399,2754.1399,2755.3401,1885130000
2000-11-24,2823.4800,2904.4600,2820.9099,2904.3799,781600000
2000-11-27,2979.9299,2998.7500,2874.7100,2880.4900,1706570000
2000-11-28,2873.7300,2891.3999,2734.4600,2734.9800,1919970000
2000-11-29,2748.1799,2770.1799,2642.8899,2706.9299,2055720000
2000-11-30,2599.0400,2641.7500,2523.0400,2597.9299,2736270000
2000-12-01,2644.0901,2749.0601,2604.2700,2645.2900,2221970000
2000-12-04,2662.5601,2671.1799,2567.1799,2615.7500,1860480000
2000-12-05,2702.7200,2889.8000,2694.4099,2889.8000,2474670000
2000-12-06,2878.8701,2916.2000,2781.2400,2796.5000,2308280000
2000-12-07,2748.2900,2794.5300,2707.9600,2752.6599,1756810000
2000-12-08,2857.9299,2929.9500,2844.9299,2917.4299,2328650000
2000-12-11,2936.6001,3028.7500,2901.4800,3015.1001,2447760000
2000-12-12,2994.0601,3002.5300,2930.9900,2931.7700,1919030000
2000-12-13,2996.5701,3001.7200,2814.1299,2822.7700,2042250000
2000-12-14,2820.4800,2847.3701,2727.2600,2728.5100,1770640000
2000-12-15,2688.6599,2697.9299,2596.0300,2653.2700,2770690000
2000-12-18,2698.7200,2726.2000,2597.4700,2624.5200,2065990000
2000-12-19,2617.0601,2696.6101,2509.7600,2511.7100,2317200000
2000-12-20,2410.9600,2432.8301,2312.5100,2332.7800,2855150000
2000-12-21,2310.2100,2423.7100,2288.1599,2340.1201,2686970000
2000-12-22,2397.6699,2517.9299,2397.6699,2517.0200,2235410000
2000-12-26,2518.2900,2548.7500,2436.1899,2493.5200,1558700000
2000-12-27,2471.3301,2539.5200,2450.2200,2539.3501,2002650000
2000-12-28,2517.8999,2571.5200,2514.5601,2557.7600,2192130000
2000-12-29,2552.6799,2577.0200,2456.5400,2470.5200,2531760000
2001-01-02,2474.1599,2474.1599,2273.0701,2291.8601,1918930000
2001-01-03,2254.5601,2618.0300,2251.7100,2616.6899,3188000000
2001-01-04,2593.9600,2644.8000,2549.8301,2566.8301,2610680000
2001-01-05,2573.1101,2574.6201,2395.3899,2407.6499,2104670000
2001-01-08,2388.7200,2397.0601,2299.6499,2395.9199,1850590000
2001-01-09,2424.6899,2474.1599,2406.0801,2441.3000,1975130000
2001-01-10,2392.7100,2525.2800,2376.4900,2524.1799,2470350000
2001-01-11,2495.5901,2661.9299,2495.0100,2640.5701,2842640000
2001-01-12,2639.5601,2699.8701,2589.6299,2626.5000,2518850000
2001-01-16,2631.4900,2638.2200,2576.9500,2618.5500,2073940000
2001-01-17,2710.5300,2756.6299,2668.4800,2682.7800,2819190000
2001-01-18,2696.7400,2769.9800,2661.2600,2768.4900,2558710000
2001-01-19,2838.3601,2841.2500,2752.0601,2770.3799,2697190000
2001-01-22,2759.1001,2789.6299,2722.9600,2757.9099,2037140000
2001-01-23,2759.2600,2845.3899,2736.2800,2840.3899,2278470000
2001-01-24,2850.7400,2892.3601,2828.3201,2859.1499,2567320000
2001-01-25,2836.3501,2849.5601,2753.3701,2754.2800,2298150000
2001-01-26,2705.3899,2785.6201,2686.6499,2781.3000,2268800000
2001-01-29,2757.2900,2840.0200,2742.5000,2838.3401,1970130000
2001-01-30,2845.0100,2861.7100,2817.1299,2838.3501,2073590000
2001-01-31,2848.1101,2872.4700,2772.3501,2772.7300,2277310000
2001-02-01,2771.5701,2796.8899,2742.4399,2782.7900,1776260000
2001-02-02,2782.9299,2791.5801,2660.1101,2660.5000,1706900000
2001-02-05,2639.6499,2656.0200,2596.7300,2643.2100,1648760000
2001-02-06,2641.9099,2705.5901,2640.2300,2664.4900,1788920000
2001-02-07,2615.9399,2636.0701,2554.7600,2607.8201,2056920000
2001-02-08,2625.7800,2651.8401,2562.0200,2562.0601,1852360000
2001-02-09,2542.2400,2542.6201,2455.8701,2470.9700,1881910000
2001-02-12,2458.6499,2508.2700,2435.3601,2489.6599,1751220000
2001-02-13,2510.8401,2554.6499,2427.4700,2427.7200,1728550000
2001-02-14,2437.6799,2493.1101,2388.3999,2491.3999,1987350000
2001-02-15,2536.6299,2593.0901,2536.6299,2552.9099,2106930000
2001-02-16,2444.6001,2457.6499,2397.4299,2425.3799,1892200000
2001-02-20,2439.5701,2442.9900,2317.7700,2318.3501,1878340000
2001-02-21,2281.7900,2353.5100,2257.1499,2268.9399,2019740000
2001-02-22,2272.1299,2291.6899,2185.9099,2244.9600,2483470000
2001-02-23,2221.2700,2264.6799,2156.2900,2262.5100,2237910000
2001-02-26,2287.8799,2309.7300,2238.6399,2308.5000,1739060000
2001-02-27,2286.6399,2300.1799,2206.7200,2207.8201,1808540000
2001-02-28,2223.8799,2238.0601,2127.5000,2151.8301,2082700000
2001-03-01,2126.3000,2184.4099,2071.0300,2183.3701,2256880000
2001-03-02,2111.2300,2197.8501,2091.5500,2117.6299,2374100000
2001-03-05,2142.7500,2163.0901,2127.9600,2142.9199,1495750000
2001-03-06,2204.3000,2243.7800,2202.7000,2204.4299,1986380000
2001-03-07,2241.2300,2243.7500,2201.4099,2223.9199,1774410000
2001-03-08,2211.3000,2219.8701,2161.4099,2168.7300,1759140000
2001-03-09,2124.1101,2124.1101,2041.7800,2052.7800,1962120000
2001-03-12,2001.6801,2004.0900,1922.7800,1923.3800,2149820000
2001-03-13,1948.7000,2015.3500,1932.6300,2014.7800,2096420000
2001-03-14,1948.5601,2028.5300,1933.4000,1972.0900,2147220000
2001-03-15,2023.7900,2030.7300,1939.3800,1940.7100,1963770000
2001-03-16,1914.5800,1940.7100,1877.6899,1890.9100,2102270000
2001-03-19,1901.4500,1953.0800,1867.5800,1951.1801,1774570000
2001-03-20,1964.4500,1974.1400,1857.4100,1857.4399,2016500000
2001-03-21,1862.7400,1896.2100,1820.7500,1830.2300,2109190000
2001-03-22,1845.3400,1898.1000,1794.2100,1897.7000,2504770000
2001-03-23,1938.9100,1952.9200,1891.9900,1928.6801,2284560000
2001-03-26,1957.7100,1960.6801,1909.4200,1918.4900,1719620000
2001-03-27,1922.7000,1979.7500,1907.1600,1972.2300,1951410000
2001-03-28,1925.3000,1925.3000,1852.9600,1854.1300,2072260000
2001-03-29,1838.4399,1876.7400,1802.7600,1820.5699,2079050000
2001-03-30,1830.4200,1855.5800,1794.3000,1840.2600,2139050000
2001-04-02,1835.2200,1852.4900,1769.6600,1782.9700,1848350000
2001-04-03,1758.1801,1759.0100,1660.9200,1673.0000,2573410000
2001-04-04,1668.3700,1698.2100,1619.5800,1638.8000,2465470000
2001-04-05,1709.9100,1785.7300,1706.1000,1785.0000,2333000000
2001-04-06,1756.1100,1756.1100,1700.2000,1720.3600,1835720000
2001-04-09,1739.6600,1757.3800,1710.7600,1745.7100,1448830000
2001-04-10,1771.6801,1868.1000,1771.6801,1852.0300,2203460000
2001-04-11,1929.9301,1948.0800,1884.9500,1898.9500,2372010000
2001-04-12,1881.1899,1961.5699,1868.7600,1961.4301,1902800000
2001-04-16,1934.7000,1946.9200,1891.8800,1909.5699,1571910000
2001-04-17,1872.3500,1941.5699,1869.3400,1923.2200,1900580000
2001-04-18,2005.0601,2129.3101,1995.9100,2079.4399,3195650000
2001-04-19,2100.8799,2182.1399,2082.2400,2182.1399,2788870000
2001-04-20,2171.8999,2202.8601,2135.3201,2163.4099,2544420000
2001-04-23,2118.3601,2118.7700,2046.8400,2059.3201,1845630000
2001-04-24,2055.3201,2095.8899,2012.3700,2016.6100,1983330000
2001-04-25,2013.4200,2066.9700,2000.8300,2059.8000,1978940000
2001-04-26,2086.0400,2095.8301,2032.3800,2034.8800,2028800000
2001-04-27,2070.2400,2082.6399,2046.7100,2075.6799,1801600000
2001-04-30,2113.1101,2159.0801,2097.5801,2116.2400,2027180000
2001-05-01,2116.2400,2168.4199,2088.6101,2168.2400,1922520000
2001-05-02,2205.2500,2232.6599,2175.1299,2220.6001,2584140000
2001-05-03,2183.0701,2183.0701,2129.0701,2146.2000,2010880000
2001-05-04,2102.6101,2191.9299,2089.2300,2191.5300,2057110000
2001-05-07,2194.0400,2215.3701,2166.5100,2173.5701,1749600000
2001-05-08,2209.0100,2210.4500,2165.3701,2198.7700,1892280000
2001-05-09,2162.3000,2189.0300,2141.4299,2156.6299,1793520000
2001-05-10,2195.5200,2197.0300,2128.6899,2128.8601,1741690000
2001-05-11,2130.7400,2140.3701,2097.3601,2107.4299,1430930000
2001-05-14,2105.3601,2105.3799,2052.4099,2081.9199,1338540000
2001-05-15,2086.9800,2125.3201,2077.5000,2085.5801,1710620000
2001-05-16,2067.6001,2171.2200,2057.9900,2166.4399,2078580000
2001-05-17,2170.0100,2216.3601,2167.7200,2193.6799,2154310000
2001-05-18,2182.5601,2205.6499,2172.4800,2198.8799,1792620000
2001-05-21,2201.4500,2305.7300,2198.1399,2305.5901,2311480000
2001-05-22,2319.1799,2328.0500,2291.9099,2313.8501,2314800000
2001-05-23,2299.7500,2299.7500,2243.4600,2243.4800,1886790000
2001-05-24,2250.0400,2282.1899,2226.2600,2282.0200,1864570000
2001-05-25,2281.1799,2282.4299,2242.8601,2251.0300,1385410000
2001-05-29,2239.9199,2239.9199,2170.5801,2175.5400,1621060000
2001-05-30,2136.9500,2137.6699,2077.9800,2084.5000,1991230000
2001-05-31,2092.5300,2140.0701,2092.4800,2110.4900,1833070000
2001-06-01,2131.1201,2157.8000,2101.2600,2149.4399,1555300000
2001-06-04,2164.7000,2174.1599,2136.6299,2155.9299,1320350000
2001-06-05,2167.3101,2244.2300,2167.2400,2233.6599,1845100000
2001-06-06,2239.8601,2249.7200,2204.8799,2217.7300,1771940000
2001-06-07,2208.0300,2264.5801,2205.8501,2264.0000,1660520000
2001-06-08,2263.7500,2263.7500,2202.2700,2215.1001,1437730000
2001-06-11,2205.4099,2205.4099,2150.7500,2170.7800,1418630000
2001-06-12,2133.5601,2184.2000,2105.2600,2169.9500,1713560000
2001-06-13,2175.6201,2187.1599,2121.3799,2121.6599,1546790000
2001-06-14,2100.7400,2101.0500,2043.3600,2044.0699,1763760000
2001-06-15,2017.8000,2048.3201,1992.3900,2028.4301,2109340000
2001-06-18,2035.3400,2046.6300,1987.1700,1988.6300,1567770000
2001-06-19,2046.0400,2057.1899,1978.2500,1992.6600,1980650000
2001-06-20,1974.1100,2032.6700,1973.7000,2031.2400,2110760000
2001-06-21,2026.3000,2077.4299,2014.3300,2058.7600,2180500000
2001-06-22,2062.0000,2074.8301,2028.0699,2034.8400,1714580000
2001-06-25,2054.3401,2060.0601,2026.4000,2050.8701,1481730000
2001-06-26,2022.8600,2068.1499,2017.3400,2064.6201,1657380000
2001-06-27,2068.2900,2084.3999,2048.8799,2074.7400,1716400000
2001-06-28,2096.8799,2157.3201,2096.8799,2125.4600,1952960000
2001-06-29,2129.8899,2180.1101,2118.1101,2160.5400,2071630000
2001-07-02,2156.7600,2181.0500,2140.6499,2148.7200,1513420000
2001-07-03,2137.1001,2148.1799,2123.7500,2140.8000,868430000
2001-07-05,2122.8899,2130.9600,2079.8301,2080.1101,1290680000
2001-07-06,2060.7300,2060.7300,2001.8199,2004.1600,1441420000
2001-07-09,2010.9700,2038.1700,2000.0800,2026.7100,1399630000
2001-07-10,2043.6100,2045.1200,1960.1500,1962.7900,1663970000
2001-07-11,1954.7200,1975.7900,1934.6700,1972.0400,1770290000
2001-07-12,2033.2200,2080.1299,2031.8400,2075.7400,1888690000
2001-07-13,2068.2200,2105.1499,2055.5601,2084.7900,1561760000
2001-07-16,2078.5300,2091.6799,2025.4100,2029.1200,1489350000
2001-07-17,2017.4700,2067.4399,2006.8000,2067.3201,1695690000
2001-07-18,2035.0900,2056.0601,2003.9500,2016.1700,1738120000
2001-07-19,2042.3199,2079.3301,2027.1100,2046.5900,1906220000
2001-07-20,2015.2300,2035.5200,2009.5601,2029.3700,1642120000
2001-07-23,2043.8400,2047.8500,1987.5100,1988.5601,1356540000
2001-07-24,1980.3700,1994.0300,1939.2800,1959.2400,1601500000
2001-07-25,1962.6801,1984.9800,1942.5800,1984.3199,1675490000
2001-07-26,1980.0300,2025.8800,1963.2100,2022.9600,1765390000
2001-07-27,2020.5800,2039.1500,2009.9399,2029.0699,1583800000
2001-07-30,2034.1100,2039.0100,2009.9399,2017.8400,1338230000
2001-07-31,2023.9700,2057.1001,2014.0601,2027.1300,1621790000
2001-08-01,2051.5601,2078.3601,2045.1300,2068.3799,1784220000
2001-08-02,2092.5200,2103.1599,2061.7500,2087.3799,1675930000
2001-08-03,2079.1499,2079.1499,2047.6200,2066.3301,1245120000
2001-08-06,2047.8600,2053.6001,2032.5100,2034.2600,1106550000
2001-08-07,2026.8400,2043.4800,2013.7500,2027.7900,1318020000
2001-08-08,2015.7500,2038.6400,1958.6700,1966.3600,1661690000
2001-08-09,1962.4800,1971.6100,1941.2400,1963.3199,1457150000
2001-08-10,1957.3400,1967.0300,1915.9900,1956.4700,1372690000
2001-08-13,1963.0400,1986.3300,1951.4600,1982.2500,1147040000
2001-08-14,1990.8300,1998.5900,1961.5300,1964.5300,1231860000
2001-08-15,1964.2000,1975.1801,1918.7400,1918.8900,1463930000
2001-08-16,1899.9000,1930.4600,1879.0699,1930.3199,1613790000
2001-08-17,1895.4200,1903.7300,1862.7600,1867.0100,1301510000
2001-08-20,1866.2900,1881.6200,1854.9600,1881.3500,1165790000
2001-08-21,1883.4399,1893.3900,1831.2800,1831.3000,1325960000
2001-08-22,1851.7500,1860.0200,1817.7000,1860.0100,1550540000
2001-08-23,1857.5200,1883.4800,1842.5100,1842.9700,1456290000
2001-08-24,1863.3199,1916.8300,1857.7300,1916.8000,1495650000
2001-08-27,1912.7000,1933.9399,1897.6300,1912.4100,1195290000
2001-08-28,1912.6700,1916.2800,1864.7200,1864.9800,1433940000
2001-08-29,1875.4399,1879.7600,1833.6500,1843.1700,1466700000
2001-08-30,1817.1899,1833.2900,1777.1100,1791.6801,1734810000
2001-08-31,1784.2600,1817.7200,1782.1000,1805.4301,1232880000
2001-09-04,1802.2900,1836.1899,1770.7600,1770.7800,1536580000
2001-09-05,1771.7500,1782.5000,1715.8600,1759.0100,1950580000
2001-09-06,1736.2000,1753.8300,1702.9200,1705.6400,1887800000
2001-09-07,1694.0200,1724.5699,1676.4200,1687.7000,1712760000
2001-09-10,1673.7800,1702.1200,1669.9399,1695.3800,1612970000
2001-09-17,1613.8300,1629.1000,1579.2800,1579.5500,2254620000
2001-09-18,1591.7700,1605.0601,1548.8500,1555.0800,1864980000
2001-09-19,1560.5200,1568.2200,1451.3101,1527.8000,2464030000
2001-09-20,1494.9399,1513.2400,1467.1000,1470.9301,2804660000
2001-09-21,1395.7900,1454.0400,1387.0601,1423.1899,2588150000
2001-09-24,1459.4700,1507.5100,1459.4700,1499.4000,2052290000
2001-09-25,1505.5200,1528.3300,1480.6899,1501.6400,2181960000
2001-09-26,1514.7600,1516.1200,1458.3400,1464.0400,1760620000
2001-09-27,1456.8000,1465.7000,1418.1500,1460.7100,2043090000
2001-09-28,1472.5601,1499.5800,1466.7800,1498.8000,2114360000
2001-10-01,1491.4500,1491.4500,1458.4100,1480.4600,1505140000
2001-10-02,1479.0100,1504.2400,1473.1300,1492.3300,1784730000
2001-10-03,1479.2700,1595.4800,1473.2200,1580.8101,2713300000
2001-10-04,1602.6000,1641.5601,1581.0800,1597.3101,2558580000
2001-10-05,1586.4000,1608.7600,1548.8101,1605.3000,1836380000
2001-10-08,1582.9301,1621.1100,1574.6500,1605.9500,1417520000
2001-10-09,1604.1100,1607.2000,1565.9700,1570.1899,1527430000
2001-10-10,1563.9600,1626.9900,1558.8101,1626.2600,1857510000
2001-10-11,1649.5500,1701.4800,1649.5500,1701.4700,2532940000
2001-10-12,1690.2100,1707.4301,1651.2400,1703.4000,2185970000
2001-10-15,1684.0400,1698.2400,1663.7800,1696.3101,1586210000
2001-10-16,1704.7500,1722.8500,1690.5400,1722.0699,1843310000
2001-10-17,1752.9399,1754.0100,1646.3400,1646.3400,2292410000
2001-10-18,1648.6899,1668.0000,1634.7200,1652.7200,1793870000
2001-10-19,1644.4900,1675.2000,1628.2400,1671.3101,1591110000
2001-10-22,1666.0800,1708.0900,1660.2200,1708.0800,1530830000
2001-10-23,1720.5400,1739.4700,1695.2200,1704.4399,1839490000
2001-10-24,1707.5200,1736.1700,1697.6899,1731.5400,1895000000
2001-10-25,1708.4900,1775.5100,1683.6100,1775.4700,2259620000
2001-10-26,1763.7800,1792.8700,1763.0000,1768.9600,1999200000
2001-10-29,1763.4200,1767.9700,1699.4000,1699.5200,1659170000
2001-10-30,1682.3000,1686.6801,1646.3000,1667.4100,1778560000
2001-10-31,1690.1200,1721.6899,1677.7100,1690.2000,1897610000
2001-11-01,1705.5200,1746.6500,1683.9900,1746.3000,1784910000
2001-11-02,1741.3700,1759.6500,1726.6100,1745.7300,1643860000
2001-11-05,1768.2900,1801.5500,1768.2900,1793.6500,1734250000
2001-11-06,1786.9200,1835.4900,1777.9100,1835.0800,1945510000
2001-11-07,1821.0400,1868.3101,1820.2800,1837.5300,2065810000
2001-11-08,1855.6801,1888.3900,1816.5601,1827.7700,2300720000
2001-11-09,1824.7300,1838.3800,1809.2900,1828.4800,1524360000
2001-11-12,1826.2500,1848.0000,1782.4800,1840.1300,1594470000
2001-11-13,1871.4700,1893.9200,1867.2700,1892.1100,2189000000
2001-11-14,1910.4500,1922.4500,1875.2700,1903.1899,2175590000
2001-11-15,1891.3600,1922.1200,1882.8400,1900.5699,2025550000
2001-11-16,1903.4800,1908.2100,1882.5300,1898.5800,1714140000
2001-11-19,1912.4800,1934.7000,1905.3600,1934.4200,1924900000
2001-11-20,1926.4700,1930.2100,1877.7900,1880.5100,1988580000
2001-11-21,1873.6000,1884.4900,1853.6700,1875.0500,1577590000
2001-11-23,1878.9100,1905.5800,1873.6400,1903.2000,569820000
2001-11-26,1914.5300,1941.3101,1906.8900,1941.2300,1734130000
2001-11-27,1931.5900,1965.0900,1902.8900,1935.9700,2137420000
2001-11-28,1921.6000,1941.7900,1887.9700,1887.9700,1905150000
2001-11-29,1898.6300,1933.4600,1889.2900,1933.2600,1957120000
2001-11-30,1929.2900,1941.9399,1916.7300,1930.5800,1831850000
2001-12-03,1915.1300,1925.3500,1898.9800,1904.9000,1496760000
2001-12-04,1917.6600,1963.2200,1913.9200,1963.1000,1908630000
2001-12-05,1980.3000,2056.8101,1980.3000,2046.8400,2777500000
2001-12-06,2045.2200,2065.6899,2037.6400,2054.2700,2212470000
2001-12-07,2043.6801,2046.9900,2002.3400,2021.2600,1916720000
2001-12-10,2007.6700,2036.5400,1989.6801,1992.1200,1679480000
2001-12-11,2009.9301,2032.6300,1995.0900,2001.9301,1965200000
2001-12-12,2007.4800,2022.7600,1975.6500,2011.3800,1895290000
2001-12-13,1979.8400,1985.7900,1945.2900,1946.5100,2095820000
2001-12-14,1945.1801,1965.7400,1934.6000,1953.1700,1900020000
2001-12-17,1950.9399,1994.4800,1950.9399,1987.4500,1840920000
2001-12-18,1998.3600,2010.9100,1989.8101,2004.7600,1852020000
2001-12-19,1981.6500,2007.7600,1971.0699,1982.8900,1919850000
2001-12-20,1969.0000,1972.3199,1918.5000,1918.5400,2043110000
2001-12-21,1941.5500,1954.4700,1931.8700,1945.8300,2359670000
2001-12-24,1946.8400,1953.9000,1942.0699,1944.4800,564380000
2001-12-26,1948.7700,1983.8400,1948.7700,1960.7000,1127350000
2001-12-27,1967.3199,1982.7300,1962.1200,1976.4200,1241060000
2001-12-28,1985.7100,2002.7200,1982.3700,1987.2600,1328290000
2001-12-31,1984.3101,1989.1700,1950.4000,1950.4000,1414840000
2002-01-02,1965.1801,1979.2600,1936.5601,1979.2500,1517670000
2002-01-03,1987.0601,2044.5601,1987.0601,2044.2700,2209630000
2002-01-04,2061.8301,2077.8899,2033.5601,2059.3799,2205610000
2002-01-07,2075.2400,2081.0901,2036.8600,2037.1000,2121110000
2002-01-08,2039.4200,2060.2300,2027.3400,2055.7400,1873670000
2002-01-09,2074.3201,2098.8799,2034.0900,2044.8900,2321450000
2002-01-10,2045.1300,2055.8899,2026.0500,2047.2400,1761640000
2002-01-11,2049.5000,2058.7700,2018.6801,2022.4600,1625530000
2002-01-14,2012.5900,2018.4200,1979.9399,1990.7400,1801650000
2002-01-15,1994.8800,2011.2500,1977.2800,2000.9100,1675150000
2002-01-16,1976.4200,1981.8101,1944.3199,1944.4399,1917270000
2002-01-17,1968.7000,1985.8300,1954.0601,1985.8199,1893110000
2002-01-18,1943.5601,1964.7400,1922.7000,1930.3400,1693010000
2002-01-22,1946.8700,1947.4100,1882.1400,1882.5300,1817220000
2002-01-23,1889.5300,1925.1500,1879.2400,1922.3800,1871120000
2002-01-24,1937.6700,1959.9301,1936.3400,1942.5800,1907870000
2002-01-25,1929.1500,1951.7900,1923.0601,1937.7000,1655310000
2002-01-28,1951.1200,1958.9600,1925.4301,1943.9100,1482080000
2002-01-29,1947.0900,1959.0500,1883.4900,1892.9900,1875380000
2002-01-30,1897.7300,1913.6600,1851.4900,1913.4399,2066970000
2002-01-31,1924.5601,1935.1700,1906.9000,1934.0300,1803530000
2002-02-01,1928.8300,1942.1500,1901.2100,1911.2400,1710000000
2002-02-04,1907.5800,1907.5800,1849.1300,1855.5300,1779030000
2002-02-05,1844.6200,1867.9399,1828.6700,1838.5200,2106870000
2002-02-06,1853.1300,1853.1300,1805.0100,1812.7100,2105480000
2002-02-07,1809.4301,1824.0699,1781.7300,1782.1100,1998300000
2002-02-08,1794.0500,1818.8800,1772.1500,1818.8800,1794710000
2002-02-11,1816.9399,1846.9301,1815.3800,1846.6600,1564830000
2002-02-12,1829.5300,1852.2200,1817.1300,1834.2100,1621680000
2002-02-13,1844.7900,1862.4200,1844.1200,1859.1600,1600740000
2002-02-14,1863.4700,1877.7400,1840.7800,1843.3700,1679410000
2002-02-15,1844.8900,1847.0699,1801.6700,1805.2000,1624720000
2002-02-19,1790.9399,1791.0100,1745.0500,1750.6100,1749170000
2002-02-20,1762.4301,1777.1801,1729.2000,1775.5699,1918210000
2002-02-21,1763.8199,1769.3700,1716.2400,1716.2400,1833750000
2002-02-22,1718.7000,1736.4800,1696.5500,1724.5400,1839340000
2002-02-25,1731.4301,1776.6100,1730.9100,1769.8800,1666850000
2002-02-26,1777.5400,1788.7500,1750.3600,1766.8600,1670530000
2002-02-27,1783.2900,1793.7300,1741.4800,1751.8800,1823440000
2002-02-28,1759.3300,1773.2000,1728.6500,1731.4900,1935630000
2002-03-01,1745.4900,1802.8900,1742.0800,1802.7400,1902520000
2002-03-04,1799.6801,1859.7200,1789.7200,1859.3199,2297630000
2002-03-05,1854.7100,1886.1500,1849.7500,1866.2900,2074650000
2002-03-06,1859.2800,1891.8300,1841.3101,1890.4000,1907080000
2002-03-07,1903.2400,1910.7000,1865.0601,1881.6300,1898190000
2002-03-08,1908.0900,1935.0900,1908.0900,1929.6700,2059420000
2002-03-11,1919.7300,1946.2300,1905.9301,1929.4900,1763950000
2002-03-12,1888.6801,1899.0100,1879.4200,1897.1200,1750150000
2002-03-13,1879.9700,1886.2700,1858.4500,1862.0300,1664240000
2002-03-14,1863.1000,1873.0100,1851.3800,1854.1400,1492130000
2002-03-15,1854.3400,1871.3900,1845.9301,1868.3000,1698800000
2002-03-18,1882.7300,1893.2600,1861.1100,1877.0601,1547190000
2002-03-19,1881.1300,1891.5100,1873.1700,1880.8700,1521620000
2002-03-20,1860.2800,1861.7900,1832.8700,1832.8700,1554640000
2002-03-21,1835.2100,1870.1600,1825.9900,1868.8300,1601590000
2002-03-22,1865.1801,1873.3199,1848.1500,1851.3900,1504960000
2002-03-25,1855.6500,1863.0500,1812.4200,1812.4900,1429310000
2002-03-26,1808.8700,1843.9600,1807.4700,1824.1700,1662170000
2002-03-27,1817.2200,1832.0100,1811.6400,1826.7500,1624230000
2002-03-28,1836.2500,1852.8500,1833.3300,1845.3500,1664900000
2002-04-01,1834.5900,1865.3700,1817.2500,1862.6200,1554790000
2002-04-02,1836.0300,1839.3700,1804.4000,1804.4000,1701240000
2002-04-03,1809.5900,1813.3600,1770.6100,1784.3500,1704190000
2002-04-04,1776.5300,1800.8300,1770.1600,1789.7500,1731670000
2002-04-05,1796.9200,1803.2100,1769.9500,1770.0300,1508100000
2002-04-08,1741.1000,1786.4000,1733.8400,1785.8700,1599200000
2002-04-09,1789.1400,1795.6200,1742.4000,1742.5699,1662760000
2002-04-10,1751.5699,1772.0000,1733.6899,1767.0699,1965420000
2002-04-11,1757.0100,1762.2800,1724.1500,1725.2400,1707140000
2002-04-12,1738.9600,1756.3300,1728.5200,1756.1899,1532480000
2002-04-15,1761.9500,1769.0400,1740.6100,1753.7800,1327230000
2002-04-16,1779.2900,1816.9100,1779.2900,1816.7900,1791490000
2002-04-17,1829.5800,1832.0100,1804.6500,1810.6700,1931060000
2002-04-18,1806.2800,1818.7900,1778.1000,1802.4301,1866140000
2002-04-19,1816.3500,1816.6200,1795.2700,1796.8300,1681640000
2002-04-22,1779.1801,1779.1801,1747.6500,1758.6801,1703120000
2002-04-23,1757.9200,1762.9399,1723.9301,1730.2900,1957900000
2002-04-24,1739.1300,1746.5200,1711.1100,1713.3400,1923230000
2002-04-25,1705.8000,1724.0100,1697.2700,1713.7000,1971760000
2002-04-26,1722.8300,1728.5200,1663.7800,1663.8900,1893790000
2002-04-29,1668.5200,1678.5601,1640.9700,1656.9301,1842550000
2002-04-30,1655.0200,1697.0300,1652.9301,1688.2300,2091610000
2002-05-01,1683.7600,1687.5601,1643.2400,1677.5300,2189110000
2002-05-02,1673.7200,1695.0699,1640.8000,1644.8199,2060340000
2002-05-03,1643.1700,1643.8700,1605.9700,1613.0300,1990950000
2002-05-06,1611.0500,1622.8300,1577.9301,1578.4800,1776080000
2002-05-07,1589.5800,1594.5699,1560.2900,1573.8199,2139130000
2002-05-08,1625.7300,1696.3500,1625.7300,1696.2900,2403240000
2002-05-09,1684.4399,1692.5800,1650.4600,1650.4900,1788460000
2002-05-10,1657.1801,1657.4500,1599.6400,1600.8500,1839130000
2002-05-13,1611.2600,1653.1000,1602.6000,1652.5400,1648780000
2002-05-14,1694.1500,1722.6600,1691.4200,1719.0500,2603120000
2002-05-15,1705.4500,1759.3300,1694.3400,1725.5601,2266100000
2002-05-16,1723.6899,1734.7100,1713.8101,1730.4399,1644660000
2002-05-17,1745.1700,1754.2200,1723.0601,1741.3900,1648910000
2002-05-20,1726.7800,1726.8900,1696.1100,1701.5900,1429300000
2002-05-21,1708.5699,1717.9301,1660.2200,1664.1801,1660880000
2002-05-22,1654.3400,1676.6400,1643.9600,1673.4500,1734730000
2002-05-23,1678.4200,1697.7700,1651.8900,1697.6300,1762570000
2002-05-24,1680.6600,1681.1000,1658.7800,1661.4900,1210890000
2002-05-28,1670.3500,1671.3500,1632.7500,1652.1700,1319250000
2002-05-29,1639.2700,1644.2900,1624.3101,1624.3900,1418900000
2002-05-30,1613.4200,1637.6500,1607.3000,1631.9200,1585850000
2002-05-31,1641.1000,1651.4700,1615.6200,1615.7300,1682430000
2002-06-03,1613.5000,1621.5000,1561.1700,1562.5601,1623120000
2002-06-04,1559.2500,1587.7900,1548.3101,1578.1200,1881400000
2002-06-05,1580.0601,1595.4200,1563.5500,1595.2600,1632920000
2002-06-06,1583.6500,1584.0601,1550.7200,1554.8800,1630260000
2002-06-07,1500.1500,1549.1700,1495.8101,1535.4800,2111740000
2002-06-10,1536.9800,1551.8000,1526.9600,1530.6899,1518260000
2002-06-11,1542.1600,1547.5000,1496.6600,1497.1801,1697040000
2002-06-12,1491.3600,1519.1600,1474.5601,1519.1200,2057320000
2002-06-13,1512.2300,1526.4100,1495.6400,1496.8800,1566910000
2002-06-14,1471.9700,1507.0100,1445.4399,1504.7400,1827730000
2002-06-17,1519.6500,1555.0699,1519.2600,1553.2900,1591840000
2002-06-18,1544.1899,1567.9900,1542.7700,1542.9600,1589760000
2002-06-19,1531.0500,1538.3600,1496.0800,1496.8300,1726700000
2002-06-20,1494.8000,1503.0100,1461.5900,1464.7500,1709470000
2002-06-21,1456.6100,1480.0500,1435.8500,1440.9600,1962900000
2002-06-24,1429.5601,1476.5601,1414.6899,1460.3400,2050610000
2002-06-25,1472.1899,1475.5800,1419.2500,1423.9900,1880680000
2002-06-26,1379.8700,1436.5699,1375.5300,1429.3300,2061740000
2002-06-27,1446.3700,1459.4100,1412.9600,1459.2000,1942590000
2002-06-28,1454.9800,1486.2500,1454.7100,1463.2100,2575240000
2002-07-01,1457.0400,1459.8400,1402.5100,1403.8000,2320650000
2002-07-02,1395.3700,1396.2500,1356.0300,1357.8199,2722550000
2002-07-03,1348.6100,1380.3800,1336.0601,1380.1700,2661060000
2002-07-05,1401.0300,1448.6600,1401.0300,1448.3600,1120960000
2002-07-08,1439.8500,1452.5601,1401.2800,1405.6100,1708150000
2002-07-09,1405.3700,1415.3101,1379.5699,1381.1200,1704220000
2002-07-10,1396.6700,1396.9500,1345.2200,1346.0100,1846320000
2002-07-11,1339.6500,1375.5800,1323.5900,1374.4301,2298330000
2002-07-12,1391.3000,1402.4500,1363.1100,1373.5000,2009340000
2002-07-15,1365.7900,1382.7000,1315.3000,1382.6200,2117700000
2002-07-16,1371.9100,1407.5900,1364.8800,1375.2600,2379260000
2002-07-17,1408.1000,1426.2800,1370.2100,1397.2500,2338390000
2002-07-18,1390.4100,1395.2900,1356.8000,1356.9500,1842360000
2002-07-19,1336.3900,1350.2100,1309.9399,1319.1500,2396800000
2002-07-22,1309.8400,1332.1000,1272.4600,1282.6500,2014410000
2002-07-23,1287.5900,1295.5900,1228.8800,1229.0500,2238890000
2002-07-24,1203.8800,1290.4000,1192.4200,1290.2300,2167790000
2002-07-25,1277.1600,1289.7200,1220.9301,1240.0800,2353210000
2002-07-26,1250.7200,1264.6700,1234.4600,1262.1200,1691540000
2002-07-29,1286.8101,1335.2500,1286.5400,1335.2500,1944170000
2002-07-30,1322.9900,1354.4800,1313.4900,1344.1899,1728270000
2002-07-31,1331.8199,1335.7900,1307.0100,1328.2600,1633300000
2002-08-01,1322.4700,1326.1000,1276.8800,1280.0000,1548860000
2002-08-02,1279.1000,1282.0601,1235.5699,1247.9200,1419790000
2002-08-05,1243.3800,1247.8400,1205.6801,1206.0100,1336720000
2002-08-06,1224.8000,1279.5699,1224.8000,1259.5500,1535110000
2002-08-07,1290.2300,1298.1200,1243.4900,1280.9000,1542880000
2002-08-08,1278.3400,1316.5200,1263.3101,1316.5200,1523000000
2002-08-09,1301.8300,1322.0699,1290.7700,1306.1200,1313750000
2002-08-12,1293.8800,1311.4301,1286.9100,1306.8400,1054220000
2002-08-13,1300.7300,1324.4301,1268.9900,1269.2800,1570660000
2002-08-14,1273.9399,1334.3101,1265.1899,1334.3000,1629290000
2002-08-15,1339.6000,1350.9200,1322.1100,1345.0100,1642850000
2002-08-16,1333.2600,1368.6899,1325.9900,1361.0100,1389180000
2002-08-19,1362.2900,1397.0601,1359.1400,1394.5400,1489490000
2002-08-20,1384.4700,1389.8400,1370.9800,1376.5900,1396290000
2002-08-21,1389.5601,1410.8800,1378.0900,1409.2500,1508530000
2002-08-22,1410.7500,1426.7600,1398.8300,1422.9500,1654080000
2002-08-23,1411.7500,1411.7500,1377.6400,1380.6200,1365830000
2002-08-26,1387.2000,1394.2400,1360.4301,1391.7400,1261360000
2002-08-27,1395.0400,1396.4000,1346.2100,1347.7800,1432360000
2002-08-28,1339.4200,1340.0100,1312.2500,1314.3800,1351500000
2002-08-29,1304.2100,1345.3700,1295.7900,1335.7700,1435190000
2002-08-30,1326.0500,1337.9200,1314.6899,1314.8500,1089820000
2002-09-03,1302.6700,1302.6700,1263.2300,1263.8400,1394260000
2002-09-04,1268.6500,1294.6500,1261.0000,1292.3101,1493510000
2002-09-05,1274.7600,1274.7600,1251.0000,1251.0000,1520290000
2002-09-06,1280.2700,1304.0200,1280.2700,1295.3000,1320380000
2002-09-09,1286.7500,1310.3300,1270.7300,1304.6000,1247540000
2002-09-10,1306.1300,1322.4301,1299.5300,1320.0900,1441490000
2002-09-11,1328.3500,1347.2700,1314.9600,1315.4500,1075670000
2002-09-12,1305.7200,1305.7200,1279.0900,1279.6801,1192760000
2002-09-13,1272.9399,1292.3600,1270.5900,1291.4000,1265530000
2002-09-16,1286.8500,1292.7300,1267.6899,1275.8800,1097330000
2002-09-17,1292.9100,1298.5000,1258.8500,1259.9399,1500330000
2002-09-18,1244.5200,1263.9000,1233.0800,1252.1300,1570950000
2002-09-19,1233.9399,1242.9100,1216.1899,1216.4500,1521130000
2002-09-20,1229.4700,1232.9600,1216.2400,1221.0900,1796000000
2002-09-23,1209.1300,1209.7200,1177.4100,1184.9301,1443330000
2002-09-24,1170.9500,1200.4500,1169.0400,1182.1700,1666020000
2002-09-25,1195.6000,1227.2300,1184.1200,1222.2900,1691640000
2002-09-26,1231.8500,1239.6200,1206.9100,1221.6100,1664160000
2002-09-27,1213.7700,1235.0800,1198.1200,1199.1600,1444460000
2002-09-30,1187.4800,1190.7400,1160.0699,1172.0601,1682900000
2002-10-01,1180.2600,1214.0100,1160.7100,1213.7200,1707860000
2002-10-02,1208.0300,1222.7200,1183.7600,1187.3000,1763700000
2002-10-03,1183.1100,1197.9600,1164.5100,1165.5601,1647320000
2002-10-04,1174.5800,1175.7500,1135.2700,1139.9000,1587030000
2002-10-07,1135.7900,1145.7900,1113.3600,1119.4000,1409850000
2002-10-08,1129.8199,1144.1300,1109.6400,1129.2200,1836990000
2002-10-09,1117.1400,1135.8900,1112.0800,1114.1100,1755730000
2002-10-10,1116.7600,1165.8300,1108.4900,1163.3700,1837940000
2002-10-11,1179.9000,1220.1200,1179.9000,1210.4700,1915390000
2002-10-14,1198.5000,1221.6000,1193.4200,1220.5300,1204240000
2002-10-15,1259.8700,1282.7400,1259.8700,1282.4399,2009640000
2002-10-16,1239.5400,1253.6100,1229.0601,1232.4200,1585220000
2002-10-17,1272.2600,1283.2100,1263.4600,1272.2900,1822740000
2002-10-18,1270.1300,1288.0800,1253.4399,1287.8600,1665970000
2002-10-21,1276.7600,1312.5300,1267.7600,1309.6700,1572970000
2002-10-22,1285.5400,1307.6000,1280.6600,1292.8000,1723340000
2002-10-23,1288.2400,1320.2500,1279.4600,1320.2300,1598320000
2002-10-24,1325.0800,1330.9900,1296.5400,1298.7100,1944060000
2002-10-25,1297.3300,1331.3300,1297.1700,1331.1300,1470040000
2002-10-28,1345.7200,1346.2100,1310.6300,1315.8300,1636190000
2002-10-29,1313.1400,1318.9301,1279.1899,1300.5400,1598410000
2002-10-30,1307.4900,1334.6300,1300.5500,1326.7300,1675530000
2002-10-31,1330.7300,1347.5800,1323.0900,1329.7500,1761680000
2002-11-01,1320.9500,1360.8300,1313.7200,1360.7000,1842870000
2002-11-04,1394.5699,1420.0300,1388.6801,1396.5400,2372480000
2002-11-05,1386.8700,1401.3700,1379.3300,1401.1700,1704780000
2002-11-06,1408.2200,1419.0400,1386.5200,1418.9900,2189420000
2002-11-07,1397.5400,1400.0800,1371.4700,1376.7100,1758820000
2002-11-08,1376.3700,1389.7700,1354.2800,1359.2800,1603460000
2002-11-11,1355.1000,1355.1000,1319.0699,1319.1899,1267420000
2002-11-12,1328.0800,1367.9700,1328.0800,1349.5601,1559650000
2002-11-13,1342.2200,1371.7400,1334.1300,1361.3300,1901380000
2002-11-14,1378.9399,1411.6300,1378.9399,1411.5200,1756210000
2002-11-15,1396.1100,1413.5300,1386.1400,1411.1400,1700890000
2002-11-18,1422.5400,1425.4200,1393.6600,1393.6899,1766300000
2002-11-19,1387.1100,1394.9301,1367.7600,1374.5100,1620330000
2002-11-20,1375.6899,1419.6400,1375.4100,1419.3500,1771370000
2002-11-21,1431.1300,1468.7200,1430.0800,1467.5500,2441730000
2002-11-22,1453.0500,1475.3500,1449.5000,1468.7400,1960160000
2002-11-25,1470.6400,1486.9399,1461.1300,1481.9000,1952400000
2002-11-26,1473.2300,1478.7300,1441.1200,1444.4301,1927670000
2002-11-27,1463.2700,1491.4500,1462.6200,1487.9399,1734500000
2002-11-29,1495.8101,1497.4399,1478.7200,1478.7800,841810000
2002-12-02,1507.9399,1521.4399,1474.5900,1484.7800,1925550000
2002-12-03,1474.6899,1474.6899,1445.2300,1448.9600,1651510000
2002-12-04,1427.0500,1444.1801,1412.9200,1430.3500,1886070000
2002-12-05,1444.7400,1445.9500,1410.5800,1410.7500,1462340000
2002-12-06,1395.1801,1430.3900,1391.1000,1422.4399,1529800000
2002-12-09,1411.4000,1411.4000,1367.0699,1367.1400,1496820000
2002-12-10,1374.5601,1397.8400,1373.8900,1390.7600,1470250000
2002-12-11,1382.1000,1407.1500,1377.7100,1396.5900,1423880000
2002-12-12,1407.0200,1411.6899,1388.5100,1399.5500,1408220000
2002-12-13,1387.7100,1387.7100,1362.4200,1362.4200,1371410000
2002-12-16,1367.7400,1400.4900,1365.6600,1400.3300,1406210000
2002-12-17,1396.3300,1408.1600,1385.3700,1392.0500,1336750000
2002-12-18,1380.6300,1380.6300,1355.5500,1361.5100,1529600000
2002-12-19,1358.6100,1384.5800,1346.1801,1354.1000,1654540000
2002-12-20,1364.1899,1370.7900,1358.8000,1363.0500,1992120000
2002-12-23,1359.9200,1384.2900,1358.2900,1381.6899,1193060000
2002-12-24,1375.9600,1382.9301,1372.3800,1372.4700,523880000
2002-12-26,1375.1400,1392.5800,1363.6100,1367.8900,812310000
2002-12-27,1363.6400,1369.2100,1346.6500,1348.3101,804960000
2002-12-30,1349.4301,1353.3800,1329.6400,1339.5400,1076580000
2002-12-31,1336.8300,1345.1100,1327.1899,1335.5100,1166770000
2003-01-02,1346.9301,1384.9100,1336.9800,1384.8500,1287540000
2003-01-03,1382.3600,1389.4399,1374.6100,1387.0800,1149590000
2003-01-06,1390.1899,1428.6500,1390.0900,1421.3199,1567690000
2003-01-07,1424.2600,1442.2600,1416.2300,1431.5699,1755760000
2003-01-08,1423.2900,1424.1200,1399.0601,1401.0699,1457010000
2003-01-09,1414.4700,1445.0900,1414.4700,1438.4600,1685990000
2003-01-10,1423.6200,1457.4500,1418.7900,1447.7200,1652320000
2003-01-13,1461.7300,1467.3500,1436.9800,1446.0400,1376040000
2003-01-14,1445.0699,1461.1200,1442.6300,1460.9900,1329340000
2003-01-15,1461.0400,1463.9900,1435.2900,1438.8000,1513080000
2003-01-16,1440.5601,1449.1300,1420.1100,1423.7500,1366550000
2003-01-17,1401.3700,1401.3700,1376.1801,1376.1899,1433840000
2003-01-21,1380.4301,1386.7100,1364.2500,1364.2500,1355410000
2003-01-22,1361.0100,1379.6100,1358.2300,1359.4800,1477520000
2003-01-23,1377.5000,1393.6700,1365.1100,1388.2700,1566510000
2003-01-24,1382.3500,1382.3500,1340.2200,1342.1400,1568350000
2003-01-27,1329.8101,1349.8300,1320.3199,1325.2700,1440300000
2003-01-28,1335.4301,1346.5000,1321.4399,1342.1801,1406660000
2003-01-29,1335.9000,1363.3101,1320.3500,1358.0601,1507590000
2003-01-30,1360.5500,1363.0800,1322.0601,1322.3500,1446130000
2003-01-31,1308.1000,1331.0400,1303.6400,1320.9100,1554810000
2003-02-03,1324.7400,1335.7600,1318.0000,1323.7900,1256550000
2003-02-04,1310.4800,1310.4800,1292.2000,1306.1500,1368150000
2003-02-05,1314.6700,1332.8199,1299.3500,1301.5000,1367130000
2003-02-06,1298.7000,1310.5100,1291.4700,1301.7300,1219320000
2003-02-07,1310.9200,1314.5200,1278.5400,1282.4700,1228850000
2003-02-10,1286.5100,1298.5699,1275.1899,1296.6801,1216440000
2003-02-11,1301.5400,1315.0400,1285.7700,1295.4600,1296190000
2003-02-12,1292.0800,1301.1100,1278.7400,1278.9700,1231070000
2003-02-13,1280.9200,1281.3199,1261.7900,1277.4399,1310440000
2003-02-14,1283.4100,1310.3700,1279.6600,1310.1700,1315410000
2003-02-18,1319.9900,1346.9200,1319.5200,1346.5400,1303930000
2003-02-19,1343.3700,1344.5900,1322.1200,1334.3199,1179700000
2003-02-20,1339.7000,1344.2900,1329.0900,1331.2300,1320410000
2003-02-21,1331.3300,1352.0699,1316.0400,1349.0200,1342440000
2003-02-24,1342.5000,1343.0900,1321.4399,1322.3800,1222480000
2003-02-25,1307.3900,1331.3500,1291.9600,1328.9800,1395960000
2003-02-26,1323.0100,1331.4700,1302.8300,1303.6801,1207090000
2003-02-27,1312.1300,1331.7900,1305.5601,1323.9399,1238110000
2003-02-28,1327.8700,1342.7300,1325.1500,1337.5200,1354370000
2003-03-03,1344.2100,1353.3101,1316.8500,1320.2900,1253490000
2003-03-04,1320.2800,1321.8900,1307.2700,1307.7700,1221830000
2003-03-05,1305.2800,1317.6899,1302.0500,1314.4000,1360590000
2003-03-06,1306.0699,1312.6100,1299.8101,1302.8900,1262310000
2003-03-07,1285.3000,1310.5300,1280.7200,1305.2900,1436040000
2003-03-10,1295.4600,1299.5500,1277.1801,1278.3700,1119970000
2003-03-11,1280.7300,1288.9900,1269.4800,1271.4700,1251740000
2003-03-12,1266.9900,1279.5900,1253.2200,1279.2400,1533600000
2003-03-13,1297.7400,1340.7800,1290.5900,1340.7700,1789080000
2003-03-14,1344.2600,1352.8400,1329.9700,1340.3300,1611050000
2003-03-17,1329.9500,1392.4100,1326.2800,1392.2700,1886510000
2003-03-18,1392.0000,1400.5500,1378.8300,1400.5500,1632220000
2003-03-19,1396.2700,1401.2400,1378.5699,1397.0699,1694670000
2003-03-20,1385.6600,1411.4100,1371.9000,1402.7700,1596740000
2003-03-21,1422.0601,1425.7300,1403.1500,1421.8400,1911550000
2003-03-24,1390.0400,1392.4000,1368.3700,1369.7800,1317380000
2003-03-25,1374.2100,1400.1400,1369.3199,1391.0100,1437240000
2003-03-26,1390.2700,1397.9399,1383.3500,1387.4500,1418520000
2003-03-27,1375.9000,1392.4600,1369.3101,1384.2500,1441300000
2003-03-28,1375.2600,1384.8199,1367.8900,1369.6000,1364880000
2003-03-31,1351.6100,1357.0000,1336.6100,1341.1700,1596280000
2003-04-01,1347.5400,1356.3700,1338.2300,1348.3000,1412110000
2003-04-02,1374.7100,1400.8600,1374.7100,1396.7200,1609690000
2003-04-03,1404.9900,1412.0800,1389.9500,1396.5800,1445510000
2003-04-04,1400.9700,1400.9700,1378.2200,1383.5100,1366800000
2003-04-07,1425.2300,1430.1100,1389.5100,1389.5100,1516080000
2003-04-08,1388.5300,1392.5200,1376.6000,1382.9399,1312770000
2003-04-09,1385.2800,1393.3700,1356.6000,1356.7400,1312000000
2003-04-10,1359.4301,1368.1100,1351.1000,1365.6100,1235410000
2003-04-11,1379.4800,1387.3300,1353.7400,1358.8500,1237570000
2003-04-14,1361.3500,1386.5000,1359.3199,1384.9500,1173640000
2003-04-15,1381.6700,1394.0300,1376.0300,1391.0100,1295900000
2003-04-16,1411.7000,1418.5200,1391.9900,1394.7200,1551600000
2003-04-17,1395.6200,1425.5000,1393.1300,1425.5000,1644000000
2003-04-21,1425.9600,1432.0800,1413.7100,1424.3700,1271170000
2003-04-22,1417.0000,1452.3400,1414.4000,1451.3600,1614310000
2003-04-23,1453.9500,1468.0800,1447.6500,1466.1600,1818020000
2003-04-24,1453.2300,1465.9200,1448.0500,1457.2300,1661540000
2003-04-25,1451.1300,1452.1700,1432.0200,1434.5400,1515730000
2003-04-28,1437.8600,1465.4000,1435.3500,1462.2400,1477750000
2003-04-29,1468.0300,1482.4900,1459.4800,1471.3000,1670600000
2003-04-30,1467.8400,1472.6899,1459.0400,1464.3101,1619230000
2003-05-01,1463.0000,1478.8500,1451.3199,1472.5601,1473860000
2003-05-02,1470.0900,1504.2200,1469.8400,1502.8800,1826120000
2003-05-05,1508.3101,1519.7000,1502.6600,1504.0400,1932030000
2003-05-06,1503.4200,1531.8199,1503.3101,1523.7100,2139720000
2003-05-07,1513.4800,1523.9100,1503.0601,1506.7600,1927720000
2003-05-08,1492.4900,1504.0400,1486.9100,1489.6899,1619000000
2003-05-09,1500.6500,1520.1500,1500.1000,1520.1500,1545190000
2003-05-12,1518.5200,1544.4100,1512.7200,1541.4000,1796940000
2003-05-13,1533.1400,1548.5900,1529.5601,1539.6801,1856230000
2003-05-14,1545.8800,1549.9399,1526.1400,1534.9000,1816790000
2003-05-15,1541.4301,1552.9800,1536.0300,1551.3800,1982130000
2003-05-16,1544.8400,1550.4399,1534.3500,1538.5300,1783450000
2003-05-19,1530.3800,1536.0400,1492.4600,1492.7700,1684210000
2003-05-20,1498.0500,1505.1801,1480.1300,1491.0900,1699750000
2003-05-21,1488.2700,1490.8199,1478.1500,1489.8700,1588960000
2003-05-22,1493.3900,1512.8000,1489.0800,1507.5500,1783870000
2003-05-23,1506.6400,1514.4900,1501.3800,1510.0900,1448770000
2003-05-27,1504.8700,1558.2800,1504.2200,1556.6899,1932760000
2003-05-28,1560.1100,1571.8500,1553.7000,1563.2400,2042270000
2003-05-29,1565.3800,1591.2600,1564.1400,1574.9500,2228880000
2003-05-30,1583.2300,1599.9200,1582.5200,1595.9100,2314660000
2003-06-02,1612.1000,1620.7900,1586.4800,1590.7500,2517530000
2003-06-03,1589.7200,1603.7400,1584.7000,1603.5601,2067880000
2003-06-04,1604.8400,1638.5699,1603.1700,1634.6500,2515710000
2003-06-05,1620.7900,1646.0100,1613.9900,1646.0100,2449080000
2003-06-06,1670.0300,1684.0601,1625.1801,1627.4200,2962610000
2003-06-09,1623.0000,1625.6100,1597.3199,1603.9700,1856700000
2003-06-10,1611.1700,1627.7700,1606.0800,1627.6700,1791650000
2003-06-11,1625.0000,1647.5699,1612.2200,1646.0200,1932200000
2003-06-12,1653.0500,1661.1200,1640.1200,1653.6200,1790700000
2003-06-13,1656.6100,1660.4301,1624.1200,1626.4900,1813140000
2003-06-16,1633.8000,1667.7700,1629.5900,1666.5800,1912560000
2003-06-17,1673.1000,1674.0900,1656.5699,1668.4399,1968630000
2003-06-18,1663.0300,1685.0400,1653.2500,1677.1400,2082080000
2003-06-19,1677.0500,1686.1000,1646.7900,1648.6400,1957720000
2003-06-20,1657.3101,1660.4700,1638.9301,1644.7200,1767110000
2003-06-23,1642.3300,1643.2100,1601.4500,1610.7500,1694940000
2003-06-24,1605.6899,1622.4700,1598.2500,1605.6100,1619510000
2003-06-25,1608.5000,1629.9700,1600.2800,1602.6600,1563620000
2003-06-26,1611.3101,1636.1500,1606.4700,1634.0100,1560860000
2003-06-27,1636.0300,1653.7400,1621.2500,1625.2600,1553940000
2003-06-30,1634.8600,1643.6801,1621.4399,1622.8000,1792820000
2003-07-01,1617.3000,1641.7700,1598.9200,1640.1300,1711820000
2003-07-02,1648.1300,1678.7700,1648.1300,1678.7300,1866650000
2003-07-03,1665.9500,1683.7700,1660.9500,1663.4600,944910000
2003-07-07,1685.4100,1721.2500,1685.4100,1720.7100,1836380000
2003-07-08,1715.9900,1747.4399,1713.7600,1746.4600,2018490000
2003-07-09,1743.6600,1758.1801,1735.3000,1747.4600,2113620000
2003-07-10,1731.3500,1735.1300,1707.4900,1715.8600,1733800000
2003-07-11,1720.9800,1737.4100,1720.9800,1733.9301,1516880000
2003-07-14,1757.4301,1776.1000,1748.8800,1754.8199,1973180000
2003-07-15,1769.9500,1771.7800,1742.1000,1753.2100,1915630000
2003-07-16,1766.3500,1767.9000,1734.1400,1747.9700,1920560000
2003-07-17,1727.7600,1729.5900,1693.4700,1698.0200,1912680000
2003-07-18,1709.0900,1714.8400,1688.8199,1708.5000,1602890000
2003-07-21,1706.1500,1706.2900,1675.1801,1681.4100,1459310000
2003-07-22,1695.0200,1710.3400,1686.1500,1706.1000,1749720000
2003-07-23,1710.8199,1720.0400,1695.2000,1719.1801,1834980000
2003-07-24,1732.1899,1740.8000,1700.2900,1701.4200,1901240000
2003-07-25,1703.5800,1730.9100,1685.8900,1730.7000,1587980000
2003-07-28,1734.6801,1740.5900,1726.2400,1735.3600,1535820000
2003-07-29,1740.2700,1744.6000,1713.2100,1731.3700,1703800000
2003-07-30,1731.5699,1733.4000,1717.0699,1720.9100,1513760000
2003-07-31,1735.4700,1757.3700,1728.3400,1735.0200,1858470000
2003-08-01,1731.6300,1733.1400,1714.0100,1715.6200,1484040000
2003-08-04,1714.8400,1723.2700,1687.7700,1714.0601,1573410000
2003-08-05,1710.6899,1711.1100,1671.0400,1673.5000,1743380000
2003-08-06,1664.2600,1675.4600,1648.4200,1652.6801,1862270000
2003-08-07,1651.4600,1658.4301,1641.7400,1652.1801,1638040000
2003-08-08,1659.0601,1662.7800,1640.8800,1644.0300,1336330000
2003-08-11,1646.9500,1668.0601,1646.5900,1661.5100,1203780000
2003-08-12,1666.6100,1687.4800,1660.6600,1687.0100,1329840000
2003-08-13,1693.3600,1695.8300,1681.3101,1686.6100,1449200000
2003-08-14,1688.1300,1700.3400,1681.5200,1700.3400,1311570000
2003-08-15,1697.7500,1705.3300,1693.8800,1702.0100,703950000
2003-08-18,1707.1700,1739.5900,1706.9301,1739.4900,1476310000
2003-08-19,1747.0000,1761.6300,1737.3700,1761.1100,1724390000
2003-08-20,1749.0800,1768.5200,1747.0100,1760.5400,1506760000
2003-08-21,1771.3900,1783.6400,1762.9700,1777.5500,1722470000
2003-08-22,1804.8101,1812.4900,1765.3000,1765.3199,1705200000
2003-08-25,1763.7800,1768.1200,1752.1200,1764.3101,1117840000
2003-08-26,1756.0800,1771.2200,1737.1500,1770.6500,1382860000
2003-08-27,1767.7800,1783.1200,1764.6300,1782.1300,1349730000
2003-08-28,1787.7700,1800.6500,1772.9800,1800.1801,1466510000
2003-08-29,1796.1000,1813.8199,1794.8300,1810.4500,1206180000
2003-09-02,1817.9200,1841.4800,1804.3000,1841.4800,1773780000
2003-09-03,1852.4700,1863.5500,1846.5100,1852.9000,2333120000
2003-09-04,1853.1200,1870.0000,1848.9500,1868.9700,1886580000
2003-09-05,1861.2900,1879.7000,1850.6899,1858.2400,1952040000
2003-09-08,1863.8800,1888.6500,1863.8800,1888.6200,2032940000
2003-09-09,1883.0000,1886.2700,1867.8101,1873.4301,2220160000
2003-09-10,1859.2100,1859.2100,1823.8101,1823.8101,2001600000
2003-09-11,1830.4399,1852.6000,1819.4200,1846.0900,1748050000
2003-09-12,1833.9700,1855.0400,1821.9800,1855.0300,1713770000
2003-09-15,1857.1200,1861.8101,1843.7900,1845.7000,1463950000
2003-09-16,1848.4100,1887.8700,1848.4100,1887.2500,1788770000
2003-09-17,1884.1801,1894.7400,1876.2400,1883.1000,1903800000
2003-09-18,1880.9100,1910.5100,1874.3000,1909.5500,2011010000
2003-09-19,1913.7400,1913.7400,1895.9301,1905.7000,1885000000
2003-09-22,1881.4200,1881.4200,1866.8800,1874.6200,1720080000
2003-09-23,1877.4399,1901.7300,1875.1500,1901.7200,1868800000
2003-09-24,1903.8101,1904.1300,1843.4301,1843.7000,2207970000
2003-09-25,1849.3900,1856.2200,1817.2000,1817.2400,2033060000
2003-09-26,1816.7500,1821.5699,1792.0601,1792.0699,1841530000
2003-09-29,1801.5500,1824.5900,1786.5699,1824.5601,1666930000
2003-09-30,1812.8101,1812.8101,1783.4600,1786.9399,1864240000
2003-10-01,1797.0699,1832.2500,1796.0900,1832.2500,1821740000
2003-10-02,1828.9399,1842.5500,1823.6400,1836.2200,1604090000
2003-10-03,1864.5400,1891.6200,1864.5400,1880.5699,2014580000
2003-10-06,1884.6400,1894.2200,1876.0000,1893.4600,1375810000
2003-10-07,1882.9200,1907.8800,1878.5900,1907.8500,1840280000
2003-10-08,1913.6400,1914.3300,1888.5300,1893.7800,1801870000
2003-10-09,1916.9500,1936.9301,1899.2100,1911.9000,2083460000
2003-10-10,1915.5200,1921.1400,1905.4900,1915.3101,1464990000
2003-10-13,1924.0601,1940.9700,1921.9600,1933.5300,1498730000
2003-10-14,1929.5200,1943.3300,1922.8199,1943.1899,1757290000
2003-10-15,1966.3800,1966.8700,1933.0300,1939.1000,2017190000
2003-10-16,1931.9900,1951.7600,1930.2800,1950.1400,1765870000
2003-10-17,1947.2000,1949.6899,1910.2400,1912.3600,1747150000
2003-10-20,1913.7900,1925.1600,1905.3900,1925.1400,1537390000
2003-10-21,1929.3101,1944.3400,1922.7800,1940.9000,1735740000
2003-10-22,1923.3300,1923.3300,1897.3600,1898.0699,1711460000
2003-10-23,1879.1200,1893.2000,1874.1100,1885.5100,1937090000
2003-10-24,1863.3199,1866.4301,1841.6200,1865.5900,1957040000
2003-10-27,1876.0300,1890.6600,1873.6200,1882.9100,1518680000
2003-10-28,1893.2800,1932.2600,1892.4301,1932.2600,2076260000
2003-10-29,1925.6100,1937.3700,1923.5601,1936.5601,1968120000
2003-10-30,1955.5900,1957.5300,1929.7700,1932.6899,2158840000
2003-10-31,1938.2200,1942.6801,1928.6700,1932.2100,1833200000
2003-11-03,1941.3101,1969.2600,1941.3101,1967.7000,2089430000
2003-11-04,1961.4500,1971.3800,1953.6400,1957.9700,2081990000
2003-11-05,1957.0000,1966.1500,1938.2200,1959.3700,2018140000
2003-11-06,1971.2700,1977.9100,1953.3400,1976.3700,2141830000
2003-11-07,1986.5601,1992.2700,1968.8101,1970.7400,1957330000
2003-11-10,1972.1000,1973.0800,1939.7300,1941.6400,1750150000
2003-11-11,1938.8500,1944.0100,1923.5000,1930.7500,1637810000
2003-11-12,1935.9700,1973.1100,1935.8600,1973.1100,1837190000
2003-11-13,1964.4301,1970.4000,1956.4100,1967.3500,1871860000
2003-11-14,1966.8700,1977.7900,1930.2600,1930.2600,1829730000
2003-11-17,1919.0100,1919.2300,1890.7200,1909.6100,1861100000
2003-11-18,1919.4500,1926.0000,1881.7500,1881.7500,1898710000
2003-11-19,1886.1801,1903.4301,1880.3101,1899.6500,1798010000
2003-11-20,1886.6300,1916.5500,1880.9100,1881.9200,1799100000
2003-11-21,1891.8400,1896.4100,1878.0699,1893.8800,1621590000
2003-11-24,1907.2900,1947.1400,1907.2900,1947.1400,1791020000
2003-11-25,1948.3600,1956.2000,1942.0200,1943.0400,1836350000
2003-11-26,1954.2800,1960.3101,1930.6300,1953.3101,1524790000
2003-11-28,1950.2100,1963.0601,1950.2100,1960.2600,703800000
2003-12-01,1972.9700,1989.8199,1968.5400,1989.8199,1840020000
2003-12-02,1986.8000,1996.0800,1978.2300,1980.0699,1802760000
2003-12-03,1989.1400,2000.9200,1960.1300,1960.2500,2241590000
2003-12-04,1966.9200,1971.2500,1942.6700,1968.8000,2114230000
2003-12-05,1949.2600,1960.3900,1935.5800,1937.8199,1665920000
2003-12-08,1937.4800,1948.9399,1926.9399,1948.8500,1583730000
2003-12-09,1955.5000,1956.9700,1906.8400,1908.3199,1813530000
2003-12-10,1912.2400,1916.0000,1887.4600,1904.6500,1946310000
2003-12-11,1904.4800,1945.9200,1903.9301,1942.3199,1807550000
2003-12-12,1947.2600,1949.0200,1931.1000,1949.0000,1457100000
2003-12-15,1978.7700,1979.7800,1918.2600,1918.2600,1815500000
2003-12-16,1918.0601,1927.0900,1901.6600,1924.2900,1811430000
2003-12-17,1922.2100,1926.0000,1910.2400,1921.3300,1501340000
2003-12-18,1924.6200,1957.6801,1924.6200,1956.1801,1714080000
2003-12-19,1963.2800,1963.2800,1939.5601,1951.0200,1844570000
2003-12-22,1946.1899,1958.7400,1941.6200,1955.8000,1283590000
2003-12-23,1954.0300,1974.7800,1952.4399,1974.7800,1321000000
2003-12-24,1969.7100,1974.3101,1964.8800,1969.2300,642630000
2003-12-26,1970.3700,1979.7400,1970.3700,1973.1400,530810000
2003-12-29,1976.9301,2006.4800,1976.9301,2006.4800,1413210000
2003-12-30,2003.9800,2010.1300,1997.8199,2009.8800,1544270000
2003-12-31,2010.6400,2015.2300,1996.6200,2003.3700,1775710000
2004-01-02,2011.0800,2022.3700,1999.7700,2006.6801,1666780000
2004-01-05,2020.7800,2047.3600,2020.7800,2047.3600,2362910000
2004-01-06,2044.5500,2061.5400,2039.6300,2057.3701,2273220000
2004-01-07,2056.7500,2078.0901,2047.0200,2077.6799,2294280000
2004-01-08,2089.6001,2100.2500,2078.0500,2100.2500,2683950000
2004-01-09,2083.6399,2113.3301,2077.0901,2086.9199,2482760000
2004-01-12,2093.5400,2112.5200,2085.1499,2111.7800,2284010000
2004-01-13,2113.1101,2114.9099,2080.2900,2096.4399,2385700000
2004-01-14,2104.2900,2111.7300,2094.3201,2111.1299,2099970000
2004-01-15,2101.8601,2121.6101,2088.1001,2109.0801,2235590000
2004-01-16,2126.1201,2140.4700,2119.3501,2140.4600,2614390000
2004-01-20,2149.0300,2149.8501,2130.2000,2147.9800,2574190000
2004-01-21,2139.3301,2150.1101,2120.2000,2142.4500,2421860000
2004-01-22,2146.3201,2152.1201,2119.0100,2119.0100,2353370000
2004-01-23,2124.7600,2138.4099,2108.4500,2123.8701,2253910000
2004-01-26,2120.5601,2153.8301,2115.3401,2153.8301,1946050000
2004-01-27,2148.0500,2152.7500,2116.0400,2116.0400,2151260000
2004-01-28,2125.0200,2128.0000,2073.1499,2077.3701,2319550000
2004-01-29,2085.5400,2087.3301,2041.0699,2068.2300,2637760000
2004-01-30,2068.3601,2078.8799,2058.5400,2066.1499,1931180000
2004-02-02,2072.1299,2085.4900,2053.7900,2063.1499,1915680000
2004-02-03,2061.2800,2071.4399,2057.3301,2066.2100,1844840000
2004-02-04,2042.8300,2044.6801,2013.9200,2014.1400,2267580000
2004-02-05,2024.4800,2031.3900,2012.7900,2019.5601,1956030000
2004-02-06,2025.9600,2064.0100,2025.9100,2064.0100,1855510000
2004-02-09,2069.2900,2074.2700,2060.4399,2060.5701,1745350000
2004-02-10,2061.1001,2075.3301,2060.4399,2075.3301,1656760000
2004-02-11,2072.8999,2089.6599,2064.7700,2089.6599,2185700000
2004-02-12,2084.0200,2091.2200,2072.0601,2073.6101,1937690000
2004-02-13,2080.1699,2085.7100,2049.7600,2053.5601,1818020000
2004-02-17,2068.4199,2084.7200,2068.0100,2080.3501,1618060000
2004-02-18,2084.2300,2088.5100,2072.1899,2076.4700,1781240000
2004-02-19,2091.7100,2094.9199,2045.9600,2045.9600,2065540000
2004-02-20,2052.1299,2052.3601,2022.7900,2037.9301,1914330000
2004-02-23,2044.4100,2045.1000,1999.5900,2007.5200,1953330000
2004-02-24,2000.7500,2018.0699,1991.0500,2005.4399,2069420000
2004-02-25,2010.5900,2024.2000,2007.7300,2022.9800,1707140000
2004-02-26,2018.9100,2037.1700,2012.8300,2032.5699,1752840000
2004-02-27,2036.6700,2044.7700,2018.8300,2029.8199,1871780000
2004-03-01,2036.9200,2057.8000,2032.6400,2057.8000,1697920000
2004-03-02,2056.3799,2064.3999,2039.6500,2039.6500,1871950000
2004-03-03,2037.1100,2039.3101,2020.2900,2033.3600,1814850000
2004-03-04,2034.7300,2055.1201,2031.8400,2055.1101,1799070000
2004-03-05,2037.3300,2069.0200,2034.1801,2047.6300,2045230000
2004-03-08,2052.0701,2058.2500,2008.7800,2008.7800,2044260000
2004-03-09,2008.7500,2011.8300,1987.2900,1995.1600,2105450000
2004-03-10,1997.1100,2007.2500,1963.1300,1964.1500,2159820000
2004-03-11,1953.5900,1982.5800,1943.8900,1943.8900,2191370000
2004-03-12,1961.0000,1984.7300,1959.4900,1984.7300,1707130000
2004-03-15,1977.7800,1977.7800,1939.2000,1939.2000,1723290000
2004-03-16,1952.7800,1961.9900,1927.6899,1943.0900,1963640000
2004-03-17,1956.5200,1980.3101,1956.5200,1976.7600,1678770000
2004-03-18,1971.2600,1972.3101,1947.5601,1962.4399,1677760000
2004-03-19,1964.9700,1970.1500,1940.4700,1940.4700,1645680000
2004-03-22,1929.0200,1929.2800,1897.6300,1909.9000,1982240000
2004-03-23,1923.2300,1928.6100,1898.9399,1901.8000,1835180000
2004-03-24,1908.0400,1922.5100,1896.9100,1909.4800,1839440000
2004-03-25,1923.2200,1967.1700,1923.2200,1967.1700,1968620000
2004-03-26,1963.5200,1976.7600,1960.0200,1960.0200,1579820000
2004-03-29,1975.4301,1996.2300,1975.4301,1992.5699,1706000000
2004-03-30,1985.6700,2000.6801,1981.4399,2000.6300,1598550000
2004-03-31,2001.0900,2004.0000,1985.0400,1994.2200,1861460000
2004-04-01,1996.4500,2019.0900,1996.4500,2015.0100,1833430000
2004-04-02,2046.0500,2057.1699,2037.1899,2057.1699,2183740000
2004-04-05,2055.9900,2079.1201,2054.3401,2079.1201,1736300000
2004-04-06,2064.1299,2068.2700,2053.3201,2059.8999,1811100000
2004-04-07,2055.6101,2060.4399,2038.7400,2050.2400,1774960000
2004-04-08,2074.5801,2075.3301,2046.1000,2052.8799,1694140000
2004-04-12,2057.6399,2069.4500,2057.6399,2065.4800,1501360000
2004-04-13,2072.9500,2073.4199,2026.2000,2030.0800,1953240000
2004-04-14,2018.3600,2040.1500,2013.9800,2024.8500,1832200000
2004-04-15,2026.5200,2031.8400,1989.2100,2002.1700,1956010000
2004-04-16,2002.4301,2007.1700,1982.1400,1995.7400,1870420000
2004-04-19,1995.3700,2020.4500,1991.1400,2020.4301,1672830000
2004-04-20,2022.6200,2032.4100,1978.6300,1978.6300,1921740000
2004-04-21,1987.2200,1995.9100,1973.2500,1995.6300,2053970000
2004-04-22,1992.6500,2035.3900,1991.4700,2032.9100,2147870000
2004-04-23,2045.9200,2051.7500,2034.4800,2049.7700,1927300000
2004-04-26,2052.2500,2059.0801,2031.7500,2036.7700,1727680000
2004-04-27,2040.5300,2053.5701,2027.6400,2032.5300,1971610000
2004-04-28,2026.4399,2026.4399,1985.5400,1989.5400,2037420000
2004-04-29,1987.4800,1998.5000,1946.1000,1958.7800,2371070000
2004-04-30,1962.4900,1965.8900,1919.3900,1920.1500,2174730000
2004-05-03,1928.7200,1954.6200,1926.0900,1938.7200,1932490000
2004-05-04,1942.3700,1969.9700,1933.6000,1950.4800,1857530000
2004-05-05,1954.9900,1967.3300,1948.5100,1957.2600,1586660000
2004-05-06,1945.8700,1949.5500,1923.3000,1937.7400,1750770000
2004-05-07,1931.8600,1957.2400,1917.9600,1917.9600,1637090000
2004-05-10,1904.7300,1907.9800,1880.3199,1896.0699,1895630000
2004-05-11,1909.5000,1931.4800,1909.5000,1931.3500,1645220000
2004-05-12,1924.3199,1927.2300,1878.7700,1925.5900,1887780000
2004-05-13,1918.6300,1937.8700,1914.1000,1926.0300,1558620000
2004-05-14,1922.4700,1927.2500,1897.5699,1904.2500,1526360000
2004-05-17,1881.0601,1887.7400,1865.4000,1876.6400,1528890000
2004-05-18,1892.2900,1903.3900,1890.9500,1897.8199,1435100000
2004-05-19,1917.5800,1936.0400,1898.1600,1898.1700,1834960000
2004-05-20,1902.7800,1912.0200,1890.1801,1896.5900,1540900000
2004-05-21,1910.0400,1918.0800,1899.8500,1912.0900,1376620000
2004-05-24,1924.8700,1934.4100,1915.5601,1922.9800,1422080000
2004-05-25,1920.9399,1966.6801,1913.7300,1964.6500,1770600000
2004-05-26,1961.1600,1976.1600,1957.5800,1976.1500,1591030000
2004-05-27,1982.7700,1991.8700,1969.0400,1984.5000,1641260000
2004-05-28,1985.5400,1990.8101,1976.7000,1986.7400,1233190000
2004-06-01,1978.5200,1991.2900,1972.7100,1990.7700,1459030000
2004-06-02,1995.1801,1998.3199,1978.7100,1988.9800,1520120000
2004-06-03,1983.8600,1983.8600,1960.2600,1960.2600,1526670000
2004-06-04,1982.6500,1995.5000,1978.0400,1978.6200,1417600000
2004-06-07,1991.6700,2020.6200,1991.4200,2020.6200,1485300000
2004-06-08,2010.7200,2023.5400,2008.3000,2023.5300,1464790000
2004-06-09,2015.0400,2019.2200,1989.9900,1990.6100,1520200000
2004-06-10,1996.8000,2000.9900,1988.8900,1999.8700,1345640000
2004-06-14,1987.7500,1987.8300,1963.4800,1969.9900,1402630000
2004-06-15,1982.4100,2006.5800,1982.4100,1995.6000,1527280000
2004-06-16,1997.1000,2002.0699,1990.5699,1998.2300,1353130000
2004-06-17,1993.6899,1993.9301,1976.2500,1983.6700,1449920000
2004-06-18,1977.7700,2000.4100,1973.9100,1986.7300,1697770000
2004-06-21,1990.8199,1995.0601,1972.4301,1974.3800,1363000000
2004-06-22,1975.5100,1994.8700,1964.5300,1994.1500,1660890000
2004-06-23,1992.0500,2023.2300,1990.7800,2020.9800,1803560000
2004-06-24,2020.1100,2032.2100,2013.7800,2015.5699,1685690000
2004-06-25,2016.7400,2033.8700,2015.5699,2025.4700,1972100000
2004-06-28,2038.9800,2039.9301,2013.7300,2019.8199,1611080000
2004-06-29,2017.3500,2037.6000,2017.3500,2034.9301,1581530000
2004-06-30,2038.3400,2055.6499,2031.8800,2047.7900,1754160000
2004-07-01,2045.5300,2045.5300,2006.6700,2015.5500,1739310000
2004-07-02,2014.0900,2014.7400,1996.6100,2006.6600,1200230000
2004-07-06,1994.7000,1995.4000,1958.6899,1963.4301,1927550000
2004-07-07,1961.2200,1976.9200,1960.7800,1966.0800,1762310000
2004-07-08,1951.7900,1964.4800,1934.5699,1935.3199,1789150000
2004-07-09,1946.4900,1961.1100,1940.2200,1946.3300,1388750000
2004-07-12,1936.1700,1941.2400,1921.4000,1936.9200,1504000000
2004-07-13,1940.3101,1945.1700,1930.5900,1931.6600,1499660000
2004-07-14,1913.7300,1937.6801,1908.9800,1914.8800,1461800000
2004-07-15,1920.1400,1925.7600,1910.1300,1912.7100,1669940000
2004-07-16,1926.1899,1926.1899,1882.9301,1883.1500,2099400000
2004-07-19,1889.0601,1893.8000,1870.1400,1883.8300,1774620000
2004-07-20,1886.6899,1917.0699,1885.8000,1917.0699,1628240000
2004-07-21,1933.0200,1933.0300,1874.3700,1874.3700,2109750000
2004-07-22,1872.4301,1892.9800,1853.5800,1889.0601,1964570000
2004-07-23,1874.4600,1874.4600,1846.5500,1849.0900,1697910000
2004-07-26,1852.4200,1860.1200,1829.0601,1839.0200,1667060000
2004-07-27,1844.2800,1872.1700,1843.0400,1869.1000,1769400000
2004-07-28,1861.3700,1869.0000,1832.1200,1858.2600,1847380000
2004-07-29,1871.5400,1885.0100,1867.6200,1881.0601,1703350000
2004-07-30,1878.5400,1896.3101,1876.3101,1887.3600,1507320000
2004-08-02,1874.9301,1893.1300,1869.6600,1892.0900,1533970000
2004-08-03,1887.1400,1887.5699,1859.1700,1859.4200,1494480000
2004-08-04,1850.7800,1864.8000,1842.2000,1855.0601,1659390000
2004-08-05,1856.9900,1859.7700,1820.2100,1821.6300,1574660000
2004-08-06,1805.9500,1806.2800,1775.5699,1776.8900,1692260000
2004-08-09,1782.3500,1787.4399,1774.4800,1774.6400,1263490000
2004-08-10,1782.3000,1808.7000,1782.2600,1808.7000,1468460000
2004-08-11,1778.4301,1786.6500,1760.5000,1782.4200,1794260000
2004-08-12,1770.6801,1774.6801,1751.9500,1752.4900,1632660000
2004-08-13,1762.4600,1768.6300,1750.8199,1757.2200,1347750000
2004-08-16,1759.5800,1789.4900,1759.5800,1782.8400,1289730000
2004-08-17,1792.2600,1804.5900,1791.9500,1795.2500,1390280000
2004-08-18,1787.6600,1831.3700,1784.6000,1831.3700,1575050000
2004-08-19,1825.9100,1829.1300,1811.6801,1819.8900,1416730000
2004-08-20,1819.5400,1843.1200,1815.9200,1838.0200,1342650000
2004-08-23,1843.7900,1848.1200,1835.1100,1838.7000,1224660000
2004-08-24,1846.9301,1850.2900,1828.5100,1836.8900,1301090000
2004-08-25,1836.7200,1861.7900,1830.3000,1860.7200,1320640000
2004-08-26,1855.7700,1860.3900,1848.8800,1852.9200,1183830000
2004-08-27,1855.0300,1866.2500,1854.7700,1862.0900,1011070000
2004-08-30,1855.7800,1855.7800,1836.4700,1836.4900,1007640000
2004-08-31,1837.5400,1842.1500,1819.6200,1838.1000,1298910000
2004-09-01,1833.3700,1859.4399,1833.3300,1850.4100,1426350000
2004-09-02,1848.0300,1876.2400,1846.9500,1873.4301,1208770000
2004-09-03,1857.6100,1867.4600,1840.9399,1844.4800,1244610000
2004-09-07,1856.0000,1865.4301,1847.4800,1858.5601,1320700000
2004-09-08,1855.2500,1870.0400,1850.0500,1850.6400,1442540000
2004-09-09,1858.5100,1875.3900,1849.3700,1869.6500,1663790000
2004-09-10,1870.3300,1895.7800,1863.4600,1894.3101,1606650000
2004-09-13,1900.1700,1919.2100,1897.7300,1910.3800,1741080000
2004-09-14,1909.2000,1917.7400,1901.7700,1915.4000,1509260000
2004-09-15,1908.3800,1908.3800,1892.0800,1896.5200,1575500000
2004-09-16,1898.8300,1914.3800,1898.3600,1904.0800,1325500000
2004-09-17,1907.0100,1911.0000,1896.6700,1910.0900,1640370000
2004-09-20,1903.0200,1921.5000,1900.2400,1908.0699,1565540000
2004-09-21,1913.1300,1925.8500,1909.4301,1921.1801,1531560000
2004-09-22,1910.2300,1910.2300,1884.8500,1885.7100,1588290000
2004-09-23,1887.0200,1894.6700,1883.3199,1886.4301,1396810000
2004-09-24,1888.8900,1897.4200,1879.4800,1879.4800,1360090000
2004-09-27,1871.1600,1871.9399,1858.8800,1859.8800,1316790000
2004-09-28,1865.8800,1873.8600,1852.5900,1869.8700,1536980000
2004-09-29,1870.6100,1894.0601,1869.9500,1893.9399,1637280000
2004-09-30,1892.6000,1902.2500,1887.6801,1896.8400,1656620000
2004-10-01,1909.5900,1942.2300,1908.5699,1942.2000,1820300000
2004-10-04,1954.5900,1965.7600,1950.1700,1952.4000,1854970000
2004-10-05,1950.2300,1960.9000,1946.8600,1955.5000,1709600000
2004-10-06,1953.9100,1971.0400,1947.2400,1971.0300,1922870000
2004-10-07,1967.3700,1970.2600,1948.0300,1948.5200,1734970000
2004-10-08,1940.6700,1949.3400,1917.7200,1919.9700,1668940000
2004-10-11,1924.4100,1930.6600,1920.7600,1928.7600,1173820000
2004-10-12,1913.7000,1929.9800,1904.1100,1925.1700,1508390000
2004-10-13,1944.9600,1948.0100,1914.4600,1920.5300,1776120000
2004-10-14,1920.5800,1921.8199,1900.7700,1903.0200,1590290000
2004-10-15,1907.9301,1923.9200,1899.3300,1911.5000,1648280000
2004-10-18,1909.7800,1936.5200,1904.5000,1936.5200,1505000000
2004-10-19,1944.4100,1952.8500,1922.6000,1922.9000,1713330000
2004-10-20,1920.0601,1934.3199,1910.8300,1932.9700,1650470000
2004-10-21,1940.1100,1957.4800,1933.0000,1953.6200,2006000000
2004-10-22,1952.3600,1952.5400,1914.3900,1915.1400,1737960000
2004-10-25,1911.0800,1920.7100,1905.9100,1914.0400,1603830000
2004-10-26,1915.1500,1928.8000,1905.4900,1928.7900,1812550000
2004-10-27,1928.0000,1971.2800,1926.2500,1969.9900,2075920000
2004-10-28,1963.3600,1980.3600,1959.5699,1975.7400,1821820000
2004-10-29,1974.5500,1984.1801,1963.8300,1974.9900,1639950000
2004-11-01,1975.4800,1983.9100,1969.3199,1979.8700,1522820000
2004-11-02,1981.4700,2002.9301,1978.6400,1984.7900,1845080000
2004-11-03,2014.4500,2020.0300,1992.7000,2004.3300,1957400000
2004-11-04,1998.1500,2023.7200,1992.0699,2023.6300,1823490000
2004-11-05,2035.0400,2046.9200,2025.6300,2038.9399,1908970000
2004-11-08,2038.2200,2044.5300,2033.7900,2039.2500,1609270000
2004-11-09,2039.0300,2049.7700,2034.4100,2043.3300,1692200000
2004-11-10,2039.5800,2047.2500,2032.3700,2034.5601,1853460000
2004-11-11,2041.3400,2061.3999,2039.7400,2061.2700,1764760000
2004-11-12,2065.3201,2085.3401,2056.4099,2085.3401,2004310000
2004-11-15,2082.5901,2094.1299,2078.8401,2094.0901,1888260000
2004-11-16,2087.0701,2087.3000,2073.3501,2078.6201,1901080000
2004-11-17,2090.9399,2112.1799,2090.7200,2099.6799,2223370000
2004-11-18,2096.1899,2105.3899,2089.4800,2104.2800,1915430000
2004-11-19,2100.4500,2102.6001,2070.6299,2070.6299,2033710000
2004-11-22,2066.3401,2085.1899,2052.8000,2085.1899,1897960000
2004-11-23,2082.4700,2092.0200,2068.9800,2084.2800,2057620000
2004-11-24,2091.7900,2103.8000,2090.2000,2102.5400,1638170000
2004-11-26,2101.8101,2110.3799,2101.8101,2101.9700,667760000
2004-11-29,2110.9099,2117.8899,2090.3501,2106.8701,1844330000
2004-11-30,2104.6699,2107.4500,2096.8101,2096.8101,1878760000
2004-12-01,2104.5801,2138.3201,2104.5801,2138.2300,2281640000
2004-12-02,2133.9500,2156.1399,2131.6499,2143.5701,2401610000
2004-12-03,2153.2900,2164.6299,2145.7200,2147.9600,2410930000
2004-12-06,2145.4299,2157.4299,2138.2100,2151.2500,2150250000
2004-12-07,2154.1299,2161.3000,2114.6499,2114.6599,2671520000
2004-12-08,2118.1399,2130.7600,2110.5701,2126.1101,2390860000
2004-12-09,2109.5500,2134.2300,2097.8601,2129.0100,2284150000
2004-12-10,2121.1499,2134.6001,2120.3301,2128.0701,1794840000
2004-12-13,2141.2000,2148.5000,2132.1899,2148.5000,2070980000
2004-12-14,2145.0500,2163.5000,2145.0500,2159.8401,2228670000
2004-12-15,2159.6799,2171.2700,2151.3101,2162.5500,2337590000
2004-12-16,2159.9600,2164.8000,2138.8101,2146.1499,2396220000
2004-12-17,2142.7100,2150.8501,2135.0500,2135.2000,2423080000
2004-12-20,2142.2100,2154.4800,2124.2200,2127.8501,1991460000
2004-12-21,2134.7500,2151.7100,2133.3401,2150.9099,1972860000
2004-12-22,2145.9900,2163.4800,2145.1799,2157.0300,1802760000
2004-12-23,2153.3101,2168.7800,2153.3101,2160.6201,1430770000
2004-12-27,2168.8201,2171.9399,2147.5901,2154.2200,1478700000
2004-12-28,2156.7500,2177.1899,2156.5300,2177.1899,1587550000
2004-12-29,2170.9900,2182.3301,2170.9900,2177.0000,1503880000
2004-12-30,2177.4700,2182.3701,2176.3999,2178.3401,1403140000
2004-12-31,2178.9800,2185.5601,2174.6299,2175.4399,1366460000
2005-01-03,2184.7500,2191.6001,2148.7200,2152.1499,2193130000
2005-01-04,2158.3101,2159.6399,2100.5601,2107.8601,2690460000
2005-01-05,2102.8999,2116.7500,2091.2400,2091.2400,2375380000
2005-01-06,2098.5100,2103.8999,2088.0300,2090.0000,2174220000
2005-01-07,2099.9500,2103.3899,2076.6899,2088.6101,2191910000
2005-01-10,2087.6201,2111.4299,2086.6599,2097.0400,2098270000
2005-01-11,2089.0701,2090.6201,2072.6201,2079.6201,2210240000
2005-01-12,2089.7000,2093.4399,2066.7900,2092.5300,2257670000
2005-01-13,2093.5400,2094.8000,2067.9399,2070.5601,2111610000
2005-01-14,2079.4700,2088.5801,2075.4700,2087.9099,2084860000
2005-01-18,2081.8601,2106.1899,2078.0400,2106.0400,1983840000
2005-01-19,2105.7400,2105.8401,2072.2000,2073.5901,2217700000
2005-01-20,2056.3799,2065.5901,2045.8800,2045.8800,2231360000
2005-01-21,2053.1499,2058.0000,2032.8800,2034.2700,2043770000
2005-01-24,2040.1300,2043.9700,2008.6801,2008.7000,2134680000
2005-01-25,2022.0800,2037.1801,2017.5800,2019.9500,2003630000
2005-01-26,2034.6899,2049.3401,2028.1899,2046.0900,2105070000
2005-01-27,2042.7700,2053.9399,2036.0900,2047.1500,2106220000
2005-01-28,2052.5400,2055.1299,2024.3600,2035.8300,2098150000
2005-01-31,2053.4700,2063.1799,2053.4700,2062.4099,1823800000
2005-02-01,2063.2700,2071.5200,2058.6599,2068.7000,1904570000
2005-02-02,2074.0601,2079.5801,2064.2000,2075.0601,1965550000
2005-02-03,2065.4399,2066.9299,2049.2500,2057.6399,1962750000
2005-02-04,2056.4700,2086.7200,2056.2900,2086.6599,1941510000
2005-02-07,2086.5500,2091.1699,2075.4099,2082.0300,1698460000
2005-02-08,2082.1101,2095.6399,2080.4199,2086.6799,1943560000
2005-02-09,2088.5200,2089.3799,2051.0000,2052.5500,1958810000
2005-02-10,2058.5300,2059.6499,2040.0400,2053.1001,2085500000
2005-02-11,2048.9600,2081.4800,2039.7200,2076.6599,2163630000
2005-02-14,2076.7500,2085.1201,2074.8101,2082.9099,1639640000
2005-02-15,2083.6399,2103.4500,2081.4600,2089.2100,2071590000
2005-02-16,2082.4600,2093.3701,2079.3701,2087.4299,1865070000
2005-02-17,2088.6699,2093.6799,2061.3401,2061.3401,1950460000
2005-02-18,2065.1499,2068.8899,2056.2000,2058.6201,1614160000
2005-02-22,2046.1801,2064.6699,2030.1700,2030.3199,2056220000
2005-02-23,2039.5500,2040.8400,2024.6400,2031.2500,1878450000
2005-02-24,2028.4301,2051.8101,2023.0000,2051.7000,2031880000
2005-02-25,2050.4900,2065.3999,2047.2300,2065.3999,1771200000
2005-02-28,2058.2800,2066.5300,2038.7700,2051.7200,2130140000
2005-03-01,2057.4700,2073.7400,2057.1899,2071.2500,1941180000
2005-03-02,2060.3000,2084.1499,2057.2200,2067.5000,2004470000
2005-03-03,2073.3301,2074.7100,2047.9200,2058.3999,1895880000
2005-03-04,2071.1499,2078.1399,2064.9299,2070.6101,1829190000
2005-03-07,2073.8999,2100.5701,2073.8201,2090.2100,1949190000
2005-03-08,2087.1101,2095.7400,2072.5901,2073.5500,1696700000
2005-03-09,2070.8501,2079.3701,2060.2300,2061.2900,1895520000
2005-03-10,2065.0901,2067.2100,2042.0200,2059.7200,1825790000
2005-03-11,2063.5601,2069.3999,2036.4100,2041.6000,1792090000
2005-03-14,2043.6400,2051.0400,2037.4100,2051.0400,1707720000
2005-03-15,2057.1699,2059.0701,2034.4100,2034.9800,1838790000
2005-03-16,2028.2900,2037.9600,2011.6700,2015.7500,1969690000
2005-03-17,2016.9100,2023.6700,2010.5200,2016.4200,1745120000
2005-03-18,2018.4100,2020.4000,1999.9800,2007.7900,2106980000
2005-03-21,2008.1600,2011.3900,1993.7600,2007.5100,1611000000
2005-03-22,2007.7200,2017.6600,1988.8600,1989.3400,1805950000
2005-03-23,1985.4900,1999.4301,1985.2200,1990.2200,1741150000
2005-03-24,1997.4800,2008.6300,1991.0601,1991.0601,1697930000
2005-03-28,1998.7600,2005.4900,1992.5200,1992.5200,1487620000
2005-03-29,1990.2700,2002.6500,1968.5800,1973.8800,1797840000
2005-03-30,1980.0699,2005.6700,1980.0699,2005.6700,1753610000
2005-03-31,2005.7100,2006.6200,1994.8000,1999.2300,1686970000
2005-04-01,2009.0900,2014.7300,1982.1899,1984.8101,1869690000
2005-04-04,1983.8101,1995.8000,1972.0699,1991.0699,1589310000
2005-04-05,1994.3800,2002.3500,1991.8800,1999.3199,1647510000
2005-04-06,2004.2500,2017.0800,1996.9100,1999.1400,1746400000
2005-04-07,1999.6100,2018.7900,1998.1400,2018.7900,1714270000
2005-04-08,2018.4200,2021.8199,1999.3300,1999.3500,1516340000
2005-04-11,2004.1600,2006.2400,1991.2100,1992.1200,1382490000
2005-04-12,1988.3300,2007.2400,1970.0100,2005.4000,1931870000
2005-04-13,2000.4600,2001.3000,1972.1000,1974.3700,1705450000
2005-04-14,1974.1801,1975.4200,1946.5800,1946.7100,1930060000
2005-04-15,1932.9600,1940.1500,1906.7100,1908.1500,2314620000
2005-04-18,1906.4301,1921.6899,1904.2700,1912.9200,1840360000
2005-04-19,1922.8199,1933.2100,1918.1500,1932.3600,1792830000
2005-04-20,1944.6400,1945.6000,1912.3500,1913.7600,2004950000
2005-04-21,1931.8500,1962.4100,1928.5200,1962.4100,1951490000
2005-04-22,1953.5800,1953.7700,1921.3800,1932.1899,1802730000
2005-04-25,1942.0200,1954.8700,1938.4500,1950.7800,1442420000
2005-04-26,1943.7500,1958.5800,1927.4399,1927.4399,1670040000
2005-04-27,1919.4200,1937.1500,1913.1400,1930.4301,1764210000
2005-04-28,1922.0300,1927.3101,1904.0800,1904.1801,1861340000
2005-04-29,1917.6400,1921.7700,1889.8300,1921.6500,2039550000
2005-05-02,1923.2300,1933.4200,1916.0300,1928.6500,1547750000
2005-05-03,1924.7800,1944.5300,1924.7800,1933.0699,1868140000
2005-05-04,1937.7900,1963.2600,1935.2400,1962.2300,1877820000
2005-05-05,1960.3800,1969.2900,1951.4900,1961.8000,1719880000
2005-05-06,1972.6600,1973.5000,1960.7600,1967.3500,1511120000
2005-05-09,1967.7400,1979.6700,1960.2700,1979.6700,1441010000
2005-05-10,1968.0800,1971.2500,1957.2900,1962.7700,1595520000
2005-05-11,1966.0601,1972.5200,1943.8900,1971.5500,1716160000
2005-05-12,1970.8000,1982.2000,1956.4500,1963.8800,1783430000
2005-05-13,1978.2800,1990.0000,1964.7700,1976.7800,1878980000
2005-05-16,1976.3800,1994.4700,1973.6700,1994.4301,1390290000
2005-05-17,1986.1600,2004.1500,1980.9399,2004.1500,1520510000
2005-05-18,2008.6300,2034.3000,2007.2000,2030.6500,1957880000
2005-05-19,2032.0900,2042.6801,2030.0500,2042.5800,1700580000
2005-05-20,2040.6300,2046.4200,2033.3500,2046.4200,1492720000
2005-05-23,2045.6899,2062.9500,2045.6899,2056.6499,1620130000
2005-05-24,2052.2800,2062.5200,2049.7700,2061.6201,1695940000
2005-05-25,2055.7800,2055.7800,2041.9500,2050.1201,1493000000
2005-05-26,2057.9900,2072.5400,2057.8000,2071.2400,1596460000
2005-05-27,2068.5300,2076.8000,2064.9900,2075.7300,1237350000
2005-05-31,2073.9199,2076.0100,2065.0200,2068.2200,1578740000
2005-06-01,2067.2300,2095.5400,2067.2300,2087.8601,1779710000
2005-06-02,2081.6899,2097.8000,2081.6899,2097.8000,1746620000
2005-06-03,2094.1799,2095.9900,2069.1699,2071.4299,1637900000
2005-06-06,2072.3601,2078.6101,2066.3601,2075.7600,1477150000
2005-06-07,2079.0601,2095.9600,2067.1399,2067.1599,1846530000
2005-06-08,2073.2100,2074.6101,2057.5801,2060.1799,1602540000
2005-06-09,2059.5801,2077.4700,2052.9600,2076.9099,1666670000
2005-06-10,2076.2500,2076.2500,2055.9399,2063.0000,1449380000
2005-06-13,2059.9600,2078.2600,2058.7200,2068.9600,1432130000
2005-06-14,2068.0400,2074.7800,2064.0801,2069.0400,1405850000
2005-06-15,2076.7300,2079.1299,2053.3899,2074.9199,1672670000
2005-06-16,2076.2700,2089.5100,2073.2900,2089.1499,1793020000
2005-06-17,2098.3301,2098.5300,2085.2400,2090.1101,1993280000
2005-06-20,2081.0500,2096.7700,2076.4199,2088.1299,1408110000
2005-06-21,2087.6299,2095.6899,2083.5901,2091.0701,1557480000
2005-06-22,2097.0500,2102.7500,2083.7600,2092.0300,1668440000
2005-06-23,2093.9099,2106.5701,2070.5701,2070.6599,2009480000
2005-06-24,2070.3301,2071.5200,2050.7600,2053.2700,2151000000
2005-06-27,2050.3000,2054.4700,2039.6899,2045.2000,1448300000
2005-06-28,2051.7700,2072.5801,2050.9800,2069.8899,1584200000
2005-06-29,2074.4399,2076.0200,2066.4500,2068.8899,1640360000
2005-06-30,2072.0500,2076.1599,2056.2400,2056.9600,1731500000
2005-07-01,2060.9700,2064.8101,2053.0601,2057.3701,1176200000
2005-07-05,2052.1001,2079.6001,2052.1001,2078.7500,1440300000
2005-07-06,2076.8999,2084.7600,2068.4199,2068.6499,1592080000
2005-07-07,2050.7100,2076.4299,2050.3000,2075.6599,1617860000
2005-07-08,2077.8999,2113.9099,2076.5300,2112.8799,1685280000
2005-07-11,2115.9800,2135.6899,2115.5701,2135.4299,1770800000
2005-07-12,2132.5100,2149.7800,2128.8201,2143.1499,1657520000
2005-07-13,2142.6001,2146.5601,2136.3701,2144.1101,1540000000
2005-07-14,2156.5601,2164.1799,2148.6101,2152.8201,1872310000
2005-07-15,2152.7000,2160.6399,2145.1799,2156.7800,1534960000
2005-07-18,2151.8401,2153.5200,2144.7800,2144.8701,1307270000
2005-07-19,2156.7700,2173.8701,2154.3601,2173.1799,1632670000
2005-07-20,2158.9700,2191.0901,2158.0901,2188.5701,1957070000
2005-07-21,2191.7700,2193.1899,2171.9800,2178.6001,2034880000
2005-07-22,2176.1399,2182.6399,2165.4399,2179.7400,1660360000
2005-07-25,2179.0400,2186.4600,2165.9299,2166.7400,1523020000
2005-07-26,2170.6001,2181.1399,2167.0901,2175.9900,1651840000
2005-07-27,2178.7300,2187.1499,2167.8799,2186.2200,1750070000
2005-07-28,2188.2900,2198.5200,2183.2700,2198.4399,1683870000
2005-07-29,2195.4700,2201.3899,2184.4299,2184.8301,1613950000
2005-08-01,2191.4900,2201.8701,2189.0801,2195.3799,1492680000
2005-08-02,2197.7900,2219.0000,2197.7900,2218.1499,1735020000
2005-08-03,2211.0901,2219.9099,2209.3999,2216.8101,1752440000
2005-08-04,2208.3301,2209.3701,2190.3000,2191.3201,1591380000
2005-08-05,2189.4199,2195.1001,2175.9099,2177.9099,1471740000
2005-08-08,2182.9900,2185.5601,2163.5000,2164.3899,1431010000
2005-08-09,2170.4399,2181.2700,2167.8799,2174.1899,1460470000
2005-08-10,2178.0701,2185.9099,2152.8201,2157.8101,1817680000
2005-08-11,2158.3000,2174.5500,2156.9700,2174.5500,1582090000
2005-08-12,2158.9399,2161.0701,2144.6001,2156.8999,1551410000
2005-08-15,2153.7100,2173.6599,2147.8501,2167.0400,1380460000
2005-08-16,2160.9700,2161.4600,2136.4900,2137.0601,1540320000
2005-08-17,2139.3601,2153.0400,2137.1799,2145.1499,1518010000
2005-08-18,2139.3999,2146.4900,2133.0801,2136.0801,1391780000
2005-08-19,2138.7400,2143.9199,2134.9900,2135.5601,1205270000
2005-08-22,2140.9500,2151.8401,2129.4600,2141.4099,1351650000
2005-08-23,2142.2900,2145.7100,2131.0200,2137.2500,1341270000
2005-08-24,2133.1699,2156.1299,2127.3000,2128.9099,1718580000
2005-08-25,2131.3000,2138.4600,2129.4600,2134.3701,1307580000
2005-08-26,2132.9700,2133.1699,2118.0400,2120.7700,1261130000
2005-08-29,2112.4399,2139.3999,2112.2500,2137.6499,1268560000
2005-08-30,2130.8799,2132.2100,2118.2700,2129.7600,1436400000
2005-08-31,2130.8101,2152.0901,2124.0801,2152.0901,1631780000
2005-09-01,2150.0300,2157.3201,2142.3201,2147.8999,1623320000
2005-09-02,2150.5200,2152.2200,2139.2800,2141.0701,1130450000
2005-09-06,2147.3101,2167.1001,2147.3101,2166.8601,1403190000
2005-09-07,2164.1399,2172.3899,2158.6101,2172.0300,1480820000
2005-09-08,2165.7200,2173.8501,2161.2900,2166.0300,1578070000
2005-09-09,2168.8999,2177.2300,2164.4099,2175.5100,1617540000
2005-09-12,2176.4700,2186.8301,2175.2300,2182.8301,1723540000
2005-09-13,2177.9500,2185.8899,2167.8301,2171.7500,1724570000
2005-09-14,2173.6201,2174.0100,2149.1899,2149.3301,1698250000
2005-09-15,2153.7500,2155.7500,2142.7300,2146.1499,1744660000
2005-09-16,2153.7500,2160.8301,2146.7900,2160.3501,2269030000
2005-09-19,2157.3701,2159.4900,2139.8899,2145.2600,1604140000
2005-09-20,2149.4399,2162.1399,2127.4800,2131.3301,1845670000
2005-09-21,2129.6499,2129.9600,2106.6399,2106.6399,1772370000
2005-09-22,2104.3899,2114.5901,2093.0601,2110.7800,1692930000
2005-09-23,2105.3701,2121.0500,2099.9500,2116.8401,1604120000
2005-09-26,2127.8999,2132.6001,2112.2700,2121.4600,1502410000
2005-09-27,2123.6499,2125.8999,2109.0500,2116.4199,1658660000
2005-09-28,2122.1899,2127.4900,2109.7500,2115.3999,1703850000
2005-09-29,2114.9700,2141.4299,2107.7000,2141.2200,1801520000
2005-09-30,2140.1699,2151.6899,2138.2300,2151.6899,1610970000
2005-10-03,2152.7000,2162.7900,2152.5901,2155.4299,1794420000
2005-10-04,2156.2600,2167.0000,2139.0000,2139.3601,2005300000
2005-10-05,2139.1599,2139.6001,2103.0200,2103.0200,1923900000
2005-10-06,2104.9199,2110.8301,2069.0400,2084.0801,2107360000
2005-10-07,2091.1201,2097.4199,2082.4399,2090.3501,1444780000
2005-10-10,2091.6799,2093.2300,2078.1101,2078.9199,1379210000
2005-10-11,2084.3799,2085.6101,2058.1899,2061.0901,1851960000
2005-10-12,2055.4399,2064.6599,2032.7900,2037.4700,2014750000
2005-10-13,2033.8600,2051.2300,2025.5800,2047.2200,1777590000
2005-10-14,2054.5000,2064.9500,2042.5400,2064.8301,1555430000
2005-10-17,2065.5400,2071.2500,2054.1899,2070.3000,1266030000
2005-10-18,2069.3201,2072.5000,2055.9600,2056.0000,1460730000
2005-10-19,2048.6599,2091.2400,2042.0300,2091.2400,1893300000
2005-10-20,2088.0400,2096.4299,2058.5200,2068.1101,1797930000
2005-10-21,2083.8401,2091.4399,2074.2000,2082.2100,1770700000
2005-10-24,2089.5100,2115.8799,2083.9800,2115.8301,1551470000
2005-10-25,2109.5500,2116.4199,2094.7900,2109.4500,1599120000
2005-10-26,2104.0200,2121.3601,2098.1499,2100.0500,1832000000
2005-10-27,2095.8501,2098.0400,2063.8101,2063.8101,1718600000
2005-10-28,2073.8501,2089.8799,2064.9199,2089.8799,1886560000
2005-10-31,2094.3701,2125.7300,2094.3701,2120.3000,1869760000
2005-11-01,2109.8899,2121.2500,2108.8601,2114.0500,1903230000
2005-11-02,2110.9500,2144.5601,2110.8701,2144.3101,2173290000
2005-11-03,2157.3000,2169.9800,2153.2000,2160.2200,2346250000
2005-11-04,2165.1001,2172.6799,2156.6001,2169.4299,1699610000
2005-11-07,2174.2500,2182.0901,2165.8201,2178.2400,1621120000
2005-11-08,2172.3701,2180.7900,2166.2500,2172.0701,1599370000
2005-11-09,2171.2300,2182.8999,2166.1599,2175.8101,1594180000
2005-11-10,2175.0200,2196.7500,2162.6499,2196.6799,1938030000
2005-11-11,2198.2600,2205.3601,2198.2600,2202.4700,1454900000
2005-11-14,2203.7900,2206.8799,2197.1201,2200.9500,1385360000
2005-11-15,2199.3899,2204.6899,2181.9199,2186.7400,1684810000
2005-11-16,2189.4600,2191.1899,2176.5400,2187.9299,1721760000
2005-11-17,2195.4800,2220.4600,2194.6599,2220.4600,1809860000
2005-11-18,2232.3601,2234.3000,2218.8101,2227.0701,1993850000
2005-11-21,2226.6201,2242.3000,2219.2500,2241.6699,1661890000
2005-11-22,2235.3000,2257.7700,2232.7400,2253.5601,1856560000
2005-11-23,2251.3701,2269.3000,2250.3999,2259.9800,1585710000
2005-11-25,2262.4299,2264.1299,2256.4500,2263.0100,635420000
2005-11-28,2263.5500,2264.0601,2239.3401,2239.3701,1559380000
2005-11-29,2247.7000,2253.2500,2232.5400,2232.7100,1753540000
2005-11-30,2232.5000,2243.4099,2230.1899,2232.8201,1876080000
2005-12-01,2244.8501,2269.3899,2244.7100,2267.1699,2010420000
2005-12-02,2266.1699,2273.6101,2261.1299,2273.3701,1758510000
2005-12-05,2269.0701,2269.4800,2250.8401,2257.6399,1659920000
2005-12-06,2267.7600,2278.1599,2259.3701,2260.7600,1788200000
2005-12-07,2263.2900,2264.9099,2244.6201,2252.0100,1733530000
2005-12-08,2254.8000,2261.6101,2233.7400,2246.4600,1908360000
2005-12-09,2247.2800,2258.6699,2241.0300,2256.7300,1658570000
2005-12-12,2263.9700,2266.1399,2253.4399,2260.9500,1679280000
2005-12-13,2256.6001,2271.8501,2254.9199,2265.0000,1873980000
2005-12-14,2261.9399,2270.4399,2254.4399,2262.5901,1676210000
2005-12-15,2266.0500,2267.5500,2247.3201,2260.6299,1804630000
2005-12-16,2262.0801,2263.8899,2251.6699,2252.4800,2294480000
2005-12-19,2254.6399,2256.0300,2221.7900,2222.7400,1745530000
2005-12-20,2223.5601,2231.0200,2213.5200,2222.4199,1702920000
2005-12-21,2227.5300,2241.9399,2225.1899,2231.6599,1630030000
2005-12-22,2233.7900,2247.0901,2232.5701,2246.4900,1498880000
2005-12-23,2249.4099,2254.7100,2245.5801,2249.4199,978370000
2005-12-27,2253.0500,2259.6799,2226.6201,2226.8899,1250500000
2005-12-28,2230.3601,2233.5400,2221.4099,2228.9399,1221540000
2005-12-29,2229.6001,2232.8899,2216.9800,2218.1599,1185350000
2005-12-30,2209.0300,2209.9700,2200.5100,2205.3201,1284050000
2006-01-03,2216.5300,2249.6799,2189.9099,2243.7400,1998300000
2006-01-04,2246.9600,2265.2800,2246.0701,2263.4600,1887560000
2006-01-05,2264.9299,2277.5601,2264.5000,2276.8701,1891750000
2006-01-06,2289.2100,2306.7200,2281.0100,2305.6201,2233640000
2006-01-09,2306.1799,2322.6299,2303.1299,2318.6899,1949140000
2006-01-10,2306.2200,2320.3201,2303.9299,2320.3201,1978160000
2006-01-11,2321.4099,2332.9199,2316.4900,2331.3601,2380600000
2006-01-12,2327.1699,2330.3101,2313.2200,2316.6899,2011460000
2006-01-13,2317.7400,2321.7000,2308.1599,2317.0400,1784410000
2006-01-17,2302.5601,2305.8701,2294.0500,2302.6899,1702260000
2006-01-18,2265.5000,2285.9399,2264.0801,2279.6399,2276900000
2006-01-19,2291.6899,2311.7100,2289.8201,2301.8101,2308150000
2006-01-20,2300.3601,2300.7300,2245.2000,2247.7000,2348140000
2006-01-23,2255.3101,2256.2400,2241.0200,2248.4700,1902480000
2006-01-24,2256.1299,2269.4399,2256.0300,2265.2500,2067470000
2006-01-25,2275.3000,2275.3000,2253.0601,2260.6499,2188120000
2006-01-26,2274.8501,2284.0701,2264.8501,2283.0000,2404920000
2006-01-27,2293.3701,2314.3601,2289.4700,2304.2300,2331690000
2006-01-30,2306.2400,2313.9800,2304.7500,2306.7800,1900730000
2006-01-31,2305.8201,2311.8301,2292.9500,2305.8201,2235900000
2006-02-01,2294.1101,2311.5701,2292.2300,2310.5601,2274610000
2006-02-02,2306.5701,2308.0500,2277.3000,2281.5701,2307830000
2006-02-03,2268.4299,2274.6201,2255.9900,2262.5801,2230020000
2006-02-06,2263.1201,2265.8101,2249.7500,2258.8000,1769530000
2006-02-07,2255.9399,2265.5400,2239.5100,2244.9600,2117180000
2006-02-08,2260.2200,2268.7200,2246.9800,2266.9800,2181770000
2006-02-09,2273.7700,2284.5200,2254.2600,2255.8701,2321310000
2006-02-10,2255.7700,2266.4399,2235.4099,2261.8799,2017730000
2006-02-13,2252.0400,2254.3101,2232.6799,2239.8101,1662000000
2006-02-14,2243.5400,2266.8201,2237.4700,2262.1699,1805300000
2006-02-15,2259.0400,2277.1299,2255.1001,2276.4299,1783050000
2006-02-16,2281.8799,2294.6299,2278.0601,2294.6299,1940470000
2006-02-17,2291.7300,2291.7600,2279.6299,2282.3601,1948640000
2006-02-21,2283.5200,2284.8201,2256.7500,2262.9600,1747180000
2006-02-22,2264.6899,2287.9900,2259.1699,2283.1699,1824110000
2006-02-23,2279.5901,2293.7400,2271.8201,2279.3201,1754200000
2006-02-24,2278.2700,2287.8601,2272.7800,2287.0400,1583980000
2006-02-27,2291.4800,2313.5300,2291.2400,2307.1799,1714420000
2006-02-28,2300.9600,2305.6201,2276.7400,2281.3899,2120560000
2006-03-01,2288.1499,2315.9500,2285.6399,2314.6399,2190420000
2006-03-02,2305.5300,2316.9299,2299.7600,2311.1101,2089100000
2006-03-03,2299.1001,2324.9199,2297.0901,2302.6001,2389040000
2006-03-06,2306.6599,2309.5100,2281.3701,2286.0300,2112280000
2006-03-07,2280.0801,2280.0801,2259.6399,2268.3799,1908310000
2006-03-08,2260.8701,2275.1299,2248.6499,2267.4600,2084040000
2006-03-09,2272.2600,2279.2800,2249.5601,2249.7200,1957560000
2006-03-10,2251.8101,2266.9900,2239.5400,2262.0400,1752700000
2006-03-13,2269.4399,2280.2000,2263.6799,2267.0300,1649550000
2006-03-14,2264.2500,2296.9199,2264.2400,2295.8999,1911750000
2006-03-15,2301.1699,2312.4900,2293.0601,2311.8401,2090520000
2006-03-16,2319.1101,2323.7900,2299.5500,2299.5601,2344240000
2006-03-17,2306.1699,2310.8401,2294.5000,2306.4800,2540120000
2006-03-20,2311.9299,2317.1299,2305.5901,2314.1101,1943820000
2006-03-21,2312.8999,2332.9500,2292.5500,2294.2300,2360430000
2006-03-22,2283.3899,2305.4399,2282.3799,2303.3501,2116220000
2006-03-23,2300.1699,2305.1699,2287.8999,2300.1499,1963750000
2006-03-24,2304.7400,2316.1499,2300.3701,2312.8201,1928040000
2006-03-27,2312.4700,2319.9299,2310.0200,2315.5801,1850220000
2006-03-28,2315.6101,2327.8301,2299.5601,2304.4600,1997510000
2006-03-29,2309.9399,2344.6699,2308.4099,2337.7800,2375300000
2006-03-30,2340.2300,2353.1399,2330.8401,2340.8201,2160810000
2006-03-31,2345.5300,2348.8899,2334.5400,2339.7900,1851620000
2006-04-03,2352.2400,2357.5300,2334.6001,2336.7400,1952960000
2006-04-04,2337.9500,2350.7000,2332.6699,2345.3601,2082320000
2006-04-05,2349.8201,2361.9099,2341.6599,2359.7500,2027440000
2006-04-06,2358.9199,2366.5601,2347.6399,2361.1699,2141860000
2006-04-07,2367.3201,2375.4500,2336.7100,2339.0200,2002360000
2006-04-10,2340.3899,2343.5901,2326.4700,2333.2700,1840950000
2006-04-11,2337.8799,2339.7900,2302.1899,2310.3501,2098780000
2006-04-12,2309.3899,2318.0500,2308.3301,2314.6799,1536510000
2006-04-13,2314.3201,2333.0300,2310.1201,2326.1101,1516980000
2006-04-17,2325.5601,2332.6699,2299.4199,2311.1599,1776170000
2006-04-18,2318.2700,2357.4600,2318.2700,2356.1399,2252800000
2006-04-19,2358.8701,2370.9299,2350.0400,2370.8799,2077690000
2006-04-20,2368.7400,2375.5400,2354.0701,2362.5500,2125120000
2006-04-21,2371.6499,2371.6499,2333.5000,2342.8601,2326080000
2006-04-24,2338.7800,2338.7800,2324.2800,2333.3799,2008130000
2006-04-25,2338.5400,2338.5400,2321.6399,2330.3000,2301780000
2006-04-26,2333.5701,2342.8799,2327.7300,2333.6299,2084230000
2006-04-27,2324.6299,2361.8899,2315.1201,2344.9500,2573560000
2006-04-28,2321.6101,2337.2800,2317.4700,2322.5701,2501760000
2006-05-01,2329.7900,2334.6899,2300.2500,2304.7900,2076120000
2006-05-02,2311.7300,2313.9299,2302.8000,2309.8401,2070740000
2006-05-03,2311.2000,2312.6001,2295.0300,2303.9700,2127260000
2006-05-04,2307.3799,2326.8201,2307.3799,2323.8999,2054110000
2006-05-05,2335.9600,2344.3701,2332.6799,2342.5701,1989260000
2006-05-08,2342.4099,2352.5601,2339.4600,2344.9900,1726260000
2006-05-09,2339.7100,2343.6201,2334.1699,2338.2500,1845230000
2006-05-10,2332.8201,2338.2500,2314.4500,2320.7400,2014270000
2006-05-11,2319.0801,2319.6001,2270.5100,2272.7000,2446770000
2006-05-12,2263.9700,2264.1899,2243.3201,2243.7800,2289510000
2006-05-15,2234.0100,2245.1799,2220.5000,2238.5200,2006700000
2006-05-16,2239.0000,2243.7400,2222.8000,2229.1299,1996620000
2006-05-17,2214.8999,2222.3799,2193.8701,2195.8000,2337800000
2006-05-18,2205.3701,2212.9500,2180.2800,2180.3201,2022640000
2006-05-19,2183.3401,2198.6599,2164.5400,2193.8799,2514380000
2006-05-22,2178.1499,2184.5701,2156.6699,2172.8601,2269960000
2006-05-23,2188.3799,2199.5601,2158.7600,2158.7600,2131750000
2006-05-24,2159.8301,2179.8401,2135.8101,2169.1699,2597020000
2006-05-25,2182.4299,2198.5801,2174.2400,2198.2400,2028960000
2006-05-26,2205.8999,2210.4900,2196.7000,2210.3701,1540700000
2006-05-30,2202.5701,2202.5701,2164.7400,2164.7400,1718660000
2006-05-31,2171.4600,2185.3301,2165.7900,2178.8799,2119060000
2006-06-01,2179.8201,2219.8601,2177.8000,2219.8601,2078740000
2006-06-02,2229.8401,2233.8799,2203.7300,2219.4099,1933380000
2006-06-05,2212.3501,2219.4099,2169.3999,2169.6201,1733250000
2006-06-06,2174.2800,2176.4700,2144.2000,2162.7800,2089540000
2006-06-07,2166.5801,2184.4399,2150.6899,2151.8000,1913870000
2006-06-08,2141.5901,2151.8000,2100.4299,2145.3201,2948100000
2006-06-09,2151.9199,2163.2100,2133.4700,2135.0601,1754740000
2006-06-12,2137.4700,2138.6799,2091.3201,2091.3201,1887720000
2006-06-13,2089.8799,2108.3601,2067.7400,2072.4700,2594500000
2006-06-14,2075.5500,2091.9399,2065.1101,2086.0000,2090140000
2006-06-15,2098.3701,2147.9099,2086.0000,2144.1499,2201490000
2006-06-16,2140.5100,2144.1499,2122.7800,2129.9500,2428150000
2006-06-19,2136.6001,2138.7700,2104.3799,2110.4199,1681580000
2006-06-20,2110.9199,2126.7200,2103.7700,2107.0601,1572100000
2006-06-21,2109.2200,2152.5601,2107.0601,2141.2000,1854850000
2006-06-22,2138.9700,2141.2000,2113.5901,2122.9800,1644700000
2006-06-23,2120.3000,2137.4299,2110.8101,2121.4700,1614510000
2006-06-26,2126.4600,2135.7100,2121.4700,2133.6699,1392940000
2006-06-27,2134.5801,2139.4299,2098.7600,2100.2500,1788170000
2006-06-28,2105.9399,2112.6201,2090.7800,2111.8401,1591310000
2006-06-29,2121.5000,2174.3799,2111.8401,2174.3799,2165390000
2006-06-30,2181.4700,2183.4800,2164.6699,2172.0901,2458840000
2006-07-03,2177.9099,2190.4399,2172.0901,2190.4299,788200000
2006-07-05,2174.6899,2190.4299,2147.1201,2153.3401,1586970000
2006-07-06,2156.3000,2168.5400,2148.2100,2155.0901,1585090000
2006-07-07,2146.8899,2155.0901,2126.6399,2130.0601,1759870000
2006-07-10,2135.9600,2142.3601,2109.1799,2116.9299,1561790000
2006-07-11,2110.4199,2129.4700,2095.6899,2128.8601,1971500000
2006-07-12,2121.7100,2128.8601,2090.2300,2090.2400,1776520000
2006-07-13,2076.3899,2090.2400,2054.1001,2054.1101,2022040000
2006-07-14,2053.8799,2056.5300,2027.1100,2037.3500,1779960000
2006-07-17,2034.7600,2050.6499,2028.3000,2037.7200,1504880000
2006-07-18,2043.1801,2052.5300,2012.7800,2043.2200,1996880000
2006-07-19,2037.6801,2086.0701,2037.1000,2080.7100,2304740000
2006-07-20,2083.8301,2084.2400,2038.7100,2039.4200,1951450000
2006-07-21,2035.2600,2035.7800,2014.0699,2020.3900,2346890000
2006-07-24,2030.4900,2061.8401,2030.4900,2061.8401,1975870000
2006-07-25,2060.3799,2080.1101,2055.3401,2073.8999,1913710000
2006-07-26,2066.4600,2083.9600,2053.6399,2070.4600,2073310000
2006-07-27,2082.5701,2093.1399,2052.0200,2054.4700,2120100000
2006-07-28,2065.2800,2094.9500,2065.0601,2094.1399,1803290000
2006-07-31,2087.8601,2098.2400,2082.6201,2091.4700,1582270000
2006-08-01,2080.3401,2080.3401,2052.7500,2061.9900,1663070000
2006-08-02,2069.9099,2089.0000,2069.5801,2078.8101,1755730000
2006-08-03,2064.5601,2099.8101,2060.9099,2092.3401,1818790000
2006-08-04,2107.8301,2119.0100,2068.8000,2085.0500,1832040000
2006-08-07,2079.4500,2079.4500,2064.9399,2072.5000,1428170000
2006-08-08,2079.5200,2083.8999,2054.1299,2060.8501,1889440000
2006-08-09,2085.5601,2097.7600,2056.7700,2060.2800,2074060000
2006-08-10,2052.9800,2076.3501,2048.2200,2071.7400,1730320000
2006-08-11,2066.2300,2066.2300,2049.8401,2057.7100,1423530000
2006-08-14,2073.0100,2092.6599,2067.6899,2069.0400,1480120000
2006-08-15,2092.4900,2115.0100,2089.6001,2115.0100,1755660000
2006-08-16,2127.0601,2149.5400,2120.1101,2149.5400,2474760000
2006-08-17,2144.3000,2168.1101,2141.5601,2157.6101,1919020000
2006-08-18,2157.1399,2165.4700,2138.4500,2163.9500,1683790000
2006-08-21,2151.9099,2153.5300,2140.8101,2147.7500,1314000000
2006-08-22,2145.3101,2162.6799,2140.6299,2150.0200,1555940000
2006-08-23,2152.9099,2160.1101,2126.7500,2134.6599,1457180000
2006-08-24,2142.3401,2144.3301,2122.6499,2137.1101,1404360000
2006-08-25,2132.1699,2152.9199,2129.2500,2140.2900,1282510000
2006-08-28,2140.5200,2164.2200,2139.5701,2160.7000,1333860000
2006-08-29,2161.9600,2173.8799,2145.2200,2172.3000,1580990000
2006-08-30,2175.0701,2188.5500,2167.4800,2185.7300,1620030000
2006-08-31,2189.1699,2193.3401,2181.7700,2183.7500,1700210000
2006-09-01,2194.5601,2198.5801,2182.9299,2193.1599,1325540000
2006-09-05,2192.9399,2207.5500,2184.4199,2205.7000,1732460000
2006-09-06,2189.7000,2190.2600,2167.6299,2167.8401,1797080000
2006-09-07,2160.0500,2174.8000,2149.3601,2155.2900,1847190000
2006-09-08,2160.0200,2168.4399,2154.5500,2165.7900,1457220000
2006-09-11,2152.1201,2180.3899,2147.4399,2173.2500,1694280000
2006-09-12,2174.6101,2217.2800,2174.6101,2215.8201,2007990000
2006-09-13,2214.8000,2229.1799,2211.1399,2227.6699,1860530000
2006-09-14,2221.7300,2230.9700,2218.8601,2228.7300,1826600000
2006-09-15,2243.2800,2247.1599,2227.7200,2235.5901,2455870000
2006-09-18,2232.9900,2247.4700,2228.5200,2235.7500,1914200000
2006-09-19,2239.8601,2239.8601,2202.9299,2222.3701,2079920000
2006-09-20,2242.1101,2257.2800,2242.1101,2252.8899,2164940000
2006-09-21,2257.5400,2261.4700,2232.8899,2237.7500,1993110000
2006-09-22,2233.5500,2233.5500,2210.1299,2218.9299,1646540000
2006-09-25,2227.3701,2253.4500,2212.0200,2249.0701,1833860000
2006-09-26,2247.7200,2261.7800,2243.6699,2261.3401,2011140000
2006-09-27,2256.1699,2271.0000,2254.3701,2263.3899,2039100000
2006-09-28,2266.9299,2273.1201,2252.9099,2270.0200,1805260000
2006-09-29,2273.3000,2273.3000,2257.9800,2258.4299,1812120000
2006-10-02,2257.0000,2262.6699,2235.6799,2237.6001,1769170000
2006-10-03,2233.0100,2251.8601,2224.2100,2243.6499,1946800000
2006-10-04,2239.8799,2290.9800,2239.2600,2290.9500,2190280000
2006-10-05,2289.5300,2306.3501,2287.6101,2306.3401,1911090000
2006-10-06,2296.1499,2306.2800,2289.9900,2299.9900,1672470000
2006-10-09,2297.8201,2317.4199,2295.2500,2311.7700,1485280000
2006-10-10,2314.1201,2319.0601,2302.2400,2315.4299,1760360000
2006-10-11,2304.6699,2322.0701,2292.2900,2308.2700,1995600000
2006-10-12,2318.2800,2346.2900,2318.2800,2346.1799,2003960000
2006-10-13,2344.7000,2360.2300,2341.3999,2357.2900,1940530000
2006-10-16,2359.1899,2368.1101,2358.0100,2363.8401,1823620000
2006-10-17,2354.0701,2354.0701,2329.8000,2344.9500,2125950000
2006-10-18,2355.4199,2362.0901,2330.4900,2337.1499,2130750000
2006-10-19,2332.5400,2345.2400,2324.4299,2340.9399,2000690000
2006-10-20,2340.9399,2349.3601,2329.1299,2342.3000,1922070000
2006-10-23,2338.1499,2364.2000,2330.6101,2355.5601,1823480000
2006-10-24,2352.4900,2356.0300,2335.9099,2344.8401,1856880000
2006-10-25,2346.7700,2359.7600,2338.6499,2356.5901,2100780000
2006-10-26,2361.0901,2379.2900,2347.8799,2379.1001,2339540000
2006-10-27,2375.1699,2377.3401,2347.0701,2350.6201,2268950000
2006-10-30,2347.2100,2371.0601,2341.0300,2363.7700,1724180000
2006-10-31,2368.7500,2374.6399,2355.9500,2366.7100,1922150000
2006-11-01,2373.4900,2375.5300,2330.5701,2334.3501,2027020000
2006-11-02,2324.4800,2339.1299,2320.8401,2334.0200,1887310000
2006-11-03,2339.0400,2343.9800,2316.8201,2330.7900,1830050000
2006-11-06,2341.6599,2371.8101,2341.6599,2365.9500,1892250000
2006-11-07,2366.0100,2391.3401,2363.6399,2375.8799,2088770000
2006-11-08,2363.9199,2393.4700,2358.4399,2384.9399,2076020000
2006-11-09,2399.2800,2401.3301,2370.6001,2376.0100,2380240000
2006-11-10,2378.2600,2389.7200,2373.6201,2389.7200,1680460000
2006-11-13,2389.5200,2408.9099,2387.8799,2406.3799,1720810000
2006-11-14,2408.0500,2430.8301,2394.6201,2430.6599,1926370000
2006-11-15,2430.1399,2452.5601,2429.6799,2442.7500,2103870000
2006-11-16,2447.0901,2453.3501,2438.0400,2449.0601,2038830000
2006-11-17,2439.6299,2445.8601,2431.7900,2445.8601,1732400000
2006-11-20,2441.1599,2457.1399,2437.8401,2452.7200,1697480000
2006-11-21,2454.6499,2456.6001,2445.0400,2454.8401,1660270000
2006-11-22,2463.2100,2467.2000,2450.6399,2465.9800,1573120000
2006-11-24,2449.7300,2468.4199,2449.3201,2460.2600,681510000
2006-11-27,2454.1699,2454.6399,2405.8899,2405.9199,1950300000
2006-11-28,2397.3201,2414.0801,2390.1001,2412.6101,1958630000
2006-11-29,2422.9099,2436.6101,2414.8000,2432.2300,1903430000
2006-11-30,2430.7500,2441.3501,2419.2300,2431.7700,2134200000
2006-12-01,2430.7500,2434.3899,2392.9500,2413.2100,2040520000
2006-12-04,2420.9199,2455.6699,2420.6001,2448.3899,1954530000
2006-12-05,2455.7000,2459.5100,2445.1399,2452.3799,1990600000
2006-12-06,2447.5400,2451.8601,2436.4700,2445.8601,1889000000
2006-12-07,2449.6399,2454.9099,2427.6899,2427.6899,2051030000
2006-12-08,2423.6699,2447.0300,2416.7700,2437.3601,1840600000
2006-12-11,2437.3601,2453.2200,2429.9700,2442.8601,1813340000
2006-12-12,2443.0300,2444.7200,2419.3201,2431.6001,1927540000
2006-12-13,2444.1201,2444.1201,2423.8701,2432.4099,1782430000
2006-12-14,2435.7500,2461.3101,2435.7500,2453.8501,1889510000
2006-12-15,2467.3601,2470.0200,2455.2400,2457.2000,2324650000
2006-12-18,2462.4299,2470.9500,2428.6599,2435.5701,1936350000
2006-12-19,2420.0801,2437.3301,2408.8501,2429.5500,1960720000
2006-12-20,2432.0000,2443.3401,2426.4099,2427.6101,1749530000
2006-12-21,2430.1399,2433.1299,2408.9900,2415.8501,1732880000
2006-12-22,2415.9800,2416.4900,2400.7200,2401.1799,1306530000
2006-12-26,2398.2200,2414.2100,2397.6799,2413.5100,1016200000
2006-12-27,2418.7800,2432.7300,2418.7800,2431.2200,1216260000
2006-12-28,2425.3201,2432.4800,2420.9099,2425.5701,1237530000
2006-12-29,2423.0300,2437.3799,2413.4299,2415.2900,1413920000
2007-01-03,2429.7200,2454.6201,2394.6599,2423.1599,2435280000
2007-01-04,2423.8201,2460.5100,2413.7500,2453.4299,2104210000
2007-01-05,2445.0701,2445.0701,2420.5901,2434.2500,2060360000
2007-01-08,2435.2500,2445.6299,2421.1299,2438.2000,1905620000
2007-01-09,2443.2600,2449.8701,2423.5601,2443.8301,2144160000
2007-01-10,2434.0400,2461.3401,2427.8999,2459.3301,2274210000
2007-01-11,2464.8899,2489.4600,2463.3899,2484.8501,2436270000
2007-01-12,2481.7200,2502.8201,2481.5400,2502.8201,2175810000
2007-01-16,2504.5601,2508.9299,2493.9199,2497.7800,2139550000
2007-01-17,2487.8899,2496.9299,2475.8301,2479.4199,2273880000
2007-01-18,2475.3301,2475.8000,2438.1101,2443.2100,2456180000
2007-01-19,2437.6299,2453.7900,2435.6799,2451.3101,2037890000
2007-01-22,2454.5000,2454.6599,2422.9199,2431.0701,1900860000
2007-01-23,2428.2600,2447.0300,2425.9800,2431.4099,2001100000
2007-01-24,2443.0100,2466.2800,2440.8201,2466.2800,2202040000
2007-01-25,2469.2700,2470.5100,2430.5601,2434.2400,2202280000
2007-01-26,2441.1001,2443.4399,2418.6101,2435.4900,2067080000
2007-01-29,2434.6399,2451.8301,2431.3101,2441.0901,1915400000
2007-01-30,2446.6599,2451.0000,2437.4199,2448.6399,1769600000
2007-01-31,2443.3301,2471.2000,2433.7600,2463.9299,2186710000
2007-02-01,2474.0801,2481.3799,2458.7100,2468.3799,2170040000
2007-02-02,2474.1899,2478.4099,2466.5601,2475.8799,1876770000
2007-02-05,2475.0300,2481.5701,2466.1799,2470.6001,1875310000
2007-02-06,2475.7800,2478.2400,2454.6001,2471.4900,2113710000
2007-02-07,2483.7300,2495.2700,2475.5701,2490.5000,2198410000
2007-02-08,2484.5000,2492.4099,2477.7100,2488.6699,1995880000
2007-02-09,2491.6499,2496.5200,2453.4399,2459.8201,2186590000
2007-02-12,2460.6299,2460.6299,2444.6799,2450.3799,1840250000
2007-02-13,2455.2500,2464.5601,2452.1699,2459.8799,1821390000
2007-02-14,2468.0400,2494.5100,2468.0400,2488.3799,2173580000
2007-02-15,2489.8401,2498.3701,2485.5100,2497.1001,1949670000
2007-02-16,2491.4800,2497.9199,2482.6599,2496.3101,1887430000
2007-02-20,2491.7500,2514.2200,2479.9199,2513.0400,2165590000
2007-02-21,2503.5400,2518.4199,2500.9600,2518.4199,2012450000
2007-02-22,2523.3601,2531.4199,2509.0601,2524.9399,1850960000
2007-02-23,2522.5300,2522.8401,2506.9500,2515.1001,2012220000
2007-02-26,2525.0400,2525.9800,2492.5400,2504.5200,1912480000
2007-02-27,2468.7400,2470.9199,2402.3601,2407.8601,3037380000
2007-02-28,2411.8899,2431.8601,2395.3501,2416.1499,2620450000
2007-03-01,2377.1799,2419.1499,2359.4399,2404.2100,2710750000
2007-03-02,2389.8601,2401.2600,2368.0000,2368.0000,2352790000
2007-03-05,2368.0000,2377.8401,2340.3999,2340.6799,2291680000
2007-03-06,2363.1499,2390.1399,2361.2700,2385.1399,2121430000
2007-03-07,2382.6499,2388.7800,2371.9199,2374.6399,1959330000
2007-03-08,2396.5500,2402.2000,2382.0000,2387.7300,1989910000
2007-03-09,2403.1299,2404.8000,2375.5701,2387.5500,1875050000
2007-03-12,2385.1399,2404.0200,2384.3899,2402.2900,1637980000
2007-03-13,2388.8601,2395.9800,2350.5701,2350.5701,2235000000
2007-03-14,2350.9399,2371.7400,2331.5701,2371.7400,2255630000
2007-03-15,2371.0200,2382.6201,2367.7400,2378.7000,1690430000
2007-03-16,2376.8201,2385.3201,2364.3601,2372.6599,2031650000
2007-03-19,2384.6599,2399.8000,2381.5500,2394.4099,1650970000
2007-03-20,2394.8201,2412.6399,2393.1899,2408.2100,1761940000
2007-03-21,2415.5400,2455.9199,2405.3899,2455.9199,2158740000
2007-03-22,2457.0601,2457.3701,2442.5100,2451.7400,1887290000
2007-03-23,2451.8301,2459.9600,2447.8101,2448.9299,1634470000
2007-03-26,2451.6001,2455.6299,2428.0000,2455.6299,1817870000
2007-03-27,2448.9199,2450.0300,2435.1899,2437.4299,1708060000
2007-03-28,2427.1899,2434.3201,2413.0901,2417.1001,1868310000
2007-03-29,2432.5000,2433.0400,2396.8301,2417.8799,1926070000
2007-03-30,2419.9099,2432.2000,2403.0100,2421.6399,1998550000
2007-04-02,2425.3601,2427.9399,2409.0400,2422.2600,1784170000
2007-04-03,2432.3000,2456.1699,2432.3000,2450.3301,1932030000
2007-04-04,2451.9399,2461.4900,2448.6899,2458.6899,1933300000
2007-04-05,2457.6499,2471.3401,2455.6001,2471.3401,1537800000
2007-04-09,2478.0200,2478.6799,2464.5701,2469.1799,1714880000
2007-04-10,2468.1299,2479.4600,2468.0300,2477.6101,1834530000
2007-04-11,2477.7600,2478.5100,2452.0500,2459.3101,1957970000
2007-04-12,2455.7200,2480.4099,2448.7100,2480.3201,1905500000
2007-04-13,2479.6899,2491.9399,2468.2300,2491.9399,1834320000
2007-04-16,2500.5500,2519.0300,2500.5500,2518.3301,1779410000
2007-04-17,2519.1201,2522.0701,2510.6001,2516.9500,1900920000
2007-04-18,2507.3401,2518.2100,2499.6499,2510.5000,2046760000
2007-04-19,2497.2200,2515.9500,2490.3401,2505.3501,2112920000
2007-04-20,2525.2300,2532.2400,2515.2400,2526.3899,2084270000
2007-04-23,2525.7700,2531.3999,2518.4700,2523.6699,1928530000
2007-04-24,2528.3899,2529.4800,2509.2600,2524.5400,2220610000
2007-04-25,2533.5400,2551.3899,2523.8401,2547.8899,2644120000
2007-04-26,2551.4900,2560.6399,2544.1201,2554.4600,2406090000
2007-04-27,2554.4800,2562.9900,2550.1001,2557.2100,2078160000
2007-04-30,2558.0500,2558.7500,2525.0901,2525.0901,2080710000
2007-05-01,2529.9500,2532.3701,2510.5701,2531.5300,2351750000
2007-05-02,2531.9600,2562.7800,2531.9600,2557.8401,2073150000
2007-05-03,2560.8501,2569.8000,2555.8401,2565.4600,2137140000
2007-05-04,2574.5000,2577.9600,2561.7300,2572.1499,2214130000
2007-05-07,2572.6399,2580.0601,2569.2200,2570.9500,1652300000
2007-05-08,2563.1799,2571.7500,2551.1499,2571.7500,1897750000
2007-05-09,2557.6299,2579.9800,2555.7100,2576.3401,2104220000
2007-05-10,2564.8000,2570.7300,2533.1201,2533.7400,2237610000
2007-05-11,2541.6599,2562.4500,2539.6699,2562.2200,1725550000
2007-05-14,2564.0500,2568.9299,2537.9199,2546.4399,1941450000
2007-05-15,2544.6699,2557.7800,2523.8301,2525.2900,2187760000
2007-05-16,2532.7100,2547.4199,2519.3501,2547.4199,2061050000
2007-05-17,2544.3201,2547.7100,2535.4700,2539.3799,1924890000
2007-05-18,2548.0701,2559.0300,2540.6699,2558.4500,1996930000
2007-05-21,2560.9299,2587.8701,2560.8501,2578.7900,1974220000
2007-05-22,2580.0400,2593.0300,2573.9500,2588.0200,1943950000
2007-05-23,2592.6201,2600.9399,2576.2300,2577.0500,2011060000
2007-05-24,2577.2100,2585.7300,2531.2800,2537.9199,2350850000
2007-05-25,2547.4099,2560.0300,2544.4600,2557.1899,1559700000
2007-05-29,2561.0400,2576.3601,2558.3999,2572.0601,1651000000
2007-05-30,2556.1699,2592.5901,2551.6799,2592.5901,1969150000
2007-05-31,2599.4700,2607.8999,2594.2900,2604.5200,2286850000
2007-06-01,2614.0100,2626.3999,2608.6899,2613.9199,1880030000
2007-06-04,2606.0500,2619.7500,2604.8501,2618.2900,1947220000
2007-06-05,2611.1599,2613.3101,2595.0100,2611.2300,2182810000
2007-06-06,2599.5601,2599.5601,2578.8101,2587.1799,2163430000
2007-06-07,2577.3701,2585.7300,2541.3799,2541.3799,2716240000
2007-06-08,2541.1399,2573.7400,2534.9700,2573.5400,1908130000
2007-06-11,2569.6399,2584.8201,2566.8401,2572.1499,1614980000
2007-06-12,2560.4099,2576.8899,2547.9900,2549.7700,2047210000
2007-06-13,2558.4700,2582.3101,2556.7200,2582.3101,2086610000
2007-06-14,2584.1399,2604.7600,2583.9299,2599.4099,1936220000
2007-06-15,2625.3301,2630.5100,2620.7200,2626.7100,2420750000
2007-06-18,2631.3401,2631.4500,2617.6599,2626.6001,1717120000
2007-06-19,2620.3101,2631.3000,2612.4199,2626.7600,1871880000
2007-06-20,2632.2000,2634.6001,2599.6299,2599.9600,2793260000
2007-06-21,2597.6499,2618.5400,2586.0500,2616.9600,2562640000
2007-06-22,2610.3601,2612.7500,2583.2400,2588.9600,3240350000
2007-06-25,2590.5901,2605.8701,2568.5000,2577.0801,2039010000
2007-06-26,2589.2200,2590.8899,2566.3401,2574.1599,2100330000
2007-06-27,2563.8301,2605.9199,2560.4500,2605.3501,2020260000
2007-06-28,2606.1399,2624.6001,2604.6001,2608.3701,1923410000
2007-06-29,2619.9399,2626.5601,2590.0901,2603.2300,2168420000
2007-07-02,2617.3899,2632.3000,2614.8401,2632.3000,1853840000
2007-07-03,2636.7100,2644.9500,2635.0000,2644.9500,1089120000
2007-07-05,2646.3000,2658.0100,2637.7800,2656.6499,1694530000
2007-07-06,2656.3000,2667.9700,2649.0500,2666.5100,1597110000
2007-07-09,2668.9900,2672.5901,2660.6499,2670.0200,1895200000
2007-07-10,2657.8701,2662.5500,2637.6599,2639.1599,2229340000
2007-07-11,2637.1201,2652.3401,2631.8899,2651.7900,2014260000
2007-07-12,2662.7600,2701.7300,2662.5200,2701.7300,2166350000
2007-07-13,2696.9600,2707.6399,2694.0901,2707.0000,1729190000
2007-07-16,2703.3999,2712.1299,2693.7100,2697.3301,1751060000
2007-07-17,2702.1001,2719.9399,2701.5601,2712.2900,2158690000
2007-07-18,2695.2800,2699.8701,2674.2600,2699.4900,2257380000
2007-07-19,2716.6599,2724.7400,2710.8401,2720.0400,2177500000
2007-07-20,2709.9900,2710.3201,2674.6399,2687.6001,2335920000
2007-07-23,2698.4900,2705.0300,2688.4099,2690.5801,2034080000
2007-07-24,2673.7000,2682.3999,2634.0300,2639.8601,2463270000
2007-07-25,2660.1899,2665.8101,2628.1499,2648.1699,2482250000
2007-07-26,2620.7500,2632.4600,2563.8101,2599.3401,3392140000
2007-07-27,2599.8701,2608.9900,2562.0601,2562.2400,2705290000
2007-07-30,2568.1399,2592.0000,2552.3101,2583.2800,2291710000
2007-07-31,2606.3201,2607.4500,2545.8999,2546.2700,2789130000
2007-08-01,2538.5000,2557.1101,2515.8101,2553.8701,2912270000
2007-08-02,2557.5901,2579.2800,2553.1399,2575.9800,2456970000
2007-08-03,2572.9199,2575.5801,2511.1201,2511.2500,2504430000
2007-08-06,2524.8701,2547.3301,2491.9600,2547.3301,2815560000
2007-08-07,2532.7800,2577.8101,2523.4399,2561.6001,2704030000
2007-08-08,2582.6001,2627.7500,2582.6001,2612.9800,3542890000
2007-08-09,2573.0300,2615.9299,2556.4900,2556.4900,3593450000
2007-08-10,2529.5400,2569.2500,2503.1599,2544.8899,3202570000
2007-08-13,2566.6001,2572.5100,2541.3501,2542.2400,2154750000
2007-08-14,2549.2600,2552.4900,2499.1201,2499.1201,1982860000
2007-08-15,2492.7600,2520.3899,2457.8899,2458.8301,2259870000
2007-08-16,2440.9099,2460.5000,2386.6899,2451.0701,3279620000
2007-08-17,2510.3799,2524.9600,2466.3601,2505.0300,2580340000
2007-08-20,2511.0701,2516.3101,2487.4399,2508.5901,1656440000
2007-08-21,2502.3101,2529.6599,2500.6599,2521.3000,1677080000
2007-08-22,2542.9900,2554.8999,2533.7400,2552.8000,1787060000
2007-08-23,2562.4099,2565.3501,2530.5701,2541.7000,1622880000
2007-08-24,2539.6499,2576.6899,2534.6399,2576.6899,1624860000
2007-08-27,2570.4099,2573.8301,2557.4800,2561.2500,1314030000
2007-08-28,2546.3899,2548.0601,2500.5500,2500.6399,1562800000
2007-08-29,2518.8201,2563.1599,2512.6001,2563.1599,1649720000
2007-08-30,2545.0801,2587.8601,2542.4800,2565.3000,1704910000
2007-08-31,2596.1899,2603.1101,2579.7900,2596.3601,1536640000
2007-09-04,2596.3799,2644.4500,2596.3799,2630.2400,1863090000
2007-09-05,2618.2800,2621.5400,2596.7000,2605.9500,1921820000
2007-09-06,2615.7400,2620.8899,2595.5200,2614.3201,1795220000
2007-09-07,2581.4800,2584.2800,2556.5901,2565.7000,1906520000
2007-09-10,2581.7800,2588.8799,2536.9299,2559.1101,1771430000
2007-09-11,2573.2800,2598.9399,2572.8601,2597.4700,1743730000
2007-09-12,2592.8301,2612.1799,2590.3799,2592.0701,1888570000
2007-09-13,2607.1299,2612.7000,2589.4099,2601.0601,1666510000
2007-09-14,2582.1499,2603.6299,2577.7300,2602.1799,1586580000
2007-09-17,2594.0400,2596.0901,2575.3601,2581.6599,1407780000
2007-09-18,2592.9600,2651.6599,2583.1399,2651.6599,2083620000
2007-09-19,2665.8899,2683.0200,2654.8999,2666.4800,2183810000
2007-09-20,2659.5801,2669.4299,2648.0701,2654.2900,1751460000
2007-09-21,2670.7500,2678.6899,2666.3201,2671.2200,2268300000
2007-09-24,2676.4199,2692.1599,2660.5200,2667.9500,1848950000
2007-09-25,2658.5300,2683.9199,2656.3301,2683.4500,1910890000
2007-09-26,2696.5300,2709.2300,2689.5901,2699.0300,1984010000
2007-09-27,2711.8201,2712.7900,2702.0200,2709.5901,1745070000
2007-09-28,2709.6499,2716.7500,2692.0200,2701.5000,1929890000
2007-10-01,2704.2500,2743.5300,2704.2500,2740.9900,1914080000
2007-10-02,2740.6499,2747.1101,2732.6899,2747.1101,1740460000
2007-10-03,2734.3201,2746.1399,2721.2300,2729.4299,1851090000
2007-10-04,2735.3899,2735.5200,2718.0500,2733.5701,1695520000
2007-10-05,2754.6799,2784.9299,2749.8501,2780.3201,2012860000
2007-10-08,2777.7200,2787.3701,2771.6001,2787.3701,1496610000
2007-10-09,2793.9500,2806.4099,2784.5200,2803.9099,1865120000
2007-10-10,2805.4399,2813.6699,2795.9800,2811.6101,1916630000
2007-10-11,2824.5500,2834.0000,2757.7600,2772.2000,2508690000
2007-10-12,2779.7900,2806.1799,2778.2900,2805.6799,1957790000
2007-10-15,2809.1699,2811.6599,2764.6799,2780.0500,1967120000
2007-10-16,2770.0300,2781.8000,2759.4299,2763.9099,2038520000
2007-10-17,2801.6599,2803.9600,2755.2600,2792.6699,2400080000
2007-10-18,2778.3101,2803.2600,2770.1101,2799.3101,1973010000
2007-10-19,2799.3201,2799.3201,2725.1599,2725.1599,2371650000
2007-10-22,2705.8601,2755.4700,2698.1399,2753.9299,1958710000
2007-10-23,2775.5200,2799.2600,2758.5300,2799.2600,2335770000
2007-10-24,2775.3301,2781.9600,2720.3000,2774.7600,2739680000
2007-10-25,2777.5901,2787.2900,2733.0801,2750.8601,2753360000
2007-10-26,2806.5200,2810.3101,2776.5300,2804.1899,2583680000
2007-10-29,2815.1599,2825.3701,2805.2500,2817.4399,2014730000
2007-10-30,2807.3201,2828.8201,2803.6699,2816.7100,2121930000
2007-10-31,2827.8000,2861.5100,2815.6699,2859.1201,2534530000
2007-11-01,2835.0000,2835.6299,2793.1699,2794.8301,2528410000
2007-11-02,2812.7900,2817.0300,2773.8201,2810.3799,2426050000
2007-11-05,2782.8000,2807.5100,2771.9099,2795.1799,2092590000
2007-11-06,2809.8101,2825.4700,2780.2200,2825.1799,2482160000
2007-11-07,2798.4500,2810.1899,2748.3101,2748.7600,2491180000
2007-11-08,2748.3999,2753.0500,2648.0300,2696.0000,3461810000
2007-11-09,2648.9600,2668.7900,2624.4299,2627.9399,2955790000
2007-11-12,2619.4099,2643.0000,2583.0000,2584.1299,2820740000
2007-11-13,2613.3701,2673.6499,2613.3701,2673.6499,2662780000
2007-11-14,2698.0300,2698.3501,2636.3201,2644.3201,2420260000
2007-11-15,2636.2700,2652.6499,2601.3899,2618.5100,2289480000
2007-11-16,2631.8101,2640.0300,2596.5901,2637.2400,2515680000
2007-11-19,2622.4399,2628.1499,2583.2600,2593.3799,2188010000
2007-11-20,2603.5300,2633.8201,2554.3201,2596.8101,2607370000
2007-11-21,2570.5300,2597.1699,2542.7000,2562.1499,2034730000
2007-11-23,2578.9900,2601.5500,2567.5801,2596.6001,804330000
2007-11-26,2599.8201,2613.6899,2539.8101,2540.9900,2019400000
2007-11-27,2557.9800,2585.9299,2546.3701,2580.8000,2166930000
2007-11-28,2607.3301,2667.9299,2606.8601,2662.9099,2518580000
2007-11-29,2653.3601,2675.2100,2648.4900,2668.1299,2157170000
2007-11-30,2693.6101,2696.2400,2642.2500,2660.9600,2571340000
2007-12-03,2654.9099,2667.8201,2636.9600,2637.1299,1994710000
2007-12-04,2620.3401,2636.0100,2613.8301,2619.8301,2044740000
2007-12-05,2648.9600,2671.7200,2647.4099,2666.3601,2258840000
2007-12-06,2665.8701,2709.1001,2664.7100,2709.0300,1970680000
2007-12-07,2710.3301,2711.9600,2695.9600,2706.1599,1855070000
2007-12-10,2710.7300,2727.8401,2706.5901,2718.9500,1776540000
2007-12-11,2723.0901,2734.8201,2650.2200,2652.3501,2195200000
2007-12-12,2703.2600,2712.5901,2638.8201,2671.1399,2311900000
2007-12-13,2651.4500,2670.3301,2641.5701,2668.4900,2143760000
2007-12-14,2647.6799,2671.8799,2634.7500,2635.7400,1902390000
2007-12-17,2623.2300,2626.3701,2574.4600,2574.4600,1873110000
2007-12-18,2597.5901,2604.3799,2553.9900,2596.0300,1982590000
2007-12-19,2593.3301,2609.7300,2583.3201,2601.0100,1835920000
2007-12-20,2628.1201,2640.8799,2605.2100,2640.8601,1960470000
2007-12-21,2676.8501,2691.9900,2671.5901,2691.9900,2508800000
2007-12-24,2694.3501,2715.7700,2694.3501,2713.5000,778620000
2007-12-26,2702.8201,2727.5500,2698.4800,2724.4099,1241830000
2007-12-27,2715.0200,2717.1201,2675.8899,2676.7900,2324820000
2007-12-28,2693.3601,2697.7700,2661.7900,2674.4600,1338850000
2007-12-31,2663.7800,2668.6101,2646.0901,2652.2800,1454550000
2008-01-02,2653.9099,2661.5000,2597.8101,2609.6299,2076690000
2008-01-03,2611.9600,2624.2700,2592.1799,2602.6799,1970200000
2008-01-04,2571.0801,2571.0801,2502.6799,2504.6499,2516310000
2008-01-07,2514.1499,2521.6201,2471.2300,2499.4600,2600100000
2008-01-08,2506.9700,2527.4199,2440.5100,2440.5100,2566480000
2008-01-09,2443.8501,2474.5500,2407.3899,2474.5500,2821160000
2008-01-10,2452.1201,2503.5500,2446.8000,2488.5200,2640400000
2008-01-11,2471.8601,2473.9500,2428.8501,2439.9399,2355490000
2008-01-14,2470.8701,2483.1299,2455.3401,2478.3000,2134230000
2008-01-15,2449.0400,2455.2900,2412.4700,2417.5901,2390120000
2008-01-16,2390.5601,2429.5801,2361.2200,2394.5901,3397330000
2008-01-17,2405.7400,2416.5100,2343.6499,2346.8999,2785930000
2008-01-18,2365.5601,2384.2100,2323.2900,2340.0200,2991360000
2008-01-22,2221.2000,2318.6001,2221.2000,2292.2700,3161430000
2008-01-23,2226.7700,2320.1299,2202.5400,2316.4099,3650250000
2008-01-24,2328.8601,2361.8899,2326.3701,2360.9199,2928900000
2008-01-25,2402.8000,2408.2200,2322.5601,2326.2000,2599410000
2008-01-28,2324.8501,2349.9099,2306.6399,2349.9099,2033860000
2008-01-29,2360.4299,2362.1101,2332.0000,2358.0601,2160040000
2008-01-30,2346.3601,2396.0000,2343.8799,2349.0000,2618850000
2008-01-31,2317.1101,2403.4600,2313.5200,2389.8601,2813420000
2008-02-01,2392.5801,2419.2300,2374.5000,2413.3601,3060180000
2008-02-04,2413.4199,2413.4199,2382.0901,2382.8501,2050940000
2008-02-05,2344.8101,2359.4299,2309.5701,2309.5701,2501820000
2008-02-06,2327.1799,2338.2700,2277.2700,2278.7500,2362020000
2008-02-07,2259.6201,2318.5200,2252.6499,2293.0300,2946360000
2008-02-08,2290.5000,2318.6699,2280.2700,2304.8501,2229330000
2008-02-11,2310.7500,2326.2300,2294.4199,2320.0601,2072270000
2008-02-12,2333.3101,2349.5500,2305.8301,2320.0400,2183530000
2008-02-13,2347.2200,2373.9299,2338.9099,2373.9299,2174670000
2008-02-14,2376.2200,2376.2200,2328.5901,2332.5400,2267580000
2008-02-15,2320.5801,2329.1699,2305.8101,2321.8000,1999540000
2008-02-19,2348.9800,2352.7900,2300.1001,2306.2000,1988690000
2008-02-20,2292.8201,2331.7000,2291.2400,2327.1001,2258180000
2008-02-21,2344.0801,2353.7900,2294.7700,2299.7800,2277540000
2008-02-22,2306.6101,2308.7600,2265.3601,2303.3501,2324450000
2008-02-25,2303.4099,2333.7100,2294.3799,2327.4800,2152880000
2008-02-26,2314.4199,2361.1001,2311.3201,2344.9900,2263650000
2008-02-27,2329.1599,2363.5200,2326.3401,2353.7800,2216540000
2008-02-28,2342.5601,2352.8799,2324.4700,2331.5701,2032040000
2008-02-29,2309.0601,2311.2300,2264.9700,2271.4800,2405360000
2008-03-03,2271.2600,2275.7500,2240.3000,2258.6001,2145070000
2008-03-04,2244.2100,2266.3701,2221.0901,2260.2800,2669980000
2008-03-05,2266.4900,2290.0100,2254.2000,2272.8101,2209090000
2008-03-06,2265.6699,2272.2000,2219.3301,2220.5000,2165090000
2008-03-07,2204.4800,2242.5000,2186.9299,2212.4900,2386980000
2008-03-10,2211.1399,2216.8899,2168.6699,2169.3401,2101010000
2008-03-11,2209.6499,2255.7600,2192.5000,2255.7600,2526040000
2008-03-12,2259.9700,2282.6101,2241.3799,2243.8701,2077140000
2008-03-13,2219.2800,2272.5500,2199.3799,2263.6101,2419220000
2008-03-14,2271.2100,2277.1101,2191.7500,2212.4900,2547310000
2008-03-17,2166.9399,2200.5300,2155.4199,2177.0100,2338210000
2008-03-18,2215.6101,2268.2600,2206.8101,2268.2600,2411630000
2008-03-19,2272.1201,2280.8999,2209.9600,2209.9600,2265420000
2008-03-20,2220.5000,2258.1101,2208.1201,2258.1101,2764480000
2008-03-24,2268.2000,2336.7000,2268.2000,2326.7500,2312600000
2008-03-25,2329.1599,2346.7800,2312.0601,2341.0500,2099060000
2008-03-26,2328.6201,2331.1799,2306.4900,2324.3601,1915210000
2008-03-27,2315.0400,2315.9099,2280.4700,2280.8301,2038770000
2008-03-28,2291.3201,2304.7100,2256.8701,2261.1799,1785770000
2008-03-31,2265.1499,2289.7000,2260.5901,2279.1001,1788360000
2008-04-01,2306.5100,2362.7500,2305.3999,2362.7500,2160120000
2008-04-02,2363.4199,2381.2100,2347.7800,2361.3999,1996680000
2008-04-03,2347.9099,2373.9900,2339.3799,2363.3000,1993480000
2008-04-04,2366.9099,2391.9299,2351.7600,2370.9800,1977560000
2008-04-07,2386.6201,2390.0400,2359.5400,2364.8301,1730020000
2008-04-08,2353.5801,2359.3999,2337.8401,2348.7600,1635290000
2008-04-09,2351.9399,2353.5400,2311.4500,2322.1201,1922050000
2008-04-10,2326.7800,2363.9099,2324.3899,2351.7000,2159000000
2008-04-11,2327.7000,2328.4500,2286.1899,2290.2400,1902540000
2008-04-14,2287.0200,2296.7300,2274.9099,2275.8201,1626710000
2008-04-15,2287.4299,2291.1201,2266.2900,2286.0400,1884750000
2008-04-16,2313.4199,2352.2100,2313.4199,2350.1101,2128770000
2008-04-17,2347.3201,2348.3101,2327.6599,2341.8301,1779300000
2008-04-18,2394.5200,2412.7800,2383.2400,2402.9700,2190920000
2008-04-21,2393.0701,2410.9700,2389.8201,2408.0400,1601280000
2008-04-22,2397.1201,2397.1699,2361.6699,2376.9399,1941680000
2008-04-23,2391.6399,2412.5300,2382.7700,2405.2100,2181580000
2008-04-24,2408.2500,2447.2800,2383.7600,2428.9199,2337160000
2008-04-25,2424.6799,2427.0901,2391.1499,2422.9299,1956260000
2008-04-28,2422.6299,2437.0000,2416.8999,2424.3999,1724680000
2008-04-29,2420.0000,2435.3799,2412.1001,2426.1001,1769030000
2008-04-30,2434.2000,2451.1899,2406.3701,2412.8000,2127390000
2008-05-01,2416.4900,2480.7100,2416.4900,2480.7100,2344770000
2008-05-02,2499.1399,2499.1399,2461.4600,2476.9900,2279510000
2008-05-05,2475.3101,2486.0500,2458.1201,2464.1201,2085110000
2008-05-06,2455.1101,2488.8301,2445.3701,2483.3101,2097260000
2008-05-07,2483.0300,2496.6499,2435.7600,2438.4900,2238810000
2008-05-08,2450.0100,2462.5100,2436.6101,2451.2400,2031770000
2008-05-09,2432.5500,2455.3301,2429.0300,2445.5200,1711510000
2008-05-12,2454.6499,2490.2200,2446.3601,2488.4900,1769330000
2008-05-13,2491.0200,2498.0701,2472.5801,2495.1201,1895250000
2008-05-14,2503.2800,2528.3999,2493.5801,2496.7000,2129270000
2008-05-15,2496.4399,2535.1899,2492.9500,2533.7300,2176320000
2008-05-16,2537.4099,2537.4099,2504.1799,2528.8501,2286090000
2008-05-19,2530.8201,2551.4700,2505.6001,2516.0901,2269590000
2008-05-20,2505.8601,2506.1899,2479.3701,2492.2600,1991010000
2008-05-21,2497.3899,2508.8999,2444.9900,2448.2700,2166450000
2008-05-22,2454.7400,2474.5300,2448.8401,2464.5801,1932080000
2008-05-23,2454.1399,2456.0000,2430.3601,2444.6699,1734070000
2008-05-27,2450.5200,2482.0801,2448.5801,2481.2400,1742710000
2008-05-28,2491.5000,2493.3799,2465.5901,2486.7000,1792750000
2008-05-29,2486.0901,2522.1399,2485.9199,2508.3201,1956100000
2008-05-30,2519.1399,2530.1599,2510.6499,2522.6599,2153350000
2008-06-02,2514.8201,2516.3701,2471.4099,2491.5300,1972760000
2008-06-03,2500.5000,2513.8899,2460.5601,2480.4800,2148040000
2008-06-04,2473.0300,2518.7100,2471.5200,2503.1399,2153510000
2008-06-05,2509.4900,2549.9399,2504.5701,2549.9399,2254760000
2008-06-06,2528.5200,2529.9700,2474.5601,2474.5601,2192240000
2008-06-09,2483.2200,2485.0000,2429.3000,2459.4600,2084630000
2008-06-10,2436.7500,2466.2800,2432.4700,2448.9399,2081430000
2008-06-11,2444.9399,2446.2800,2394.0100,2394.0100,2065810000
2008-06-12,2414.4600,2432.8799,2388.4900,2404.3501,2276640000
2008-06-13,2423.0500,2454.5000,2417.0100,2454.5000,2106050000
2008-06-16,2443.1299,2479.9500,2441.2400,2474.7800,1871720000
2008-06-17,2481.2000,2483.1899,2456.7800,2457.7300,1798050000
2008-06-18,2444.9600,2449.1799,2422.9600,2429.7100,2030700000
2008-06-19,2427.1699,2469.1499,2412.3701,2462.0601,2294540000
2008-06-20,2441.9600,2441.9600,2394.2600,2406.0901,2570320000
2008-06-23,2416.5500,2419.6899,2384.5601,2385.7400,1916230000
2008-06-24,2375.8000,2394.8601,2352.1001,2368.2800,2195920000
2008-06-25,2376.8201,2421.2500,2376.2900,2401.2600,2153970000
2008-06-26,2365.8601,2366.1599,2321.3701,2321.3701,2300840000
2008-06-27,2319.6201,2329.9399,2290.5901,2315.6299,3403540000
2008-06-30,2312.4199,2325.4900,2292.9800,2292.9800,2096400000
2008-07-01,2274.2400,2306.9099,2255.7900,2304.9700,2653890000
2008-07-02,2311.5701,2317.2000,2251.3000,2251.4600,2376300000
2008-07-03,2261.7400,2262.9600,2227.8000,2245.3799,1423670000
2008-07-07,2263.6899,2276.5400,2214.1599,2243.3201,2363990000
2008-07-08,2244.8999,2294.4399,2233.9900,2294.4399,2462380000
2008-07-09,2290.6299,2296.0300,2234.5901,2234.8899,2285560000
2008-07-10,2239.9500,2267.6699,2223.0400,2257.8501,2300880000
2008-07-11,2233.3799,2265.8601,2203.2500,2239.0801,2340180000
2008-07-14,2262.8601,2266.4399,2207.0000,2212.8701,1997990000
2008-07-15,2197.1799,2249.1201,2167.2900,2215.7100,2798410000
2008-07-16,2219.2700,2284.8501,2205.7100,2284.8501,2425020000
2008-07-17,2296.5701,2320.7700,2274.2700,2312.3000,2570670000
2008-07-18,2286.9199,2293.1799,2269.5500,2282.7800,2225800000
2008-07-21,2290.7500,2300.3201,2270.2800,2279.5300,1859410000
2008-07-22,2256.3201,2303.9600,2252.8401,2303.9600,2510310000
2008-07-23,2305.1101,2350.0901,2300.2000,2325.8799,2730180000
2008-07-24,2329.2100,2329.2100,2278.9099,2280.1101,2499920000
2008-07-25,2294.6899,2312.6001,2282.6299,2310.5300,2045130000
2008-07-28,2307.1899,2317.7500,2258.6201,2264.2200,1931230000
2008-07-29,2274.6101,2320.1799,2274.3701,2319.6201,2274090000
2008-07-30,2329.0100,2342.8799,2299.9800,2329.7200,2280940000
2008-07-31,2311.3301,2353.3899,2309.6399,2325.5500,2316510000
2008-08-01,2326.8301,2328.9500,2286.4099,2310.9600,2312140000
2008-08-04,2309.7500,2309.7500,2280.9299,2285.5601,2010200000
2008-08-05,2308.1399,2349.8301,2303.6299,2349.8301,2324730000
2008-08-06,2349.1699,2385.7700,2333.5300,2378.3701,2228710000
2008-08-07,2362.7900,2386.4399,2351.3201,2355.7300,2189120000
2008-08-08,2356.8401,2416.3999,2352.0400,2414.1001,2189630000
2008-08-11,2407.5500,2461.6499,2402.5300,2439.9500,2272240000
2008-08-12,2434.2600,2447.1599,2421.0901,2430.6101,2052610000
2008-08-13,2424.3201,2443.4399,2404.0300,2428.6201,1995490000
2008-08-14,2414.4099,2461.1499,2414.4099,2453.6699,1835830000
2008-08-15,2463.1001,2473.2000,2441.0500,2452.5200,1742180000
2008-08-18,2456.9600,2456.9600,2404.4099,2416.9800,1632610000
2008-08-19,2404.9500,2410.9600,2376.6699,2384.3601,1716280000
2008-08-20,2396.5801,2408.6799,2372.3401,2389.0801,1746470000
2008-08-21,2371.5400,2387.7200,2360.3899,2380.3799,1562430000
2008-08-22,2390.3401,2417.6299,2390.3401,2414.7100,1365910000
2008-08-25,2399.7300,2399.7300,2362.2000,2365.5901,2366920000
2008-08-26,2364.3101,2377.0400,2345.7900,2361.9700,1256980000
2008-08-27,2362.8601,2395.0200,2358.9299,2382.4600,1540700000
2008-08-28,2390.1101,2412.8401,2388.5500,2411.6399,1582680000
2008-08-29,2388.6699,2393.4900,2360.9099,2367.5200,1559030000
2008-09-02,2402.1101,2413.1101,2338.3701,2349.2400,2010580000
2008-09-03,2346.8101,2357.4299,2320.9099,2333.7300,2062140000
2008-09-04,2315.1799,2317.3201,2259.0400,2259.0400,2332320000
2008-09-05,2241.6201,2264.3501,2216.9900,2255.8799,2261030000
2008-09-08,2296.1799,2303.8899,2236.9700,2269.7600,2566300000
2008-09-09,2269.9299,2285.5400,2209.8101,2209.8101,2590590000
2008-09-10,2232.2100,2247.6299,2209.5901,2228.7000,2250360000
2008-09-11,2199.0300,2259.2500,2191.5300,2258.2200,2269670000
2008-09-12,2239.2500,2268.8301,2228.0000,2261.2700,1973590000
2008-09-15,2202.2800,2244.8799,2179.9099,2179.9099,2697820000
2008-09-16,2149.6499,2214.2900,2145.1699,2207.8999,3187630000
2008-09-17,2177.5801,2183.2500,2098.8501,2098.8501,3102010000
2008-09-18,2137.4199,2201.7100,2070.2200,2199.1001,3867290000
2008-09-19,2303.8999,2318.4299,2239.7300,2273.8999,3898230000
2008-09-22,2265.7700,2266.4500,2178.9800,2178.9800,1881160000
2008-09-23,2190.7100,2209.6201,2151.7700,2153.3301,1974180000
2008-09-24,2167.5500,2179.9299,2147.3601,2155.6799,1818170000
2008-09-25,2172.2600,2210.7400,2167.0601,2186.5701,1846330000
2008-09-26,2144.0601,2187.5300,2136.8501,2183.3401,1949200000
2008-09-29,2147.1599,2152.6899,1983.7300,1983.7300,2808100000
2008-09-30,2033.6899,2094.3101,2015.9301,2091.8799,2376240000
2008-10-01,2075.1001,2083.2000,2046.0601,2069.3999,1899330000
2008-10-02,2052.5100,2056.4299,1975.0000,1976.7200,2173750000
2008-10-03,2005.9200,2046.8101,1947.1899,1947.3900,2501480000
2008-10-06,1898.6300,1905.0100,1777.0200,1862.9600,3502250000
2008-10-07,1867.9700,1886.3500,1754.8800,1754.8800,2825810000
2008-10-08,1710.9600,1806.8900,1706.8600,1740.3300,3516070000
2008-10-09,1766.2500,1787.4100,1634.8800,1645.1200,2622310000
2008-10-10,1590.7700,1690.7700,1542.4500,1649.5100,4164090000
2008-10-13,1734.6000,1844.2500,1715.7400,1844.2500,2665690000
2008-10-14,1894.8700,1896.9500,1752.8900,1779.0100,2912850000
2008-10-15,1754.6200,1761.2300,1628.3300,1628.3300,2540180000
2008-10-16,1644.5500,1717.7200,1565.7200,1717.7100,3331040000
2008-10-17,1678.7800,1782.5800,1670.2800,1711.2900,2711030000
2008-10-20,1735.1300,1770.0500,1698.0100,1770.0300,2021750000
2008-10-21,1741.8400,1768.5400,1695.1200,1696.6801,2099810000
2008-10-22,1671.2300,1678.7100,1587.2200,1615.7500,2560810000
2008-10-23,1621.1100,1645.5000,1533.5500,1603.9100,3104700000
2008-10-24,1493.7900,1584.2700,1493.7900,1552.0300,2691940000
2008-10-27,1528.1200,1574.5400,1503.8101,1505.9000,2224430000
2008-10-28,1552.2400,1649.4700,1504.1300,1649.4700,2777540000
2008-10-29,1643.9800,1705.5100,1622.0100,1657.2100,2748720000
2008-10-30,1698.4301,1712.5601,1658.4500,1698.5200,2504420000
2008-10-31,1684.7100,1742.5400,1673.3199,1720.9500,2437120000
2008-11-03,1718.8900,1738.5300,1713.3900,1726.3300,1770880000
2008-11-04,1761.0900,1785.8400,1739.8101,1780.1200,2306350000
2008-11-05,1757.0100,1764.4301,1679.1899,1681.6400,2092410000
2008-11-06,1659.5699,1676.9200,1603.8700,1608.7000,2367880000
2008-11-07,1629.6899,1654.2500,1615.5100,1647.4000,1886230000
2008-11-10,1680.6700,1680.6700,1603.3300,1616.7400,1674900000
2008-11-11,1598.5900,1612.4200,1563.9500,1580.9000,1909080000
2008-11-12,1555.1700,1562.7800,1499.2100,1499.2100,2120870000
2008-11-13,1503.0601,1596.7000,1428.5400,1596.7000,3009550000
2008-11-14,1560.5900,1587.7600,1513.0900,1516.8500,2243750000
2008-11-17,1494.7400,1526.9600,1481.7000,1482.0500,1831540000
2008-11-18,1488.9301,1498.4200,1429.9200,1483.2700,2349230000
2008-11-19,1479.1300,1493.0500,1386.4200,1386.4200,2372880000
2008-11-20,1373.7700,1414.4301,1314.9000,1316.1200,3147650000
2008-11-21,1346.7700,1384.3500,1295.4800,1384.3500,3071280000
2008-11-24,1409.7200,1480.4100,1397.1899,1472.0200,2553620000
2008-11-25,1472.0200,1486.2200,1430.4000,1464.7300,2457510000
2008-11-26,1441.2100,1532.1000,1441.2100,1532.1000,1980020000
2008-11-28,1517.9500,1535.5699,1512.4100,1535.5699,787580000
2008-12-01,1496.0900,1496.2400,1398.0699,1398.0699,1904470000
2008-12-02,1423.8500,1450.8300,1399.8800,1449.8000,2056730000
2008-12-03,1416.0300,1493.0601,1414.0400,1492.3800,2240150000
2008-12-04,1465.7700,1500.9500,1426.4100,1445.5601,2020110000
2008-12-05,1426.9301,1510.3900,1404.8000,1509.3101,2177720000
2008-12-08,1541.4399,1583.8101,1536.7100,1571.7400,2290810000
2008-12-09,1546.5400,1602.9200,1538.2500,1547.3400,2246470000
2008-12-10,1563.6600,1584.1600,1542.0800,1565.4800,1955600000
2008-12-11,1548.4700,1568.6100,1501.7000,1507.8800,2018190000
2008-12-12,1482.5500,1543.0400,1478.0300,1540.7200,1869900000
2008-12-15,1544.1600,1544.1600,1491.3600,1508.3400,1677890000
2008-12-16,1526.0601,1589.8900,1526.0000,1589.8900,2180960000
2008-12-17,1568.8800,1598.3300,1560.0500,1579.3101,2111370000
2008-12-18,1583.1700,1591.7000,1535.3800,1552.3700,2092320000
2008-12-19,1572.7500,1593.3500,1557.0500,1564.3199,2651440000
2008-12-22,1562.1700,1563.7900,1503.6600,1532.3500,1629320000
2008-12-23,1539.3700,1548.4399,1512.5400,1521.5400,1331050000
2008-12-24,1525.1500,1527.2300,1516.1500,1524.9000,490990000
2008-12-26,1531.2000,1532.1300,1518.9700,1530.2400,592760000
2008-12-29,1529.5400,1530.9200,1493.4500,1510.3199,1186240000
2008-12-30,1521.1801,1550.7000,1517.2600,1550.7000,1374180000
2008-12-31,1550.8700,1586.8101,1548.8800,1577.0300,1521220000
2009-01-02,1578.8700,1636.0300,1571.9800,1632.2100,1438410000
2009-01-05,1621.4800,1640.4600,1604.6300,1628.0300,1816580000
2009-01-06,1642.3700,1665.6300,1636.2500,1652.3800,2137640000
2009-01-07,1621.6300,1625.3700,1588.2000,1599.0601,2020170000
2009-01-08,1590.2500,1617.0100,1584.2800,1617.0100,1968160000
2009-01-09,1617.0500,1617.2600,1569.8700,1571.5900,1907390000
2009-01-12,1573.4500,1573.4600,1528.0000,1538.7900,1763590000
2009-01-13,1537.4200,1557.9500,1527.4700,1546.4600,1965570000
2009-01-14,1521.7100,1528.6500,1485.2600,1489.6400,1919980000
2009-01-15,1489.4600,1521.5800,1456.7200,1511.8400,2507870000
2009-01-16,1532.4700,1538.8199,1490.3500,1529.3300,2235070000
2009-01-20,1520.7600,1521.8500,1440.8600,1440.8600,1989610000
2009-01-21,1466.4000,1507.5200,1444.9000,1507.0699,2120080000
2009-01-22,1470.8500,1492.4700,1444.0800,1465.4900,2286190000
2009-01-23,1440.7800,1495.2700,1434.0800,1477.2900,2210840000
2009-01-26,1479.9800,1514.3800,1470.8101,1489.4600,1815400000
2009-01-27,1494.1200,1513.2100,1488.8101,1504.9000,1784110000
2009-01-28,1530.4800,1568.3300,1530.0300,1558.3400,2122250000
2009-01-29,1537.4700,1537.8400,1505.7000,1507.8400,1932100000
2009-01-30,1519.4600,1523.4500,1472.5100,1476.4200,2054590000
2009-02-02,1460.8500,1502.7200,1460.5100,1494.4301,1987080000
2009-02-03,1499.5900,1521.2100,1479.4200,1516.3000,2049840000
2009-02-04,1517.1899,1549.6400,1508.8700,1515.0500,2197050000
2009-02-05,1498.5900,1554.3700,1495.5200,1546.2400,2511750000
2009-02-06,1547.0000,1594.2600,1545.8500,1591.7100,2389530000
2009-02-09,1590.7400,1598.2300,1576.1000,1591.5601,1906940000
2009-02-10,1578.0200,1598.5000,1520.5601,1524.7300,2443370000
2009-02-11,1531.5800,1542.8400,1509.3500,1530.5000,2236450000
2009-02-12,1510.1700,1542.5100,1495.3400,1541.7100,2428250000
2009-02-13,1539.7200,1552.5699,1530.0500,1534.3600,1990190000
2009-02-17,1489.1200,1492.8199,1467.7900,1470.6600,2335370000
2009-02-18,1480.6500,1487.9200,1454.4600,1467.9700,2029710000
2009-02-19,1478.5500,1485.1400,1442.5300,1442.8199,1991000000
2009-02-20,1427.0300,1454.3900,1416.9600,1441.2300,2526040000
2009-02-23,1452.5800,1452.5800,1386.6801,1387.7200,1977740000
2009-02-24,1399.3700,1445.0699,1395.1100,1441.8300,2339660000
2009-02-25,1428.7600,1453.6600,1404.5400,1425.4301,2345380000
2009-02-26,1436.8500,1444.8300,1391.4700,1391.4700,2301990000
2009-02-27,1376.5601,1401.9700,1372.4200,1377.8400,2393280000
2009-03-02,1356.1300,1372.0000,1322.1300,1322.8500,2033110000
2009-03-03,1341.4200,1346.8800,1312.9800,1321.0100,2338880000
2009-03-04,1340.3800,1370.2900,1333.8800,1353.7400,2305180000
2009-03-05,1332.3800,1342.8600,1298.3300,1299.5900,2325840000
2009-03-06,1310.5900,1320.5100,1268.5400,1293.8500,2443820000
2009-03-09,1284.8400,1316.1500,1265.5200,1268.6400,2037130000
2009-03-10,1288.9500,1358.2800,1288.9500,1358.2800,2359730000
2009-03-11,1364.8000,1385.2900,1352.6000,1371.6400,2169050000
2009-03-12,1367.7800,1427.5500,1355.0500,1426.1000,2392770000
2009-03-13,1427.0300,1433.9800,1408.2600,1431.5000,2022170000
2009-03-16,1445.2700,1445.2700,1402.4800,1404.0200,2099460000
2009-03-17,1409.6700,1462.1100,1405.3199,1462.1100,2073230000
2009-03-18,1454.4399,1507.4000,1448.6700,1491.2200,2764950000
2009-03-19,1509.0601,1509.0601,1475.4900,1483.4800,2323510000
2009-03-20,1488.1500,1501.7800,1448.7800,1457.2700,2394470000
2009-03-23,1491.2600,1555.7700,1482.1500,1555.7700,2172590000
2009-03-24,1535.6801,1546.2100,1515.6300,1516.5200,2009530000
2009-03-25,1527.5900,1554.2500,1487.9399,1528.9500,2431180000
2009-03-26,1549.4000,1587.0000,1545.2100,1587.0000,2535050000
2009-03-27,1564.1200,1569.2100,1543.4301,1545.2000,2071670000
2009-03-30,1516.7900,1517.0601,1484.9800,1501.8000,2020200000
2009-03-31,1518.7000,1554.4700,1518.0100,1528.5900,2157410000
2009-04-01,1504.8700,1553.0300,1498.5400,1551.6000,2256580000
2009-04-02,1579.9700,1623.3400,1576.8199,1602.6300,2833600000
2009-04-03,1609.0500,1621.8700,1593.0500,1621.8700,2113380000
2009-04-06,1602.2400,1607.6000,1580.6500,1606.7100,1998090000
2009-04-07,1585.5800,1588.0000,1559.4600,1561.6100,1854700000
2009-04-08,1576.9301,1595.9700,1567.2200,1590.6600,1837900000
2009-04-09,1618.8300,1652.5400,1616.2500,1652.5400,2165450000
2009-04-13,1641.6100,1660.8300,1630.5400,1653.3101,1824530000
2009-04-14,1637.5000,1651.2800,1618.0400,1625.7200,2253650000
2009-04-15,1613.5601,1627.7200,1599.1100,1626.8000,2042600000
2009-04-16,1645.5200,1676.1700,1628.0800,1670.4399,2390620000
2009-04-17,1665.6000,1682.2400,1653.8400,1673.0699,2418440000
2009-04-20,1641.3500,1643.3199,1606.8600,1608.2100,3061850000
2009-04-21,1599.0300,1643.8500,1598.9301,1643.8500,2422990000
2009-04-22,1630.1400,1679.8199,1624.7300,1646.1200,2657480000
2009-04-23,1651.4700,1654.8500,1625.8800,1652.2100,2463500000
2009-04-24,1666.4301,1702.8700,1657.4900,1694.2900,2547150000
2009-04-27,1672.8700,1700.5300,1670.4900,1679.4100,2203700000
2009-04-28,1668.2600,1690.0601,1661.4000,1673.8101,2080410000
2009-04-29,1688.6600,1726.6899,1687.2900,1711.9399,2385720000
2009-04-30,1732.4700,1753.6100,1710.0699,1717.3000,2871300000
2009-05-01,1719.2900,1728.1000,1703.5200,1719.2000,2165930000
2009-05-04,1733.7100,1763.5601,1729.3101,1763.5601,2524800000
2009-05-05,1757.2600,1759.4200,1735.3700,1754.1200,2538290000
2009-05-06,1768.6899,1770.2900,1730.9700,1759.1000,2966510000
2009-05-07,1772.1000,1773.1300,1702.5400,1716.2400,3299360000
2009-05-08,1733.5000,1747.4100,1711.0100,1739.0000,3206310000
2009-05-11,1713.6500,1747.9700,1705.8700,1731.2400,2543450000
2009-05-12,1742.8600,1743.5200,1695.8700,1715.9200,2475150000
2009-05-13,1696.8000,1697.7600,1664.1899,1664.1899,2356410000
2009-05-14,1672.4800,1701.2200,1667.9399,1689.2100,2162620000
2009-05-15,1687.4900,1703.4500,1676.5601,1680.1400,2057500000
2009-05-18,1696.8199,1732.3600,1689.5500,1732.3600,2023250000
2009-05-19,1727.0000,1750.0500,1719.9200,1734.5400,2076390000
2009-05-20,1743.6000,1767.4700,1722.3199,1727.8400,2261780000
2009-05-21,1709.8300,1719.5800,1677.7700,1695.2500,2206610000
2009-05-22,1702.0601,1711.9800,1682.2400,1692.0100,1619520000
2009-05-26,1677.7200,1751.4700,1677.5400,1750.4301,2095650000
2009-05-27,1745.5601,1768.2200,1728.9600,1731.0800,2118100000
2009-05-28,1744.2300,1754.9500,1714.4800,1751.7900,2189090000
2009-05-29,1756.2600,1774.3300,1742.9900,1774.3300,2465310000
2009-06-01,1796.0900,1833.1801,1792.8000,1828.6801,2600340000
2009-06-02,1821.2200,1846.6500,1815.8300,1836.8000,2611690000
2009-06-03,1825.6000,1828.0900,1806.5100,1825.9200,2246950000
2009-06-04,1829.8400,1850.0400,1825.6200,1850.0200,2468840000
2009-06-05,1864.0200,1865.9500,1834.6300,1849.4200,2310590000
2009-06-08,1836.8700,1857.8000,1818.5900,1842.4000,1972980000
2009-06-09,1850.4800,1869.5200,1846.2600,1860.1300,2140370000
2009-06-10,1872.0100,1872.7000,1827.6100,1853.0800,2347870000
2009-06-11,1854.7500,1879.9200,1854.7500,1862.3700,2463860000
2009-06-12,1852.4301,1858.8000,1833.3900,1858.8000,2013560000
2009-06-15,1837.9399,1838.3300,1803.0699,1816.3800,2154700000
2009-06-16,1825.2000,1831.1801,1795.5500,1796.1801,2227700000
2009-06-17,1799.2200,1824.2000,1785.3400,1808.0601,2523180000
2009-06-18,1809.0400,1816.6000,1795.7400,1807.7200,2067830000
2009-06-19,1824.9900,1837.5800,1817.0699,1827.4700,2864420000
2009-06-22,1809.5300,1810.5800,1765.8500,1766.1899,2318970000
2009-06-23,1771.4200,1777.5800,1753.7800,1764.9200,2152480000
2009-06-24,1780.8800,1807.0800,1780.2500,1792.3400,2150570000
2009-06-25,1783.1899,1829.6700,1779.1801,1829.5400,2227980000
2009-06-26,1819.1600,1840.9800,1816.8400,1838.2200,3989940000
2009-06-29,1842.0900,1854.0900,1825.0300,1844.0601,1981450000
2009-06-30,1845.4700,1854.6899,1824.9500,1835.0400,2044980000
2009-07-01,1846.1200,1861.6200,1843.7900,1845.7200,1971050000
2009-07-02,1823.6899,1823.9100,1795.9500,1796.5200,1923070000
2009-07-06,1783.5000,1793.4200,1770.1100,1787.4000,1970530000
2009-07-07,1787.4399,1788.9700,1745.3800,1746.1700,2027240000
2009-07-08,1756.0000,1757.6700,1727.0500,1747.1700,2467520000
2009-07-09,1756.9700,1763.6300,1747.4399,1752.5500,1868280000
2009-07-10,1744.6100,1764.1100,1738.2600,1756.0300,1658010000
2009-07-13,1761.0300,1793.2100,1736.9500,1793.2100,1899410000
2009-07-14,1790.7000,1800.7300,1782.8500,1799.7300,1856910000
2009-07-15,1827.6100,1863.2900,1824.3101,1862.9000,2543340000
2009-07-16,1856.0500,1887.8900,1854.7000,1885.0300,2072730000
2009-07-17,1880.3101,1887.3400,1873.8101,1886.6100,1876760000
2009-07-20,1896.9900,1909.8900,1890.0000,1909.2900,2046350000
2009-07-21,1917.3900,1917.4600,1892.1700,1916.2000,2205230000
2009-07-22,1908.8300,1934.6100,1907.2500,1926.3800,2306340000
2009-07-23,1924.9600,1979.3400,1924.7700,1973.6000,3021430000
2009-07-24,1943.2300,1966.2600,1937.6400,1965.9600,2232920000
2009-07-27,1964.6200,1971.3800,1946.9500,1967.8900,2141690000
2009-07-28,1957.2600,1978.4301,1947.8900,1975.5100,2206850000
2009-07-29,1965.3199,1970.6500,1953.3600,1967.7600,2072650000
2009-07-30,1986.2100,2009.8101,1980.0800,1984.3000,2525670000
2009-07-31,1980.7200,1995.0500,1977.6500,1978.5000,2190380000
2009-08-03,1998.3500,2008.6100,1985.8800,2008.6100,2155720000
2009-08-04,1996.3800,2015.5900,1993.7400,2011.3101,2235010000
2009-08-05,2014.4500,2014.4500,1980.6801,1993.0500,2353550000
2009-08-06,1999.2100,2004.3700,1967.6801,1973.1600,2408400000
2009-08-07,1997.0000,2012.3300,1984.5000,2000.2500,2323980000
2009-08-10,1991.4399,1999.5500,1979.3900,1992.2400,1844700000
2009-08-11,1985.0601,1986.8500,1962.0800,1969.7300,1915530000
2009-08-12,1970.9500,2015.2600,1970.2500,1998.7200,2140190000
2009-08-13,2009.2700,2013.4301,1986.8700,2009.3500,2084370000
2009-08-14,2005.7900,2006.7300,1969.6801,1985.5200,1923410000
2009-08-17,1949.2300,1949.2300,1929.6400,1930.8400,1924190000
2009-08-18,1940.5500,1958.7100,1935.3300,1955.9200,1749420000
2009-08-19,1933.3900,1972.3199,1931.9100,1969.2400,1977750000
2009-08-20,1967.5699,1992.2200,1965.6899,1989.2200,1958470000
2009-08-21,2000.1500,2021.8600,1994.3300,2020.9000,2259140000
2009-08-24,2026.1100,2036.0300,2012.0000,2017.9800,2046370000
2009-08-25,2025.5900,2040.5900,2019.1700,2024.2300,1936980000
2009-08-26,2021.3000,2034.3101,2013.5200,2024.4301,2037560000
2009-08-27,2021.3101,2029.2700,1993.0300,2027.7300,2140540000
2009-08-28,2050.5300,2059.4800,2017.4200,2028.7700,2340180000
2009-08-31,2011.1400,2013.6500,1997.5300,2009.0601,2256210000
2009-09-01,2001.3000,2034.7800,1965.4800,1968.8900,2778570000
2009-09-02,1960.0699,1976.3500,1958.5100,1967.0699,1974330000
2009-09-03,1975.8500,1983.3700,1958.0400,1983.2000,1853450000
2009-09-04,1986.9800,2018.9200,1982.0500,2018.7800,1722150000
2009-09-08,2034.7400,2038.6300,2023.0300,2037.7700,2037180000
2009-09-09,2038.9200,2066.3401,2033.4700,2060.3899,2493930000
2009-09-10,2059.4800,2084.0200,2055.4900,2084.0200,2451330000
2009-09-11,2083.3401,2088.9299,2070.0200,2080.8999,2318050000
2009-09-14,2066.1499,2091.7800,2065.8000,2091.7800,2157600000
2009-09-15,2090.3301,2106.9299,2086.1599,2102.6399,2372990000
2009-09-16,2110.0601,2133.1499,2102.8601,2133.1499,2707080000
2009-09-17,2129.4199,2140.6001,2118.5000,2126.7500,2615780000
2009-09-18,2134.8501,2138.8201,2120.7000,2132.8601,3023010000
2009-09-21,2121.3401,2142.4099,2118.4800,2138.0400,2408860000
2009-09-22,2150.0200,2150.6799,2137.3899,2146.3000,2490480000
2009-09-23,2152.4299,2167.7000,2130.3401,2131.4199,2683250000
2009-09-24,2140.0601,2142.4900,2097.1001,2107.6101,2607280000
2009-09-25,2095.8401,2106.9900,2085.3501,2090.9199,2363930000
2009-09-28,2101.9199,2140.0400,2101.4299,2130.7400,1890030000
2009-09-29,2131.6699,2141.3999,2116.6299,2124.0400,2062970000
2009-09-30,2131.3000,2137.8701,2092.3000,2122.4199,2640660000
2009-10-01,2111.7700,2112.8999,2057.4800,2057.4800,2708170000
2009-10-02,2040.8400,2064.1499,2040.7300,2048.1101,2448110000
2009-10-05,2056.5200,2074.7800,2049.0400,2068.1499,2156250000
2009-10-06,2080.3999,2111.1299,2079.4900,2103.5701,2413450000
2009-10-07,2099.0601,2110.3301,2095.9399,2110.3301,2220910000
2009-10-08,2124.6899,2139.6499,2116.0601,2123.9299,2366950000
2009-10-09,2120.0000,2139.6201,2118.0400,2139.2800,1936850000
2009-10-12,2145.6299,2155.9199,2128.3899,2139.1399,1784280000
2009-10-13,2138.7000,2146.3501,2128.4399,2139.8899,2020110000
2009-10-14,2165.8301,2173.9500,2157.4800,2172.2300,2348620000
2009-10-15,2164.3301,2173.2900,2158.2900,2173.2900,2140090000
2009-10-16,2164.7300,2164.7300,2142.8799,2156.8000,2209950000
2009-10-19,2162.4099,2180.1101,2150.4199,2176.3201,1970440000
2009-10-20,2180.4299,2181.1599,2151.7700,2163.4700,2110580000
2009-10-21,2160.7800,2190.6399,2148.4099,2150.7300,2565680000
2009-10-22,2146.7200,2169.1699,2130.7000,2165.2900,2265230000
2009-10-23,2186.6399,2190.4800,2149.3501,2154.4700,2441920000
2009-10-26,2158.8101,2183.6101,2136.9199,2141.8501,2316210000
2009-10-27,2144.1499,2148.8799,2110.9099,2116.0901,2384620000
2009-10-28,2103.3601,2111.8401,2057.3999,2059.6101,2769570000
2009-10-29,2077.0400,2101.3301,2071.3000,2097.5500,2301370000
2009-10-30,2091.5601,2095.0901,2040.2100,2045.1100,2610280000
2009-11-02,2047.4200,2069.4900,2024.2700,2049.2000,2408320000
2009-11-03,2034.0900,2057.3201,2031.2500,2057.3201,2061050000
2009-11-04,2067.5601,2081.1001,2053.0000,2055.5200,2217520000
2009-11-05,2078.8301,2105.3201,2075.6101,2105.3201,2209690000
2009-11-06,2089.4900,2117.6201,2088.2400,2112.4399,1829150000
2009-11-09,2128.4600,2154.0601,2128.1499,2154.0601,2004700000
2009-11-10,2147.2400,2160.6399,2141.2700,2151.0801,1997240000
2009-11-11,2166.5300,2177.9099,2155.2500,2166.8999,1851790000
2009-11-12,2166.9800,2179.1899,2145.8301,2149.0200,2212370000
2009-11-13,2156.6799,2172.0500,2145.9199,2167.8799,1876220000
2009-11-16,2177.3101,2205.3201,2177.0000,2197.8501,2105020000
2009-11-17,2190.1201,2203.7800,2185.5500,2203.7800,1887240000
2009-11-18,2199.8701,2200.1499,2180.1699,2193.1399,1990220000
2009-11-19,2176.3701,2176.5100,2141.5901,2156.8201,2208700000
2009-11-20,2145.0701,2150.0801,2137.0601,2146.0400,1962760000
2009-11-23,2168.9500,2189.5000,2168.7700,2176.0100,1840170000
2009-11-24,2174.6899,2175.1499,2155.2200,2169.1799,1858490000
2009-11-25,2174.0000,2178.6201,2170.0601,2176.0500,1398610000
2009-11-27,2115.9600,2155.4099,2113.9900,2138.4399,971990000
2009-11-30,2135.9299,2146.9299,2120.7000,2144.6001,1986050000
2009-12-01,2162.2300,2182.2400,2162.2300,2175.8101,2151300000
2009-12-02,2178.5100,2198.5500,2177.8201,2185.0300,2068920000
2009-12-03,2190.4199,2203.7500,2172.0400,2173.1399,2001660000
2009-12-04,2203.7500,2214.3899,2169.6599,2194.3501,2305950000
2009-12-07,2191.3501,2201.4199,2183.1299,2189.6101,1878980000
2009-12-08,2174.7200,2187.1899,2160.4299,2172.9900,1981800000
2009-12-09,2170.0200,2185.7000,2155.9600,2183.7300,1906210000
2009-12-10,2194.8999,2202.8401,2187.0801,2190.8601,1946370000
2009-12-11,2200.9600,2202.3999,2179.5100,2190.3101,1754430000
2009-12-14,2202.3101,2212.5601,2193.2000,2212.1001,1841890000
2009-12-15,2203.5400,2217.6299,2197.7600,2201.0500,1946960000
2009-12-16,2210.3501,2220.4600,2203.3301,2206.9099,2022440000
2009-12-17,2193.5000,2198.5100,2178.0500,2180.0500,1904840000
2009-12-18,2197.5701,2213.1799,2190.6899,2211.6899,2848410000
2009-12-21,2224.0400,2242.2200,2224.0400,2237.6599,1808830000
2009-12-22,2242.6101,2253.7300,2241.3301,2252.6699,1724200000
2009-12-23,2257.2100,2271.3301,2253.6699,2269.6399,1582900000
2009-12-24,2273.9500,2285.8899,2273.3999,2285.6899,632650000
2009-12-28,2290.0400,2295.8000,2280.5601,2291.0801,1232130000
2009-12-29,2293.9399,2294.7500,2286.5701,2288.3999,1177710000
2009-12-30,2284.5601,2293.0200,2280.1599,2291.2800,1312670000
2009-12-31,2292.9199,2293.5901,2269.1101,2269.1499,1237820000
2010-01-04,2294.4099,2311.1499,2294.4099,2308.4199,1931380000
2010-01-05,2307.2700,2313.7300,2295.6201,2308.7100,2367860000
2010-01-06,2307.7100,2314.0701,2295.6799,2301.0901,2253340000
2010-01-07,2298.0901,2301.3000,2285.2200,2300.0500,2270050000
2010-01-08,2292.2400,2317.6001,2290.6101,2317.1699,2145390000
2010-01-11,2324.7800,2326.2800,2302.2100,2312.4099,2077890000
2010-01-12,2297.2800,2298.8501,2272.7000,2282.3101,2368320000
2010-01-13,2289.4600,2313.0300,2274.1201,2307.8999,2318350000
2010-01-14,2303.3101,2322.5601,2303.2900,2316.7400,2254170000
2010-01-15,2316.9800,2322.5400,2279.2000,2287.9900,2637770000
2010-01-19,2291.0200,2320.3999,2290.6799,2320.3999,2045290000
2010-01-20,2304.3101,2304.4700,2268.6799,2291.2500,2351890000
2010-01-21,2298.2300,2308.9800,2259.8201,2265.7000,2877800000
2010-01-22,2255.7600,2262.2700,2200.3701,2205.2900,2817620000
2010-01-25,2220.2900,2223.2200,2201.1699,2210.8000,2134350000
2010-01-26,2203.4399,2227.8899,2195.4399,2203.7300,2361260000
2010-01-27,2200.3000,2225.6699,2192.5901,2221.4099,2492880000
2010-01-28,2220.3101,2220.8701,2166.8999,2179.0000,2829640000
2010-01-29,2198.2600,2202.8401,2140.3401,2147.3501,3090580000
2010-02-01,2155.8101,2171.2000,2152.2600,2171.2000,2234140000
2010-02-02,2171.6599,2193.6599,2161.4700,2190.0601,2468470000
2010-02-03,2181.0100,2194.5300,2176.7500,2190.9099,2303350000
2010-02-04,2176.3899,2178.2500,2125.4299,2125.4299,2801390000
2010-02-05,2131.9199,2142.2700,2100.1699,2141.1201,2811100000
2010-02-08,2140.1001,2152.6399,2125.1101,2126.0500,2036280000
2010-02-09,2153.1001,2166.1599,2132.5801,2150.8701,2296420000
2010-02-10,2147.4600,2156.3601,2131.0801,2147.8701,2059940000
2010-02-11,2145.0901,2179.5400,2134.1399,2177.4099,2141260000
2010-02-12,2157.6899,2184.5701,2151.9900,2183.5300,2236180000
2010-02-16,2200.3799,2214.1899,2189.1799,2214.1899,2072850000
2010-02-17,2222.8701,2226.3201,2212.7800,2226.2900,2103530000
2010-02-18,2223.2200,2243.5000,2221.1399,2241.7100,2076820000
2010-02-19,2233.3301,2249.8000,2228.9299,2243.8701,2166660000
2010-02-22,2250.9199,2251.6799,2235.6499,2242.0300,1976290000
2010-02-23,2238.0100,2239.8000,2205.7000,2213.4399,2310910000
2010-02-24,2222.3999,2241.6899,2221.2800,2235.8999,2155810000
2010-02-25,2208.6201,2236.2100,2198.7300,2234.2200,2300530000
2010-02-26,2234.4399,2242.8301,2222.2300,2238.2600,2283430000
2010-03-01,2247.3999,2274.0200,2247.3301,2273.5701,2504940000
2010-03-02,2279.0701,2292.4900,2275.3501,2280.7900,2831870000
2010-03-03,2284.8201,2293.3201,2275.2500,2280.6799,2603510000
2010-03-04,2282.5701,2293.1599,2273.6299,2292.3101,2186020000
2010-03-05,2304.0100,2327.0300,2301.1001,2326.3501,2411880000
2010-03-08,2326.2500,2335.4299,2326.1101,2332.2100,2312310000
2010-03-09,2325.7800,2353.0701,2325.7400,2340.6799,2620360000
2010-03-10,2340.9500,2361.6599,2340.6899,2358.9500,2554740000
2010-03-11,2351.1101,2368.4600,2347.5300,2368.4600,2256790000
2010-03-12,2376.0701,2376.2800,2358.0801,2367.6599,2098780000
2010-03-15,2361.9199,2367.3999,2345.9900,2362.2100,1956170000
2010-03-16,2367.3201,2378.8401,2360.6699,2378.0100,2201880000
2010-03-17,2381.6499,2400.0901,2381.4700,2389.0901,2281410000
2010-03-18,2387.5400,2393.8701,2383.2600,2391.2800,2173060000
2010-03-19,2391.2000,2396.9199,2364.5300,2374.4099,3055760000
2010-03-22,2360.3501,2401.2100,2358.0000,2395.3999,2448130000
2010-03-23,2397.8999,2416.5100,2390.0400,2415.2400,2465230000
2010-03-24,2406.7200,2408.6399,2396.9199,2398.7600,2436100000
2010-03-25,2415.2400,2432.2500,2397.3601,2397.4099,2704870000
2010-03-26,2406.7300,2412.9199,2384.6899,2395.1299,2367930000
2010-03-29,2403.7700,2411.1799,2398.3999,2404.3601,1967850000
2010-03-30,2406.6899,2417.3601,2395.8000,2410.6899,2147270000
2010-03-31,2402.9800,2415.4399,2395.3401,2397.9600,2368690000
2010-04-01,2411.6799,2423.4299,2383.7700,2402.5801,2340270000
2010-04-05,2409.4800,2429.6101,2403.8799,2429.5300,2130340000
2010-04-06,2420.3301,2443.5000,2417.7700,2436.8101,2220390000
2010-04-07,2433.1001,2442.2700,2418.7300,2431.1599,2984850000
2010-04-08,2423.9900,2441.1201,2413.7400,2436.8101,2428900000
2010-04-09,2441.3101,2454.1201,2432.9299,2454.0500,2215530000
2010-04-12,2455.3999,2463.1699,2450.1499,2457.8701,2161650000
2010-04-13,2454.9500,2467.9399,2445.2600,2465.9900,2665420000
2010-04-14,2481.8000,2504.8601,2480.4299,2504.8601,3143270000
2010-04-15,2503.4099,2517.8201,2502.5100,2515.6899,2840660000
2010-04-16,2505.3799,2510.0601,2467.6799,2481.2600,2960950000
2010-04-19,2477.8000,2487.6699,2451.7200,2480.1101,2223650000
2010-04-20,2492.7200,2501.2500,2480.7000,2500.3101,2157100000
2010-04-21,2506.6101,2510.5000,2490.1899,2504.6101,2715900000
2010-04-22,2483.5200,2521.0200,2468.2600,2519.0701,2800840000
2010-04-23,2514.8501,2530.1499,2507.6001,2530.1499,2517010000
2010-04-26,2529.8501,2535.2800,2521.5100,2522.9500,2491040000
2010-04-27,2512.5801,2525.7000,2466.5300,2471.4700,2864810000
2010-04-28,2483.0300,2484.1499,2456.6299,2471.7300,2755190000
2010-04-29,2487.3301,2513.6899,2483.5000,2511.9199,3069640000
2010-04-30,2509.9900,2514.3701,2461.0901,2461.1899,2841130000
2010-05-03,2472.3201,2503.0000,2472.3201,2498.7400,2398370000
2010-05-04,2465.5500,2465.5500,2411.2800,2424.2500,3052590000
2010-05-05,2395.2100,2421.0500,2382.0701,2402.2900,3041480000
2010-05-06,2391.2100,2407.7900,2185.7500,2319.6399,4553600000
2010-05-07,2308.7100,2330.6499,2228.0601,2265.6399,4227720000
2010-05-10,2365.9700,2379.8701,2349.3999,2374.6699,2871800000
2010-05-11,2347.7000,2405.2600,2345.5000,2375.3101,2548840000
2010-05-12,2388.6399,2426.4700,2384.6899,2425.0200,2351900000
2010-05-13,2416.3601,2434.2900,2387.5901,2394.3601,2375250000
2010-05-14,2373.8799,2374.5300,2323.6299,2346.8501,2653020000
2010-05-17,2352.7700,2364.6499,2304.2800,2354.2300,2434480000
2010-05-18,2372.8401,2374.9099,2309.2200,2317.2600,2490310000
2010-05-19,2307.7800,2324.9900,2270.6201,2298.3701,2646160000
2010-05-20,2245.5601,2253.0400,2203.5000,2204.0100,3420420000
2010-05-21,2169.5801,2243.0000,2165.7900,2229.0400,3389670000
2010-05-24,2220.6001,2244.6699,2212.3701,2213.5500,2150020000
2010-05-25,2157.4500,2211.9399,2140.5300,2210.9500,2946380000
2010-05-26,2226.2400,2257.3301,2190.4399,2195.8799,3077300000
2010-05-27,2244.8201,2278.3701,2239.7200,2277.6799,2408220000
2010-05-28,2275.1899,2277.1001,2241.5200,2257.0400,2165590000
2010-06-01,2244.7900,2277.3899,2220.8899,2222.3301,2167810000
2010-06-02,2234.5901,2281.0701,2221.0701,2281.0701,2190140000
2010-06-03,2285.7600,2307.4700,2274.8799,2303.0300,2249050000
2010-06-04,2257.0500,2278.5801,2212.3000,2219.1699,2342480000
2010-06-07,2226.6001,2232.8899,2172.2500,2173.8999,2256670000
2010-06-08,2176.0701,2183.1001,2139.4600,2170.5701,2696580000
2010-06-09,2184.7800,2208.6499,2152.6699,2158.8501,2325060000
2010-06-10,2188.7100,2219.6499,2185.9800,2218.7100,2187840000
2010-06-11,2199.3999,2243.6001,2196.9099,2243.6001,1877120000
2010-06-14,2263.6599,2278.9600,2242.0000,2243.9600,1951910000
2010-06-15,2256.4800,2307.9800,2256.4399,2305.8799,2289060000
2010-06-16,2293.5601,2317.7500,2290.2600,2305.9299,1936400000
2010-06-17,2316.5901,2318.2700,2288.5901,2307.1599,1821680000
2010-06-18,2308.9399,2321.9900,2301.4800,2309.8000,2037230000
2010-06-21,2341.1101,2341.1101,2277.7300,2289.0901,1910700000
2010-06-22,2296.8301,2313.7200,2259.5901,2261.8000,1934450000
2010-06-23,2264.4099,2271.7400,2236.9900,2254.2300,1929450000
2010-06-24,2246.2000,2247.4199,2213.5000,2217.4199,2064360000
2010-06-25,2224.7300,2240.8799,2205.9199,2223.4800,3540350000
2010-06-28,2227.4299,2241.6399,2208.3701,2220.6499,1876740000
2010-06-29,2183.9199,2185.3000,2122.6699,2135.1799,2827090000
2010-06-30,2134.0300,2153.3601,2105.2600,2109.2400,2221560000
2010-07-01,2110.7500,2117.9399,2061.1399,2101.3601,2717070000
2010-07-02,2105.5000,2110.6599,2077.7100,2091.7900,1672320000
2010-07-06,2122.2800,2136.3000,2077.7700,2093.8799,2173030000
2010-07-07,2099.6599,2159.7900,2098.1101,2159.4700,2199500000
2010-07-08,2174.9600,2181.3000,2150.1899,2175.3999,2034030000
2010-07-09,2174.2000,2196.9500,2170.7600,2196.4500,1592610000
2010-07-12,2194.1201,2213.3899,2183.5200,2198.3601,1767970000
2010-07-13,2221.2500,2248.1599,2212.9700,2242.0300,2278480000
2010-07-14,2246.9900,2260.3301,2235.1499,2249.8401,2213010000
2010-07-15,2247.7600,2253.3301,2218.9199,2249.0801,2011600000
2010-07-16,2231.7100,2236.6599,2177.5100,2179.0500,2195150000
2010-07-19,2185.8101,2201.2900,2171.2000,2198.2300,1735090000
2010-07-20,2165.3501,2222.6101,2159.9500,2222.4900,1933270000
2010-07-21,2236.1299,2236.3701,2183.2200,2187.3301,2222030000
2010-07-22,2216.0400,2251.4199,2216.0400,2245.8899,2213220000
2010-07-23,2234.3401,2269.4700,2227.5000,2269.4700,2410600000
2010-07-26,2271.6201,2296.4299,2262.9600,2296.4299,2164280000
2010-07-27,2306.6201,2307.6001,2280.7200,2288.2500,2065390000
2010-07-28,2284.6201,2292.2400,2257.7600,2264.5601,1848520000
2010-07-29,2279.0701,2282.9399,2228.5200,2251.6899,2324590000
2010-07-30,2227.2900,2264.8101,2218.6101,2254.7000,2138610000
2010-08-02,2283.3201,2299.2400,2274.2700,2295.3601,1953200000
2010-08-03,2291.7500,2295.0300,2272.3301,2283.5200,1997030000
2010-08-04,2291.0901,2305.0701,2283.2100,2303.5701,2021980000
2010-08-05,2291.2200,2298.8601,2281.6799,2293.0601,1774300000
2010-08-06,2267.4199,2291.1499,2253.9199,2288.4700,1876630000
2010-08-09,2298.8101,2309.4299,2289.0300,2305.6899,1614580000
2010-08-10,2280.0601,2290.5100,2261.5000,2277.1699,2039590000
2010-08-11,2236.9299,2236.9299,2204.9399,2208.6299,2274460000
2010-08-12,2164.6399,2197.9700,2163.0701,2190.2700,2189680000
2010-08-13,2183.0901,2190.2700,2173.4800,2173.4800,1605040000
2010-08-16,2161.3101,2193.8401,2155.6599,2181.8701,1627620000
2010-08-17,2197.0901,2225.0801,2193.4199,2209.4399,1736870000
2010-08-18,2205.3000,2228.8999,2196.1101,2215.7000,1654560000
2010-08-19,2204.8000,2211.7300,2168.7400,2178.9500,2094800000
2010-08-20,2172.2600,2182.6699,2159.5400,2179.7600,1898500000
2010-08-23,2188.3401,2200.5200,2159.4399,2159.6299,1665900000
2010-08-24,2131.0000,2144.2000,2113.7100,2123.7600,2141650000
2010-08-25,2109.1499,2148.3501,2102.2600,2141.5400,2019480000
2010-08-26,2148.4900,2154.3201,2116.8201,2118.6899,1804510000
2010-08-27,2134.1599,2154.9900,2099.2900,2153.6299,2134550000
2010-08-30,2145.7600,2154.4700,2119.9299,2119.9700,1585200000
2010-08-31,2109.7600,2128.8999,2101.5200,2114.0300,2084110000
2010-09-01,2142.7500,2177.5000,2141.9500,2176.8401,2133970000
2010-09-02,2178.9900,2200.0100,2173.7100,2200.0100,1680590000
2010-09-03,2227.9600,2235.5701,2213.5601,2233.7500,1647790000
2010-09-07,2227.2600,2231.2800,2206.6201,2208.8899,1685240000
2010-09-08,2216.0701,2237.4199,2215.8999,2228.8701,2018210000
2010-09-09,2251.0901,2251.9800,2229.8000,2236.2000,1706650000
2010-09-10,2239.0801,2246.6001,2229.1201,2242.4800,1692470000
2010-09-13,2263.8000,2289.4900,2263.6899,2285.7100,1937630000
2010-09-14,2281.3101,2302.5701,2274.5701,2289.7700,2079030000
2010-09-15,2283.1699,2304.6001,2276.3201,2301.3201,2067130000
2010-09-16,2297.5100,2304.9500,2288.7100,2303.2500,1809280000
2010-09-17,2318.4199,2320.3701,2301.8201,2315.6101,2432480000
2010-09-20,2322.8000,2358.8999,2317.8899,2355.8301,1989520000
2010-09-21,2355.2700,2366.7600,2341.8201,2349.3501,2125100000
2010-09-22,2339.9099,2355.9099,2323.5500,2334.5500,2170210000
2010-09-23,2316.7100,2353.7900,2316.1101,2327.0801,1923110000
2010-09-24,2356.2600,2381.2200,2353.5000,2381.2200,1993380000
2010-09-27,2379.7300,2386.0100,2368.6499,2369.7700,1873120000
2010-09-28,2373.1299,2383.6699,2339.5000,2379.5901,2125730000
2010-09-29,2372.3701,2382.1499,2366.1899,2376.5601,2077930000
2010-09-30,2390.9600,2400.0601,2354.2200,2368.6201,2418300000
2010-10-01,2386.8201,2389.4500,2359.3201,2370.7500,1932650000
2010-10-04,2362.2500,2370.8701,2332.4600,2344.5200,1901980000
2010-10-05,2368.5200,2402.4199,2366.0601,2399.8301,2203470000
2010-10-06,2395.1599,2399.1299,2368.4299,2380.6599,2103800000
2010-10-07,2391.6299,2392.7400,2368.2500,2383.6699,1846240000
2010-10-08,2384.7600,2406.6699,2370.5300,2401.9099,2000980000
2010-10-11,2403.4600,2413.0300,2397.5701,2402.3301,1539990000
2010-10-12,2397.7000,2421.7900,2379.3899,2417.9199,1960920000
2010-10-13,2432.5500,2452.5400,2426.5200,2441.2300,2294450000
2010-10-14,2441.2100,2445.8501,2422.0701,2435.3799,2014540000
2010-10-15,2461.7000,2468.7700,2438.0300,2468.7700,2232810000
2010-10-18,2470.1201,2480.9500,2462.5500,2480.6599,1724710000
2010-10-19,2442.2100,2462.9399,2422.1399,2436.9500,2241840000
2010-10-20,2443.2000,2469.7200,2441.0701,2457.3899,2016770000
2010-10-21,2470.7200,2482.1399,2436.3401,2459.6699,2135480000
2010-10-22,2461.6001,2479.3899,2459.4299,2479.3899,1648180000
2010-10-25,2491.6201,2507.0300,2490.1101,2490.8501,1746320000
2010-10-26,2476.5100,2503.0300,2470.1201,2497.2900,1914350000
2010-10-27,2484.0901,2505.3501,2478.0100,2503.2600,2013240000
2010-10-28,2516.1599,2516.2000,2489.7600,2507.3701,1998340000
2010-10-29,2505.9900,2517.5000,2505.8601,2507.4099,2068700000
2010-11-01,2520.4500,2532.3701,2491.4600,2504.8401,1904790000
2010-11-02,2525.9399,2534.8799,2518.2900,2533.5200,1914980000
2010-11-03,2532.8301,2541.4199,2511.3101,2540.2700,1990410000
2010-11-04,2569.2700,2579.6201,2564.0500,2577.3401,2492050000
2010-11-05,2577.6299,2582.1799,2568.7800,2578.9800,2092850000
2010-11-08,2570.8601,2583.3000,2566.7800,2580.0500,1799330000
2010-11-09,2587.0801,2592.9399,2552.9299,2562.9800,2157370000
2010-11-10,2564.3101,2578.7800,2545.4600,2578.7800,1998930000
2010-11-11,2534.2400,2559.9900,2524.1201,2555.5200,2559980000
2010-11-12,2540.4700,2552.2400,2506.3999,2518.2100,2191790000
2010-11-15,2529.0200,2534.5601,2512.2900,2513.8201,1852210000
2010-11-16,2494.2100,2503.2900,2459.7900,2469.8401,2234090000
2010-11-17,2471.2700,2486.1599,2467.1899,2476.0100,1816260000
2010-11-18,2504.4099,2526.8301,2502.5000,2514.3999,2046660000
2010-11-19,2510.7900,2520.9399,2499.9199,2518.1201,1839670000
2010-11-22,2509.3899,2532.0200,2501.3000,2532.0200,1850570000
2010-11-23,2504.2100,2510.0901,2483.1599,2494.9500,1892260000
2010-11-24,2519.8899,2545.4099,2519.8899,2543.1201,1634640000
2010-11-26,2525.9099,2541.4900,2522.3999,2534.5601,623980000
2010-11-29,2522.2400,2531.0300,2496.8301,2525.2200,1683260000
2010-11-30,2497.1201,2510.7100,2488.6101,2498.2300,2317480000
2010-12-01,2535.1899,2558.2900,2535.1899,2549.4299,2109940000
2010-12-02,2553.6799,2580.5901,2551.8201,2579.3501,2038130000
2010-12-03,2569.0200,2593.6799,2567.8799,2591.4600,1810400000
2010-12-06,2591.2800,2599.1899,2584.0901,2594.9199,1617030000
2010-12-07,2623.1499,2623.6001,2597.4500,2598.4900,1906290000
2010-12-08,2604.5701,2612.3701,2592.8899,2609.1599,1763460000
2010-12-09,2623.1499,2624.8401,2606.2400,2616.6699,1924980000
2010-12-10,2623.2800,2639.4099,2615.4199,2637.5400,1736730000
2010-12-13,2645.3501,2645.7900,2624.5601,2624.9099,1835330000
2010-12-14,2631.3401,2636.8501,2621.0500,2627.7200,1853270000
2010-12-15,2625.8101,2643.1101,2613.1499,2617.2200,1863980000
2010-12-16,2620.5601,2639.6799,2613.7200,2637.3101,1735290000
2010-12-17,2643.3501,2651.3501,2637.0801,2642.9700,2421830000
2010-12-20,2651.9800,2658.8000,2634.5601,2649.5601,1707950000
2010-12-21,2658.9399,2669.0100,2655.9500,2667.6101,1647550000
2010-12-22,2669.0000,2675.2600,2666.6299,2671.4800,1614040000
2010-12-23,2667.4199,2671.6299,2661.1699,2665.6001,1270290000
2010-12-27,2657.0901,2670.5701,2645.3799,2667.2700,1097100000
2010-12-28,2671.8501,2673.0200,2658.2100,2662.8799,1130200000
2010-12-29,2667.1799,2671.2300,2664.5100,2666.9299,1122150000
2010-12-30,2665.6799,2671.1101,2661.8301,2662.9800,1074350000
2010-12-31,2660.5801,2662.3899,2649.0400,2652.8701,1026600000
2011-01-03,2676.6499,2704.8601,2676.3401,2691.5200,1919660000
2011-01-04,2699.8601,2700.8799,2663.6399,2681.2500,2015440000
2011-01-05,2673.9099,2702.2000,2671.8899,2702.2000,2060750000
2011-01-06,2704.3799,2712.3501,2697.7300,2709.8899,2095490000
2011-01-07,2712.7500,2715.9600,2676.3601,2703.1699,1976220000
2011-01-10,2691.4700,2712.3201,2682.2500,2707.8000,1868870000
2011-01-11,2719.6001,2722.7500,2706.5801,2716.8301,1893100000
2011-01-12,2731.4500,2737.3301,2722.3201,2737.3301,1873960000
2011-01-13,2734.9299,2742.4299,2727.1399,2735.2900,1923900000
2011-01-14,2732.4800,2755.3000,2729.6201,2755.3000,2020210000
2011-01-18,2744.8000,2766.1699,2744.2600,2765.8501,2020190000
2011-01-19,2762.8101,2764.3501,2717.7900,2725.3601,2130930000
2011-01-20,2712.3999,2714.1001,2686.5901,2704.2900,2323250000
2011-01-21,2716.9199,2722.7400,2688.5300,2689.5400,1916960000
2011-01-24,2693.0300,2719.7300,2687.9700,2717.5500,1871300000
2011-01-25,2704.2500,2719.3401,2697.5100,2719.2500,1936120000
2011-01-26,2724.5200,2746.0300,2717.6299,2739.5000,2031410000
2011-01-27,2745.1599,2763.6399,2740.3000,2755.2800,2020550000
2011-01-28,2755.2800,2755.2800,2679.5701,2686.8899,2371140000
2011-01-31,2693.3000,2706.3000,2676.8701,2700.0801,1952310000
2011-02-01,2717.6101,2755.9700,2716.6399,2751.1899,2255990000
2011-02-02,2744.6799,2758.5100,2743.7600,2749.5601,2024600000
2011-02-03,2746.7400,2757.5400,2725.7800,2753.8799,1941260000
2011-02-04,2755.8501,2769.7000,2747.8601,2769.3000,1956710000
2011-02-07,2773.2600,2796.5000,2772.8101,2783.9900,1768090000
2011-02-08,2782.4099,2797.0500,2776.3501,2797.0500,1803010000
2011-02-09,2791.1299,2798.9099,2780.8899,2789.0701,1930820000
2011-02-10,2764.7600,2791.4299,2762.3401,2790.4500,2497540000
2011-02-11,2783.1599,2810.5601,2778.2100,2809.4399,2066700000
2011-02-14,2810.1899,2819.8701,2808.2700,2817.1799,1964780000
2011-02-15,2809.0200,2813.1299,2798.8301,2804.3501,2006220000
2011-02-16,2815.0901,2828.1899,2811.5200,2825.5601,2276980000
2011-02-17,2816.1201,2835.2000,2815.0801,2831.5801,1939320000
2011-02-18,2833.3501,2840.5100,2823.6499,2833.9500,2109460000
2011-02-22,2795.4399,2808.1799,2752.7500,2756.4199,2262100000
2011-02-23,2755.2000,2761.7000,2705.5400,2722.9900,2479150000
2011-02-24,2726.5901,2745.2900,2707.8000,2737.8999,2065290000
2011-02-25,2752.1599,2781.1201,2751.8101,2781.0500,1867820000
2011-02-28,2791.2800,2798.4299,2767.6101,2782.2700,2009500000
2011-03-01,2791.0801,2791.2300,2730.7200,2737.4099,2212860000
2011-03-02,2735.0500,2763.9500,2734.0801,2748.0701,1986900000
2011-03-03,2774.4800,2802.3201,2774.4800,2798.7400,1990380000
2011-03-04,2797.6399,2798.0701,2768.1201,2784.6699,1897900000
2011-03-07,2793.1899,2794.8201,2724.5100,2745.6299,2189970000
2011-03-08,2745.2300,2775.4099,2729.8501,2765.7700,1835540000
2011-03-09,2756.3401,2761.7700,2737.6799,2751.7200,1996700000
2011-03-10,2719.2900,2721.2100,2695.0801,2701.0200,2363330000
2011-03-11,2689.6499,2724.6101,2689.4099,2715.6101,1851810000
2011-03-14,2695.6599,2715.2200,2682.0901,2700.9700,1782070000
2011-03-15,2619.3999,2680.5701,2618.5000,2667.3301,2359830000
2011-03-16,2652.9199,2669.2700,2603.5000,2616.8201,2596000000
2011-03-17,2656.0801,2660.5000,2634.1699,2636.0500,1994360000
2011-03-18,2665.5400,2665.5601,2639.7600,2643.6699,1986900000
2011-03-21,2675.4700,2699.7000,2674.9900,2692.0901,1751060000
2011-03-22,2692.1299,2695.4600,2679.4099,2683.8701,1657430000
2011-03-23,2677.5601,2704.3000,2660.1699,2698.3000,1769950000
2011-03-24,2715.8799,2740.3899,2703.4199,2736.4199,1954180000
2011-03-25,2746.3401,2762.5500,2740.1699,2743.0601,1857570000
2011-03-28,2752.3301,2754.6299,2730.6799,2730.6799,1669260000
2011-03-29,2727.8301,2756.8899,2720.1899,2756.8899,1631160000
2011-03-30,2772.3601,2779.9500,2763.7700,2776.7900,1818410000
2011-03-31,2774.2300,2783.9800,2769.5200,2781.0701,1896420000
2011-04-01,2796.6699,2802.6299,2779.7100,2789.6001,2090120000
2011-04-04,2796.2600,2799.7300,2778.8701,2789.1899,1705920000
2011-04-05,2787.7800,2806.2000,2785.2700,2791.1899,1954520000
2011-04-06,2808.1101,2815.5500,2786.8000,2799.8201,1996750000
2011-04-07,2799.5901,2813.2200,2781.1299,2796.1399,1806900000
2011-04-08,2806.2900,2808.5601,2771.4199,2780.4199,1650810000
2011-04-11,2789.4900,2792.9500,2760.8401,2771.5100,2053190000
2011-04-12,2755.8899,2760.6201,2737.0701,2744.7900,1818610000
2011-04-13,2762.6899,2772.0500,2744.8501,2761.5200,1744940000
2011-04-14,2743.1201,2762.1799,2733.6799,2760.2200,1717650000
2011-04-15,2752.8701,2769.2900,2743.7500,2764.6499,1785050000
2011-04-18,2731.2200,2737.4600,2706.5000,2735.3799,1786230000
2011-04-19,2741.3501,2746.1799,2727.1201,2744.9700,1675970000
2011-04-20,2788.8401,2802.9900,2785.9800,2802.5100,2094470000
2011-04-21,2820.7700,2820.7700,2808.5500,2820.1599,2094470000
2011-04-25,2820.2800,2826.2600,2813.2000,2825.8799,1480600000
2011-04-26,2832.4800,2856.6101,2829.0000,2847.5400,2057740000
2011-04-27,2853.8799,2870.8000,2842.6101,2869.8799,2071380000
2011-04-28,2862.8201,2874.5901,2859.6201,2872.5300,1983630000
2011-04-29,2869.7400,2876.8301,2863.0400,2873.5400,2455650000
2011-05-02,2881.2800,2887.7500,2859.8401,2864.0801,2062630000
2011-05-03,2859.3000,2861.9500,2825.5000,2841.6201,2214380000
2011-05-04,2842.9199,2848.1599,2808.7900,2828.2300,2209580000
2011-05-05,2812.8401,2845.8501,2804.8201,2814.7200,2227690000
2011-05-06,2840.7100,2859.2500,2818.6499,2827.5601,2043740000
2011-05-09,2828.2400,2850.3899,2823.6699,2843.2500,1649110000
2011-05-10,2851.9099,2873.6399,2850.0100,2871.8899,2018000000
2011-05-11,2867.1599,2874.6101,2829.6799,2845.0601,2258770000
2011-05-12,2833.6699,2865.8601,2819.3701,2863.0400,2209650000
2011-05-13,2859.7000,2861.5100,2827.5100,2828.4700,1917050000
2011-05-16,2815.8999,2828.1399,2779.5400,2782.3101,2066020000
2011-05-17,2769.1699,2783.6101,2759.2900,2783.2100,2220440000
2011-05-18,2782.6499,2817.1499,2780.8301,2815.0000,1875150000
2011-05-19,2824.0500,2828.4099,2805.1201,2823.3101,1753390000
2011-05-20,2815.9600,2821.4399,2796.2700,2803.3201,1780140000
2011-05-23,2761.9600,2770.5100,2750.6399,2758.8999,1795680000
2011-05-24,2766.7000,2767.5000,2744.0100,2746.1599,1875370000
2011-05-25,2739.9900,2771.3799,2739.8501,2761.3799,1894510000
2011-05-26,2756.3101,2787.3301,2756.0601,2782.9199,1904400000
2011-05-27,2789.0200,2801.1499,2788.2900,2796.8601,1641320000
2011-05-31,2824.2500,2835.3401,2808.6001,2835.3000,2450090000
2011-06-01,2829.3899,2834.0500,2767.6299,2769.1899,2254850000
2011-06-02,2773.7600,2784.5701,2759.1699,2773.3101,1919030000
2011-06-03,2740.4900,2762.5601,2730.6299,2732.7800,1936400000
2011-06-06,2728.3101,2736.6599,2702.2000,2702.5601,1878150000
2011-06-07,2712.7900,2723.3201,2701.1699,2701.5601,1847300000
2011-06-08,2693.6899,2698.0801,2671.0901,2675.3799,2089320000
2011-06-09,2678.5200,2696.6899,2670.0200,2684.8701,1704960000
2011-06-10,2675.1001,2676.7200,2641.6399,2643.7300,1972000000
2011-06-13,2649.3000,2657.7700,2629.6101,2639.6899,1847050000
2011-06-14,2662.7300,2685.6499,2662.7300,2678.7200,1701300000
2011-06-15,2653.1699,2669.7500,2625.8601,2631.4600,1982430000
2011-06-16,2631.9800,2642.6499,2599.8601,2623.7000,1958250000
2011-06-17,2646.2900,2648.5400,2608.9900,2616.4800,2393690000
2011-06-20,2608.0500,2636.5500,2607.7400,2629.6599,1625850000
2011-06-21,2640.3301,2688.5000,2634.0400,2687.2600,1882490000
2011-06-22,2677.1799,2693.2300,2668.3501,2669.1899,1617370000
2011-06-23,2638.6001,2688.0701,2627.4700,2686.7500,2060450000
2011-06-24,2681.1001,2682.4099,2647.4600,2652.8899,2842870000
2011-06-27,2653.0701,2697.3401,2647.5500,2688.2800,1710740000
2011-06-28,2694.2600,2729.9399,2692.4500,2729.3101,1682590000
2011-06-29,2736.7600,2746.6201,2722.2600,2740.4900,1804490000
2011-06-30,2749.3701,2776.5601,2749.1101,2773.5200,1859130000
2011-07-01,2775.0801,2818.1899,2769.0601,2816.0300,1646380000
2011-07-05,2817.8701,2828.5300,2810.0000,2825.7700,1556620000
2011-07-06,2821.4199,2838.8501,2812.8000,2834.0200,1639490000
2011-07-07,2856.2500,2878.9399,2853.8999,2872.6599,1873710000
2011-07-08,2841.2900,2860.0200,2831.1599,2859.8101,1612120000
2011-07-11,2828.1001,2841.1201,2795.5400,2802.6201,1765920000
2011-07-12,2798.7500,2807.5701,2780.1599,2781.9099,2015410000
2011-07-13,2800.8799,2825.8601,2789.5701,2796.9199,1885510000
2011-07-14,2804.8201,2817.3799,2755.8999,2762.6699,1946500000
2011-07-15,2787.3301,2790.1599,2768.2800,2789.8000,1804380000
2011-07-18,2777.6101,2783.7600,2743.7900,2765.1101,1752220000
2011-07-19,2790.9800,2828.6499,2790.9800,2826.5200,1882760000
2011-07-20,2839.3899,2839.6499,2808.1799,2814.2300,1863670000
2011-07-21,2818.7900,2847.4099,2807.7100,2834.4299,2284150000
2011-07-22,2834.4600,2862.7200,2830.5801,2858.8301,1665220000
2011-07-25,2832.1101,2859.3999,2828.9099,2842.8000,1613240000
2011-07-26,2842.7400,2851.7200,2832.2700,2839.9600,1739980000
2011-07-27,2823.6201,2823.8601,2761.0000,2764.7900,2367470000
2011-07-28,2765.6101,2800.1101,2757.8501,2766.2500,2067020000
2011-07-29,2736.6699,2780.5801,2724.9900,2756.3799,2301210000
2011-08-01,2791.4500,2796.2400,2716.3000,2744.6101,2209790000
2011-08-02,2728.2900,2745.8701,2668.6799,2669.2400,2377250000
2011-08-03,2673.9700,2695.3701,2621.6699,2693.0701,2601310000
2011-08-04,2648.3799,2653.7900,2556.3799,2556.3899,3272990000
2011-08-05,2580.3000,2592.0400,2464.8701,2532.4099,3750150000
2011-08-08,2447.3000,2489.3899,2357.6899,2357.6899,3987990000
2011-08-09,2402.1299,2483.6599,2331.6499,2482.5200,3803050000
2011-08-10,2425.5500,2461.2800,2378.0801,2381.0500,3397010000
2011-08-11,2415.5400,2516.3899,2399.5601,2492.6799,3134140000
2011-08-12,2507.0100,2524.0901,2481.5000,2507.9800,2232470000
2011-08-15,2522.0400,2555.2000,2514.5200,2555.2000,1945850000
2011-08-16,2526.4800,2546.7400,2494.5500,2523.4500,2074370000
2011-08-17,2527.7900,2549.1101,2488.0901,2511.4800,1913320000
2011-08-18,2436.3799,2437.0100,2362.9700,2380.4299,2775580000
2011-08-19,2353.3201,2415.1799,2338.6599,2341.8401,2385300000
2011-08-22,2396.8799,2397.3401,2337.2800,2345.3799,1957230000
2011-08-23,2360.9500,2446.0601,2349.0801,2446.0601,2147270000
2011-08-24,2437.4800,2470.8000,2420.4800,2467.6899,1888640000
2011-08-25,2470.9600,2482.8999,2415.2400,2419.6299,1789230000
2011-08-26,2408.7900,2486.0400,2385.2700,2479.8501,1852130000
2011-08-29,2510.9900,2562.5801,2510.1299,2562.1101,1615510000
2011-08-30,2547.0701,2589.5300,2534.6799,2576.1101,1871800000
2011-08-31,2589.7500,2611.5801,2557.7400,2579.4600,1995490000
2011-09-01,2583.3401,2604.5000,2543.5601,2546.0400,1742440000
2011-09-02,2497.2800,2512.7800,2469.3501,2480.3301,1571530000
2011-09-06,2417.6101,2477.7700,2414.3101,2473.8301,1737170000
2011-09-07,2511.5000,2548.9399,2507.5200,2548.9399,1791480000
2011-09-08,2533.8101,2568.4500,2520.8000,2529.1399,1979990000
2011-09-09,2508.1201,2518.3999,2452.9299,2467.9900,2054190000
2011-09-12,2442.8601,2495.3601,2438.3999,2495.0901,1980350000
2011-09-13,2502.5901,2537.3999,2494.0701,2532.1499,1931390000
2011-09-14,2548.4500,2600.7800,2519.8000,2572.5500,2323770000
2011-09-15,2595.4500,2608.9500,2569.7800,2607.0701,1967730000
2011-09-16,2607.1201,2627.2800,2600.9600,2622.3101,2703730000
2011-09-19,2584.3501,2627.3401,2564.4600,2612.8301,1891770000
2011-09-20,2623.8899,2643.3701,2589.5200,2590.2400,1914990000
2011-09-21,2601.0601,2613.2900,2537.4600,2538.1899,2172030000
2011-09-22,2466.0601,2494.3101,2420.2300,2455.6699,2919330000
2011-09-23,2438.6299,2490.7200,2438.2800,2483.2300,1975200000
2011-09-26,2496.9800,2518.9099,2446.1201,2516.6899,1982710000
2011-09-27,2560.7800,2590.9399,2532.6499,2546.8301,2095620000
2011-09-28,2557.8601,2569.7900,2491.0701,2491.5801,1929310000
2011-09-29,2535.5200,2538.9700,2433.5801,2480.7600,2290370000
2011-09-30,2444.7700,2468.9800,2415.0701,2415.3999,2041370000
2011-10-03,2401.1899,2430.8799,2335.2300,2335.8301,2547690000
2011-10-04,2312.6799,2406.6699,2298.8899,2404.8201,3040940000
2011-10-05,2398.3701,2466.5000,2380.9600,2460.5100,2472400000
2011-10-06,2459.0500,2507.4399,2446.7200,2506.8201,2249140000
2011-10-07,2509.6101,2512.1399,2468.6001,2479.3501,2084900000
2011-10-10,2522.7200,2566.0500,2519.7800,2566.0500,1574750000
2011-10-11,2554.7000,2587.2800,2551.9399,2583.0300,1661400000
2011-10-12,2606.6101,2629.4900,2602.3101,2604.7300,1967190000
2011-10-13,2595.0500,2625.2200,2588.7100,2620.2400,1675220000
2011-10-14,2655.2300,2667.8501,2636.0000,2667.8501,1664350000
2011-10-17,2653.3201,2658.2500,2606.9099,2614.9199,1675210000
2011-10-18,2614.0500,2667.5701,2586.3101,2657.4299,1931690000
2011-10-19,2642.8899,2651.8799,2597.7700,2604.0400,1980180000
2011-10-20,2605.4199,2606.3899,2557.1699,2598.6201,2040180000
2011-10-21,2630.3000,2646.9199,2611.1101,2637.4600,2019950000
2011-10-24,2644.8301,2703.0701,2643.9399,2699.4399,1884450000
2011-10-25,2685.8601,2685.8799,2633.9399,2638.4199,1777770000
2011-10-26,2660.4199,2666.2900,2598.7400,2650.6699,2118650000
2011-10-27,2720.5901,2753.3701,2694.2700,2738.6299,2810680000
2011-10-28,2724.0300,2742.2700,2723.0300,2737.1499,1838530000
2011-10-31,2705.8899,2716.7000,2684.1299,2684.4099,1772560000
2011-11-01,2607.3101,2638.6001,2597.1599,2606.9600,2294220000
2011-11-02,2637.5601,2648.4600,2613.7400,2639.9800,1921790000
2011-11-03,2666.2100,2699.8401,2628.2200,2697.9700,2106240000
2011-11-04,2678.1599,2693.6699,2655.1201,2686.1499,1930750000
2011-11-07,2683.3799,2697.0200,2649.0601,2695.2500,1712700000
2011-11-08,2712.0801,2730.3899,2680.9299,2727.4900,1850270000
2011-11-09,2662.5601,2672.3401,2617.9299,2621.6499,2144160000
2011-11-10,2652.0100,2652.3999,2601.7900,2625.1499,1892390000
2011-11-11,2653.5300,2684.6699,2649.8501,2678.7500,1602640000
2011-11-14,2671.1101,2682.1299,2647.4800,2657.2200,1401710000
2011-11-15,2647.9099,2695.8701,2644.0000,2686.2000,1706960000
2011-11-16,2661.0901,2688.8601,2637.9099,2639.6101,1950030000
2011-11-17,2637.3701,2637.4800,2576.2200,2587.9900,2197320000
2011-11-18,2595.0200,2595.8401,2567.1499,2572.5000,1755360000
2011-11-21,2535.3401,2539.8701,2500.8899,2523.1399,2048520000
2011-11-22,2517.6399,2534.3999,2499.1899,2521.2800,1792060000
2011-11-23,2501.1799,2503.3799,2460.0801,2460.0801,1707770000
2011-11-25,2453.0300,2477.0300,2441.4800,2441.5100,691750000
2011-11-28,2509.6299,2531.3201,2507.7200,2527.3401,1626060000
2011-11-29,2529.1101,2542.4600,2508.2700,2515.5100,1623550000
2011-11-30,2586.3899,2620.3401,2582.4900,2620.3401,2440960000
2011-12-01,2615.6699,2636.0801,2611.4800,2626.2000,1826860000
2011-12-02,2650.8000,2659.2300,2625.0701,2626.9299,1662730000
2011-12-05,2666.4700,2674.5300,2641.5901,2655.7600,1686660000
2011-12-06,2655.0200,2663.6299,2639.1799,2649.5601,1491130000
2011-12-07,2638.6101,2660.2400,2612.8000,2649.2100,1658010000
2011-12-08,2633.3000,2645.9199,2592.5500,2596.3799,1845640000
2011-12-09,2603.1799,2653.4600,2603.1799,2646.8501,1664710000
2011-12-12,2617.3201,2617.3201,2591.4199,2612.2600,1572600000
2011-12-13,2629.6699,2639.7400,2568.4399,2579.2700,1752320000
2011-12-14,2566.2100,2568.4399,2525.8799,2539.3101,1793960000
2011-12-15,2565.9299,2565.9399,2536.5801,2541.0100,1748400000
2011-12-16,2554.6201,2585.4199,2548.0000,2555.3301,2664690000
2011-12-19,2564.0701,2570.6499,2518.0100,2523.1399,1560110000
2011-12-20,2567.2500,2604.5200,2566.8701,2603.7300,1835720000
2011-12-21,2589.7700,2590.6101,2544.6599,2577.9700,1853710000
2011-12-22,2584.3301,2601.9900,2581.9199,2599.4500,1515610000
2011-12-23,2607.4299,2618.8401,2599.8899,2618.6399,960940000
2011-12-27,2613.5100,2633.3401,2610.7700,2625.2000,945590000
2011-12-28,2626.1899,2626.3401,2586.8501,2589.9800,1069930000
2011-12-29,2596.3301,2614.8701,2593.0400,2613.7400,1011380000
2011-12-30,2610.2300,2616.4600,2604.6001,2605.1499,1056790000
2012-01-03,2657.3899,2665.8999,2641.9800,2648.7200,1636850000
2012-01-04,2639.8999,2653.1799,2627.2300,2648.3601,1670530000
2012-01-05,2642.5701,2673.5601,2631.2300,2669.8601,1836410000
2012-01-06,2671.1699,2682.1201,2658.8301,2674.2200,1683090000
2012-01-09,2682.9800,2683.7800,2662.9600,2676.5601,1768080000
2012-01-10,2704.4199,2712.5000,2694.3301,2702.5000,1809500000
2012-01-11,2695.7700,2714.2900,2690.7300,2710.7600,1699660000
2012-01-12,2716.8701,2726.4299,2697.3201,2724.7000,1669550000
2012-01-13,2707.4099,2712.9299,2689.5801,2710.6699,1655960000
2012-01-17,2736.3401,2742.7300,2721.0300,2728.0801,1664210000
2012-01-18,2731.1599,2769.7100,2730.0500,2769.7100,1968940000
2012-01-19,2779.7400,2793.3501,2777.1699,2788.3301,1959950000
2012-01-20,2776.0400,2787.2000,2775.8701,2786.7000,1949660000
2012-01-23,2786.2100,2804.9900,2769.8201,2784.1699,1652940000
2012-01-24,2771.5801,2788.3799,2766.3401,2786.6399,1620690000
2012-01-25,2803.2300,2822.7900,2788.9500,2818.3101,1918040000
2012-01-26,2828.7800,2834.3000,2794.7800,2805.2800,1998970000
2012-01-27,2797.6599,2821.5500,2797.2400,2816.5500,1707350000
2012-01-30,2790.3999,2816.8501,2782.4399,2811.9399,1668970000
2012-01-31,2825.7600,2830.4500,2798.7700,2813.8401,1786550000
2012-02-01,2830.1001,2855.7300,2825.1899,2848.2700,2125720000
2012-02-02,2854.1001,2868.2300,2849.3999,2859.6799,1913430000
2012-02-03,2888.9500,2908.1299,2885.8401,2905.6599,2152890000
2012-02-06,2892.5200,2903.0300,2887.3301,2901.9900,1684490000
2012-02-07,2895.9099,2910.2700,2885.1699,2904.0801,1784580000
2012-02-08,2906.5901,2918.2600,2892.7100,2915.8601,1981150000
2012-02-09,2922.4600,2930.6799,2904.5100,2927.2300,2153090000
2012-02-10,2902.0000,2910.9800,2895.1001,2903.8799,1787640000
2012-02-13,2926.2100,2933.9299,2913.8899,2931.3899,1619980000
2012-02-14,2921.7000,2932.0801,2911.6001,2931.8301,1881630000
2012-02-15,2943.4199,2958.1899,2911.3301,2915.8301,2038980000
2012-02-16,2915.6699,2961.3799,2912.7200,2959.8501,1945230000
2012-02-17,2958.2200,2962.7800,2941.5500,2951.7800,1973900000
2012-02-21,2957.3000,2965.0500,2934.0701,2948.5701,1821540000
2012-02-22,2942.7700,2950.3701,2929.6799,2933.1699,1706310000
2012-02-23,2933.1599,2958.4199,2922.9600,2956.9800,1768390000
2012-02-24,2963.1299,2970.8799,2958.8201,2963.7500,1643180000
2012-02-27,2945.8701,2976.0801,2933.3000,2966.1599,1763650000
2012-02-28,2969.2500,2988.5901,2966.6101,2986.7600,1812490000
2012-02-29,2991.6699,3000.1101,2961.7700,2966.8899,2170190000
2012-03-01,2979.1101,2996.3701,2974.5901,2988.9700,1903690000
2012-03-02,2986.0801,2995.9700,2968.0000,2976.1899,1755130000
2012-03-05,2969.7300,2973.9299,2940.5200,2950.4800,1679030000
2012-03-06,2917.5200,2921.7700,2900.2800,2910.3201,1870720000
2012-03-07,2922.5701,2940.2800,2920.5400,2935.6899,1589360000
2012-03-08,2954.3999,2976.0500,2945.7300,2970.4199,1619740000
2012-03-09,2975.0901,2993.9800,2973.9600,2988.3401,1580560000
2012-03-12,2989.0500,2994.1001,2973.6499,2983.6599,1341660000
2012-03-13,3003.7100,3039.8899,2996.4600,3039.8799,1709900000
2012-03-14,3042.2100,3051.3701,3024.7300,3040.7300,1662300000
2012-03-15,3048.5801,3059.8101,3037.8201,3056.3701,1677540000
2012-03-16,3058.4900,3060.8201,3047.6899,3055.2600,2088610000
2012-03-19,3057.2400,3087.1001,3050.8899,3078.3201,1548400000
2012-03-20,3060.9299,3078.7200,3050.8201,3074.1499,1508580000
2012-03-21,3077.4399,3090.0801,3069.0901,3075.3201,1552400000
2012-03-22,3055.0000,3068.5000,3050.7000,3063.3201,1524800000
2012-03-23,3066.3701,3070.9299,3044.6699,3067.9199,1428940000
2012-03-26,3090.5200,3122.5701,3090.0500,3122.5701,1627520000
2012-03-27,3124.0601,3134.1699,3119.0300,3120.3501,1662460000
2012-03-28,3123.8401,3130.5601,3086.9299,3104.9600,1765680000
2012-03-29,3087.2500,3099.8000,3069.8101,3095.3601,1756160000
2012-03-30,3110.9700,3111.5500,3079.0500,3091.5701,1833130000
2012-04-02,3085.9399,3123.0300,3079.7800,3119.7000,1768210000
2012-04-03,3119.6499,3128.2500,3097.4099,3113.5701,1804950000
2012-04-04,3085.4600,3086.3501,3052.5801,3068.0901,1813150000
2012-04-05,3061.7500,3083.3799,3061.1399,3080.5000,1548040000
2012-04-09,3037.2800,3058.7600,3032.2200,3047.0801,1371140000
2012-04-10,3044.6699,3055.2000,2987.0000,2991.2200,1953600000
2012-04-11,3020.1499,3030.5100,3008.7500,3016.4600,1540890000
2012-04-12,3023.1101,3059.2600,3020.4399,3055.5500,1480340000
2012-04-13,3045.0801,3045.4199,3010.7700,3011.3301,1483850000
2012-04-16,3027.5701,3027.5701,2975.8701,2988.3999,1594320000
2012-04-17,3002.0200,3052.7600,2999.4900,3042.8201,1555070000
2012-04-18,3031.8201,3045.0400,3023.9099,3031.4500,1599470000
2012-04-19,3028.2000,3058.7200,2994.9399,3007.5601,1991120000
2012-04-20,3023.7300,3034.6899,2999.0100,3000.4500,1935880000
2012-04-23,2969.0000,2973.3799,2946.0400,2970.4500,1767360000
2012-04-24,2967.3701,2979.0801,2950.3799,2961.6001,1690840000
2012-04-25,3013.6499,3031.4099,3010.5701,3029.6299,1721330000
2012-04-26,3029.6201,3056.7700,3027.7900,3050.6101,1763510000
2012-04-27,3060.3401,3076.4399,3043.3000,3069.2000,1777750000
2012-04-30,3060.0601,3063.6599,3043.2500,3046.3601,1633170000
2012-05-01,3044.7900,3085.3999,3041.6201,3050.4399,1854230000
2012-05-02,3035.0701,3061.4700,3028.9399,3059.8501,1825190000
2012-05-03,3061.1299,3061.3799,3016.2000,3024.3000,1869130000
2012-05-04,3001.1499,3001.4800,2956.3401,2956.3401,1944010000
2012-05-07,2940.4099,2970.2000,2939.2100,2957.7600,1740430000
2012-05-08,2939.3601,2952.6499,2900.0601,2946.2700,2175840000
2012-05-09,2912.4099,2948.7700,2900.1799,2934.7100,2047090000
2012-05-10,2950.2100,2950.2100,2923.1399,2933.6399,2004150000
2012-05-11,2919.3501,2960.3799,2918.7400,2933.8201,1735380000
2012-05-14,2907.7800,2924.8899,2898.8999,2902.5801,1683460000
2012-05-15,2902.3000,2930.6799,2889.3899,2893.7600,1826210000
2012-05-16,2904.6699,2913.8999,2872.2500,2874.0400,1933900000
2012-05-17,2874.7100,2879.2200,2813.6899,2813.6899,2016980000
2012-05-18,2814.4299,2827.2800,2774.4500,2778.7900,2692450000
2012-05-21,2782.5500,2848.8301,2774.7600,2847.2100,1870420000
2012-05-22,2853.8701,2867.3401,2823.2200,2839.0801,1861850000
2012-05-23,2832.1699,2855.3501,2795.5000,2850.1201,1929640000
2012-05-24,2856.5500,2858.2400,2817.6201,2839.3799,1750290000
2012-05-25,2839.7400,2846.3101,2829.7600,2837.5300,1282680000
2012-05-29,2853.2700,2882.8301,2846.6799,2870.9900,221430000
2012-05-30,2847.2700,2847.2700,2825.6399,2837.3601,1671040000
2012-05-31,2837.3701,2842.4299,2801.9600,2827.3401,2180130000
2012-06-01,2810.1299,2810.1299,2747.2400,2747.4800,1966370000
2012-06-04,2747.6101,2769.9299,2726.6799,2760.0100,1755750000
2012-06-05,2749.3501,2781.9700,2749.3401,2778.1101,1625600000
2012-06-06,2796.2300,2844.7200,2796.2300,2844.7200,1761050000
2012-06-07,2872.0500,2873.5901,2827.8201,2831.0200,1655370000
2012-06-08,2823.8201,2860.9399,2814.8000,2858.4199,1390260000
2012-06-11,2882.4900,2882.9600,2806.8999,2809.7300,1480220000
2012-06-12,2815.8401,2843.6699,2802.3799,2843.0701,1594310000
2012-06-13,2838.1201,2853.1699,2810.5901,2818.6101,1602080000
2012-06-14,2820.6299,2842.3101,2807.5500,2836.3301,1633370000
2012-06-15,2839.3999,2874.3799,2837.9399,2872.8000,2020100000
2012-06-18,2872.4900,2903.0300,2853.8601,2895.3301,1586190000
2012-06-19,2909.8701,2940.2300,2908.4500,2929.7600,1835480000
2012-06-20,2932.9600,2942.2800,2910.0000,2930.4500,1563080000
2012-06-21,2929.1499,2930.9299,2857.1001,2859.0901,1822200000
2012-06-22,2866.1699,2894.3501,2863.9299,2892.4199,3544010000
2012-06-25,2863.8899,2863.8899,2829.2300,2836.1599,1514430000
2012-06-26,2845.3999,2862.1499,2832.0200,2854.0601,1623160000
2012-06-27,2862.1299,2882.3999,2860.1299,2875.3201,1668580000
2012-06-28,2853.8899,2855.7400,2818.1899,2849.4900,1795850000
2012-06-29,2902.4399,2935.1299,2895.6001,2935.0500,2021190000
2012-07-02,2938.4099,2951.2300,2925.7100,2951.2300,1845240000
2012-07-03,2950.8101,2976.0801,2948.3999,2976.0801,1009330000
2012-07-05,2970.3701,2987.9399,2958.3000,2976.1201,1423990000
2012-07-06,2955.2000,2957.5000,2921.3701,2937.3301,1437420000
2012-07-09,2934.4900,2942.9900,2919.0400,2931.7700,1455500000
2012-07-10,2945.3501,2953.4700,2891.4199,2902.3301,1725730000
2012-07-11,2898.7700,2905.5100,2866.5300,2887.9800,1635120000
2012-07-12,2867.0801,2876.3201,2837.7200,2866.1899,1719460000
2012-07-13,2874.0601,2913.2800,2873.3899,2908.4700,1373620000
2012-07-16,2903.0300,2910.2000,2888.0100,2896.9399,1414470000
2012-07-17,2911.4600,2916.6101,2871.6499,2910.0400,1774160000
2012-07-18,2904.2400,2951.3000,2902.9500,2942.6001,1817040000
2012-07-19,2961.7100,2976.2200,2952.4199,2965.8999,1735920000
2012-07-20,2957.0200,2957.0200,2925.3000,2925.3000,1810420000
2012-07-23,2877.5100,2898.0500,2852.8799,2890.1499,1607140000
2012-07-24,2894.9500,2896.5601,2847.2200,2862.9900,1748410000
2012-07-25,2856.7800,2870.2200,2839.7600,2854.2400,1784150000
2012-07-26,2896.6799,2905.5701,2876.0100,2893.2500,1981520000
2012-07-27,2906.5000,2961.8701,2900.9800,2958.0901,2102610000
2012-07-30,2959.0701,2970.3000,2939.0400,2945.8401,1483990000
2012-07-31,2945.0801,2959.6201,2938.4099,2939.5200,1801440000
2012-08-01,2956.7200,2958.2800,2917.7800,2920.2100,1722530000
2012-08-02,2900.4600,2934.6499,2890.8501,2909.7700,1822620000
2012-08-03,2951.2800,2977.4099,2945.8101,2967.8999,1730210000
2012-08-06,2978.1599,3000.2400,2974.2300,2989.9099,1528260000
2012-08-07,3002.6599,3028.6101,3002.0901,3015.8601,1899240000
2012-08-08,3003.7700,3018.8999,3002.4099,3011.2500,1874580000
2012-08-09,3009.8601,3022.6899,3007.3000,3018.6399,1677970000
2012-08-10,3008.8301,3020.8601,3003.3799,3020.8601,1556460000
2012-08-13,3018.2700,3023.0300,2999.1201,3022.5200,1353380000
2012-08-14,3032.6699,3034.1599,3009.9299,3016.9800,1567830000
2012-08-15,3013.3301,3032.0601,3013.3301,3030.9299,1536730000
2012-08-16,3037.1799,3067.4399,3033.2800,3062.3899,1937430000
2012-08-17,3067.1101,3076.7200,3060.1499,3076.5901,1640640000
2012-08-20,3072.6599,3076.2100,3059.8999,3076.2100,1451550000
2012-08-21,3085.2500,3100.5400,3058.7400,3067.2600,1574220000
2012-08-22,3059.9399,3080.7300,3053.4299,3073.6699,1459130000
2012-08-23,3065.8201,3070.3401,3045.5200,3053.3999,1383860000
2012-08-24,3045.2200,3076.8000,3042.2200,3069.7900,1349740000
2012-08-27,3083.6201,3085.8101,3068.1299,3073.1899,1383530000
2012-08-28,3069.3999,3083.1899,3063.6499,3077.1399,1364740000
2012-08-29,3078.0500,3087.2400,3067.6201,3081.1899,1282900000
2012-08-30,3066.7300,3067.5400,3045.9199,3048.7100,1216640000
2012-08-31,3069.6399,3078.5200,3040.5901,3066.9600,1394760000
2012-09-04,3063.2500,3082.2600,3040.2400,3075.0601,1505960000
2012-09-05,3072.5801,3082.7500,3062.5400,3069.2700,1495030000
2012-09-06,3087.9399,3135.8101,3087.6699,3135.8101,1918900000
2012-09-07,3133.2200,3139.6101,3128.1699,3136.4199,1740640000
2012-09-10,3131.3401,3133.8899,3102.7600,3104.0200,1575370000
2012-09-11,3105.0200,3117.8601,3099.1001,3104.5300,1586250000
2012-09-12,3115.3301,3120.1201,3098.8201,3114.3101,1689140000
2012-09-13,3117.6599,3167.6299,3112.6201,3155.8301,1870050000
2012-09-14,3166.2400,3195.6699,3164.2600,3183.9500,1984720000
2012-09-17,3183.3999,3183.3999,3168.6299,3178.6699,1485390000
2012-09-18,3173.6201,3179.3701,3169.4099,3177.8000,1707200000
2012-09-19,3179.0400,3189.3501,3170.2900,3182.6201,1850920000
2012-09-20,3166.8401,3178.4500,3156.4600,3175.9600,1809130000
2012-09-21,3194.8601,3196.9299,3178.0901,3179.9600,2526250000
2012-09-24,3155.3501,3167.7400,3150.7100,3160.7800,1704860000
2012-09-25,3170.3701,3176.3000,3117.7300,3117.7300,1975470000
2012-09-26,3113.3999,3114.5400,3080.2800,3093.7000,1738010000
2012-09-27,3105.8701,3142.0200,3098.4600,3136.6001,1691800000
2012-09-28,3125.3101,3132.5100,3109.9099,3116.2300,1864640000
2012-10-01,3130.3101,3146.9900,3103.8899,3113.5300,1758170000
2012-10-02,3127.7300,3131.6399,3101.6399,3120.0400,1609570000
2012-10-03,3130.8501,3142.3601,3115.0400,3135.2300,1704050000
2012-10-04,3142.3799,3153.4800,3132.5601,3149.4600,1585190000
2012-10-05,3161.2100,3171.4600,3130.7600,3136.1899,1607940000
2012-10-08,3121.3301,3125.4900,3107.5701,3112.3501,1186260000
2012-10-09,3108.0100,3108.0100,3062.5200,3065.0200,1645740000
2012-10-10,3066.2500,3071.5701,3046.7800,3051.7800,1788970000
2012-10-11,3075.8899,3078.0801,3047.1399,3049.4099,1595020000
2012-10-12,3049.0801,3061.7700,3039.5801,3044.1101,1524840000
2012-10-15,3053.2100,3066.3101,3037.2700,3064.1799,1563440000
2012-10-16,3073.2100,3102.9700,3070.2500,3101.1699,1736930000
2012-10-17,3091.3799,3112.4500,3088.0500,3104.1201,1770920000
2012-10-18,3097.7700,3102.5601,3065.2400,3072.8701,2043290000
2012-10-19,3066.5601,3066.5601,3000.2700,3005.6201,2225580000
2012-10-22,3005.9199,3020.6101,2995.7800,3016.9600,1654130000
2012-10-23,2989.4399,3006.5901,2974.0701,2990.4600,1830840000
2012-10-24,3011.8201,3012.9500,2978.7300,2981.7000,1967000000
2012-10-25,3005.0400,3007.7100,2975.9800,2986.1201,1922660000
2012-10-26,2986.0500,2999.1399,2961.1599,2987.9500,1839700000
2012-10-31,2986.8501,2989.7000,2964.9399,2977.2300,1806780000
2012-11-01,2987.5400,3021.9399,2984.2200,3020.0601,1880140000
2012-11-02,3033.8501,3033.8501,2981.6899,2982.1299,1834590000
2012-11-05,2983.0300,3004.8701,2975.8501,2999.6599,1496210000
2012-11-06,3003.7100,3024.4399,2998.9299,3011.9299,1782430000
2012-11-07,2976.4600,2977.8101,2926.7900,2937.2900,2059690000
2012-11-08,2942.0901,2949.7000,2895.5801,2895.5801,1876420000
2012-11-09,2892.5701,2931.1101,2889.8101,2904.8701,1802580000
2012-11-12,2916.3799,2920.0100,2896.5500,2904.2500,1379240000
2012-11-13,2880.7700,2909.0000,2877.0601,2883.8899,1816260000
2012-11-14,2896.8101,2900.1001,2842.8601,2846.8101,2106590000
2012-11-15,2847.8401,2855.6399,2826.7500,2836.9399,2010300000
2012-11-16,2838.8999,2859.5701,2810.8000,2853.1299,2187730000
2012-11-19,2886.0000,2916.0701,2884.7500,2916.0701,1767240000
2012-11-20,2910.7300,2919.9600,2893.3799,2916.6799,1588750000
2012-11-21,2919.1399,2928.1699,2912.4199,2926.5500,1430060000
2012-11-23,2943.6201,2967.1899,2940.6799,2966.8501,792750000
2012-11-26,2961.0200,2976.9299,2951.7300,2976.7800,1641710000
2012-11-27,2974.5601,2985.3201,2965.1299,2967.7900,1763320000
2012-11-28,2952.0200,2992.1699,2935.8799,2991.7800,1725550000
2012-11-29,3005.4099,3017.1799,2996.3000,3012.0300,1758440000
2012-11-30,3013.2500,3014.2500,2999.7200,3010.2400,2194240000
2012-12-03,3029.2100,3030.2800,2999.5701,3002.2000,1667330000
2012-12-04,3000.4399,3002.8999,2980.9299,2996.6899,1781760000
2012-12-05,2993.2000,2994.7300,2958.2600,2973.7000,1800820000
2012-12-06,2967.9900,2996.5300,2962.0200,2989.2700,1713460000
2012-12-07,2999.6899,3003.2700,2968.8201,2978.0400,1613570000
2012-12-10,2973.1899,2997.6399,2971.5601,2986.9600,1528430000
2012-12-11,3005.4299,3033.1399,3003.8201,3022.3000,1921860000
2012-12-12,3033.9299,3035.1899,3008.4900,3013.8101,1756220000
2012-12-13,3007.8301,3026.5100,2982.6299,2992.1599,1833990000
2012-12-14,2976.9500,2985.3301,2963.8000,2971.3301,1786980000
2012-12-17,2975.5000,3011.2200,2973.5400,3010.6001,1911420000
2012-12-18,3020.8201,3056.6499,3016.3999,3054.5300,2022130000
2012-12-19,3059.0300,3061.8201,3044.3601,3044.3601,1933270000
2012-12-20,3050.3000,3053.5300,3034.1499,3050.3899,1691190000
2012-12-21,2998.6001,3022.1899,2995.1299,3021.0100,2843090000
2012-12-24,3013.8899,3016.1799,3008.5300,3012.6001,614230000
2012-12-26,3013.1299,3018.6499,2983.3501,2990.1599,1059190000
2012-12-27,2989.8701,2993.6599,2951.0400,2985.9099,1342790000
2012-12-28,2965.1201,2985.4700,2959.3701,2960.3101,1143530000
2012-12-31,2955.4500,3021.4099,2953.5200,3019.5100,1557230000
2013-01-02,3091.3301,3112.6499,3083.4900,3112.2600,2111300000
2013-01-03,3108.4900,3118.1799,3092.2800,3100.5701,1769420000
2013-01-04,3100.8799,3108.4399,3090.8101,3101.6599,1745140000
2013-01-07,3089.1699,3102.3501,3083.8799,3098.8101,1702540000
2013-01-08,3098.4600,3103.3899,3076.6001,3091.8101,1744380000
2013-01-09,3099.6499,3111.2200,3096.3401,3105.8101,1732510000
2013-01-10,3125.6399,3127.7200,3098.4700,3121.7600,1754240000
2013-01-11,3122.1201,3126.5901,3114.1001,3125.6299,1772600000
2013-01-14,3113.6499,3123.4800,3104.0801,3117.5000,1876050000
2013-01-15,3101.0601,3112.2900,3093.3201,3110.7800,1852870000
2013-01-16,3110.7200,3124.6499,3106.7900,3117.5400,1692380000
2013-01-17,3130.4900,3144.0500,3125.7900,3136.0000,1766510000
2013-01-18,3127.9099,3134.7300,3119.2000,3134.7100,1860070000
2013-01-22,3135.6299,3143.1799,3121.5400,3143.1799,1790730000
2013-01-23,3155.8201,3161.0601,3149.7400,3153.6699,1698190000
2013-01-24,3125.6699,3153.5601,3124.4500,3130.3799,2046990000
2013-01-25,3140.6499,3156.2000,3135.8601,3149.7100,1920250000
2013-01-28,3152.1699,3161.8301,3144.8899,3154.3000,1935590000
2013-01-29,3149.6201,3156.9399,3133.1101,3153.6599,2050670000
2013-01-30,3157.4299,3164.0601,3135.8301,3142.3101,2014350000
2013-01-31,3140.6699,3154.1799,3136.8201,3142.1299,2190840000
2013-02-01,3162.9399,3183.1399,3154.9099,3179.1001,2012930000
2013-02-04,3161.7200,3169.6299,3130.5701,3131.1699,1874750000
2013-02-05,3140.8999,3178.5200,3136.8201,3171.5801,2150080000
2013-02-06,3159.3799,3174.8201,3157.3501,3168.4800,2002740000
2013-02-07,3167.4399,3170.4199,3135.9800,3165.1299,1955960000
2013-02-08,3178.0601,3196.8899,3177.1799,3193.8701,1816480000
2013-02-11,3192.5300,3194.0100,3182.1899,3192.0000,1551370000
2013-02-12,3190.7300,3196.9199,3184.8401,3186.4900,1786800000
2013-02-13,3195.3401,3205.5200,3187.0601,3196.8799,1822450000
2013-02-14,3182.7400,3202.3301,3182.3899,3198.6599,1924900000
2013-02-15,3202.8401,3206.2100,3184.0300,3192.0300,1858670000
2013-02-19,3197.4600,3213.6001,3194.9199,3213.5901,1843840000
2013-02-20,3211.9900,3213.2500,3163.9500,3164.4099,2001800000
2013-02-21,3154.8799,3155.1899,3118.6201,3131.4900,2052630000
2013-02-22,3149.0901,3161.8201,3139.5500,3161.8201,1581500000
2013-02-25,3180.5901,3186.2500,3116.2500,3116.2500,1930990000
2013-02-26,3126.2300,3135.5701,3105.3601,3129.6499,1847750000
2013-02-27,3129.7200,3177.8000,3127.2700,3162.2600,1727260000
2013-02-28,3161.4299,3182.6001,3159.7200,3160.1899,2022530000
2013-03-01,3143.5400,3171.5000,3129.3999,3169.7400,1870250000
2013-03-04,3159.4600,3182.2700,3154.7900,3182.0300,1718290000
2013-03-05,3200.3799,3227.3101,3200.2700,3224.1299,1891510000
2013-03-06,3233.3101,3233.4399,3217.6699,3222.3701,1764020000
2013-03-07,3224.5000,3235.1001,3221.4700,3232.0901,1675640000
2013-03-08,3245.8501,3248.7000,3227.8899,3244.3701,1611700000
2013-03-11,3237.7400,3252.8701,3233.6699,3252.8701,1628500000
2013-03-12,3244.8501,3249.7800,3229.9199,3242.3201,1673740000
2013-03-13,3243.0400,3251.4500,3230.6201,3245.1201,1577280000
2013-03-14,3253.0000,3258.9299,3250.2400,3258.9299,1651650000
2013-03-15,3260.4600,3260.6201,3242.6499,3249.0701,2305230000
2013-03-18,3215.7100,3249.3701,3211.1001,3237.5901,1550510000
2013-03-19,3246.7000,3252.6001,3205.4199,3229.1001,1690680000
2013-03-20,3251.9099,3257.9900,3240.8999,3254.1899,1599120000
2013-03-21,3228.1699,3237.5701,3215.6899,3222.6001,1692260000
2013-03-22,3235.3000,3247.9399,3230.8601,3245.0000,1681360000
2013-03-25,3255.8501,3263.6299,3222.4800,3235.3000,1666010000
2013-03-26,3249.9500,3252.9299,3239.9199,3252.4800,1444500000
2013-03-27,3230.7600,3258.2600,3227.0200,3256.5200,1420130000
2013-03-28,3257.3201,3270.3000,3253.2100,3267.5200,1636800000
2013-04-01,3268.6299,3270.2300,3230.5701,3239.1699,1481360000
2013-04-02,3252.5500,3267.9299,3245.4099,3254.8601,1580800000
2013-04-03,3257.3799,3260.1499,3210.3899,3218.6001,1813910000
2013-04-04,3219.1101,3226.2400,3206.0200,3224.9800,1475720000
2013-04-05,3174.0000,3206.2100,3168.8799,3203.8601,1594090000
2013-04-08,3207.1499,3222.2600,3195.5701,3222.2500,1323520000
2013-04-09,3229.8101,3249.9500,3215.0200,3237.8601,1498130000
2013-04-10,3246.0601,3299.1599,3245.8000,3297.2500,1769870000
2013-04-11,3289.5901,3306.9500,3287.7400,3300.1599,1829170000
2013-04-12,3292.3899,3296.5000,3271.0200,3294.9500,1471180000
2013-04-15,3277.5801,3283.3999,3213.4600,3216.4900,1779320000
2013-04-16,3239.0500,3265.8401,3231.4500,3264.6299,1515400000
2013-04-17,3236.2500,3236.9800,3186.0801,3204.6699,1902730000
2013-04-18,3212.2400,3212.9700,3154.9600,3166.3601,1766000000
2013-04-19,3169.3201,3210.0300,3168.3301,3206.0601,1738850000
2013-04-22,3217.3999,3241.1599,3198.7400,3233.5500,1628340000
2013-04-23,3252.8000,3275.8899,3241.5200,3269.3301,1684770000
2013-04-24,3262.2100,3277.1201,3255.4399,3269.6499,1738590000
2013-04-25,3279.8201,3301.2800,3279.2900,3289.9900,2012230000
2013-04-26,3284.0701,3287.4800,3268.0300,3279.2600,1721970000
2013-04-29,3290.3101,3315.3301,3289.4199,3307.0200,1594110000
2013-04-30,3308.0500,3328.7900,3298.5801,3328.7900,1984270000
2013-05-01,3325.3501,3330.0200,3296.5000,3299.1299,1884600000
2013-05-02,3306.1499,3344.8999,3305.8101,3340.6201,1757480000
2013-05-03,3371.4099,3388.1201,3370.3000,3378.6299,1745570000
2013-05-06,3382.3301,3396.2100,3381.4399,3392.9700,1500410000
2013-05-07,3398.8401,3402.2400,3381.0400,3396.6299,1709800000
2013-05-08,3394.8899,3413.2700,3389.8000,3413.2700,1756400000
2013-05-09,3408.9399,3428.5400,3403.4299,3409.1699,1826220000
2013-05-10,3414.8401,3436.6001,3411.5901,3436.5801,1689730000
2013-05-13,3429.5300,3447.1001,3426.6699,3438.7900,1615510000
2013-05-14,3439.7200,3468.6699,3439.7200,3462.6101,1820520000
2013-05-15,3455.6699,3475.4800,3452.3101,3471.6201,1843910000
2013-05-16,3473.1599,3485.9500,3462.2400,3465.2400,1945760000
2013-05-17,3483.4099,3499.2000,3473.0400,3498.9700,1828610000
2013-05-20,3490.4600,3509.4099,3488.1299,3496.4299,1745260000
2013-05-21,3495.4600,3512.1499,3486.8799,3502.1201,1776780000
2013-05-22,3503.4800,3532.0400,3446.9600,3463.3000,2179330000
2013-05-23,3426.0701,3467.1299,3422.5100,3459.4199,1820670000
2013-05-24,3438.2800,3459.4700,3429.3101,3459.1399,1449210000
2013-05-28,3497.8999,3514.8000,3475.3899,3488.8899,1748070000
2013-05-29,3471.6699,3479.5300,3450.3999,3467.5200,1794650000
2013-05-30,3473.2100,3503.8201,3473.0400,3491.3000,1737320000
2013-05-31,3478.2200,3500.6699,3455.8401,3455.9099,1968270000
2013-06-03,3460.7600,3465.8401,3419.3899,3465.3701,2054100000
2013-06-04,3467.0200,3482.7500,3430.0200,3445.2600,1871640000
2013-06-05,3432.8501,3446.1499,3397.9099,3401.4800,1813890000
2013-06-06,3404.4099,3424.0500,3378.2400,3424.0500,1802700000
2013-06-07,3437.8401,3471.7300,3429.4299,3469.2200,1646810000
2013-06-10,3475.6799,3484.8101,3465.5400,3473.7700,1556520000
2013-06-11,3436.6201,3466.5701,3426.5701,3436.9500,1560370000
2013-06-12,3458.1399,3459.1799,3395.9099,3400.4299,1630200000
2013-06-13,3398.5400,3451.0300,3387.6101,3445.3601,1584740000
2013-06-14,3442.3101,3448.3999,3419.3201,3423.5601,1458030000
2013-06-17,3449.9700,3468.5601,3436.3401,3452.1299,1581830000
2013-06-18,3456.2900,3488.3101,3456.0901,3482.1799,1675090000
2013-06-19,3483.5901,3485.4500,3443.2000,3443.2000,1649200000
2013-06-20,3405.1399,3412.9399,3355.9299,3364.6399,2041500000
2013-06-21,3367.8101,3377.3000,3326.8601,3357.2500,2921900000
2013-06-24,3326.3799,3344.6599,3294.9500,3320.7600,2030960000
2013-06-25,3350.5901,3358.3101,3327.6899,3347.8899,1657280000
2013-06-26,3375.7000,3383.7000,3365.4800,3376.2200,1671280000
2013-06-27,3395.7900,3412.7900,3395.4099,3401.8601,1689800000
2013-06-28,3389.3000,3422.2000,3382.7500,3403.2500,3630410000
2013-07-01,3430.4800,3454.4299,3430.3101,3434.4900,1586750000
2013-07-02,3430.6899,3453.2900,3415.2300,3433.3999,1685190000
2013-07-03,3420.2700,3455.4199,3417.8799,3443.6699,935980000
2013-07-05,3468.4800,3479.4600,3441.7800,3479.3799,1254400000
2013-07-08,3493.8101,3495.5100,3475.3899,3484.8301,1521720000
2013-07-09,3501.2500,3508.8101,3484.7900,3504.2600,1633520000
2013-07-10,3502.1101,3522.9900,3502.0000,3520.7600,1567340000
2013-07-11,3557.7900,3579.2900,3552.5200,3578.3000,1744210000
2013-07-12,3579.5801,3600.0801,3576.5701,3600.0801,1615820000
2013-07-15,3601.0901,3609.5901,3591.5400,3607.4900,1449130000
2013-07-16,3611.0000,3611.3501,3589.6499,3598.5000,1590540000
2013-07-17,3608.1299,3615.7900,3600.6899,3610.0000,1564340000
2013-07-18,3610.0300,3624.5400,3607.0901,3611.2800,1719390000
2013-07-19,3581.8999,3589.0500,3578.5701,3587.6101,1785460000
2013-07-22,3599.8701,3601.9199,3587.4600,3600.3899,1507010000
2013-07-23,3606.7000,3606.7000,3576.9600,3579.2700,1620350000
2013-07-24,3605.2600,3606.2800,3573.5300,3579.6001,1856660000
2013-07-25,3589.4600,3606.1899,3579.2000,3605.1899,2203970000
2013-07-26,3584.8501,3613.3301,3581.2600,3613.1599,1796060000
2013-07-29,3604.2900,3618.8601,3592.8000,3599.1399,1545720000
2013-07-30,3612.3601,3629.1201,3606.3301,3616.4700,1763580000
2013-07-31,3627.6599,3649.3501,3624.7700,3626.3701,1942380000
2013-08-01,3654.1799,3678.5000,3653.7400,3675.7400,1863290000
2013-08-02,3671.1101,3689.5901,3663.8799,3689.5901,1683270000
2013-08-05,3682.6699,3694.1899,3681.3401,3692.9500,1471860000
2013-08-06,3685.3899,3690.3201,3654.6699,3665.7700,1444200000
2013-08-07,3658.5300,3663.2000,3633.5901,3654.0100,1659780000
2013-08-08,3672.2100,3675.7100,3649.6399,3669.1201,1702950000
2013-08-09,3664.2700,3677.8301,3649.6899,3660.1101,1546570000
2013-08-12,3645.7800,3673.5100,3645.3899,3669.9500,1422420000
2013-08-13,3675.3701,3691.0601,3648.8201,3684.4399,1644730000
2013-08-14,3683.9700,3686.5500,3668.7400,3669.2700,1589370000
2013-08-15,3625.3601,3626.7700,3600.9600,3606.1201,1742510000
2013-08-16,3603.7800,3621.4600,3598.6499,3602.7800,1520430000
2013-08-19,3601.8799,3623.4800,3589.0300,3589.0901,1381050000
2013-08-20,3596.7700,3625.2600,3593.1399,3613.5901,1308280000
2013-08-21,3603.6799,3630.2300,3589.0200,3599.7900,1438510000
2013-08-22,3614.1399,3639.2100,3613.9299,3638.7100,927400000
2013-08-23,3659.2100,3660.6599,3643.8601,3657.7900,1499890000
2013-08-26,3661.8101,3684.2200,3652.2600,3657.5701,1404230000
2013-08-27,3616.0601,3629.9500,3573.5701,3578.5200,1640040000
2013-08-28,3579.1101,3607.3601,3578.8000,3593.3501,1370650000
2013-08-29,3587.0701,3635.8401,3587.0701,3620.3000,1344900000
2013-08-30,3621.5901,3621.7800,3581.0500,3589.8701,1328320000
2013-09-03,3622.6399,3637.0601,3593.6201,3612.6101,1628810000
2013-09-04,3619.0500,3651.7800,3612.2200,3649.0400,1855980000
2013-09-05,3652.4399,3665.0100,3651.1699,3658.7800,1550180000
2013-09-06,3672.8201,3677.0701,3618.7700,3660.0100,1647310000
2013-09-09,3675.1201,3708.4199,3675.1201,3706.1799,1664290000
2013-09-10,3724.6699,3729.3799,3716.4399,3729.0200,1842570000
2013-09-11,3710.7900,3726.5901,3704.2200,3725.0100,1722380000
2013-09-12,3724.5300,3731.8401,3713.0801,3715.9700,1653860000
2013-09-13,3723.2700,3724.7300,3701.8799,3722.1799,1460190000
2013-09-16,3755.0000,3756.2400,3712.4700,3717.8501,1542500000
2013-09-17,3725.3101,3747.0801,3724.2600,3745.7000,1338800000
2013-09-18,3751.2900,3790.7000,3737.6899,3783.6399,1828820000
2013-09-19,3794.7000,3798.1599,3781.5901,3789.3799,1775980000
2013-09-20,3796.2800,3798.7600,3774.1101,3774.7300,2711270000
2013-09-23,3786.8401,3787.1399,3745.5400,3765.2900,1728620000
2013-09-24,3771.6001,3789.8501,3753.0400,3768.2500,1810950000
2013-09-25,3772.5901,3782.9199,3754.9399,3761.1001,1821790000
2013-09-26,3774.9500,3795.7200,3772.8000,3787.4299,1817960000
2013-09-27,3767.8899,3788.3501,3762.6699,3781.5901,1699720000
2013-09-30,3737.6001,3780.9700,3734.7400,3771.4800,1895760000
2013-10-01,3774.1799,3817.9800,3774.1799,3817.9800,1843320000
2013-10-02,3793.1101,3819.2800,3788.4500,3815.0200,1792980000
2013-10-03,3809.8999,3816.9600,3753.1699,3774.3401,1884340000
2013-10-04,3774.7200,3812.8601,3773.3999,3807.7500,1549600000
2013-10-07,3776.6399,3800.0801,3769.7500,3770.3799,1475990000
2013-10-08,3772.2200,3772.4900,3694.1499,3694.8301,2087580000
2013-10-09,3701.6201,3702.1499,3650.0300,3677.7800,2242700000
2013-10-10,3721.5801,3764.7200,3721.1101,3760.7500,1902410000
2013-10-11,3753.2200,3794.3701,3751.3799,3791.8701,1750350000
2013-10-14,3767.4900,3816.4099,3766.2800,3815.2800,1455160000
2013-10-15,3810.7200,3824.4399,3789.6799,3794.0100,1745560000
2013-10-16,3815.0000,3840.4800,3814.1499,3839.4299,1744000000
2013-10-17,3822.8501,3863.4900,3821.4299,3863.1499,1975140000
2013-10-18,3893.3601,3914.9299,3882.0601,3914.2800,1943090000
2013-10-21,3922.6499,3931.4500,3909.9099,3920.0500,1674470000
2013-10-22,3935.5400,3947.6699,3904.0601,3929.5701,1890500000
2013-10-23,3907.3000,3911.6399,3887.6699,3907.0701,1915030000
2013-10-24,3911.6101,3932.6001,3907.5400,3928.9600,2054350000
2013-10-25,3955.9800,3961.1001,3927.5000,3943.3601,2225780000
2013-10-28,3942.5601,3947.5801,3927.0901,3940.1299,1904810000
2013-10-29,3954.3401,3957.1201,3934.9399,3952.3401,1897380000
2013-10-30,3962.3999,3966.7100,3919.1399,3930.6201,1923000000
2013-10-31,3924.3401,3945.0400,3909.2600,3919.7100,2139650000
2013-11-01,3932.4500,3938.4800,3904.2000,3922.0400,1949460000
2013-11-04,3932.6001,3937.5000,3919.4600,3936.5901,1817880000
2013-11-05,3925.0601,3947.2700,3909.6299,3939.8601,1934630000
2013-11-06,3952.1799,3955.9700,3920.9099,3931.9500,2020160000
2013-11-07,3935.8101,3938.3301,3855.0701,3857.3301,2303320000
2013-11-08,3871.2400,3919.2300,3869.1201,3919.2300,1981740000
2013-11-11,3913.6399,3925.3401,3904.7200,3919.7900,1595340000
2013-11-12,3907.8201,3922.2700,3902.6699,3919.9199,1776860000
2013-11-13,3899.3799,3965.5801,3899.3101,3965.5801,1827220000
2013-11-14,3956.4700,3975.8899,3949.0100,3972.7400,1965350000
2013-11-15,3978.2700,3985.9700,3969.2200,3985.9700,1899150000
2013-11-18,3990.0601,3994.9700,3942.8501,3949.0701,1829870000
2013-11-19,3945.9800,3960.4399,3923.4700,3931.5500,1747840000
2013-11-20,3940.9800,3952.0801,3911.6101,3921.2700,1721160000
2013-11-21,3938.1101,3970.9099,3936.8201,3969.1599,1684250000
2013-11-22,3977.3101,3991.6599,3973.0000,3991.6499,1730280000
2013-11-25,4004.3701,4007.0901,3987.1599,3994.5701,1795760000
2013-11-26,3996.7000,4026.9900,3989.4900,4017.7500,1907680000
2013-11-27,4026.9199,4045.8101,4023.6499,4044.7500,1477020000
2013-11-29,4057.1599,4069.7000,4055.4500,4059.8899,853500000
2013-12-02,4065.6599,4068.4900,4040.8799,4045.2600,1680380000
2013-12-03,4038.9900,4050.0801,4022.1201,4037.2000,1875010000
2013-12-04,4020.3301,4051.7400,4004.7600,4038.0000,1886970000
2013-12-05,4037.9900,4043.7100,4025.2600,4033.1699,1880950000
2013-12-06,4069.8601,4069.8601,4042.3501,4062.5200,1727130000
2013-12-09,4073.7500,4081.7800,4063.5000,4068.7500,1717120000
2013-12-10,4061.1699,4074.0100,4056.4900,4060.4900,1864860000
2013-12-11,4061.6699,4065.0801,3998.9199,4003.8101,1923520000
2013-12-12,4004.7500,4013.5400,3993.5701,3998.3999,1893270000
2013-12-13,4015.5300,4017.4500,3992.2900,4000.9800,1615340000
2013-12-16,4019.3701,4043.0000,4019.1399,4029.5200,1943830000
2013-12-17,4028.8799,4034.6899,4011.5801,4023.6799,1861130000
2013-12-18,4024.6699,4070.3799,3979.5901,4070.0601,2178330000
2013-12-19,4059.3401,4063.7000,4045.4099,4058.1399,1813050000
2013-12-20,4064.8899,4111.9302,4064.7300,4104.7402,3510420000
2013-12-23,4136.1499,4149.3101,4127.7202,4148.8999,1779400000
2013-12-24,4150.6401,4155.6201,4147.1499,4155.4199,802270000
2013-12-26,4164.2100,4169.9702,4158.5898,4167.1802,1180670000
2013-12-27,4173.3599,4175.3599,4153.6401,4156.5898,1255020000
2013-12-30,4153.5801,4158.7300,4142.1802,4154.2002,1349470000
2013-12-31,4161.5098,4177.7300,4160.7700,4176.5898,1401140000
2014-01-02,4160.0298,4160.9600,4131.7900,4143.0698,1738820000
2014-01-03,4148.5601,4152.9600,4124.9600,4131.9102,1667480000
2014-01-06,4137.0298,4139.7798,4103.7500,4113.6802,2292840000
2014-01-07,4128.5698,4158.1802,4126.4800,4153.1802,2278220000
2014-01-08,4154.2798,4171.7500,4145.0000,4165.6099,2345220000
2014-01-09,4179.0400,4182.7402,4142.7002,4156.1899,2214770000
2014-01-10,4168.9399,4174.6802,4142.2100,4174.6699,2143070000
2014-01-13,4167.4102,4179.4702,4097.9902,4113.2998,2322240000
2014-01-14,4129.6001,4183.8398,4125.8101,4183.0200,2034180000
2014-01-15,4196.5298,4218.7900,4195.9800,4214.8799,2101870000
2014-01-16,4209.5898,4219.2798,4204.1602,4218.6899,2005850000
2014-01-17,4207.8198,4217.2402,4187.3101,4197.5801,2150370000
2014-01-21,4222.9800,4227.9302,4193.1699,4225.7598,2034030000
2014-01-22,4234.5801,4246.5498,4225.5200,4243.0000,2026910000
2014-01-23,4224.3599,4224.4399,4192.2798,4218.8799,2191980000
2014-01-24,4194.9702,4197.9302,4128.1699,4128.1699,2489470000
2014-01-27,4132.2202,4136.4600,4052.6299,4083.6101,2398280000
2014-01-28,4067.8601,4099.8101,4067.6899,4097.9600,2091180000
2014-01-29,4060.6101,4091.2700,4044.7600,4051.4299,2231850000
2014-01-30,4098.8101,4135.8398,4094.1699,4123.1299,2168410000
2014-01-31,4068.6299,4124.9199,4067.6101,4103.8799,2300570000
2014-02-03,4105.0601,4113.5498,3989.9500,3996.9600,2617030000
2014-02-04,4019.4399,4044.2000,4004.5801,4031.5200,2173360000
2014-02-05,4015.5000,4026.2800,3968.1899,4011.5500,2168360000
2014-02-06,4022.6599,4064.0601,4022.1699,4057.1201,1942700000
2014-02-07,4081.8201,4126.5098,4069.9299,4125.8599,2055850000
2014-02-10,4125.1201,4148.2998,4122.6099,4148.1699,1811970000
2014-02-11,4154.6602,4198.5098,4153.1001,4191.0498,1993950000
2014-02-12,4196.8501,4212.6099,4190.3901,4201.2900,2035890000
2014-02-13,4171.5801,4240.6699,4170.4702,4240.6699,2249990000
2014-02-14,4237.0000,4250.9102,4225.7500,4244.0200,1881510000
2014-02-18,4253.7100,4277.3301,4243.5601,4272.7798,1886210000
2014-02-19,4260.7402,4274.2900,4232.3799,4237.9502,1956720000
2014-02-20,4241.4600,4272.3398,4226.7500,4267.5498,1992780000
2014-02-21,4282.1699,4284.8501,4261.6299,4263.4102,2138250000
2014-02-24,4273.3198,4311.1299,4272.1099,4292.9702,2161300000
2014-02-25,4298.4800,4307.5098,4275.7998,4287.5898,2137150000
2014-02-26,4300.4502,4316.8198,4278.5400,4292.0601,2108270000
2014-02-27,4291.4702,4322.4600,4284.7798,4318.9302,2049160000
2014-02-28,4323.5200,4342.5898,4275.6099,4308.1201,2617730000
2014-03-03,4261.4199,4284.1499,4239.6499,4277.2998,2077500000
2014-03-04,4327.8501,4357.2100,4327.5400,4351.9702,2477850000
2014-03-05,4352.7598,4362.5000,4344.1499,4357.9702,2215980000
2014-03-06,4368.8101,4371.7100,4341.0000,4352.1299,2136260000
2014-03-07,4370.9800,4371.3901,4319.1499,4336.2202,2175560000
2014-03-10,4332.6201,4339.9302,4307.8398,4334.4502,2111610000
2014-03-11,4342.9302,4354.4302,4295.4702,4307.1899,2477780000
2014-03-12,4288.6001,4323.3301,4270.2202,4323.3301,2131880000
2014-03-13,4338.2598,4339.8999,4242.9502,4260.4199,2383600000
2014-03-14,4250.4502,4272.3398,4241.9399,4245.3999,2196890000
2014-03-17,4274.2202,4301.2798,4273.0098,4279.9502,1810410000
2014-03-18,4286.2202,4334.6602,4284.1099,4333.3101,1962890000
2014-03-19,4331.4600,4334.2998,4283.5400,4307.6001,1992750000
2014-03-20,4297.9902,4329.6099,4287.4102,4319.2900,1847270000
2014-03-21,4339.8999,4344.3901,4268.3398,4276.7900,3245740000
2014-03-24,4289.4902,4289.4902,4190.6099,4226.3901,2434650000
2014-03-25,4252.6499,4274.3198,4203.6401,4234.2700,2270760000
2014-03-26,4254.9800,4263.0698,4173.5801,4173.5801,2455460000
2014-03-27,4169.3501,4186.1299,4131.8101,4151.2300,2270650000
2014-03-28,4163.1802,4203.4902,4144.6899,4155.7598,2029840000
2014-03-31,4185.6299,4212.9702,4180.5400,4198.9902,2090850000
2014-04-01,4219.8701,4268.2002,4218.7700,4268.0400,2153130000
2014-04-02,4281.6099,4286.0898,4258.8599,4276.4600,2187100000
2014-04-03,4282.1802,4284.6899,4216.5698,4237.7402,2067370000
2014-04-04,4263.9399,4267.0601,4118.7100,4127.7300,2621270000
2014-04-07,4110.9199,4133.6802,4052.1399,4079.7500,2554680000
2014-04-08,4085.1799,4120.2402,4066.1101,4112.9902,2198900000
2014-04-09,4129.6299,4185.1899,4121.1699,4183.8999,1957560000
2014-04-10,4181.2100,4182.6099,4042.7600,4054.1101,2421210000
2014-04-11,4015.0701,4067.2200,3991.6399,3999.7300,2264480000
2014-04-14,4038.0601,4050.7900,3986.5000,4022.6899,1890480000
2014-04-15,4032.6299,4054.8000,3946.0300,4034.1599,2413110000
2014-04-16,4066.8201,4086.2800,4038.8101,4086.2300,1863110000
2014-04-17,4080.3000,4110.4600,4064.7000,4095.5200,1954720000
2014-04-21,4105.3701,4121.5498,4081.9099,4121.5498,1544440000
2014-04-22,4132.0601,4170.7202,4131.6099,4161.4600,1875930000
2014-04-23,4160.8999,4161.4399,4125.4102,4126.9702,1794760000
2014-04-24,4174.6099,4177.1602,4107.5200,4148.3398,2130870000
2014-04-25,4125.1602,4126.9800,4068.1001,4075.5601,2087140000
2014-04-28,4091.8101,4111.5898,4014.1699,4074.3999,2348320000
2014-04-29,4089.5100,4111.4502,4070.2500,4103.5400,1911240000
2014-04-30,4085.1899,4116.1401,4070.6299,4114.5601,2151400000
2014-05-01,4121.2500,4149.5601,4105.6099,4127.4502,2077040000
2014-05-02,4138.6299,4145.0601,4115.8901,4123.8999,1844790000
2014-05-05,4099.2500,4138.3398,4086.3501,4138.0601,1561170000
2014-05-06,4128.2202,4132.4600,4080.7600,4080.7600,1850610000
2014-05-07,4085.4900,4091.0300,4021.0500,4067.6699,2486030000
2014-05-08,4053.2800,4109.2002,4039.9099,4051.5000,2411940000
2014-05-09,4043.4399,4071.8701,4025.2400,4071.8701,1976160000
2014-05-12,4092.8401,4146.5400,4092.0901,4143.8599,1880020000
2014-05-13,4144.8999,4155.1299,4128.0098,4130.1699,1923480000
2014-05-14,4122.0801,4132.3301,4093.8301,4100.6299,1764430000
2014-05-15,4096.5298,4098.2500,4035.9600,4069.2900,2083030000
2014-05-16,4070.3501,4091.1599,4044.2700,4090.5901,1741070000
2014-05-19,4080.3301,4128.4702,4075.7000,4125.8101,1601400000
2014-05-20,4121.1099,4124.8599,4080.6101,4096.8901,1797910000
2014-05-21,4105.9600,4133.6099,4103.6099,4131.5400,1703500000
2014-05-22,4136.0898,4164.8501,4131.4702,4154.3398,1835810000
2014-05-23,4159.7798,4186.5801,4148.2998,4185.8101,1536610000
2014-05-27,4206.4399,4237.0698,4204.7202,4237.0698,1812330000
2014-05-28,4234.9600,4238.1699,4216.8901,4225.0801,1785140000
2014-05-29,4238.0400,4247.9502,4228.9600,4247.9502,1714000000
2014-05-30,4251.4902,4252.0801,4221.9502,4242.6201,1903660000
2014-06-02,4247.9600,4247.9600,4207.6099,4237.2002,1631310000
2014-06-03,4222.0400,4240.3501,4215.7998,4234.0801,1718640000
2014-06-04,4222.2100,4256.1899,4216.2300,4251.6401,1610090000
2014-06-05,4259.1201,4299.5000,4241.6802,4296.2300,1926750000
2014-06-06,4312.7598,4322.5098,4305.7402,4321.3999,1616650000
2014-06-09,4324.3501,4346.7402,4320.2798,4336.2402,1783060000
2014-06-10,4329.2002,4338.8701,4319.9302,4338.0000,1787120000
2014-06-11,4322.9199,4338.2100,4315.4902,4331.9302,1778460000
2014-06-12,4323.1099,4328.3501,4284.5298,4297.6299,1908190000
2014-06-13,4315.3101,4317.6699,4288.4102,4310.6499,1754560000
2014-06-16,4303.9302,4326.8901,4296.2598,4321.1001,1675120000
2014-06-17,4316.0098,4346.1201,4311.1499,4337.2300,1814360000
2014-06-18,4341.1802,4365.1001,4320.5400,4362.8398,1860660000
2014-06-19,4370.1401,4372.1802,4339.6099,4359.3301,1845460000
2014-06-20,4365.3701,4368.7998,4354.0298,4368.0400,2721380000
2014-06-23,4368.9600,4371.8101,4358.6802,4368.6802,1712930000
2014-06-24,4367.8999,4399.8701,4342.8999,4350.3501,2014700000
2014-06-25,4341.8198,4383.5498,4339.4102,4379.7598,1722820000
2014-06-26,4379.4399,4379.7998,4347.4502,4379.0498,1554070000
2014-06-27,4371.7998,4398.8501,4371.6001,4397.9302,3964930000
2014-06-30,4398.3701,4417.4600,4396.5898,4408.1802,1848110000
2014-07-01,4424.7100,4471.6001,4424.4302,4458.6499,1942550000
2014-07-02,4457.8599,4466.9199,4450.8701,4457.7300,1599480000
2014-07-03,4472.8901,4485.9302,4463.8501,4485.9302,1001730000
2014-07-07,4477.7402,4478.0200,4447.6001,4451.5298,1691390000
2014-07-08,4442.8701,4443.5601,4372.0400,4391.4600,2221820000
2014-07-09,4403.0298,4421.9302,4388.0098,4419.0298,1736960000
2014-07-10,4352.0400,4415.8501,4351.0400,4396.2002,1682920000
2014-07-11,4401.0498,4417.1602,4389.2900,4415.4902,1511250000
2014-07-14,4441.3901,4451.6001,4432.9502,4440.4199,1579660000
2014-07-15,4444.9102,4451.9302,4389.7002,4416.3901,1772030000
2014-07-16,4446.1699,4448.8701,4419.7100,4425.9702,2059340000
2014-07-17,4411.5200,4425.3799,4352.2300,4363.4502,2055240000
2014-07-18,4379.9399,4434.4399,4378.2202,4432.1499,1823580000
2014-07-21,4421.2002,4432.4199,4404.5098,4424.7002,1557820000
2014-07-22,4444.9399,4464.1299,4443.3501,4456.0200,1724440000
2014-07-23,4468.1602,4480.7300,4457.9502,4473.7002,1909810000
2014-07-24,4481.6099,4485.5000,4465.9399,4472.1099,1935090000
2014-07-25,4448.0601,4457.9502,4430.4302,4449.5601,1711430000
2014-07-28,4451.1201,4455.3901,4413.9199,4444.9102,1783250000
2014-07-29,4456.0698,4470.9702,4441.0298,4442.7002,2090810000
2014-07-30,4468.4399,4476.0601,4444.5098,4462.8999,1872430000
2014-07-31,4421.2900,4430.7998,4367.1499,4369.7700,2273380000
2014-08-01,4363.3901,4385.0498,4324.0200,4352.6401,2050340000
2014-08-04,4365.6201,4395.3799,4343.0298,4383.8901,1677400000
2014-08-05,4364.5898,4383.0200,4333.5801,4352.8398,1916180000
2014-08-06,4326.2798,4378.9902,4325.0400,4355.0498,1819310000
2014-08-07,4373.2500,4379.7002,4321.8901,4334.9702,1866330000
2014-08-08,4340.8799,4373.1201,4327.8701,4370.8999,1759060000
2014-08-11,4387.3799,4415.7798,4384.1499,4401.3301,1537880000
2014-08-12,4394.6899,4407.0801,4371.8398,4389.2500,1560220000
2014-08-13,4407.8701,4434.3101,4403.6401,4434.1299,1611690000
2014-08-14,4438.1299,4453.0000,4433.9399,4453.0000,1549820000
2014-08-15,4479.6401,4482.4702,4427.1299,4464.9302,1799460000
2014-08-18,4490.5298,4509.1602,4486.4399,4508.3101,1571100000
2014-08-19,4514.2598,4528.9102,4513.9199,4527.5098,1556560000
2014-08-20,4517.7500,4533.0098,4515.7300,4526.4800,1502290000
2014-08-21,4526.7202,4534.0000,4513.8101,4532.1001,1421730000
2014-08-22,4534.8701,4547.2402,4521.7700,4538.5498,1311810000
2014-08-25,4563.7202,4571.1401,4547.7798,4557.3501,1384620000
2014-08-26,4563.8101,4575.5898,4556.7798,4570.6401,1469620000
2014-08-27,4574.3501,4575.8101,4561.8398,4569.6201,1389470000
2014-08-28,4552.5498,4565.9600,4546.6201,4557.7002,1309580000
2014-08-29,4571.7598,4580.2700,4553.7798,4580.2700,1352830000
2014-09-02,4592.4199,4598.6401,4576.8101,4598.1899,1859080000
2014-09-03,4610.1401,4610.1401,4565.3799,4572.5601,1897450000
2014-09-04,4581.5200,4603.1499,4553.3101,4562.2900,1728700000
2014-09-05,4560.6299,4583.0000,4542.7402,4582.8999,1641830000
2014-09-08,4579.0601,4600.3999,4570.2300,4592.2900,1670210000
2014-09-09,4588.8301,4599.0298,4544.4399,4552.2900,1956550000
2014-09-10,4554.1499,4587.1001,4544.8398,4586.5200,1808650000
2014-09-11,4567.6401,4591.8101,4559.7500,4591.8101,1704850000
2014-09-12,4588.7700,4590.0801,4555.6802,4567.6001,1784170000
2014-09-15,4567.4502,4567.4702,4506.7300,4518.8999,1940520000
2014-09-16,4502.1099,4558.2402,4499.8701,4552.7598,1879350000
2014-09-17,4553.9600,4582.3999,4539.3599,4562.1899,1796710000
2014-09-18,4575.7402,4593.9800,4572.6201,4593.4302,1774840000
2014-09-19,4606.1299,4610.5698,4563.4399,4579.7900,3178490000
2014-09-22,4568.4502,4568.8701,4513.1201,4527.6899,1881520000
2014-09-23,4511.3198,4536.0298,4508.4199,4508.6899,1847730000
2014-09-24,4514.9199,4557.2700,4500.1299,4555.2202,1765260000
2014-09-25,4540.8198,4546.9302,4466.6401,4466.7500,1939610000
2014-09-26,4476.4800,4515.7500,4475.4800,4512.1899,1637480000
2014-09-29,4465.8398,4515.2402,4464.4399,4505.8501,1737750000
2014-09-30,4512.6401,4522.0601,4483.9102,4493.3901,2200380000
2014-10-01,4486.6499,4486.7900,4409.2998,4422.0898,2312630000
2014-10-02,4421.2500,4441.9502,4367.7402,4430.2002,2165500000
2014-10-03,4456.8101,4488.0698,4445.7202,4475.6201,1777640000
2014-10-06,4492.3999,4496.2598,4444.1001,4454.7998,1828240000
2014-10-07,4433.9102,4441.7598,4385.1499,4385.2002,2111360000
2014-10-08,4385.7002,4473.7300,4355.3398,4468.5898,2451630000
2014-10-09,4458.2900,4464.1299,4377.2798,4378.3398,2264220000
2014-10-10,4354.6299,4380.5098,4276.2402,4276.2402,2765750000
2014-10-13,4274.9102,4303.8198,4212.8701,4213.6602,2467830000
2014-10-14,4246.2300,4281.3398,4212.8198,4227.1699,2496120000
2014-10-15,4154.1001,4231.5400,4116.6001,4215.3198,3058740000
2014-10-16,4133.2500,4246.0098,4131.6499,4217.3901,2591940000
2014-10-17,4275.0898,4296.1099,4241.6699,4258.4399,2260070000
2014-10-20,4254.1602,4316.8701,4248.2202,4316.0698,1717370000
2014-10-21,4359.1699,4419.4800,4356.1001,4419.4800,1997580000
2014-10-22,4429.1602,4435.8599,4381.2798,4382.8501,1967020000
2014-10-23,4427.4399,4475.5498,4421.5601,4452.7900,1952380000
2014-10-24,4459.4600,4486.2598,4445.8501,4483.7202,1754300000
2014-10-27,4469.0200,4489.6001,4450.2900,4485.9302,1585580000
2014-10-28,4505.7300,4564.2900,4505.1099,4564.2900,1966920000
2014-10-29,4551.3701,4564.4399,4517.0200,4549.2300,2184050000
2014-10-30,4532.1001,4575.5000,4521.7900,4566.1401,2034960000
2014-10-31,4639.4502,4641.5098,4616.5801,4630.7402,2424360000
2014-11-03,4633.7100,4654.1899,4627.4199,4638.9102,2033000000
2014-11-04,4623.7700,4635.9502,4594.9199,4623.6401,1939320000
2014-11-05,4649.4702,4650.3901,4607.7300,4620.7202,2001870000
2014-11-06,4616.7798,4639.1699,4604.7598,4638.4702,1986820000
2014-11-07,4636.8901,4638.7998,4606.8101,4632.5298,1978830000
2014-11-10,4635.1001,4653.3799,4626.4902,4651.6201,1830010000
2014-11-11,4649.1899,4661.2300,4640.2402,4660.5601,1663690000
2014-11-12,4644.6299,4678.5801,4643.7798,4675.1401,1773060000
2014-11-13,4681.5601,4703.1001,4664.2700,4680.1401,1857580000
2014-11-14,4679.8501,4688.7402,4664.3101,4688.5400,1739950000
2014-11-17,4678.4399,4689.5298,4655.2002,4671.0000,1695070000
2014-11-18,4674.8398,4709.8301,4674.2998,4702.4399,1655760000
2014-11-19,4694.7798,4696.2002,4655.7202,4675.7100,1641560000
2014-11-20,4655.2002,4702.9702,4653.3301,4701.8701,1667330000
2014-11-21,4751.0098,4751.6001,4700.7300,4712.9702,1854340000
2014-11-24,4725.1699,4755.0200,4723.6201,4754.8901,1568130000
2014-11-25,4762.3901,4774.5200,4749.9199,4758.2500,1720140000
2014-11-26,4760.2300,4788.0000,4757.4800,4787.3198,1362930000
2014-11-28,4797.1001,4810.8599,4786.7202,4791.6299,998600000
2014-12-01,4777.7300,4782.0698,4724.6201,4727.3501,1893600000
2014-12-02,4732.9702,4761.6299,4729.7598,4755.8101,1839170000
2014-12-03,4761.3101,4781.3701,4745.1401,4774.4702,1734510000
2014-12-04,4772.0000,4785.4102,4753.7100,4769.4399,1724090000
2014-12-05,4776.5801,4788.9800,4769.6401,4780.7598,1767100000
2014-12-08,4769.7598,4793.2402,4722.9102,4740.6899,1966770000
2014-12-09,4685.2002,4768.4102,4674.3799,4766.4702,1950330000
2014-12-10,4754.4199,4766.6401,4679.2500,4684.0200,1850810000
2014-12-11,4704.6499,4759.8799,4699.4302,4708.1602,1873050000
2014-12-12,4665.3501,4707.9199,4653.6001,4653.6001,1888870000
2014-12-15,4679.6699,4690.5801,4592.4302,4605.1602,2143610000
2014-12-16,4572.7900,4645.1899,4547.3101,4547.8301,2231670000
2014-12-17,4556.8999,4651.8999,4550.7002,4644.3101,2279930000
2014-12-18,4712.3901,4748.3999,4697.0898,4748.3999,2172260000
2014-12-19,4752.6001,4782.1299,4738.2900,4765.3799,3287920000
2014-12-22,4759.0400,4781.9302,4757.7998,4781.4199,1720070000
2014-12-23,4798.0298,4798.0601,4761.3901,4765.4199,1590820000
2014-12-24,4770.1201,4787.5698,4768.6699,4773.4702,729750000
2014-12-26,4788.0601,4814.9502,4787.8501,4806.8599,930220000
2014-12-29,4801.2598,4813.7202,4798.8999,4806.9102,1227740000
2014-12-30,4793.6099,4803.8901,4772.8799,4777.4399,1269200000
2014-12-31,4790.5298,4806.4302,4734.1099,4736.0498,1515600000
2015-01-02,4760.2402,4777.0098,4698.1099,4726.8101,1435150000
2015-01-05,4700.3398,4702.7700,4641.4600,4652.5698,1794470000
2015-01-06,4666.8501,4667.3301,4567.5898,4592.7402,2167320000
2015-01-07,4626.8398,4652.7202,4613.8999,4650.4702,1957950000
2015-01-08,4689.5400,4741.3799,4688.0200,4736.1899,2105450000
2015-01-09,4744.4702,4744.7100,4681.2402,4704.0698,1715830000
2015-01-12,4714.0698,4715.8101,4650.6499,4664.7100,1861960000
2015-01-13,4708.7402,4751.3398,4624.2798,4661.5000,2162180000
2015-01-14,4610.7598,4655.3701,4595.9800,4639.3198,2073810000
2015-01-15,4657.4600,4663.9600,4567.3901,4570.8198,1976260000
2015-01-16,4566.3799,4635.8198,4563.1099,4634.3799,1970520000
2015-01-20,4655.8398,4665.6499,4601.1001,4654.8501,1835040000
2015-01-21,4641.9502,4692.4600,4629.5898,4667.4199,1847420000
2015-01-22,4690.9302,4752.6001,4644.5698,4750.3999,1996550000
2015-01-23,4748.1899,4771.1802,4737.9502,4757.8799,1653830000
2015-01-26,4752.3599,4774.1802,4734.2002,4771.7598,1717510000
2015-01-27,4698.2300,4721.8701,4659.8301,4681.5000,1954160000
2015-01-28,4740.6899,4742.0601,4637.4800,4637.9902,2118680000
2015-01-29,4635.7300,4688.4102,4601.7598,4683.4102,2110710000
2015-01-30,4671.2100,4703.8101,4631.1001,4635.2402,2264230000
2015-02-02,4650.6001,4676.6899,4580.4600,4676.6899,2006450000
2015-02-03,4693.2500,4727.7402,4670.8198,4727.7402,2153520000
2015-02-04,4699.8101,4744.3301,4697.7900,4716.7002,2212960000
2015-02-05,4729.6499,4767.3799,4722.7998,4765.1001,2036590000
2015-02-06,4768.8398,4787.1802,4731.2202,4744.3999,2034060000
2015-02-09,4723.7300,4749.4702,4719.6099,4726.0098,1654680000
2015-02-10,4754.6299,4793.2700,4737.1201,4787.6401,1773730000
2015-02-11,4788.3701,4810.3599,4780.1299,4801.1802,1793630000
2015-02-12,4828.0801,4857.6099,4823.5698,4857.6099,2075470000
2015-02-13,4869.7300,4893.8398,4860.1201,4893.8398,1942240000
2015-02-17,4889.9902,4901.8901,4880.6401,4899.2700,1751490000
2015-02-18,4890.8398,4907.5000,4885.6001,4906.3599,1684800000
2015-02-19,4901.5098,4929.5298,4900.6299,4924.7002,1592890000
2015-02-20,4919.7798,4957.0200,4905.5898,4955.9702,1761140000
2015-02-23,4953.1001,4960.9702,4939.5601,4960.9702,1754850000
2015-02-24,4956.2100,4971.1802,4945.1401,4968.1201,1834890000
2015-02-25,4960.3599,4984.2402,4956.0000,4967.1401,1848560000
2015-02-26,4969.2700,4989.1099,4955.5098,4987.8901,1905550000
2015-02-27,4985.0298,4989.2500,4960.8701,4963.5298,1955590000
2015-03-02,4973.4302,5008.5698,4972.0098,5008.1001,1931110000
2015-03-03,4990.7002,4996.6602,4956.0698,4979.8999,2018900000
2015-03-04,4961.2402,4973.3198,4938.8999,4967.1401,1824830000
2015-03-05,4979.9502,4993.5200,4963.1001,4982.8101,1724200000
2015-03-06,4967.2402,4982.9302,4918.6299,4927.3701,1918220000
2015-03-09,4936.0801,4950.4702,4920.8198,4942.4399,1696510000
2015-03-10,4899.5098,4903.4399,4859.7900,4859.7900,1876010000
2015-03-11,4866.9399,4876.0898,4846.7900,4849.9399,1846020000
2015-03-12,4853.9800,4895.7998,4853.2002,4893.2900,1855110000
2015-03-13,4885.5400,4904.4702,4842.7998,4871.7598,1851410000
2015-03-16,4897.2700,4929.9399,4889.0898,4929.5098,1713480000
2015-03-17,4912.6499,4944.9102,4907.0200,4937.4302,1724370000
2015-03-18,4926.8301,5001.5698,4907.7202,4982.8301,1983570000
2015-03-19,4982.0200,5000.0200,4979.9399,4992.3799,1674970000
2015-03-20,5033.4702,5042.1401,5020.0698,5026.4199,2825670000
2015-03-23,5020.6001,5031.3901,5010.9702,5010.9702,1608880000
2015-03-24,5010.1001,5032.4800,4994.5601,4994.7300,1611670000
2015-03-25,5002.8301,5006.7598,4876.5200,4876.5200,2219520000
2015-03-26,4835.7100,4889.2100,4825.9302,4863.3599,2004960000
2015-03-27,4863.7402,4899.2598,4859.6602,4891.2202,1678650000
2015-03-30,4921.7798,4948.4600,4921.1201,4947.4399,1778520000
2015-03-31,4925.9102,4940.8701,4899.3101,4900.8799,1837660000
2015-04-01,4894.3599,4899.3799,4844.3901,4880.2300,1874960000
2015-04-02,4885.4102,4901.3301,4872.9600,4886.9399,1563670000
2015-04-06,4855.9399,4929.6201,4852.9102,4917.3198,1737560000
2015-04-07,4917.5000,4948.8799,4909.7700,4910.2300,1572940000
2015-04-08,4914.1499,4956.7202,4914.1499,4950.8198,1714210000
2015-04-09,4950.8398,4975.9302,4928.1099,4974.5601,1729750000
2015-04-10,4977.0298,4996.0801,4970.0200,4995.9800,1494240000
2015-04-13,5001.5498,5024.2500,4985.9600,4988.2500,1544190000
2015-04-14,4988.8198,4996.8198,4952.0098,4977.2900,1571360000
2015-04-15,4992.6201,5021.1899,4989.2402,5011.0200,1795530000
2015-04-16,4999.3599,5016.0000,4996.0000,5007.7900,1662850000
2015-04-17,4966.1099,4974.0898,4912.3301,4931.8101,1985190000
2015-04-20,4958.0698,5000.2002,4952.6802,4994.6001,1646340000
2015-04-21,5023.9600,5028.2202,5009.5098,5014.1001,1721260000
2015-04-22,5026.5698,5040.6499,4992.6201,5035.1699,1696380000
2015-04-23,5020.2202,5073.0898,5019.2900,5056.0601,1858620000
2015-04-24,5096.3398,5100.3701,5081.2100,5092.0801,1895150000
2015-04-27,5104.3599,5119.8301,5053.5400,5060.2500,2172470000
2015-04-28,5063.2598,5075.2998,5006.2798,5055.4199,2032500000
2015-04-29,5028.4502,5053.8398,4999.8301,5023.6401,1871300000
2015-04-30,4996.9902,5015.9600,4921.5498,4941.4199,2269290000
2015-05-01,4966.3198,5005.3901,4962.7402,5005.3901,1854400000
2015-05-04,5018.3501,5043.6201,5013.0200,5016.9302,1668200000
2015-05-05,5000.2002,5008.2700,4934.3398,4939.3301,2069490000
2015-05-06,4956.7002,4965.1001,4888.1699,4919.6401,2144620000
2015-05-07,4917.7500,4957.1201,4914.5298,4945.5400,2042960000
2015-05-08,4991.6299,5014.3301,4989.2598,5003.5498,1978760000
2015-05-11,5003.2598,5017.3799,4992.0200,4993.5698,1731390000
2015-05-12,4966.4399,4995.5000,4931.6001,4976.1899,1705870000
2015-05-13,4991.4199,5012.9702,4977.4902,4981.6899,1672260000
2015-05-14,5016.6802,5051.7202,4999.6499,5050.7998,1741970000
2015-05-15,5059.1499,5062.6499,5034.8398,5048.2900,1667260000
2015-05-18,5040.9199,5084.5000,5037.5400,5078.4399,1643870000
2015-05-19,5080.4399,5087.3501,5062.7998,5070.0298,1750980000
2015-05-20,5072.4399,5097.5200,5050.2100,5071.7402,1786830000
2015-05-21,5065.9399,5098.2300,5062.5098,5090.7900,1683670000
2015-05-22,5085.3901,5103.8398,5085.1899,5089.3599,1544920000
2015-05-26,5076.9102,5081.1699,5016.7402,5032.7500,1731950000
2015-05-27,5047.8599,5111.5400,5039.3701,5106.5898,1809550000
2015-05-28,5096.3398,5106.6499,5080.2500,5097.9800,1741420000
2015-05-29,5093.1001,5099.3999,5057.5898,5070.0298,2024170000
2015-06-01,5094.9399,5099.0098,5045.6699,5082.9302,1902120000
2015-06-02,5063.4702,5100.0200,5047.3501,5076.5200,1729750000
2015-06-03,5098.4800,5114.6001,5084.9902,5099.2300,1852680000
2015-06-04,5078.2202,5101.1099,5046.2900,5059.1201,1813960000
2015-06-05,5057.0400,5074.9800,5025.5200,5068.4600,1842890000
2015-06-08,5066.6499,5069.0000,5014.0601,5021.6299,1712210000
2015-06-09,5013.1299,5027.0200,4974.6201,5013.8701,1754340000
2015-06-10,5029.4102,5086.6602,5024.1699,5076.6899,1792980000
2015-06-11,5088.2598,5101.3901,5075.0498,5082.5098,1623950000
2015-06-12,5060.2402,5067.9600,5043.2402,5051.1001,1428900000
2015-06-15,5011.7900,5035.3701,4985.9399,5029.9702,1790280000
2015-06-16,5023.5801,5063.0601,5022.5601,5055.5498,1654820000
2015-06-17,5067.6802,5080.1099,5042.2500,5064.8799,1712820000
2015-06-18,5082.0601,5143.3198,5082.0298,5132.9502,1877920000
2015-06-19,5139.7700,5140.1699,5113.9399,5117.0000,2468310000
2015-06-22,5147.8701,5162.1299,5142.7798,5153.9702,1619970000
2015-06-23,5161.6802,5163.4102,5139.3301,5160.0898,1613540000
2015-06-24,5151.3799,5164.3599,5121.6401,5122.4102,1628800000
2015-06-25,5139.4800,5141.7100,5102.1602,5112.1899,1614760000
2015-06-26,5113.2598,5121.4702,5060.8198,5080.5098,3843810000
2015-06-29,5021.2100,5051.0098,4956.2300,4958.4702,2025580000
2015-06-30,5000.1499,5008.7598,4968.2598,4986.8701,2034430000
2015-07-01,5029.0498,5038.5498,4994.4600,5013.1201,1814560000
2015-07-02,5024.2998,5027.4702,4990.7402,5009.2100,1490810000
2015-07-06,4963.7998,5020.7100,4960.9302,4991.9399,1741500000
2015-07-07,4993.7598,5001.9902,4902.2100,4997.4600,2132080000
2015-07-08,4953.9800,4965.4502,4901.5098,4909.7598,1931520000
2015-07-09,4976.1499,4982.1899,4920.3999,4922.3999,1861600000
2015-07-10,4981.2402,5008.0498,4966.5098,4997.7002,1590230000
2015-07-13,5037.2700,5074.8101,5036.6802,5071.5098,1694140000
2015-07-14,5077.1201,5116.5200,5075.1201,5104.8901,1682660000
2015-07-15,5111.1099,5125.3198,5088.1201,5098.9399,1691350000
2015-07-16,5138.1802,5163.1802,5128.5601,5163.1802,1823530000
2015-07-17,5196.1099,5210.1602,5183.2300,5210.1401,1854450000
2015-07-20,5223.1802,5231.9399,5201.4902,5218.8599,1814180000
2015-07-21,5219.2002,5229.0000,5196.2998,5208.1201,1774570000
2015-07-22,5146.0298,5184.7402,5145.7798,5171.7700,2035730000
2015-07-23,5180.3301,5197.0000,5137.6401,5146.4102,2003310000
2015-07-24,5166.9102,5167.5400,5084.5098,5088.6299,2004380000
2015-07-27,5055.9199,5072.8799,5032.6899,5039.7798,1942520000
2015-07-28,5063.4399,5097.6899,5025.6099,5089.2100,2025110000
2015-07-29,5097.8599,5117.8398,5080.0400,5111.7300,1890350000
2015-07-30,5100.2998,5135.6499,5070.6201,5128.7798,1908480000
2015-07-31,5148.1802,5155.0200,5122.3701,5128.2798,1926360000
2015-08-03,5134.3398,5143.0801,5082.3198,5115.3799,1790080000
2015-08-04,5110.9600,5125.8999,5092.4600,5105.5498,1819700000
2015-08-05,5132.7700,5175.2598,5131.8599,5139.9399,2041490000
2015-08-06,5146.6299,5149.9302,5035.4102,5056.4399,2290950000
2015-08-07,5043.9702,5055.5601,5006.1499,5043.5400,2008360000
2015-08-10,5081.7202,5112.4702,5081.1099,5101.7998,1784930000
2015-08-11,5069.1602,5089.3301,5013.4502,5036.7900,1912340000
2015-08-12,4994.5200,5055.7500,4945.7900,5044.3901,2089460000
2015-08-13,5050.9399,5071.4600,5029.6099,5033.5601,1632340000
2015-08-14,5025.9199,5051.8901,5012.6099,5048.2402,1487630000
2015-08-17,5032.3398,5092.6899,5022.4199,5091.7002,1510790000
2015-08-18,5082.1699,5085.1401,5054.9702,5059.3501,1501540000
2015-08-19,5039.0298,5060.9302,4992.8501,5019.0498,1785420000
2015-08-20,4973.4902,4986.5098,4877.4902,4877.4902,2087000000
2015-08-21,4801.0400,4856.7500,4706.0400,4706.0400,2768540000
2015-08-24,4351.6099,4694.8999,4292.1401,4526.2500,3508840000
2015-08-25,4687.2700,4689.5400,4506.1001,4506.4902,2612800000
2015-08-26,4633.5098,4703.9702,4530.0298,4697.5400,2631660000
2015-08-27,4761.0498,4818.7100,4721.7900,4812.7100,2368880000
2015-08-28,4792.1099,4836.7798,4788.3799,4828.3198,1936540000
2015-08-31,4798.6802,4824.6099,4763.4199,4776.5098,1839010000
2015-09-01,4673.6099,4722.1299,4614.9102,4636.1001,2253750000
2015-09-02,4704.4199,4749.9800,4659.4102,4749.9800,1929080000
2015-09-03,4763.1001,4800.1802,4721.9102,4733.5000,1803320000
2015-09-04,4670.3501,4712.6699,4657.8198,4683.9199,1574720000
2015-09-08,4769.7202,4815.0400,4754.8901,4811.9302,1765600000
2015-09-09,4856.2700,4862.8799,4746.7300,4756.5298,1963750000
2015-09-10,4749.9600,4826.3301,4746.5200,4796.2500,1845770000
2015-09-11,4770.7300,4822.3398,4763.1499,4822.3398,1686190000
2015-09-14,4831.9800,4832.0000,4791.0801,4805.7598,1467740000
2015-09-15,4819.3198,4872.3501,4802.0898,4860.5200,1587460000
2015-09-16,4860.4302,4893.4399,4848.1499,4889.2402,1666380000
2015-09-17,4884.1099,4960.8701,4880.5000,4893.9502,1891510000
2015-09-18,4828.7100,4878.7100,4819.0898,4827.2300,3272150000
2015-09-21,4851.9800,4881.4600,4795.9102,4828.9502,2021530000
2015-09-22,4762.2900,4776.2798,4716.9102,4756.7202,2042880000
2015-09-23,4764.6899,4780.6401,4735.1299,4752.7402,1606330000
2015-09-24,4717.8901,4746.2100,4670.1201,4734.4800,1995820000
2015-09-25,4782.4102,4785.2202,4659.4800,4686.5000,2050530000
2015-09-28,4665.0601,4665.2100,4529.4102,4543.9702,2387610000
2015-09-29,4551.0400,4596.0601,4487.0601,4517.3198,2293450000
2015-09-30,4574.3799,4620.1602,4559.1802,4620.1602,2398350000
2015-10-01,4624.4600,4628.2300,4559.2100,4627.0801,2133990000
2015-10-02,4566.1299,4707.7798,4552.3398,4707.7798,2183320000
2015-10-05,4742.1299,4785.9102,4740.2402,4781.2598,2005320000
2015-10-06,4767.6299,4783.3701,4711.7900,4748.3599,2085020000
2015-10-07,4775.0498,4791.1499,4728.7100,4791.1499,2149890000
2015-10-08,4775.0601,4819.0698,4737.9302,4810.7900,1984230000
2015-10-09,4817.2798,4841.3799,4804.5898,4830.4702,1804260000
2015-10-12,4839.7900,4846.7402,4818.1699,4838.6401,1343820000
2015-10-13,4809.2402,4858.2798,4793.9199,4796.6099,1565060000
2015-10-14,4801.3501,4820.0898,4771.6201,4782.8501,1902460000
2015-10-15,4799.4302,4870.1001,4795.2900,4870.1001,1942900000
2015-10-16,4872.3599,4886.9502,4851.2798,4886.6899,1855290000
2015-10-19,4873.5400,4915.4902,4865.8301,4905.4702,1619920000
2015-10-20,4900.0200,4909.3701,4866.6001,4880.9702,1711700000
2015-10-21,4903.9800,4904.8501,4836.4600,4840.1201,1895390000
2015-10-22,4875.9600,4926.9902,4861.7998,4920.0498,2156040000
2015-10-23,5024.3799,5048.5498,4999.5400,5031.8599,2178270000
2015-10-26,5030.7998,5045.1602,5012.7402,5034.7002,1758690000
2015-10-27,5018.9902,5040.0801,5009.0698,5030.1499,1986840000
2015-10-28,5040.3799,5095.6899,5019.6001,5095.6899,2141130000
2015-10-29,5071.0400,5084.6299,5066.8901,5074.2700,1928310000
2015-10-30,5079.7598,5085.2202,5053.7500,5053.7500,2016390000
2015-11-02,5065.6401,5130.5098,5061.4702,5127.1499,1888180000
2015-11-03,5114.3101,5163.4702,5109.6802,5145.1299,2028630000
2015-11-04,5155.6201,5162.5698,5122.7798,5142.4800,2096110000
2015-11-05,5144.1499,5154.8599,5098.4902,5127.7402,2054490000
2015-11-06,5124.0400,5147.1201,5092.8701,5147.1201,2066430000
2015-11-09,5128.9399,5133.4399,5066.1001,5095.2998,1850770000
2015-11-10,5068.5498,5086.8799,5051.2202,5083.2402,1906120000
2015-11-11,5098.1299,5111.1899,5066.6802,5067.0200,1672340000
2015-11-12,5043.1001,5062.4902,5004.4600,5005.0801,1820930000
2015-11-13,4980.8599,4989.0601,4925.3501,4927.8799,2001050000
2015-11-16,4916.1401,4984.9102,4908.6602,4984.6201,1819190000
2015-11-17,4991.7100,5023.4502,4975.7402,4986.0200,1861710000
2015-11-18,5004.6001,5078.7998,5001.6699,5075.2002,2017390000
2015-11-19,5078.6699,5092.4600,5067.2700,5073.6401,1794110000
2015-11-20,5096.9600,5112.4600,5094.3198,5104.9199,1766630000
2015-11-23,5106.7202,5128.0801,5084.8501,5102.4800,1668280000
2015-11-24,5070.6602,5110.7500,5050.1401,5102.8101,1956920000
2015-11-25,5106.8701,5124.0898,5101.1802,5116.1401,1539300000
2015-11-27,5121.9302,5134.3501,5108.5098,5127.5200,781730000
2015-11-30,5139.5801,5141.3599,5098.7002,5108.6699,2244550000
2015-12-01,5129.6401,5156.3101,5120.1699,5156.3101,2035570000
2015-12-02,5158.8198,5176.7700,5117.1499,5123.2202,2060340000
2015-12-03,5143.1602,5144.6001,5011.7202,5037.5298,2088100000
2015-12-04,5050.9302,5147.0000,5043.4902,5142.2700,1897490000
2015-12-07,5139.4600,5139.7798,5082.2300,5101.8101,1952690000
2015-12-08,5050.5200,5111.7300,5045.7300,5098.2402,1871450000
2015-12-09,5077.2100,5106.3701,5000.1201,5022.8701,2003450000
2015-12-10,5026.2998,5075.6499,5019.3101,5045.1699,1746520000
2015-12-11,4979.7700,4996.1899,4928.6699,4933.4702,2084950000
2015-12-14,4932.6099,4953.6001,4871.5898,4952.2300,2216060000
2015-12-15,4991.2100,5026.5400,4986.9902,4995.3599,2054710000
2015-12-16,5033.4800,5078.9902,4992.6299,5071.1299,2036610000
2015-12-17,5087.1699,5088.5801,5002.5498,5002.5498,1897220000
2015-12-18,4982.5801,4996.4902,4921.3301,4923.0801,3765210000
2015-12-21,4957.5298,4968.9199,4928.9302,4968.9199,1673400000
2015-12-22,4988.6802,5007.7700,4964.0801,5001.1099,1556670000
2015-12-23,5025.5498,5046.0898,5020.4399,5045.9302,1591490000
2015-12-24,5046.1899,5063.2798,5043.6499,5048.4902,706880000
2015-12-28,5032.2900,5041.2700,4999.0698,5040.9902,1310650000
2015-12-29,5066.5200,5116.9902,5065.8901,5107.9399,1383470000
2015-12-30,5101.1802,5102.3501,5065.6802,5065.8501,1247530000
2015-12-31,5047.0400,5058.0601,5007.0098,5007.4102,1437480000
2016-01-04,4897.6499,4903.0898,4846.9800,4903.0898,2218420000
2016-01-05,4917.8398,4926.7300,4872.7402,4891.4302,1927380000
2016-01-06,4813.7598,4866.0400,4804.6899,4835.7598,2168620000
2016-01-07,4736.3999,4788.0200,4688.1699,4689.4302,2552590000
2016-01-08,4722.0200,4742.5698,4637.8501,4643.6299,2288750000
2016-01-11,4673.4399,4683.0200,4573.7798,4637.9902,2391110000
2016-01-12,4681.5400,4714.7998,4618.0298,4685.9199,2147470000
2016-01-13,4706.0200,4713.9800,4517.5601,4526.0601,2533200000
2016-01-14,4545.3701,4650.5498,4470.5898,4615.0000,2565560000
2016-01-15,4464.3701,4520.4502,4419.4102,4488.4199,2818630000
2016-01-19,4548.0498,4550.5698,4430.7700,4476.9502,2394550000
2016-01-20,4405.2202,4514.9199,4313.3901,4471.6899,3204130000
2016-01-21,4480.7002,4537.1499,4432.0200,4472.0601,2447750000
2016-01-22,4557.3901,4591.1802,4540.2700,4591.1802,2153340000
2016-01-25,4574.5898,4590.4399,4514.7798,4518.4902,2028880000
2016-01-26,4537.0400,4583.2100,4503.5298,4567.6699,1981180000
2016-01-27,4548.8701,4568.8501,4450.8301,4468.1699,2115710000
2016-01-28,4533.8101,4533.8101,4447.5000,4506.6802,2322310000
2016-01-29,4512.0898,4613.9502,4511.2998,4613.9502,2617550000
2016-02-01,4587.5898,4636.9302,4565.3701,4620.3701,1983340000
2016-02-02,4588.6899,4589.8999,4503.1201,4516.9502,2185180000
2016-02-03,4543.8198,4547.3198,4424.4702,4504.2402,2466190000
2016-02-04,4492.4800,4545.5200,4463.9902,4509.5601,2200930000
2016-02-05,4491.4800,4493.1899,4350.3701,4363.1401,2489280000
2016-02-08,4288.0200,4301.5298,4212.8101,4283.7500,2702070000
2016-02-09,4224.8701,4329.6099,4222.4800,4268.7598,2465790000
2016-02-10,4318.2798,4369.6201,4280.7300,4283.5898,2448380000
2016-02-11,4218.8101,4293.2202,4209.7598,4266.8398,2812330000
2016-02-12,4307.2900,4340.1299,4274.1499,4337.5098,1983190000
2016-02-16,4397.9502,4435.9600,4376.5200,4435.9600,2117920000
2016-02-17,4471.6602,4540.7798,4463.5098,4534.0601,2296440000
2016-02-18,4548.1001,4548.4702,4482.7700,4487.5400,1955870000
2016-02-19,4464.6699,4513.1499,4455.1001,4504.4302,1903770000
2016-02-22,4548.3101,4576.4702,4546.5498,4570.6099,1794020000
2016-02-23,4550.0498,4558.0601,4500.9399,4503.5801,1777750000
2016-02-24,4453.9302,4547.6401,4425.7202,4542.6099,1978180000
2016-02-25,4554.7300,4582.2002,4516.8901,4582.2002,1667840000
2016-02-26,4615.1401,4618.8501,4580.7798,4590.4702,1814920000
2016-02-29,4585.2998,4619.8999,4557.4600,4557.9502,2065260000
2016-03-01,4596.0098,4689.6001,4581.7500,4689.6001,2080150000
2016-03-02,4683.7998,4703.5801,4665.9302,4703.4199,1912510000
2016-03-03,4698.3799,4707.7202,4674.4600,4707.4199,1936290000
2016-03-04,4715.7598,4746.6499,4687.9399,4717.0200,2171230000
2016-03-07,4690.8799,4731.1899,4674.8198,4708.2500,2084390000
2016-03-08,4676.2202,4695.0400,4642.8599,4648.8198,1993060000
2016-03-09,4666.4199,4676.4702,4642.4199,4674.3799,1789550000
2016-03-10,4691.2002,4716.1401,4607.9902,4662.1602,1936470000
2016-03-11,4712.3799,4748.7900,4700.9102,4748.4702,1801790000
2016-03-14,4733.3901,4762.2700,4731.5098,4750.2798,1615100000
2016-03-15,4731.1401,4735.2700,4712.0698,4728.6699,1692420000
2016-03-16,4717.8799,4774.7798,4716.4502,4763.9702,1781060000
2016-03-17,4752.6201,4788.0898,4737.9702,4774.9902,1907190000
2016-03-18,4784.6299,4804.5801,4772.4102,4795.6499,2829040000
2016-03-21,4787.3101,4814.8501,4785.3799,4808.8701,1609230000
2016-03-22,4783.6001,4835.6001,4781.7100,4821.6602,1596200000
2016-03-23,4813.8701,4816.6699,4765.3701,4768.8599,1732630000
2016-03-24,4743.3599,4773.5000,4734.7700,4773.5000,1590990000
2016-03-28,4785.2500,4787.3901,4760.0098,4766.7900,1381000000
2016-03-29,4756.5498,4849.3101,4749.7798,4846.6201,1806490000
2016-03-30,4875.4600,4899.1401,4859.3501,4869.2900,1717820000
2016-03-31,4869.5698,4891.2998,4864.4102,4869.8501,1774270000
2016-04-01,4842.5498,4917.0898,4832.0601,4914.5400,1812250000
2016-04-04,4911.2100,4917.7500,4885.1699,4891.7998,1705730000
2016-04-05,4855.8999,4872.7002,4838.6201,4843.9302,1726010000
2016-04-06,4849.5801,4921.5098,4849.2798,4920.7202,1761770000
2016-04-07,4893.5698,4901.4902,4831.4902,4848.3701,1908940000
2016-04-08,4883.9902,4892.6001,4835.3599,4850.6899,1588830000
2016-04-11,4873.3901,4897.5498,4833.3999,4833.3999,1545540000
2016-04-12,4838.8198,4879.6001,4808.9102,4872.0898,1759280000
2016-04-13,4904.7900,4951.9102,4903.6001,4947.4199,1936450000
2016-04-14,4947.6201,4961.2998,4931.8101,4945.8901,1645810000
2016-04-15,4938.8301,4950.4302,4925.4600,4938.2202,1684790000
2016-04-18,4919.3599,4960.7900,4915.6299,4960.0200,1672260000
2016-04-19,4968.2998,4968.6699,4915.5200,4940.3301,1824250000
2016-04-20,4941.9902,4969.3198,4928.2900,4948.1299,1781340000
2016-04-21,4949.1201,4966.6099,4932.6401,4945.8901,1758190000
2016-04-22,4898.2402,4921.6602,4872.0200,4906.2300,2018930000
2016-04-25,4891.4800,4904.8701,4878.3701,4895.7900,1582270000
2016-04-26,4903.8101,4915.0000,4875.4199,4888.2798,1825020000
2016-04-27,4855.3799,4872.9102,4826.3799,4863.1401,1938780000
2016-04-28,4857.6001,4889.1602,4796.3198,4805.2900,2161400000
2016-04-29,4805.7900,4807.8901,4740.8398,4775.3599,2376460000
2016-05-02,4786.5498,4821.5698,4768.2798,4817.5898,1880460000
2016-05-03,4780.8799,4791.4302,4749.7100,4763.2202,1984340000
2016-05-04,4735.2798,4751.6401,4713.9102,4725.6401,1950800000
2016-05-05,4742.4199,4744.5498,4709.7500,4717.0898,1888350000
2016-05-06,4695.8999,4736.1602,4684.2798,4736.1602,1860800000
2016-05-09,4736.3501,4771.9399,4735.0601,4750.2100,1625100000
2016-05-10,4768.9102,4811.2998,4758.2002,4809.8799,1760120000
2016-05-11,4799.2998,4812.1899,4760.3599,4760.6899,1859110000
2016-05-12,4778.1899,4779.4600,4710.1699,4737.3301,1930450000
2016-05-13,4731.0698,4759.2900,4708.2598,4717.6802,1698030000
2016-05-16,4728.8599,4791.2500,4724.7300,4775.4600,1741510000
2016-05-17,4768.8501,4776.1499,4703.3901,4715.7300,1925230000
2016-05-18,4705.7798,4762.2798,4704.4902,4739.1201,1934100000
2016-05-19,4717.3599,4735.2700,4678.3799,4712.5298,1805890000
2016-05-20,4729.4399,4781.7002,4729.0000,4769.5601,1970520000
2016-05-23,4771.5698,4792.6401,4763.9102,4765.7798,1865110000
2016-05-24,4792.8501,4865.9902,4792.6299,4861.0601,1942280000
2016-05-25,4877.1802,4905.4502,4872.4199,4894.8901,1784420000
2016-05-26,4897.7798,4909.3799,4887.2700,4901.7700,1606250000
2016-05-27,4904.0498,4933.5000,4902.5000,4933.5000,1505020000
2016-05-31,4938.4800,4951.4502,4923.0298,4948.0498,2285350000
2016-06-01,4928.9702,4958.9800,4923.2002,4952.2500,1797090000
2016-06-02,4941.2500,4971.3599,4924.2300,4971.3599,1729050000
2016-06-03,4958.1001,4958.6499,4909.2100,4942.5200,1697840000
2016-06-06,4950.4600,4980.1401,4944.8701,4968.7100,1663840000
2016-06-07,4972.1299,4979.3799,4960.2798,4961.7500,1747760000
2016-06-08,4970.0098,4979.6602,4956.7900,4974.6401,1692640000
2016-06-09,4954.1499,4965.4902,4940.5498,4958.6201,1632340000
2016-06-10,4915.1499,4917.9199,4880.6099,4894.5498,1822200000
2016-06-13,4868.5098,4894.8501,4844.9399,4848.4399,1888300000
2016-06-14,4836.6699,4863.0098,4811.9302,4843.5498,1919710000
2016-06-15,4855.0801,4868.1602,4830.3301,4834.9302,1802200000
2016-06-16,4809.6899,4847.8599,4778.7798,4844.9199,1851770000
2016-06-17,4835.0200,4835.0200,4792.3398,4800.3398,2638220000
2016-06-20,4856.6899,4882.1499,4834.5098,4837.2100,1779560000
2016-06-21,4845.0801,4852.1899,4826.5898,4843.7598,1698080000
2016-06-22,4846.6802,4875.9302,4830.0000,4833.3198,1682220000
2016-06-23,4872.1899,4910.0400,4859.3999,4910.0400,1738570000
2016-06-24,4715.7900,4798.2202,4698.4199,4707.9800,4411040000
2016-06-27,4664.4302,4665.0400,4574.2500,4594.4399,2659650000
2016-06-28,4643.9302,4692.9800,4643.9302,4691.8701,2074090000
2016-06-29,4732.9302,4787.5898,4732.3398,4779.2500,2116550000
2016-06-30,4793.7500,4843.1099,4774.5200,4842.6699,2171180000
2016-07-01,4837.1802,4880.1699,4837.1699,4862.5698,1745130000
2016-07-05,4837.0601,4839.1299,4797.2900,4822.8999,1690340000
2016-07-06,4799.3198,4861.0498,4786.0098,4859.1602,1876090000
2016-07-07,4867.4702,4889.0098,4853.6802,4876.8101,1672770000
2016-07-08,4906.6602,4959.0000,4901.2700,4956.7598,1947260000
2016-07-11,4976.5400,5002.5000,4976.5400,4988.6401,1718450000
2016-07-12,5017.9902,5032.1001,5009.6802,5022.8198,1866280000
2016-07-13,5036.3198,5036.3799,5002.8198,5005.7300,1650820000
2016-07-14,5041.9502,5045.1802,5025.1499,5034.0601,1641170000
2016-07-15,5041.1899,5044.8101,5018.5200,5029.5898,1610300000
2016-07-18,5034.9902,5063.5298,5030.1299,5055.7798,1585570000
2016-07-19,5038.2202,5052.2402,5028.2402,5036.3701,1694740000
2016-07-20,5061.6001,5098.2500,5053.9199,5089.9302,1877330000
2016-07-21,5093.9702,5102.7798,5061.1099,5073.8999,1880310000
2016-07-22,5078.1201,5103.5200,5064.1099,5100.1602,1639000000
2016-07-25,5096.9902,5100.7202,5082.6602,5097.6299,1770620000
2016-07-26,5095.6099,5122.2998,5084.1802,5110.0498,2038060000
2016-07-27,5143.8398,5151.0601,5120.6602,5139.8101,2122250000
2016-07-28,5144.8198,5160.1602,5130.7500,5154.9800,1950910000
2016-07-29,5162.1499,5175.8101,5140.0498,5162.1299,2072640000
2016-08-01,5167.4199,5199.1299,5158.9302,5184.2002,1866590000
2016-08-02,5177.5298,5181.0200,5109.7998,5137.7300,2142010000
2016-08-03,5133.2402,5159.7402,5128.4399,5159.7402,1909470000
2016-08-04,5158.0200,5174.0000,5145.3901,5166.2500,1930000000
2016-08-05,5190.7100,5227.2300,5186.2500,5221.1201,2017720000
2016-08-08,5223.5400,5228.3999,5202.1802,5213.1401,1624450000
2016-08-09,5216.2100,5238.5400,5214.9502,5225.4800,1664320000
2016-08-10,5227.9502,5227.9600,5193.7998,5204.5801,1651240000
2016-08-11,5222.1499,5235.2900,5211.2500,5228.3999,1511670000
2016-08-12,5219.6602,5233.3398,5215.5498,5232.8901,1501620000
2016-08-15,5242.1802,5271.3599,5241.1401,5262.0200,1533170000
2016-08-16,5247.9600,5248.2598,5226.7798,5227.1099,1698390000
2016-08-17,5228.4399,5230.0898,5197.2300,5228.6602,1747890000
2016-08-18,5226.4502,5243.1699,5221.8398,5240.1499,1659080000
2016-08-19,5229.8701,5245.8101,5217.6499,5238.3799,1632740000
2016-08-22,5231.4600,5252.1299,5224.6299,5244.6001,1560210000
2016-08-23,5265.7798,5275.7402,5257.8999,5260.0801,1547050000
2016-08-24,5254.4199,5262.9902,5205.6401,5217.6899,1714780000
2016-08-25,5207.6099,5230.5898,5201.6401,5212.2002,1511890000
2016-08-26,5219.0498,5253.3901,5191.8599,5218.9199,1591060000
2016-08-29,5223.7998,5245.1201,5222.3398,5232.3301,1416640000
2016-08-30,5229.8799,5241.6201,5205.6099,5222.9902,1561020000
2016-08-31,5216.4199,5219.8901,5191.1802,5213.2202,1761770000
2016-09-01,5218.2798,5229.9399,5189.3599,5227.2100,1592520000
2016-09-02,5249.6602,5263.3901,5231.0200,5249.8999,1474200000
2016-09-06,5260.0000,5275.9102,5244.0000,5275.9102,1777940000
2016-09-07,5274.2300,5287.6099,5261.9199,5283.9302,1878460000
2016-09-08,5269.9600,5271.0098,5248.4102,5259.4800,1839790000
2016-09-09,5217.9502,5225.9302,5125.9102,5125.9102,2208690000
2016-09-12,5098.0298,5217.8799,5097.7998,5211.8901,2007610000
2016-09-13,5181.1401,5195.0298,5131.2700,5155.2500,2071460000
2016-09-14,5160.2100,5201.3398,5159.5498,5173.7700,1902680000
2016-09-15,5178.1001,5254.7798,5176.2500,5249.6899,1950940000
2016-09-16,5238.7100,5248.6001,5218.9702,5244.5698,3013860000
2016-09-19,5263.5498,5281.0698,5222.9102,5235.0298,1792650000
2016-09-20,5256.1899,5265.1802,5235.4199,5241.3501,1697530000
2016-09-21,5263.6499,5299.3999,5233.9399,5295.1802,2001890000
2016-09-22,5323.2598,5342.8799,5320.9302,5339.5200,1914550000
2016-09-23,5327.4302,5329.7100,5301.6299,5305.7500,1762700000
2016-09-26,5275.7300,5282.2700,5254.9600,5257.4902,1672190000
2016-09-27,5254.1802,5306.8101,5251.3198,5305.7100,1754700000
2016-09-28,5312.7300,5320.6201,5284.8398,5318.5498,1788240000
2016-09-29,5311.3101,5317.0000,5254.5200,5269.1499,1946150000
2016-09-30,5288.8701,5325.8799,5277.8799,5312.0000,2063260000
2016-10-03,5300.2900,5308.6001,5281.9502,5300.8701,1606460000
2016-10-04,5313.4902,5323.6001,5271.7002,5289.6602,1711810000
2016-10-05,5305.2798,5330.8101,5304.0601,5316.0200,1755640000
2016-10-06,5306.5898,5315.7300,5281.4702,5306.8501,1655480000
2016-10-07,5314.9199,5315.6499,5266.7998,5292.3999,1647330000
2016-10-10,5318.4600,5340.5200,5317.7300,5328.6699,1365600000
2016-10-11,5321.8198,5321.8198,5227.4302,5246.7900,1822980000
2016-10-12,5247.9102,5257.1802,5228.7700,5239.0200,1567930000
2016-10-13,5200.2998,5228.2598,5169.7598,5213.3301,1737720000
2016-10-14,5241.2598,5258.8799,5213.3701,5214.1602,1593610000
2016-10-17,5213.6899,5219.9800,5196.0298,5199.8198,1427060000
2016-10-18,5255.3198,5264.2700,5239.4399,5243.8398,1476970000
2016-10-19,5240.3301,5253.8301,5234.2500,5246.4102,1548910000
2016-10-20,5238.2002,5252.1001,5216.0498,5241.8301,1745270000
2016-10-21,5238.6499,5259.1299,5225.7598,5257.3999,1651490000
2016-10-24,5290.3101,5311.5000,5289.2300,5309.8301,1533370000
2016-10-25,5306.4702,5310.2700,5278.5698,5283.3999,1580830000
2016-10-26,5256.3999,5280.8501,5237.0498,5250.2700,1732300000
2016-10-27,5272.1899,5274.1201,5211.7500,5215.9702,1926820000
2016-10-28,5203.7002,5232.3501,5178.7598,5190.1001,1911810000
2016-10-31,5205.0898,5206.7100,5186.5601,5189.1401,1709060000
2016-11-01,5199.7700,5201.1299,5112.3198,5153.5801,1880920000
2016-11-02,5147.2798,5156.7002,5097.5601,5105.5698,2124990000
2016-11-03,5104.7002,5115.0601,5053.5200,5058.4102,2113730000
2016-11-04,5034.4102,5087.5098,5034.4102,5046.3701,2020130000
2016-11-07,5128.9902,5169.4102,5122.7700,5166.1699,1916620000
2016-11-08,5154.9902,5214.1699,5145.2998,5193.4902,1739440000
2016-11-09,5143.8599,5258.9902,5143.8599,5251.0698,2827570000
2016-11-10,5283.4800,5302.6802,5145.3198,5208.7998,2986760000
2016-11-11,5191.8198,5241.0801,5179.6401,5237.1099,2290080000
2016-11-14,5246.3301,5247.1699,5192.0498,5218.3999,2371900000
2016-11-15,5241.3501,5287.0601,5236.2500,5275.6201,2159180000
2016-11-16,5253.7402,5299.6299,5251.8799,5294.5801,2066130000
2016-11-17,5295.0698,5334.0498,5288.1602,5333.9702,2084710000
2016-11-18,5340.9702,5346.7998,5315.5298,5321.5098,1865770000
2016-11-21,5336.7798,5369.8301,5334.1602,5368.8599,1748170000
2016-11-22,5384.7500,5392.2598,5365.6001,5386.3501,1890410000
2016-11-23,5366.5498,5380.6802,5350.6802,5380.6802,1617700000
2016-11-25,5388.4902,5398.9199,5379.2798,5398.9199,768080000
2016-11-28,5387.9199,5396.2700,5364.9102,5368.8101,1630150000
2016-11-29,5370.9800,5403.8599,5360.5601,5379.9199,1791760000
2016-11-30,5391.3501,5393.1499,5323.6802,5323.6802,2056060000
2016-12-01,5323.8799,5326.3398,5238.2100,5251.1099,2269790000
2016-12-02,5249.0200,5274.5400,5239.2700,5255.6499,1851030000
2016-12-05,5283.5801,5321.0898,5269.5698,5308.8901,1800570000
2016-12-06,5317.7402,5333.9902,5299.9399,5333.0000,1977480000
2016-12-07,5322.6699,5397.9302,5307.3101,5393.7598,2125370000
2016-12-08,5394.1499,5425.5200,5389.1001,5417.3599,2236580000
2016-12-09,5436.1099,5450.1602,5427.1201,5444.5000,2042340000
2016-12-12,5428.2202,5434.8999,5394.4199,5412.5400,1931840000
2016-12-13,5433.5698,5486.7500,5430.7202,5463.8301,2094860000
2016-12-14,5465.6899,5476.2500,5425.7300,5436.6699,1976570000
2016-12-15,5443.5098,5485.1201,5439.3901,5456.8501,2101320000
2016-12-16,5467.8198,5474.5801,5426.0098,5437.1602,3281480000
2016-12-19,5441.2002,5483.4199,5436.5400,5457.4399,1688680000
2016-12-20,5473.5298,5489.4702,5471.7100,5483.9399,1679630000
2016-12-21,5482.6299,5486.2598,5465.3101,5471.4302,1496850000
2016-12-22,5472.0098,5472.0098,5432.7700,5447.4199,1585470000
2016-12-23,5441.7598,5462.6899,5441.7598,5462.6899,1144900000
2016-12-27,5470.7598,5512.3701,5469.6099,5487.4399,1219050000
2016-12-28,5497.4399,5498.9102,5434.7002,5438.5601,1326660000
2016-12-29,5437.5098,5450.6299,5415.1802,5432.0898,1266350000
2016-12-30,5440.1699,5441.8999,5371.8901,5383.1201,1551690000
2017-01-03,5425.6201,5452.5698,5397.9902,5429.0801,1887670000
2017-01-04,5440.9102,5482.3501,5440.2402,5477.0000,1885490000
2017-01-05,5474.3901,5495.8501,5464.3599,5487.9399,1799170000
2017-01-06,5499.0801,5536.5200,5482.8101,5521.0601,1711870000
2017-01-09,5527.5801,5541.0801,5517.1401,5531.8198,1887740000
2017-01-10,5536.5400,5564.2500,5528.1099,5551.8198,1798610000
2017-01-11,5550.7202,5564.0801,5524.0298,5563.6499,1960830000
2017-01-12,5542.5601,5550.6699,5496.8198,5547.4902,1805840000
2017-01-13,5557.5698,5584.2598,5557.2002,5574.1201,1611260000
2017-01-17,5555.1602,5557.0498,5527.2202,5538.7300,1759440000
2017-01-18,5546.9399,5555.9800,5534.7700,5555.6499,1686260000
2017-01-19,5560.6099,5571.5298,5528.3701,5540.0801,1809900000
2017-01-20,5556.8701,5574.3501,5542.2300,5555.3301,1750340000
2017-01-23,5546.6401,5564.1401,5522.6899,5552.9399,1652370000
2017-01-24,5568.2700,5606.5298,5558.4902,5600.9600,1808560000
2017-01-25,5635.8599,5658.5898,5634.3301,5656.3398,1964040000
2017-01-26,5666.2798,5669.6099,5647.6499,5655.1802,1837020000
2017-01-27,5664.8799,5667.4502,5643.8999,5660.7798,1669190000
2017-01-30,5635.8599,5636.0898,5578.7598,5613.7100,1782380000
2017-01-31,5592.8701,5615.1499,5576.0898,5614.7900,2047460000
2017-02-01,5654.5098,5662.1099,5621.0298,5642.6499,2239570000
2017-02-02,5627.1499,5656.0098,5616.3999,5636.2002,2077010000
2017-02-03,5650.7300,5666.8398,5647.5801,5666.7700,1792330000
2017-02-06,5656.9502,5668.2002,5650.2598,5663.5498,1736140000
2017-02-07,5674.8599,5689.6001,5664.8198,5674.2202,1922030000
2017-02-08,5662.9502,5686.9600,5649.3901,5682.4502,1947100000
2017-02-09,5688.0200,5722.7100,5685.1499,5715.1802,1948120000
2017-02-10,5726.1699,5743.4302,5717.4199,5734.1299,1867270000
2017-02-13,5753.1899,5770.9902,5751.9199,5763.9600,1843480000
2017-02-14,5756.5098,5783.0898,5748.7402,5782.5698,1952370000
2017-02-15,5777.8999,5821.9502,5776.7002,5819.4399,2094140000
2017-02-16,5823.0098,5835.1499,5796.7100,5814.8999,1945600000
2017-02-17,5807.3101,5838.5801,5800.7998,5838.5801,1879030000
2017-02-21,5850.2002,5867.8901,5847.5000,5865.9502,1940110000
2017-02-22,5857.5601,5864.4199,5848.2798,5860.6299,1874710000
2017-02-23,5866.8198,5866.9600,5809.5498,5835.5098,1881490000
2017-02-24,5802.3301,5845.3101,5800.5498,5845.3101,1684650000
2017-02-27,5835.0400,5861.8999,5827.0000,5861.8999,1882610000
2017-02-28,5852.7900,5855.0698,5817.2202,5825.4399,2303390000
2017-03-01,5874.8599,5911.7900,5865.7900,5904.0298,2220350000
2017-03-02,5897.0098,5897.0098,5856.2998,5861.2202,2043610000
2017-03-03,5854.2700,5870.7500,5841.4702,5870.7500,1853600000
2017-03-06,5846.4199,5857.7402,5827.4600,5849.1802,1774040000
2017-03-07,5836.1201,5859.7700,5826.3198,5833.9302,1825510000
2017-03-08,5838.4399,5860.6299,5832.6299,5837.5498,1813080000
2017-03-09,5834.6699,5852.5400,5812.0801,5838.8101,1886780000
2017-03-10,5867.1602,5872.6001,5835.4399,5861.7300,1999440000
2017-03-13,5863.4800,5877.4302,5860.8301,5875.7798,1812460000
2017-03-14,5860.0698,5860.5000,5831.8799,5856.8198,1664870000
2017-03-15,5869.9800,5911.2002,5858.1602,5900.0498,1955400000
2017-03-16,5907.8599,5911.4800,5887.2402,5900.7598,1770640000
2017-03-17,5898.5801,5912.6099,5890.4199,5901.0000,3189970000
2017-03-20,5898.8101,5915.1201,5888.1201,5901.5298,1736790000
2017-03-21,5923.4199,5928.0601,5790.7300,5793.8301,2199920000
2017-03-22,5790.5898,5825.6699,5781.7998,5821.6401,1860290000
2017-03-23,5812.3101,5842.8198,5806.9800,5817.6899,1746990000
2017-03-24,5839.3301,5858.9502,5807.8301,5828.7402,1855040000
2017-03-27,5776.3301,5849.2002,5769.3901,5840.3701,1673060000
2017-03-28,5836.5000,5888.7002,5828.8599,5875.1401,1823600000
2017-03-29,5875.3501,5900.8701,5870.9302,5897.5498,1722190000
2017-03-30,5896.1499,5916.7700,5894.0000,5914.3398,1732100000
2017-03-31,5905.6299,5927.8101,5901.7700,5911.7402,1905150000
2017-04-03,5917.3198,5928.9302,5867.7300,5894.6802,1852990000
2017-04-04,5878.7598,5901.3901,5878.7598,5898.6099,1795260000
2017-04-05,5911.9199,5936.3901,5856.2598,5864.4800,2208600000
2017-04-06,5870.5200,5889.5801,5856.2202,5878.9502,1849790000
2017-04-07,5873.9399,5892.0698,5855.5098,5877.8101,1703730000
2017-04-10,5883.4302,5907.8501,5865.5601,5880.9302,1633190000
2017-04-11,5871.1602,5878.9399,5819.2900,5866.7700,1830760000
2017-04-12,5863.5898,5868.0898,5830.4399,5836.1602,1666570000
2017-04-13,5828.3701,5856.5400,5805.1499,5805.1499,1587150000
2017-04-17,5821.5498,5856.7900,5818.2002,5856.7900,1383550000
2017-04-18,5838.5898,5860.0400,5828.5698,5849.4702,1610230000
2017-04-19,5874.4302,5894.6802,5856.3398,5863.0298,1754240000
2017-04-20,5887.8701,5926.2300,5880.2002,5916.7798,1751490000
2017-04-21,5919.0200,5919.2300,5899.4302,5910.5200,1736420000
2017-04-24,5979.9600,5989.9199,5970.2500,5983.8198,1842880000
2017-04-25,6004.1602,6036.0200,6002.6499,6025.4902,1898120000
2017-04-26,6028.1201,6040.8901,6021.7202,6025.2300,1899570000
2017-04-27,6038.4702,6050.7002,6031.5898,6048.9399,1883610000
2017-04-28,6072.8701,6074.0400,6040.7100,6047.6099,2005870000
2017-05-01,6067.5601,6100.7300,6061.3501,6091.6001,1763100000
2017-05-02,6102.5098,6102.7202,6081.5601,6095.3701,2162610000
2017-05-03,6075.0400,6076.9600,6053.2798,6072.5498,2152850000
2017-05-04,6075.0601,6080.8198,6054.3301,6075.3398,2059820000
2017-05-05,6091.6899,6100.7598,6067.1602,6100.7598,1903040000
2017-05-08,6100.6602,6106.1201,6083.0601,6102.6602,1912030000
2017-05-09,6111.8198,6133.0000,6107.5898,6120.5898,2005820000
2017-05-10,6121.6401,6131.6401,6103.8701,6129.1401,2111850000
2017-05-11,6110.0498,6120.2002,6075.6802,6115.9600,1952650000
2017-05-12,6119.2700,6122.8398,6105.4199,6121.2300,1749010000
2017-05-15,6128.1099,6153.0400,6124.7900,6149.6699,1865450000
2017-05-16,6160.5200,6170.1602,6139.1001,6169.8701,2006980000
2017-05-17,6108.6201,6122.8701,6009.4800,6011.2402,2355460000
2017-05-18,5998.4600,6073.4502,5996.8101,6055.1299,2134610000
2017-05-19,6070.2300,6106.5498,6070.2300,6083.7002,1908030000
2017-05-22,6098.2500,6135.9199,6097.2402,6133.6201,1728190000
2017-05-23,6149.5498,6150.9102,6121.7900,6138.7100,1709140000
2017-05-24,6154.1802,6166.0898,6139.3301,6163.0200,1672380000
2017-05-25,6183.0200,6217.3398,6174.5200,6205.2598,1775750000
2017-05-26,6207.0400,6211.5200,6196.6602,6210.1899,1573200000
2017-05-30,6204.1802,6217.1299,6200.4102,6203.1899,1690930000
2017-05-31,6221.6299,6221.9902,6164.0698,6198.5200,2212130000
2017-06-01,6215.9102,6247.0698,6200.4502,6246.8301,1946000000
2017-06-02,6261.5898,6308.7598,6253.7700,6305.7998,1825450000
2017-06-05,6305.4702,6310.6201,6292.1499,6295.6802,1742160000
2017-06-06,6281.8799,6304.2100,6269.8701,6275.0601,1893110000
2017-06-07,6290.4399,6302.7798,6267.1802,6297.3799,1827220000
2017-06-08,6311.7300,6324.0601,6282.9302,6321.7598,2134350000
2017-06-09,6330.2500,6341.7002,6137.6802,6207.9199,3154590000
2017-06-12,6153.5601,6183.8101,6110.6699,6175.4600,2588860000
2017-06-13,6206.1201,6226.4102,6180.0400,6220.3701,2063930000
2017-06-14,6237.4600,6237.5298,6153.5498,6194.8901,1949040000
2017-06-15,6127.0498,6170.1499,6107.8501,6165.5000,1870010000
2017-06-16,6154.2798,6161.5601,6125.5000,6151.7598,3133000000
2017-06-19,6196.8501,6243.3101,6194.0000,6239.0098,1989290000
2017-06-20,6229.6201,6234.0098,6186.9399,6188.0298,2580440000
2017-06-21,6202.7500,6236.6602,6200.8599,6233.9502,2408800000
2017-06-22,6239.1499,6257.6802,6221.9600,6236.6899,2177430000
2017-06-23,6234.3501,6269.3701,6218.7798,6265.2500,4164310000
2017-06-26,6292.7300,6303.4502,6233.4302,6247.1499,2155460000
2017-06-27,6227.8999,6234.3198,6146.6201,6146.6201,2189250000
2017-06-28,6173.1001,6238.2900,6144.7998,6234.4102,2077390000
2017-06-29,6215.4902,6216.6001,6087.8101,6144.3501,2410510000
2017-06-30,6166.8398,6170.6299,6129.0400,6140.4199,2011720000
2017-07-03,6173.2900,6177.3599,6106.1201,6110.0601,1091030000
2017-07-05,6122.0601,6163.6201,6100.4199,6150.8599,1874040000
2017-07-06,6109.6001,6127.9800,6081.9600,6089.4600,1993290000
2017-07-07,6111.2100,6164.9399,6111.2100,6153.0801,1712490000
2017-07-10,6156.0298,6191.2700,6141.8301,6176.3901,1681270000
2017-07-11,6171.2500,6200.5801,6149.8701,6193.2998,1812560000
2017-07-12,6238.8999,6265.6401,6236.8198,6261.1699,1827740000
2017-07-13,6269.1001,6281.4502,6251.2598,6274.4399,1806160000
2017-07-14,6289.0801,6321.7598,6278.7002,6312.4702,1615440000
2017-07-17,6320.3501,6330.9702,6307.3398,6314.4302,1563390000
2017-07-18,6304.8198,6344.5498,6291.0698,6344.3101,1773220000
2017-07-19,6363.2402,6387.7300,6362.1899,6385.0400,1867470000
2017-07-20,6396.4600,6398.2598,6365.6802,6390.0000,1850000000
2017-07-21,6383.0498,6388.7798,6365.1201,6387.7500,1807110000
2017-07-24,6387.8198,6417.7002,6380.6099,6410.8101,1748140000
2017-07-25,6407.5898,6425.4502,6396.8701,6412.1699,1930840000
2017-07-26,6425.9302,6432.3799,6416.2998,6422.7500,1996680000
2017-07-27,6459.7598,6460.8398,6318.6201,6382.1899,2501400000
2017-07-28,6350.2700,6379.7002,6337.2202,6374.6802,1877100000
2017-07-31,6394.6899,6396.5898,6338.7900,6348.1201,1898830000
2017-08-01,6372.1602,6375.7500,6345.7500,6362.9399,1821780000
2017-08-02,6393.1001,6394.2100,6313.4302,6362.6499,2115870000
2017-08-03,6366.2402,6368.5298,6331.1401,6340.3398,2124100000
2017-08-04,6350.7900,6361.4902,6329.7300,6351.5601,1908930000
2017-08-07,6361.0601,6386.0298,6356.2300,6383.7700,1704010000
2017-08-08,6373.3301,6423.3501,6355.8799,6370.4600,1931490000
2017-08-09,6322.9199,6355.0400,6309.4399,6352.3301,2037810000
2017-08-10,6312.6499,6318.2798,6214.4102,6216.8701,2214990000
2017-08-11,6222.1802,6266.8901,6216.1899,6256.5601,1799780000
2017-08-14,6306.1099,6346.8301,6305.5498,6340.2300,1702570000
2017-08-15,6350.5098,6350.7402,6324.7500,6333.0098,1582560000
2017-08-16,6348.1099,6374.5601,6330.2700,6345.1099,1809070000
2017-08-17,6322.7202,6334.2300,6221.9102,6221.9102,2052940000
2017-08-18,6222.4600,6254.2202,6193.3799,6216.5298,1968470000
2017-08-21,6216.3198,6226.9302,6177.1899,6213.1299,1582990000
2017-08-22,6241.2100,6302.8398,6241.2100,6297.4800,1599760000
2017-08-23,6263.4702,6291.2998,6263.2900,6278.4102,1535320000
2017-08-24,6294.8198,6302.8501,6244.5698,6271.3301,1618660000
2017-08-25,6293.8101,6308.7202,6257.1001,6265.6401,1445590000
2017-08-28,6286.0098,6292.2598,6267.8501,6283.0200,1565110000
2017-08-29,6228.8999,6311.2598,6228.7300,6301.8901,1639810000
2017-08-30,6308.6802,6374.4702,6303.5698,6368.3101,1717060000
2017-08-31,6385.7998,6435.2700,6383.5801,6428.6602,1889500000
2017-09-01,6442.1699,6449.6499,6417.8701,6435.3301,1489120000
2017-09-05,6414.8198,6426.5098,6334.5898,6375.5698,1889620000
2017-09-06,6394.3501,6407.3999,6356.2002,6393.3101,1902720000
2017-09-07,6402.9399,6413.0698,6379.8101,6397.8701,2000910000
2017-09-08,6389.6499,6391.4102,6354.9600,6360.1899,1786070000
2017-09-11,6411.1802,6439.1099,6410.7100,6432.2598,1819310000
2017-09-12,6448.8101,6455.0298,6429.5400,6454.2798,1747620000
2017-09-13,6440.7202,6460.4199,6433.2002,6460.1899,1944630000
2017-09-14,6439.4600,6455.3198,6424.0400,6429.0801,1817840000
2017-09-15,6426.1602,6464.2700,6419.6499,6448.4702,2827910000
2017-09-18,6460.1001,6477.7700,6438.4102,6454.6401,1881900000
2017-09-19,6465.5698,6467.7900,6446.7500,6461.3198,1816080000
2017-09-20,6459.7402,6466.0498,6414.2300,6456.0400,2083580000
2017-09-21,6448.5698,6448.5698,6405.2998,6422.6899,1779600000
2017-09-22,6401.4399,6429.5400,6400.8101,6426.9199,1648690000
2017-09-25,6403.1099,6408.0498,6343.9600,6370.5898,2061150000
2017-09-26,6391.8501,6405.0000,6364.5698,6380.1602,1935990000
2017-09-27,6414.3701,6472.6499,6405.3599,6453.2598,2068400000
2017-09-28,6437.9600,6456.2300,6427.6602,6453.4502,1882790000
2017-09-29,6461.2798,6497.9800,6454.8599,6495.9600,1970720000
2017-10-02,6506.0801,6527.2202,6484.1401,6516.7202,1984400000
2017-10-03,6523.7402,6532.1802,6509.7100,6531.7100,1972760000
2017-10-04,6521.9600,6546.4600,6513.1201,6534.6299,1941470000
2017-10-05,6552.8701,6587.2100,6547.6499,6585.3599,1888970000
2017-10-06,6566.9502,6590.1802,6566.8398,6590.1802,1752170000
2017-10-09,6597.3701,6599.3398,6572.4399,6579.7300,1494160000
2017-10-10,6602.4902,6608.2998,6561.7798,6587.2500,1802480000
2017-10-11,6586.7300,6604.2100,6577.9902,6603.5498,1837860000
2017-10-12,6594.7598,6613.5000,6586.3198,6591.5098,2020330000
2017-10-13,6613.2100,6616.5801,6602.2002,6605.7998,1761700000
2017-10-16,6622.5498,6632.5000,6607.0298,6624.0000,1632240000
2017-10-17,6621.4199,6628.6001,6613.2100,6623.6602,1653160000
2017-10-18,6634.2598,6635.5200,6613.5498,6624.2202,1738060000
2017-10-19,6583.7002,6605.2900,6558.5298,6605.0698,1847020000
2017-10-20,6633.3701,6640.0298,6622.9199,6629.0498,1812220000
2017-10-23,6641.5698,6641.5698,6581.1499,6586.8301,1813080000
2017-10-24,6598.6099,6611.8999,6582.0601,6598.4302,1852610000
2017-10-25,6587.2202,6600.6401,6517.9302,6563.8901,2205790000
2017-10-26,6567.5898,6582.7598,6550.0298,6556.7700,2125640000
2017-10-27,6635.0298,6708.1299,6625.7798,6701.2598,2414520000
2017-10-30,6693.7700,6727.3901,6677.1499,6698.9600,2015920000
2017-10-31,6713.7100,6737.7500,6705.7900,6727.6699,2054220000
2017-11-01,6758.6401,6759.6602,6691.4800,6716.5298,2074230000
2017-11-02,6709.3901,6719.9702,6677.5498,6714.9399,2282300000
2017-11-03,6737.0898,6765.1401,6712.9302,6764.4399,2203880000
2017-11-06,6763.2998,6790.6699,6763.1699,6786.4399,2173120000
2017-11-07,6785.4399,6795.5200,6750.3501,6767.7798,2209280000
2017-11-08,6764.8501,6791.6499,6753.3398,6789.1201,2121340000
2017-11-09,6737.4502,6758.9302,6687.2798,6750.0498,2243500000
2017-11-10,6736.3901,6757.3398,6727.3501,6750.9399,1979120000
2017-11-13,6727.3901,6766.2998,6723.4302,6757.6001,1976460000
2017-11-14,6733.8701,6743.6299,6709.2700,6737.8701,1988230000
2017-11-15,6700.6802,6725.3198,6667.3101,6706.2100,1923730000
2017-11-16,6742.3398,6806.6699,6742.3398,6793.2900,2020380000
2017-11-17,6794.4502,6797.7500,6777.4302,6782.7900,2009220000
2017-11-20,6789.2798,6795.8301,6779.4902,6790.7100,1811750000
2017-11-21,6820.5498,6862.6602,6820.0200,6862.4800,1891960000
2017-11-22,6869.5298,6874.5200,6859.2798,6867.3599,1589150000
2017-11-24,6878.1099,6890.0200,6873.7402,6889.1602,872110000
2017-11-27,6889.9102,6897.4302,6867.8901,6878.5200,1781550000
2017-11-28,6893.7202,6914.1899,6866.2100,6912.3599,2003840000
2017-11-29,6907.2798,6908.3301,6793.9502,6824.3901,2456990000
2017-11-30,6852.7998,6888.6499,6838.4800,6873.9702,2468530000
2017-12-01,6844.0400,6872.1699,6737.1602,6847.5898,2302140000
2017-12-04,6897.1299,6899.2300,6770.6899,6775.3701,2427170000
2017-12-05,6759.1401,6836.4502,6752.3198,6762.2100,2085760000
2017-12-06,6742.0698,6787.4199,6734.1299,6776.3799,1901770000
2017-12-07,6785.7402,6829.2900,6778.2002,6812.8398,1953740000
2017-12-08,6859.9502,6870.4800,6831.6099,6840.0801,1825640000
2017-12-11,6847.6401,6879.7998,6844.8799,6875.0801,1836780000
2017-12-12,6872.7100,6884.7998,6856.2998,6862.3198,1872810000
2017-12-13,6880.4102,6897.6201,6871.8701,6875.7998,1931090000
2017-12-14,6887.3799,6901.1299,6851.6299,6856.5298,1990090000
2017-12-15,6871.5498,6945.8198,6871.4502,6936.5801,3529590000
2017-12-18,6980.3999,7003.8901,6975.5400,6994.7598,2150580000
2017-12-19,6991.2500,6995.8799,6951.4902,6963.8501,2084190000
2017-12-20,6991.2500,6991.2500,6935.4199,6960.9600,1888140000
2017-12-21,6972.8799,6992.6299,6961.2100,6965.3599,1827410000
2017-12-22,6958.0200,6962.2598,6944.4502,6959.9600,1541880000
2017-12-26,6928.9199,6942.1401,6915.5601,6936.2500,1301000000
2017-12-27,6941.4502,6955.3799,6931.3398,6939.3398,1411010000
2017-12-28,6953.3799,6954.7998,6936.7500,6950.1602,1319870000
2017-12-29,6952.6099,6954.9800,6903.3901,6903.3901,1575290000
2018-01-02,6937.6499,7006.9102,6924.0801,7006.8999,1929700000
2018-01-03,7017.0698,7069.1499,7016.7002,7065.5298,2173130000
2018-01-04,7089.5000,7098.0498,7072.3799,7077.9102,2103220000
2018-01-05,7105.7402,7137.0400,7097.0801,7136.5601,2024000000
2018-01-08,7135.3799,7161.3501,7124.0898,7157.3901,2055010000
2018-01-09,7174.1899,7181.1401,7148.2998,7163.5801,2155810000
2018-01-10,7129.8301,7154.2402,7111.5200,7153.5698,2132430000
2018-01-11,7168.7300,7211.7798,7163.2300,7211.7798,2015170000
2018-01-12,7208.1699,7265.2598,7205.1802,7261.0601,1986600000
2018-01-16,7307.1899,7330.3301,7205.9302,7223.6899,2399790000
2018-01-17,7257.7700,7309.3599,7229.3198,7298.2798,2245910000
2018-01-18,7293.6499,7313.8901,7276.1099,7296.0498,2037410000
2018-01-19,7312.0000,7336.3799,7297.2798,7336.3799,2005470000
2018-01-22,7338.0400,7408.0298,7332.8101,7408.0298,2118310000
2018-01-23,7424.9502,7465.3901,7423.1802,7460.2900,2135840000
2018-01-24,7474.1602,7486.3198,7376.7500,7415.0601,2287320000
2018-01-25,7457.9502,7458.5298,7388.5801,7411.1602,2081380000
2018-01-26,7448.3301,7505.7700,7431.2202,7505.7700,2080700000
2018-01-29,7484.4702,7500.6099,7455.5498,7466.5098,2114420000
2018-01-30,7388.8901,7433.6499,7373.9902,7402.4800,2183420000
2018-01-31,7443.2500,7453.9902,7381.1201,7411.4800,2428990000
2018-02-01,7377.1699,7441.0898,7362.2798,7385.8599,2311180000
2018-02-02,7347.5898,7364.4302,7238.1802,7240.9502,2607160000
2018-02-05,7165.9600,7277.3599,6967.5298,6967.5298,3143210000
2018-02-06,6837.5601,7126.5498,6824.8198,7115.8799,3148270000
2018-02-07,7086.2002,7170.3398,7051.5298,7051.9800,2380020000
2018-02-08,7067.2998,7073.9902,6776.7700,6777.1602,2730740000
2018-02-09,6863.3398,6917.0098,6630.6699,6874.4902,3165330000
2018-02-12,6936.6802,7023.6201,6879.6899,6981.9600,2250650000
2018-02-13,6942.1602,7025.6802,6938.1602,7013.5098,1830320000
2018-02-14,6979.2402,7152.0498,6977.0698,7143.6201,2217630000
2018-02-15,7200.7500,7256.9302,7130.3901,7256.4302,2124060000
2018-02-16,7236.5098,7303.2598,7226.3799,7239.4702,2037710000
2018-02-20,7209.0298,7295.9502,7206.0000,7234.3101,1921870000
2018-02-21,7258.4800,7338.6401,7218.1099,7218.2300,1956120000
2018-02-22,7252.4600,7280.9302,7194.8398,7210.0898,1927580000
2018-02-23,7261.3501,7337.8301,7232.5000,7337.3901,1887540000
2018-02-26,7373.2998,7421.8501,7360.2500,7421.4600,1876560000
2018-02-27,7416.1699,7438.0898,7330.3501,7330.3501,2162250000
2018-02-28,7371.4102,7386.7998,7273.0098,7273.0098,2384940000
2018-03-01,7274.7500,7307.8501,7117.6602,7180.5601,2499010000
2018-03-02,7099.5400,7267.1899,7084.8301,7257.8701,2291480000
2018-03-05,7222.8901,7350.0698,7205.3101,7330.7100,2076870000
2018-03-06,7366.6099,7378.0298,7319.6802,7372.0098,2132920000
2018-03-07,7311.7402,7403.7900,7311.7402,7396.6499,2198610000
2018-03-08,7422.7700,7435.0098,7391.5000,7427.9502,2277740000
2018-03-09,7475.9800,7560.8101,7469.0298,7560.8101,2310050000
2018-03-12,7581.0400,7609.1001,7563.4399,7588.3198,2314480000
2018-03-13,7627.5200,7637.2700,7492.9800,7511.0098,2459220000
2018-03-14,7539.7798,7544.8901,7473.8999,7496.8101,2112950000
2018-03-15,7509.2402,7525.4399,7463.1899,7481.7402,2008290000
2018-03-16,7504.3701,7514.2100,7473.6802,7481.9902,3089970000
2018-03-19,7419.2002,7421.2300,7285.2700,7344.2402,2352810000
2018-03-20,7353.2500,7380.7402,7331.2402,7364.2998,1976000000
2018-03-21,7347.5000,7415.6602,7325.3501,7345.2900,1999230000
2018-03-22,7257.5498,7303.1899,7164.3799,7166.6802,2370970000
2018-03-23,7170.6802,7194.3101,6992.6699,6992.6699,2455760000
2018-03-26,7125.2002,7225.8301,7022.3398,7220.5400,2341370000
2018-03-27,7255.4702,7255.5400,6963.6802,7008.8101,2347480000
2018-03-28,6978.2998,7036.0898,6901.0698,6949.2300,2551950000
2018-03-29,6984.6602,7120.4600,6935.7798,7063.4502,2593390000
2018-04-02,7016.1699,7044.7100,6805.9600,6870.1201,2402670000
2018-04-03,6924.3501,6963.7100,6835.2300,6941.2798,2330900000
2018-04-04,6811.7700,7059.2900,6811.7700,7042.1099,2261580000
2018-04-05,7099.2500,7112.3799,7036.6201,7076.5498,2153030000
2018-04-06,6999.5698,7066.6401,6877.7598,6915.1099,2359780000
2018-04-09,6971.4502,7074.9502,6944.9600,6950.3398,2089220000
2018-04-10,7060.9902,7117.9800,7014.8799,7094.2998,2252020000
2018-04-11,7055.0000,7128.5400,7055.0000,7069.0298,1882090000
2018-04-12,7112.0200,7166.0000,7105.0898,7140.2500,2027080000
2018-04-13,7179.6201,7183.6201,7078.1401,7106.6499,1768160000
2018-04-16,7153.8701,7178.5098,7115.8501,7156.2798,1800450000
2018-04-17,7215.1201,7298.5898,7206.5498,7281.1001,1935380000
2018-04-18,7292.3799,7319.5801,7259.8999,7295.2402,1908700000
2018-04-19,7258.6099,7277.4502,7215.1699,7238.0601,1982090000
2018-04-20,7220.6401,7222.9902,7123.4902,7146.1299,1935160000
2018-04-23,7173.9902,7195.7202,7094.4302,7128.6001,1744480000
2018-04-24,7160.7700,7171.6699,6961.5200,7007.3501,2154270000
2018-04-25,7009.9902,7030.7402,6926.9702,7003.7402,2055840000
2018-04-26,7080.4902,7143.9399,7055.6602,7118.6802,2141220000
2018-04-27,7195.5200,7197.1499,7083.9502,7119.7998,2050350000
2018-04-30,7133.9502,7169.7998,7065.4102,7066.2700,1998570000
2018-05-01,7053.6499,7133.2700,7036.1802,7130.7002,1932660000
2018-05-02,7138.4502,7169.4600,7094.7202,7100.8999,2157860000
2018-05-03,7065.0298,7112.5898,6991.1401,7088.1499,2355780000
2018-05-04,7065.6699,7228.2598,7057.8901,7209.6201,2040520000
2018-05-07,7241.8198,7291.7402,7235.7598,7265.2100,1950650000
2018-05-08,7255.3398,7278.8101,7224.7002,7266.8999,2070970000
2018-05-09,7281.5298,7344.7998,7259.0498,7339.9102,2250260000
2018-05-10,7355.8999,7414.1499,7353.6299,7404.9702,2250450000
2018-05-11,7393.9702,7417.6699,7372.2598,7402.8799,2085350000
2018-05-14,7429.4502,7458.4199,7401.8901,7411.3198,2085850000
2018-05-15,7361.2998,7363.5200,7320.9702,7351.6299,2120380000
2018-05-16,7356.2202,7413.3198,7356.1602,7398.2998,2103060000
2018-05-17,7379.5801,7425.3901,7350.4600,7382.4702,1958970000
2018-05-18,7364.3398,7381.1602,7343.9702,7354.3398,1982190000
2018-05-21,7406.3398,7431.8301,7368.2100,7394.0400,1997220000
2018-05-22,7420.8501,7432.5298,7370.3301,7378.4600,1927420000
2018-05-23,7335.0298,7426.7798,7334.6201,7425.9600,1997090000
2018-05-24,7421.9902,7435.3799,7357.5000,7424.4302,2035460000
2018-05-25,7422.2002,7452.8501,7415.5801,7433.8501,1771950000
2018-05-29,7398.5098,7435.1299,7354.2900,7396.5898,2095380000
2018-05-30,7428.4102,7473.8101,7423.6699,7462.4502,2058300000
2018-05-31,7455.5801,7492.4199,7431.4102,7442.1201,2533360000
2018-06-01,7487.6602,7557.3799,7487.2300,7554.3301,2212330000
2018-06-04,7570.0801,7607.1699,7561.2002,7606.4600,2152170000
2018-06-05,7621.3599,7644.4800,7602.3799,7637.8599,2063270000
2018-06-06,7652.7998,7691.6499,7622.3101,7689.2402,2198100000
2018-06-07,7697.4102,7697.4102,7597.6602,7635.0698,2339720000
2018-06-08,7607.7402,7653.5801,7595.1401,7645.5098,1949810000
2018-06-11,7647.2402,7677.2900,7642.8701,7659.9302,1959360000
2018-06-12,7673.8701,7708.2500,7669.5298,7703.7900,2019890000
2018-06-13,7713.8999,7748.9600,7686.6499,7695.7002,2197830000
2018-06-14,7723.5298,7768.6001,7723.5298,7761.0400,2193630000
2018-06-15,7725.0298,7755.7202,7704.3398,7746.3799,3049870000
2018-06-18,7692.9600,7749.3599,7676.8301,7747.0298,2102660000
2018-06-19,7658.4702,7727.4102,7635.7300,7725.5898,2283340000
2018-06-20,7764.1499,7806.6001,7755.4800,7781.5098,2316420000
2018-06-21,7800.2998,7803.4502,7699.2002,7712.9502,2349640000
2018-06-22,7739.6899,7739.7100,7679.1201,7692.8198,3956300000
2018-06-25,7631.1201,7639.7300,7477.7300,7532.0098,2423190000
2018-06-26,7553.7402,7597.4902,7527.0000,7561.6299,2068870000
2018-06-27,7586.3301,7610.6699,7444.1699,7445.0801,2319650000
2018-06-28,7438.1099,7526.0698,7419.5601,7503.6802,2208870000
2018-06-29,7544.1299,7573.5898,7502.9502,7510.2998,2208820000
2018-07-02,7451.8999,7568.1001,7443.1001,7567.6899,1777880000
2018-07-03,7593.6299,7594.3301,7498.5000,7502.6699,1171420000
2018-07-05,7550.6602,7589.1899,7511.4302,7586.4302,1754690000
2018-07-06,7595.9302,7695.8101,7588.6499,7688.3901,1718600000
2018-07-09,7731.7402,7757.2798,7702.0601,7756.2002,1844440000
2018-07-10,7770.6299,7777.4800,7731.9800,7759.2002,1735230000
2018-07-11,7698.5098,7748.1602,7696.5801,7716.6099,1768480000
2018-07-12,7752.7100,7825.6699,7746.7598,7823.9199,1930830000
2018-07-13,7827.6201,7843.5200,7803.3398,7825.9800,1727500000
2018-07-16,7831.7402,7838.8198,7791.9800,7805.7202,1739360000
2018-07-17,7751.9702,7867.1499,7749.6099,7855.1201,1752210000
2018-07-18,7859.4302,7863.7700,7822.8301,7854.4399,1881110000
2018-07-19,7829.7998,7849.8501,7811.1499,7825.2998,1886300000
2018-07-20,7843.0801,7860.2500,7815.8599,7820.2002,1796530000
2018-07-23,7806.9302,7846.7598,7776.5498,7841.8701,1668270000
2018-07-24,7914.3501,7928.7900,7814.3301,7840.7700,2021890000
2018-07-25,7839.0898,7933.3101,7838.7598,7932.2402,1943820000
2018-07-26,7848.0400,7881.2998,7834.0801,7852.1802,2289370000
2018-07-27,7889.7500,7889.7500,7698.9600,7737.4199,2193410000
2018-07-30,7735.2700,7740.2598,7604.2402,7630.0000,2154140000
2018-07-31,7654.5898,7709.4902,7614.8398,7671.7900,2208610000
2018-08-01,7701.8198,7732.6802,7670.7100,7707.2900,2228950000
2018-08-02,7659.5200,7808.8501,7659.5200,7802.6899,2115490000
2018-08-03,7819.2300,7824.0601,7783.2998,7812.0098,2035870000
2018-08-06,7809.5400,7859.6802,7801.8799,7859.6802,2245300000
2018-08-07,7878.6201,7898.2002,7868.6499,7883.6602,2206400000
2018-08-08,7880.0000,7901.6899,7864.4600,7888.3301,2098100000
2018-08-09,7886.5200,7923.3501,7881.0601,7891.7798,2048170000
2018-08-10,7834.7100,7866.1899,7818.3701,7839.1099,2107530000
2018-08-13,7848.0000,7888.6602,7814.2700,7819.7100,1934100000
2018-08-14,7847.8799,7878.2300,7815.5000,7870.8901,1938840000
2018-08-15,7810.0200,7832.6602,7732.6899,7774.1201,2294100000
2018-08-16,7826.9502,7849.6699,7795.7402,7806.5200,1991410000
2018-08-17,7786.6401,7830.7798,7752.6802,7816.3301,1850770000
2018-08-20,7834.3701,7837.1401,7787.8999,7821.0098,1709500000
2018-08-21,7840.0898,7897.6802,7836.7900,7859.1699,1788860000
2018-08-22,7844.0400,7897.6299,7840.8398,7889.1001,1669240000
2018-08-23,7886.4702,7926.3198,7866.5298,7878.4600,1888600000
2018-08-24,7907.8101,7949.7100,7907.1001,7945.9800,1892990000
2018-08-27,7989.6401,8024.9399,7976.6001,8017.8999,2333790000
2018-08-28,8039.0098,8046.3101,8009.5898,8030.0400,1980270000
2018-08-29,8044.3398,8113.5601,8042.1001,8109.6899,1909880000
2018-08-30,8094.2002,8133.2998,8069.5698,8088.3599,2022720000
2018-08-31,8079.3101,8119.8198,8079.3101,8109.5400,1906900000
2018-09-04,8087.9502,8104.0698,8042.1401,8091.2500,2238710000
2018-09-05,8073.5298,8077.8398,7962.3501,7995.1699,2602810000
2018-09-06,7998.2700,8001.9702,7885.4902,7922.7300,2375380000
2018-09-07,7878.7900,7962.5298,7873.9302,7902.5400,2158930000
2018-09-10,7939.5698,7945.0298,7890.3901,7924.1602,2055430000
2018-09-11,7894.8701,7986.3198,7880.9199,7972.4702,2345080000
2018-09-12,7958.8701,7965.3901,7884.0498,7954.2300,2372320000
2018-09-13,7999.9302,8037.5098,7989.8501,8013.7100,2332930000
2018-09-14,8026.1602,8040.8301,7979.7798,8010.0400,2069380000
2018-09-17,7992.2100,8002.7798,7890.0698,7895.7900,2303600000
2018-09-18,7903.5698,7986.1001,7901.0098,7956.1099,2328260000
2018-09-19,7962.5498,7976.1201,7917.7300,7950.0400,2167720000
2018-09-20,7993.5298,8039.0601,7986.4102,8028.2300,2306580000
2018-09-21,8041.6899,8057.2598,7979.6699,7986.9600,3729890000
2018-09-24,7939.3799,7997.8999,7912.4702,7993.2500,2433260000
2018-09-25,8001.5898,8014.1201,7979.2900,8007.4702,2328660000
2018-09-26,8011.6802,8067.0298,7982.7598,7990.3701,2342370000
2018-09-27,8021.2202,8071.5601,8017.9102,8041.9702,2073930000
2018-09-28,8024.5000,8065.0601,8015.8701,8046.3501,2342120000
2018-10-01,8091.5000,8107.3799,8019.7700,8037.2998,2299520000
2018-10-02,8024.4702,8054.1499,7983.9902,7999.5498,2416800000
2018-10-03,8034.6499,8053.9302,8012.0298,8025.0898,3095630000
2018-10-04,7993.3301,7997.1699,7833.1602,7879.5098,3302690000
2018-10-05,7874.7598,7902.6699,7715.9702,7788.4502,2699370000
2018-10-08,7747.1001,7797.3198,7654.8398,7735.9502,2259300000
2018-10-09,7728.5098,7799.7500,7718.9502,7738.0200,2466440000
2018-10-10,7694.0801,7701.2002,7420.5601,7422.0498,3111680000
2018-10-11,7388.0698,7493.2100,7274.0400,7329.0601,3154520000
2018-10-12,7507.8398,7516.6899,7368.3301,7496.8901,2674210000
2018-10-15,7473.3301,7500.9302,7400.0698,7430.7402,2167000000
2018-10-16,7501.7798,7658.1401,7493.4399,7645.4902,2639760000
2018-10-17,7669.2598,7670.4902,7563.0898,7642.7002,2385070000
2018-10-18,7616.4702,7616.8599,7452.4600,7485.1401,2567980000
2018-10-19,7530.1602,7582.8901,7428.2998,7449.0298,2547790000
2018-10-22,7486.7402,7520.5400,7424.7402,7468.6299,2301010000
2018-10-23,7328.5498,7472.5801,7260.1299,7437.5400,2752010000
2018-10-24,7423.2100,7435.6899,7099.0000,7108.3999,2959560000
2018-10-25,7197.4902,7364.8198,7178.5400,7318.3398,2788090000
2018-10-26,7125.1802,7283.3198,7057.0000,7167.2100,2971530000
2018-10-29,7272.4199,7295.6099,6922.8301,7050.2900,2711900000
2018-10-30,7017.8701,7166.8398,7001.4800,7161.6499,2699220000
2018-10-31,7276.6201,7368.4902,7270.6299,7305.8999,2918880000
2018-11-01,7327.8198,7435.8799,7286.5000,7434.0601,2728760000
2018-11-02,7424.0200,7466.5298,7298.6802,7356.9902,2899670000
2018-11-05,7344.0801,7349.2300,7255.8799,7328.8501,2186310000
2018-11-06,7326.0698,7400.6401,7320.8901,7375.9600,2300920000
2018-11-07,7446.0898,7572.9302,7435.8701,7570.7500,2687410000
2018-11-08,7544.1699,7566.9302,7499.7100,7530.8799,2475160000
2018-11-09,7468.5098,7474.3398,7349.4800,7406.8999,2426750000
2018-11-12,7364.0498,7371.0898,7193.7700,7200.8701,2305340000
2018-11-13,7230.6899,7319.1201,7182.8599,7200.8701,2361240000
2018-11-14,7265.3901,7285.5698,7101.1699,7136.3901,2566210000
2018-11-15,7112.8301,7274.2598,7072.3599,7259.0298,2523500000
2018-11-16,7193.6001,7274.8599,7171.7002,7247.8701,2466980000
2018-11-19,7217.2402,7224.1201,7011.3999,7028.4800,2381430000
2018-11-20,6867.4302,6994.7500,6830.7598,6908.8198,2672250000
2018-11-21,6985.5098,7029.9302,6951.6201,6972.2500,1867840000
2018-11-23,6919.5200,6987.8901,6919.1602,6938.9800,958950000
2018-11-26,7026.5000,7083.9302,7003.1201,7081.8501,2036910000
2018-11-27,7041.2300,7105.1401,7014.3599,7082.7002,2076790000
2018-11-28,7135.0801,7292.7100,7090.9800,7291.5898,2413120000
2018-11-29,7267.3701,7319.9600,7217.6899,7273.0801,2018190000
2018-11-30,7279.2998,7332.7900,7255.6802,7330.5400,2547970000
2018-12-03,7486.1299,7486.5098,7392.2202,7441.5098,2643150000
2018-12-04,7407.9502,7421.1099,7150.1099,7158.4302,2655720000
2018-12-06,7017.0498,7189.5200,6984.3398,7188.2598,2857650000
2018-12-07,7163.4902,7205.3701,6945.2700,6969.2500,2504680000
2018-12-10,6959.6299,7047.6201,6878.9902,7020.5200,2380270000
2018-12-11,7121.6602,7129.8301,6983.0098,7031.8301,2286810000
2018-12-12,7127.0000,7197.2900,7096.5601,7098.3101,2427080000
2018-12-13,7135.2798,7154.6401,7034.8198,7070.3301,2162210000
2018-12-14,6986.3701,7027.1699,6898.9902,6910.6602,2218330000
2018-12-17,6886.4600,6931.8101,6710.0098,6753.7300,2697400000
2018-12-18,6809.8198,6847.2700,6733.7100,6783.9102,2623270000
2018-12-19,6777.5898,6868.8599,6586.5000,6636.8301,2919140000
2018-12-20,6607.7598,6666.2002,6447.9102,6528.4102,3282440000
2018-12-21,6573.4902,6586.6802,6304.6299,6332.9902,4571670000
2018-12-24,6278.4902,6355.1802,6190.1699,6192.9199,1647440000
2018-12-26,6257.8599,6555.5298,6214.3398,6554.3599,2572890000
2018-12-27,6457.1899,6583.0098,6336.9702,6579.4902,2449110000
2018-12-28,6616.7900,6684.1802,6529.2202,6584.5200,2216250000
2018-12-31,6649.5200,6659.9600,6570.0601,6635.2798,2109320000
2019-01-02,6506.9102,6693.7100,6506.8799,6665.9399,2261800000
2019-01-03,6584.7700,6600.2100,6457.1299,6463.5000,2631550000
2019-01-04,6567.1401,6760.6899,6554.2402,6738.8599,2596150000
2019-01-07,6757.5298,6855.6001,6741.3999,6823.4702,2523450000
2019-01-08,6893.4399,6909.5801,6795.8599,6897.0000,2407340000
2019-01-09,6923.0601,6985.2202,6899.5601,6957.0801,2434500000
2019-01-10,6908.6499,6991.3701,6877.0801,6986.0698,2190110000
2019-01-11,6947.4600,6975.6499,6933.6001,6971.4800,2074310000
2019-01-14,6908.0298,6936.2202,6887.4800,6905.9199,1960780000
2019-01-15,6931.3901,7025.8501,6928.1201,7023.8301,2066090000
2019-01-16,7033.7500,7079.6299,7028.1201,7034.6899,2163730000
2019-01-17,7010.1299,7113.9502,7003.6201,7084.4600,2149280000
2019-01-18,7134.1001,7185.3799,7096.6201,7157.2300,2459920000
2019-01-22,7109.5698,7110.1602,6979.8101,7020.3599,2397660000
2019-01-23,7061.6499,7084.8501,6953.2300,7025.7700,2288090000
2019-01-24,7042.2500,7078.9600,7029.9502,7073.4600,2419110000
2019-01-25,7128.1802,7174.5601,7111.0898,7164.8599,2446550000
2019-01-28,7075.0098,7086.2998,7034.2500,7085.6802,2448790000
2019-01-29,7087.4902,7092.2900,7011.4702,7028.2900,2106370000
2019-01-30,7094.7900,7201.3101,7065.5698,7183.0801,2569410000
2019-01-31,7208.1699,7303.1201,7205.9502,7281.7402,2947490000
2019-02-01,7256.3701,7299.9399,7243.4102,7263.8701,2398800000
2019-02-04,7266.2798,7348.2300,7261.0698,7347.5400,2106030000
2019-02-05,7356.3398,7408.6802,7355.3599,7402.0801,2284960000
2019-02-06,7400.4399,7410.7700,7346.7202,7375.2798,2179400000
2019-02-07,7316.5000,7336.7402,7235.0498,7288.3501,2310700000
2019-02-08,7232.2998,7299.4399,7225.1401,7298.2002,2102520000
2019-02-11,7327.3701,7343.5601,7290.0298,7307.8999,1908490000
2019-02-12,7358.8501,7419.4302,7349.7998,7414.6201,2140130000
2019-02-13,7437.4600,7461.6602,7413.8398,7420.3799,2103840000
2019-02-14,7390.2500,7454.4199,7375.7100,7426.9502,2117500000
2019-02-15,7468.5698,7477.2798,7440.2598,7472.4102,2263640000
2019-02-19,7450.7500,7507.7900,7450.2700,7486.7700,2124140000
2019-02-20,7490.3101,7513.7002,7455.2500,7489.0698,2202670000
2019-02-21,7475.4102,7485.7500,7430.8901,7459.7100,2144680000
2019-02-22,7481.6299,7527.5400,7479.0098,7527.5400,2428560000
2019-02-25,7585.2998,7602.6899,7551.6099,7554.4600,2399410000
2019-02-26,7535.2900,7573.2202,7524.3101,7549.2998,2305760000
2019-02-27,7526.4199,7562.2900,7485.3901,7554.5098,2430790000
2019-02-28,7533.3101,7561.8999,7516.4800,7532.5298,2676790000
2019-03-01,7587.4502,7603.0400,7540.7500,7595.3501,2490920000
2019-03-04,7636.6201,7643.6602,7501.5601,7577.5698,2582090000
2019-03-05,7582.2900,7598.6602,7543.5400,7576.3599,2166670000
2019-03-06,7575.3799,7579.0200,7499.8701,7505.9199,2256550000
2019-03-07,7483.7900,7489.0801,7397.1899,7421.4600,2462690000
2019-03-08,7334.3501,7411.5200,7332.9199,7408.1401,2260950000
2019-03-11,7442.5601,7558.2300,7442.3999,7558.0601,2248460000
2019-03-12,7571.8501,7611.1299,7560.4600,7591.0298,2171620000
2019-03-13,7621.3799,7677.0698,7619.4600,7643.4102,2379260000
2019-03-14,7644.7900,7653.1001,7627.0200,7630.9102,2198900000
2019-03-15,7658.4102,7714.9600,7652.0400,7688.5298,3451860000
2019-03-18,7696.3799,7737.6699,7677.7402,7714.4800,2302140000
2019-03-19,7747.3999,7767.8901,7699.1499,7723.9502,2457920000
2019-03-20,7721.9502,7779.2402,7674.0400,7728.9702,2464230000
2019-03-21,7705.4302,7850.1099,7705.4302,7838.9600,2502810000
2019-03-22,7800.2500,7817.8301,7642.5698,7642.6699,2504740000
2019-03-25,7618.9800,7662.3799,7579.2900,7637.5400,2162490000
2019-03-26,7700.0000,7738.1699,7649.2100,7691.5200,2080350000
2019-03-27,7702.0498,7712.8398,7582.0898,7643.3799,2244070000
2019-03-28,7660.0698,7689.1602,7619.8198,7669.1699,1922150000
2019-03-29,7726.7100,7733.6201,7688.5098,7729.3198,2311790000
2019-04-01,7800.2402,7831.4502,7777.0898,7828.9102,2230050000
2019-04-02,7824.6099,7854.9199,7811.2798,7848.6899,2123250000
2019-04-03,7891.1802,7938.2598,7870.8999,7895.5498,2509630000
2019-04-04,7894.2598,7917.6499,7844.9600,7891.7798,2152640000
2019-04-05,7914.5098,7940.4502,7909.1401,7938.6899,2157050000
2019-04-08,7924.8901,7955.8999,7891.8501,7953.8799,2075550000
2019-04-09,7924.7700,7945.5498,7897.6099,7909.2798,2078800000
2019-04-10,7922.7300,7965.3301,7916.8999,7964.2402,2012290000
2019-04-11,7975.2002,7975.2002,7933.4102,7947.3599,1969480000
2019-04-12,7984.1499,7992.0898,7952.6099,7984.1602,1968900000
2019-04-15,7987.1602,7993.3301,7933.5698,7976.0098,1827710000
2019-04-16,8000.5698,8017.5601,7978.8101,8000.2300,2102740000
2019-04-17,8044.9702,8052.3999,7973.3799,7996.0801,2317330000
2019-04-18,7998.4502,8002.3101,7950.9702,7998.0601,2124630000
2019-04-22,7969.3701,8017.1499,7965.8999,8015.2700,1790990000
2019-04-23,8026.7500,8128.8701,8023.8101,8120.8198,2099410000
2019-04-24,8122.8799,8139.5498,8101.7002,8102.0098,2043310000
2019-04-25,8150.8501,8151.8398,8075.4102,8118.6802,2073370000
2019-04-26,8100.2798,8146.4199,8060.8901,8146.3999,1982560000
2019-04-29,8147.6499,8176.0801,8136.4102,8161.8501,1781860000
2019-04-30,8104.9102,8124.6099,8050.5498,8095.3901,2131850000
2019-05-01,8132.9302,8146.0000,8048.2300,8049.6401,2273540000
2019-05-02,8046.4800,8094.0601,7976.7700,8036.7700,2211530000
2019-05-03,8092.8799,8164.7100,8084.7998,8164.0000,2081080000
2019-05-06,7981.8501,8135.5400,7981.8501,8123.2900,1979650000
2019-05-07,8043.5200,8070.9702,7899.0200,7963.7598,2397600000
2019-05-08,7946.2402,8004.4902,7923.3501,7943.3198,2214680000
2019-05-09,7853.2100,7929.7798,7796.1602,7910.5898,2549500000
2019-05-10,7881.3101,7949.3398,7759.3398,7916.9399,2421470000
2019-05-13,7720.0698,7760.8301,7627.2202,7647.0200,2484820000
2019-05-14,7689.6602,7776.2002,7665.2998,7734.4902,2103140000
2019-05-15,7682.7998,7838.7202,7682.2402,7822.1499,2014080000
2019-05-16,7832.5801,7946.2300,7826.6699,7898.0498,2168720000
2019-05-17,7829.0298,7918.7100,7810.3501,7816.2798,2176380000
2019-05-20,7714.0601,7747.2700,7678.3501,7702.3799,2130700000
2019-05-21,7765.5698,7804.4399,7752.9199,7785.7202,2000130000
2019-05-22,7749.7998,7786.3301,7738.3501,7750.8398,1884660000
2019-05-23,7660.7202,7665.1499,7585.3198,7628.2798,2270530000
2019-05-24,7675.5698,7694.1499,7631.2500,7637.0098,1685230000
2019-05-28,7655.6602,7693.7402,7603.7598,7607.3501,2378470000
2019-05-29,7553.0200,7581.1099,7503.9399,7547.3101,2282120000
2019-05-30,7565.4600,7595.8999,7527.6602,7567.7202,1875180000
2019-05-31,7470.9502,7506.8599,7448.2300,7453.1499,2239420000
2019-06-03,7441.2100,7457.6602,7292.2202,7333.0200,2580670000
2019-06-04,7413.9399,7529.5000,7385.0200,7527.1201,2374130000
2019-06-05,7585.6802,7589.4702,7498.1699,7575.4800,2139290000
2019-06-06,7582.2402,7634.1201,7546.2202,7615.5498,2093470000
2019-06-07,7652.9702,7767.0200,7647.9102,7742.1001,2074120000
2019-06-10,7798.8701,7895.4399,7795.7598,7823.1699,2042340000
2019-06-11,7901.0400,7909.9902,7798.6299,7822.5698,2121150000
2019-06-12,7803.1299,7819.1602,7773.9702,7792.7202,1978930000
2019-06-13,7822.5601,7848.3599,7813.6001,7837.1299,1848360000
2019-06-14,7807.1899,7819.2100,7778.1201,7796.6602,1808370000
2019-06-17,7819.4302,7865.9800,7812.6099,7845.0200,1950550000
2019-06-18,7920.9800,8005.2100,7911.6699,7953.8799,2250550000
2019-06-19,7970.2598,7998.5898,7930.3799,7987.3198,2027520000
2019-06-20,8087.4502,8088.8799,7996.8701,8051.3398,2108250000
2019-06-21,8028.6899,8073.0200,8011.2002,8031.7100,2909540000
2019-06-24,8040.5801,8047.5601,8004.6299,8005.7002,2073470000
2019-06-25,8005.2700,8007.3101,7879.1499,7884.7202,2132550000
2019-06-26,7933.9199,7974.2798,7903.0698,7909.9702,2122730000
2019-06-27,7939.3599,7976.5801,7935.4702,7967.7598,2083920000
2019-06-28,7988.7598,8010.1499,7961.4600,8006.2402,4101490000
2019-07-01,8145.8501,8150.4502,8059.2900,8091.1602,2219030000
2019-07-02,8086.6499,8109.3701,8063.1099,8109.0898,1956590000
2019-07-03,8129.5698,8170.2300,8122.3398,8170.2300,1548240000
2019-07-05,8123.2798,8171.9702,8093.6602,8161.7900,1690700000
2019-07-08,8112.9102,8161.7900,8078.3901,8098.3799,1957160000
2019-07-09,8061.4102,8146.9800,8061.3198,8141.7300,1871430000
2019-07-10,8183.1899,8228.5996,8160.5601,8202.5303,2066640000
2019-07-11,8219.2803,8226.1797,8171.6299,8196.0400,1970690000
2019-07-12,8209.2002,8245.6602,8201.5195,8244.1396,1835960000
2019-07-15,8263.1797,8264.7803,8236.2695,8258.1904,1790770000
2019-07-16,8251.6602,8259.7500,8204.2305,8222.7998,1947010000
2019-07-17,8224.0000,8230.6699,8184.6602,8185.2100,1887120000
2019-07-18,8151.7598,8215.5801,8135.1201,8207.2402,2063790000
2019-07-19,8241.3398,8245.7803,8144.6299,8146.4902,1893050000
2019-07-22,8171.9902,8218.4199,8171.5400,8204.1396,1860440000
2019-07-23,8242.5000,8251.8301,8193.8896,8251.4004,1845050000
2019-07-24,8227.3604,8321.8096,8226.5000,8321.5000,1953670000
2019-07-25,8294.6797,8295.9502,8233.4004,8238.5400,2058090000
2019-07-26,8294.2998,8339.6396,8291.1201,8330.2100,1975110000
2019-07-29,8325.0996,8325.2803,8247.3701,8293.3301,1882980000
2019-07-30,8231.7695,8295.4600,8228.0195,8273.6104,1893610000
2019-07-31,8290.7998,8299.8301,8110.0200,8175.4199,2679230000
2019-08-01,8190.5601,8311.0400,8080.5200,8111.1201,2815420000
2019-08-02,8056.4199,8068.7998,7953.6699,8004.0698,2262550000
2019-08-05,7823.3301,7836.4502,7662.8999,7726.0400,2661780000
2019-08-06,7804.5098,7845.0098,7739.5698,7833.2700,2217620000
2019-08-07,7747.2700,7881.3799,7702.4199,7862.8301,2470170000
2019-08-08,7921.5898,8041.1201,7896.1499,8039.1602,2442950000
2019-08-09,7997.1899,8020.5601,7910.3501,7959.1401,2221180000
2019-08-12,7907.4902,7924.9902,7833.7900,7863.4102,2068920000
2019-08-13,7852.3701,8065.2402,7851.5801,8016.3599,2353570000
2019-08-14,7877.3301,7900.2798,7762.8701,7773.9399,2543670000
2019-08-15,7790.2002,7805.9302,7716.5498,7766.6201,2190810000
2019-08-16,7828.3501,7907.5200,7828.3501,7895.9902,2018710000
2019-08-19,8006.1802,8026.7500,7895.9902,8002.8101,1946440000
2019-08-20,7989.3599,8010.5801,7948.0898,7948.5601,1750730000
2019-08-21,8017.0698,8036.9399,7998.5000,8020.2100,1721410000
2019-08-22,8038.7900,8048.5801,7937.1201,7991.3901,1780760000
2019-08-23,7943.6499,8005.3398,7730.7700,7751.7700,2214370000
2019-08-26,7829.5801,7856.0400,7789.0498,7853.7402,1691990000
2019-08-27,7908.7798,7916.8301,7795.1802,7826.9502,1914930000
2019-08-28,7798.3501,7866.8701,7766.6699,7856.8799,1663450000
2019-08-29,7945.7798,7992.2900,7925.8301,7973.3901,1703760000
2019-08-30,8015.1602,8017.9102,7914.7402,7962.8799,1668110000
2019-09-03,7906.4399,7940.3701,7847.3198,7874.1602,1938780000
2019-09-04,7949.8101,7981.4102,7928.9399,7976.8799,1893740000
2019-09-05,8061.2900,8134.4199,8061.2900,8116.8301,2108700000
2019-09-06,8125.5801,8134.3901,8098.5200,8103.0698,1878730000
2019-09-09,8130.9102,8131.6602,8052.3398,8087.4399,2186660000
2019-09-10,8049.9800,8086.5298,8001.6802,8084.1602,2366080000
2019-09-11,8091.6802,8169.6802,8081.5601,8169.6802,2322610000
2019-09-12,8206.5801,8243.7998,8176.7300,8194.4697,2228100000
2019-09-13,8190.5698,8210.2002,8165.4702,8176.7100,1984570000
2019-09-16,8121.6401,8165.3301,8121.2500,8153.5400,1876540000
2019-09-17,8148.6499,8188.2300,8139.8198,8186.0200,1857350000
2019-09-18,8174.6201,8179.8701,8086.2202,8177.3901,2045590000
2019-09-19,8193.5898,8237.4297,8174.3198,8182.8799,1818430000
2019-09-20,8184.8799,8202.8203,8086.1602,8117.6699,3363230000
2019-09-23,8106.4902,8135.8101,8085.3398,8112.4600,1781750000
2019-09-24,8147.2300,8158.8301,7969.6499,7993.6299,2310940000
2019-09-25,7990.6602,8095.0000,7935.5698,8077.3799,2022080000
2019-09-26,8070.1201,8072.1099,7991.0200,8030.6602,1886310000
2019-09-27,8047.1099,8051.8301,7890.2798,7939.6299,2041250000
2019-09-30,7964.0898,8012.1602,7949.6299,7999.3398,1809050000
2019-10-01,8026.8301,8062.5000,7906.2900,7908.6802,2250500000
2019-10-02,7851.1299,7852.7002,7744.9600,7785.2500,2503630000
2019-10-03,7787.0200,7872.2598,7700.0000,7872.2598,2157220000
2019-10-04,7908.4399,7986.6201,7899.3901,7982.4702,1748000000
2019-10-07,7956.4102,8013.3101,7942.0801,7956.2900,1759580000
2019-10-08,7898.2700,7921.8799,7823.7300,7823.7798,1943700000
2019-10-09,7895.9600,7930.9199,7873.5200,7903.7402,1563500000
2019-10-10,7904.5601,7982.8398,7899.8101,7950.7798,1793470000
2019-10-11,8047.3398,8115.7998,8046.7998,8057.0400,2184790000
2019-10-14,8044.3501,8069.8501,8036.4102,8048.6499,1423700000
2019-10-15,8074.8501,8166.1802,8071.8101,8148.7100,1841660000
2019-10-16,8119.8101,8146.1499,8103.3799,8124.1802,1900010000
2019-10-17,8176.9102,8183.6401,8131.2500,8156.8501,1864020000
2019-10-18,8149.8501,8157.3599,8045.3701,8089.5400,2020020000
2019-10-21,8137.4199,8164.1401,8117.2598,8162.9902,1756640000
2019-10-22,8188.1201,8194.6201,8101.9800,8104.2998,1850870000
2019-10-23,8090.2402,8122.8799,8078.3501,8119.7900,1822180000
2019-10-24,8180.0400,8187.8398,8137.6602,8185.7998,1893620000
2019-10-25,8150.5898,8249.9697,8150.5898,8243.1201,1911580000
2019-10-28,8285.7695,8335.5596,8285.2695,8325.9902,1959920000
2019-10-29,8313.3496,8319.2900,8275.1396,8276.8496,1842720000
2019-10-30,8284.2803,8315.5000,8241.7002,8303.9805,1936060000
2019-10-31,8314.3799,8321.7998,8248.8096,8292.3604,2276140000
2019-11-01,8335.0498,8386.7500,8326.5596,8386.4004,2071350000
2019-11-04,8445.5000,8451.3701,8421.2998,8433.2002,2166830000
2019-11-05,8446.6201,8457.3896,8421.0498,8434.6797,2327420000
2019-11-06,8426.5703,8426.5703,8379.3301,8410.6299,2342570000
2019-11-07,8455.1104,8483.1602,8415.8701,8434.5195,2403680000
2019-11-08,8422.6699,8475.5703,8405.8896,8475.3096,1982140000
2019-11-11,8431.2598,8467.2900,8425.4805,8464.2803,1719300000
2019-11-12,8471.0703,8514.8398,8462.9902,8486.0898,2001440000
2019-11-13,8455.0195,8496.9004,8451.3398,8482.0996,2180010000
2019-11-14,8461.0596,8485.3604,8441.5801,8479.0195,2113840000
2019-11-15,8524.4805,8540.8301,8506.7998,8540.8301,2199480000
2019-11-18,8529.1602,8559.7803,8503.6201,8549.9404,2053260000
2019-11-19,8578.0195,8589.7598,8536.7305,8570.6602,2094030000
2019-11-20,8543.5703,8578.2695,8468.6299,8526.7305,2608780000
2019-11-21,8527.8701,8530.7305,8487.2900,8506.2100,2073720000
2019-11-22,8530.5400,8535.4600,8477.4902,8519.8799,1885730000
2019-11-25,8559.6504,8633.1504,8559.6504,8632.4902,2262750000
2019-11-26,8635.4004,8659.7305,8625.6201,8647.9297,2439370000
2019-11-27,8669.5898,8705.9102,8662.5801,8705.1797,1748520000
2019-11-29,8682.0098,8697.3203,8664.0400,8665.4697,1099090000
2019-12-02,8672.8398,8672.8398,8540.1602,8567.9902,2240300000
2019-12-03,8460.7197,8523.9805,8435.4004,8520.6396,2318760000
2019-12-04,8557.4502,8584.8799,8552.3799,8566.6699,2158870000
2019-12-05,8587.9297,8588.8896,8541.9199,8570.7002,2133380000
2019-12-06,8634.2500,8665.4404,8630.5801,8656.5303,2057020000
2019-12-09,8650.8604,8678.8496,8619.7695,8621.8301,2123870000
2019-12-10,8623.5596,8650.7598,8600.8203,8616.1797,2058760000
2019-12-11,8631.1201,8658.4805,8622.3604,8654.0498,1982080000
2019-12-12,8645.3604,8745.8203,8633.5996,8717.3203,2396400000
2019-12-13,8713.9102,8768.8701,8697.5801,8734.8799,2219630000
2019-12-16,8791.3096,8833.4502,8789.7695,8814.2305,2368050000
2019-12-17,8829.4697,8831.9902,8804.5996,8823.3604,2382450000
2019-12-18,8834.6504,8848.7598,8820.4199,8827.7402,2742330000
2019-12-19,8838.9697,8888.1299,8838.9697,8887.2197,2446890000
2019-12-20,8911.8398,8931.9102,8901.8701,8924.9600,3830200000
2019-12-23,8950.2002,8956.6396,8934.5498,8945.6504,2028670000
2019-12-24,8955.0098,8957.1201,8934.3604,8952.8799,1014530000
2019-12-26,8970.2100,9022.4600,8968.4600,9022.3896,1639960000
2019-12-27,9049.4697,9052.0000,8987.3203,9006.6201,1833740000
2019-12-30,9004.4502,9006.3604,8909.1904,8945.9902,2051320000
2019-12-31,8918.7402,8975.3604,8912.7695,8972.5996,2186830000
2020-01-02,9039.4600,9093.4297,9010.8896,9092.1904,2862700000
2020-01-03,8976.4297,9065.7598,8976.4297,9020.7695,2586520000
2020-01-06,8943.5000,9072.4102,8943.5000,9071.4697,2810450000
2020-01-07,9076.6396,9091.9297,9042.5498,9068.5801,2381740000
2020-01-08,9068.0303,9168.8896,9059.3799,9129.2402,2472620000
2020-01-09,9202.2695,9215.9502,9158.5000,9203.4297,2540960000
2020-01-10,9232.9502,9235.2002,9164.6602,9178.8604,2382900000
2020-01-13,9213.7197,9274.4902,9193.0596,9273.9297,2536820000
2020-01-14,9270.6104,9298.3301,9226.4902,9251.3301,2553160000
2020-01-15,9253.7598,9298.8203,9231.1396,9258.7002,2443220000
2020-01-16,9313.4502,9357.9199,9301.3203,9357.1299,2312110000
2020-01-17,9392.3701,9393.4805,9346.8096,9388.9404,2542540000
2020-01-21,9361.0703,9397.5801,9350.2002,9370.8096,2686610000
2020-01-22,9413.6104,9439.2900,9375.1299,9383.7695,2454580000
2020-01-23,9377.7197,9409.2002,9334.1299,9402.4805,2465850000
2020-01-24,9446.2100,9451.4297,9273.2305,9314.9102,2622970000
2020-01-27,9092.4600,9185.4502,9088.0400,9139.3096,2593910000
2020-01-28,9201.8203,9288.8701,9182.3301,9269.6797,2169020000
2020-01-29,9318.2598,9329.1201,9249.0400,9275.1602,2234620000
2020-01-30,9211.1504,9303.0000,9185.1797,9298.9297,2345370000
2020-01-31,9324.3301,9324.7998,9123.2197,9150.9404,2696090000
2020-02-03,9190.7197,9299.8496,9188.5498,9273.4004,2427320000
2020-02-04,9398.3896,9485.3799,9374.0498,9467.9697,2447340000
2020-02-05,9574.0996,9574.9404,9454.9297,9508.6797,2470240000
2020-02-06,9540.9805,9575.6602,9505.6797,9572.1504,2313860000
2020-02-07,9526.6396,9570.0898,9496.5303,9520.5098,2243720000
2020-02-10,9493.6299,9628.6602,9493.6299,9628.3896,2187520000
2020-02-11,9680.8896,9714.7402,9617.2100,9638.9404,2450070000
2020-02-12,9688.5996,9728.7695,9666.6904,9725.9600,2366510000
2020-02-13,9657.0400,9748.3203,9650.0195,9711.9697,2254870000
2020-02-14,9728.9004,9746.3604,9693.0498,9731.1797,2226720000
2020-02-18,9679.0400,9747.6797,9675.7998,9732.7402,2279420000
2020-02-19,9782.8096,9838.3701,9777.0996,9817.1797,2470860000
2020-02-20,9799.2002,9820.8604,9636.9404,9750.9697,2745730000
2020-02-21,9708.0098,9715.9502,9542.3301,9576.5898,2750160000
2020-02-24,9188.4404,9322.8799,9166.0098,9221.2803,3188590000
2020-02-25,9301.2002,9315.2598,8940.4902,8965.6104,3595520000
2020-02-26,9011.5498,9148.3203,8927.7998,8980.7803,3587950000
2020-02-27,8744.0303,8904.1104,8562.0498,8566.4805,4559900000
2020-02-28,8269.7402,8591.8203,8264.1602,8567.3701,5320020000
2020-03-02,8667.1396,8952.8096,8543.3496,8952.1699,4249020000
2020-03-03,8965.0996,9070.3203,8602.8896,8684.0898,4336700000
2020-03-04,8834.0996,9019.9600,8757.6602,9018.0898,3634760000
2020-03-05,8790.0898,8921.0801,8677.3896,8738.5898,3763860000
2020-03-06,8469.0195,8612.3604,8375.1299,8575.6201,4292730000
2020-03-09,7957.9302,8243.3096,7943.1602,7950.6802,4554110000
2020-03-10,8219.7598,8347.4004,7930.4302,8344.2500,4447260000
2020-03-11,8136.2500,8181.3599,7850.9502,7952.0498,4302610000
2020-03-12,7398.5801,7712.3301,7194.6699,7201.7998,5099350000
2020-03-13,7610.3901,7875.9302,7219.0898,7874.8799,4701070000
2020-03-16,7392.7300,7422.2002,6882.8599,6904.5898,4618120000
2020-03-17,7072.0000,7406.2300,6828.9102,7334.7798,4920210000
2020-03-18,6902.3198,7182.8301,6686.3599,6989.8398,4935000000
2020-03-19,6996.4502,7341.3799,6858.3799,7150.5801,4778490000
2020-03-20,7248.0698,7354.4399,6854.6699,6879.5200,5260300000
2020-03-23,6847.2798,6984.9399,6631.4199,6860.6699,4348410000
2020-03-24,7196.1499,7418.3701,7169.8599,7417.8599,4441080000
2020-03-25,7421.3599,7671.2100,7276.3999,7384.2998,4683630000
2020-03-26,7462.2100,7809.8301,7462.2100,7797.5400,4014670000
2020-03-27,7554.2500,7716.2402,7491.1401,7502.3799,3989120000
2020-03-30,7583.4600,7784.3501,7539.9702,7774.1499,3870770000
2020-03-31,7740.0601,7880.3101,7642.8599,7700.1001,4078960000
2020-04-01,7459.5000,7566.3701,7301.9800,7360.5801,3700040000
2020-04-02,7317.4502,7501.7002,7307.9502,7487.3101,3622170000
2020-04-03,7477.2700,7518.7202,7288.1099,7373.0801,3294260000
2020-04-06,7660.1699,7938.3301,7617.7900,7913.2402,3849130000
2020-04-07,8129.9902,8146.4302,7881.2202,7887.2598,4085960000
2020-04-08,7975.7202,8114.4302,7901.9399,8090.8999,3487440000
2020-04-09,8169.0098,8227.9102,8072.3198,8153.5801,4145460000
2020-04-13,8127.6899,8200.4404,8035.9502,8192.4199,3184660000
2020-04-14,8353.2100,8531.1104,8338.0801,8515.7402,3767410000
2020-04-15,8355.9600,8464.6602,8308.7900,8393.1797,3347920000
2020-04-16,8479.1104,8560.1602,8393.2695,8532.3604,4057800000
2020-04-17,8667.4805,8670.2998,8531.6904,8650.1396,4348310000
2020-04-20,8553.3799,8684.9102,8553.3799,8560.7305,3827370000
2020-04-21,8460.6904,8480.2900,8215.6904,8263.2305,3788180000
2020-04-22,8434.5498,8537.3096,8404.5400,8495.3799,3041520000
2020-04-23,8528.8398,8635.2305,8475.2002,8494.7500,3759890000
2020-04-24,8530.0801,8642.9297,8464.4199,8634.5195,3696020000
2020-04-27,8717.9805,8754.5703,8697.3701,8730.1602,3694980000
2020-04-28,8825.6904,8830.5703,8600.7002,8607.7305,3730350000
2020-04-29,8802.7002,8957.2695,8765.0098,8914.7100,4407140000
2020-04-30,8911.0195,8926.1104,8825.8301,8889.5498,4335660000
2020-05-01,8681.2900,8754.4600,8566.8398,8604.9502,3741300000
2020-05-04,8555.3203,8715.8203,8537.8301,8710.7100,3443140000
2020-05-05,8809.6602,8909.9600,8781.3096,8809.1201,3933550000
2020-05-06,8874.7002,8933.2500,8819.3701,8854.3896,3656750000
2020-05-07,8973.7803,9015.9902,8932.8604,8979.6602,3787220000
2020-05-08,9056.8896,9125.9805,9018.2100,9121.3203,3813630000
2020-05-11,9054.9102,9241.9199,9053.1699,9192.3398,3925450000
2020-05-12,9225.1504,9250.9600,9000.0703,9002.5498,4336510000
2020-05-13,9006.0498,9074.1602,8752.6797,8863.1699,4273210000
2020-05-14,8788.0400,8945.7100,8705.2500,8943.7197,3965970000
2020-05-15,8839.9902,9018.4004,8821.3799,9014.5596,4240690000
2020-05-18,9177.1504,9267.2197,9154.3496,9234.8301,4341820000
2020-05-19,9227.4600,9317.2500,9183.2500,9185.0996,4193550000
2020-05-20,9305.6201,9392.8203,9304.2002,9375.7803,4315500000
2020-05-21,9375.1904,9405.2500,9254.8496,9284.8799,3745270000
2020-05-22,9278.5498,9328.2803,9239.4102,9324.5898,3668070000
2020-05-26,9501.2100,9501.2100,9333.1602,9340.2197,4448950000
2020-05-27,9346.1201,9414.6201,9144.2803,9412.3604,4489110000
2020-05-28,9392.9902,9523.6396,9345.2803,9368.9902,4113660000
2020-05-29,9382.3496,9505.5498,9324.7305,9489.8701,4742290000
2020-06-01,9471.4199,9571.2803,9462.3203,9552.0498,3847770000
2020-06-02,9566.5303,9611.2197,9472.0801,9608.3799,3990080000
2020-06-03,9651.8604,9707.7803,9627.1699,9682.9102,4679030000
2020-06-04,9649.6504,9716.1396,9560.4102,9615.8096,6141320000
2020-06-05,9703.5400,9845.6904,9685.3496,9814.0801,6607730000
2020-06-08,9823.4404,9927.1299,9780.6104,9924.7500,6197330000
2020-06-09,9867.1904,10002.5000,9863.2695,9953.7500,5319450000
2020-06-10,10012.3203,10086.8896,9962.5801,10020.3496,5170860000
2020-06-11,9791.2402,9868.0801,9491.3096,9492.7305,5300850000
2020-06-12,9715.8701,9768.6396,9413.6201,9588.8096,4388990000
2020-06-15,9426.9004,9756.0703,9403.0000,9726.0195,4476010000
2020-06-16,9949.7803,9963.6299,9748.3799,9895.8701,4669320000
2020-06-17,9943.3096,9991.2100,9891.8096,9910.5303,4279700000
2020-06-18,9892.4805,9959.2002,9885.6602,9943.0498,4335320000
2020-06-19,10042.1299,10053.9102,9872.9404,9946.1201,6093830000
2020-06-22,9945.4902,10059.6104,9916.5996,10056.4805,4506960000
2020-06-23,10130.8301,10221.8496,10112.4404,10131.3701,5755170000
2020-06-24,10092.9199,10137.5000,9842.2197,9909.1699,5589130000
2020-06-25,9899.3604,10023.2803,9810.4697,10017.0000,4779640000
2020-06-26,9995.1201,10000.6699,9749.0703,9757.2197,7309380000
2020-06-29,9771.7197,9877.3398,9663.6104,9874.1504,4336290000
2020-06-30,9875.2900,10085.5898,9863.6699,10058.7695,4510190000
2020-07-01,10063.6699,10197.1904,10048.0400,10154.6299,4624430000
2020-07-02,10268.6699,10310.3604,10194.0596,10207.6299,4038920000
2020-07-06,10360.3799,10462.0498,10354.9805,10433.6504,4570260000
2020-07-07,10412.4600,10518.9805,10337.9805,10343.8896,4337130000
2020-07-08,10409.3496,10494.6299,10350.9600,10492.5000,4030210000
2020-07-09,10563.7197,10578.0996,10379.9102,10547.7500,4013180000
2020-07-10,10545.9102,10622.3496,10447.0098,10617.4404,3537510000
2020-07-13,10729.9199,10824.7803,10368.0400,10390.8398,4851880000
2020-07-14,10310.2500,10497.8301,10182.4600,10488.5801,4461770000
2020-07-15,10576.7197,10604.6699,10420.5400,10550.4902,4647070000
2020-07-16,10443.8701,10499.7900,10364.3896,10473.8301,4277760000
2020-07-17,10500.5195,10532.6201,10421.2100,10503.1904,4361480000
2020-07-20,10526.0195,10783.7998,10488.0400,10767.0898,4314630000
2020-07-21,10837.8799,10839.9297,10650.4600,10680.3604,5350750000
2020-07-22,10687.5801,10745.3203,10627.4502,10706.1299,4128960000
2020-07-23,10689.5000,10728.1201,10407.8701,10461.4199,4501540000
2020-07-24,10294.4102,10418.7500,10217.3096,10363.1797,4233390000
2020-07-27,10421.7002,10546.4404,10399.8604,10536.2695,4244570000
2020-07-28,10509.2002,10523.6396,10397.8701,10402.0898,3894660000
2020-07-29,10474.7002,10567.9102,10464.0000,10542.9404,4009640000
2020-07-30,10450.1201,10609.5898,10412.0898,10587.8096,4185810000
2020-07-31,10741.4697,10747.7998,10557.7002,10745.2695,4438730000
2020-08-03,10848.6396,10927.5596,10831.1504,10902.7998,4203890000
2020-08-04,10897.8896,10941.9102,10852.9004,10941.1699,4016520000
2020-08-05,10967.8701,11002.1104,10943.7197,10998.4004,4160740000
2020-08-06,10989.9805,11121.1904,10963.4102,11108.0703,4120000000
2020-08-07,11072.5303,11126.0400,10920.3701,11010.9805,4263930000
2020-08-10,11033.7305,11040.2402,10849.4600,10968.3604,4048420000
2020-08-11,10942.6602,10989.4199,10762.7100,10782.8203,4331770000
2020-08-12,10878.1201,11036.7197,10877.1602,11012.2402,3745230000
2020-08-13,11026.8604,11124.8496,11007.5000,11042.5000,3480470000
2020-08-14,11042.2402,11058.4404,10972.0596,11019.2998,3514260000
2020-08-17,11083.2500,11144.5303,11080.2998,11129.7305,3214870000
2020-08-18,11170.7500,11230.6201,11103.8301,11210.8398,3228590000
2020-08-19,11214.7998,11257.4199,11132.0996,11146.4600,3496480000
2020-08-20,11096.4004,11283.6201,11090.0303,11264.9502,4215130000
2020-08-21,11258.4404,11326.2100,11245.4404,11311.7998,3929290000
2020-08-24,11449.2500,11462.0498,11297.5303,11379.7197,3907310000
2020-08-25,11370.2305,11468.2598,11343.0400,11466.4697,3475280000
2020-08-26,11516.6201,11672.0498,11507.4600,11665.0596,3471520000
2020-08-27,11688.1904,11730.0098,11551.0098,11625.3398,3547400000
2020-08-28,11689.2803,11708.7695,11634.7695,11695.6299,3012980000
2020-08-31,11718.8096,11829.8398,11697.4199,11775.4600,3612050000
2020-09-01,11850.9600,11945.7197,11794.7803,11939.6699,3511060000
2020-09-02,12047.2598,12074.0596,11836.1797,12056.4404,3982360000
2020-09-03,11861.9004,11894.4004,11361.3604,11458.0996,4465010000
2020-09-04,11396.2402,11531.1797,10875.8701,11313.1299,4284440000
2020-09-08,10900.7002,11131.5000,10837.2002,10847.6904,3905420000
2020-09-09,11064.7598,11217.6904,10970.4502,11141.5596,3550660000
2020-09-10,11235.5303,11299.5303,10875.0195,10919.5898,3840010000
2020-09-11,11010.0703,11033.0400,10728.0303,10853.5498,3630250000
2020-09-14,11010.1396,11118.2900,10982.2598,11056.6504,3737610000
2020-09-15,11193.9600,11244.4600,11127.9805,11190.3203,3786110000
2020-09-16,11222.0801,11245.4199,11046.4297,11050.4697,3678020000
2020-09-17,10796.0498,10974.4502,10783.8096,10910.2803,3740110000
2020-09-18,10973.4502,10977.6797,10639.9502,10793.2803,5759090000
2020-09-21,10610.1396,10782.7402,10519.4902,10778.7998,3900970000
2020-09-22,10873.2998,10979.6504,10737.5195,10963.6396,3515440000
2020-09-23,10950.8203,10962.0303,10612.9102,10632.9902,4097320000
2020-09-24,10551.0195,10799.5498,10520.2197,10672.2695,4086360000
2020-09-25,10680.4600,10939.5498,10639.9805,10913.5596,3785270000
2020-09-28,11084.3799,11120.7900,11019.1396,11117.5303,3591740000
2020-09-29,11109.0000,11153.2305,11065.6299,11085.2500,3389040000
2020-09-30,11092.9004,11277.9600,11092.9004,11167.5098,4260630000
2020-10-01,11291.9902,11344.1299,11240.5303,11326.5098,4005900000
2020-10-02,11082.5303,11244.8701,11033.6904,11075.0195,3731510000
2020-10-05,11169.1104,11335.2100,11162.5195,11332.4902,3623920000
2020-10-06,11314.5303,11392.4102,11124.4502,11154.5996,4390960000
2020-10-07,11271.6797,11380.5596,11258.3496,11364.5996,3910770000
2020-10-08,11443.3496,11448.2305,11384.3301,11420.9805,3507570000
2020-10-09,11487.5996,11581.2305,11476.6602,11579.9404,3504230000
2020-10-12,11732.3301,11965.5400,11704.1299,11876.2598,3885030000
2020-10-13,11901.7598,11946.9805,11821.8301,11863.9004,3634130000
2020-10-14,11889.0703,11939.9199,11714.3496,11768.7305,3410410000
2020-10-15,11559.8799,11740.6797,11559.0996,11713.8701,3325270000
2020-10-16,11761.8301,11827.4199,11648.5303,11671.5596,3166980000
2020-10-19,11732.3398,11778.1104,11454.5703,11478.8799,3477410000
2020-10-20,11531.8301,11632.8896,11471.2305,11516.4902,3510040000
2020-10-21,11530.3896,11613.7900,11476.0801,11484.6904,3467310000
2020-10-22,11526.9697,11548.7695,11369.2900,11506.0098,3434040000
2020-10-23,11536.0098,11548.8496,11434.8604,11548.2803,3145570000
2020-10-26,11440.6396,11545.6299,11221.0596,11358.9404,3205100000
2020-10-27,11409.3398,11465.0596,11361.8604,11431.3496,3104770000
2020-10-28,11230.9004,11249.9502,10999.0703,11004.8701,3930690000
2020-10-29,11064.4697,11287.6299,11030.1904,11185.5898,3244190000
2020-10-30,11103.4697,11129.8096,10822.5703,10911.5898,3671600000
2020-11-02,11010.4502,11071.0801,10830.9502,10957.6104,3209000000
2020-11-03,11038.6602,11213.9199,11004.8398,11160.5703,3216580000
2020-11-04,11443.7695,11663.3096,11394.2100,11590.7803,3620760000
2020-11-05,11816.3301,11924.2803,11784.1504,11890.9297,3848160000
2020-11-06,11869.9004,11920.5400,11737.1299,11895.2305,4183220000
2020-11-09,12046.6602,12108.0703,11703.4902,11713.7803,5863900000
2020-11-10,11622.4404,11665.8701,11424.6104,11553.8604,4736560000
2020-11-11,11656.6504,11793.5703,11638.9004,11786.4297,3854680000
2020-11-12,11802.5000,11847.8398,11666.3701,11709.5898,3886670000
2020-11-13,11794.9404,11849.7900,11715.5195,11829.2900,3654230000
2020-11-16,11847.1104,11937.7197,11814.8896,11924.1299,4172570000
2020-11-17,11913.3496,11950.1797,11852.4102,11899.3398,4145030000
2020-11-18,11896.0596,11942.4902,11799.9600,11801.5996,4731420000
2020-11-19,11779.0400,11912.6299,11760.9805,11904.7100,5385190000
2020-11-20,11892.7002,11935.4697,11852.5098,11854.9697,5350970000
2020-11-23,11916.7598,11949.3301,11796.5303,11880.6299,5473250000
2020-11-24,11939.3301,12049.8799,11863.4502,12036.7900,6339580000
2020-11-25,12053.8896,12114.7695,12020.9502,12094.4004,4448640000
2020-11-27,12159.1797,12236.2305,12154.5703,12205.8496,3401830000
2020-11-30,12224.2500,12244.6504,12027.1602,12198.7402,7760390000
2020-12-01,12313.3604,12405.7900,12263.9297,12355.1104,6512420000
2020-12-02,12285.7500,12360.0596,12217.3496,12349.3701,5194960000
2020-12-03,12369.2598,12439.0195,12356.9902,12377.1797,5209980000
2020-12-04,12399.3203,12464.2305,12376.4404,12464.2305,5086900000
2020-12-07,12461.0000,12536.2305,12460.5498,12519.9502,4771820000
2020-12-08,12503.1699,12594.5400,12453.2100,12582.7695,4809480000
2020-12-09,12591.6904,12607.1396,12290.7803,12338.9502,5168450000
2020-12-10,12247.5498,12431.5596,12214.7402,12405.8096,4518580000
2020-12-11,12336.7900,12383.5000,12246.7695,12377.8701,4292680000
2020-12-14,12447.4404,12543.0000,12432.7100,12440.0400,4491930000
2020-12-15,12543.2598,12596.1299,12465.4199,12595.0596,4423650000
2020-12-16,12611.0400,12687.3203,12566.3799,12658.1904,4592700000
2020-12-17,12730.7803,12765.2500,12696.3496,12764.7500,5029830000
2020-12-18,12804.9297,12809.5996,12654.5996,12755.6396,7125800000
2020-12-21,12596.1396,12751.2695,12525.2197,12742.5195,5192860000
2020-12-22,12785.2197,12840.5703,12695.3096,12807.9199,5811850000
2020-12-23,12834.9404,12841.9199,12758.6699,12771.1104,7100250000
2020-12-24,12791.5400,12833.5498,12767.6396,12804.7305,3305960000
2020-12-28,12914.6396,12930.8896,12827.4502,12899.4199,5109140000
2020-12-29,12965.3896,12973.3301,12821.9600,12850.2197,4726920000
2020-12-30,12906.5098,12924.9297,12857.7598,12870.0000,5343010000
2020-12-31,12877.0898,12902.0703,12821.2305,12888.2803,4815840000
2021-01-04,12958.5195,12958.7197,12543.2402,12698.4502,6636170000
2021-01-05,12665.6504,12828.2695,12665.6504,12818.9600,6971860000
2021-01-06,12666.1504,12909.6299,12649.9902,12740.7900,7689880000
2021-01-07,12867.3398,13090.9102,12867.3398,13067.4805,6841480000
2021-01-08,13160.2197,13208.0898,13036.5498,13201.9805,7289390000
2021-01-11,13048.7803,13138.2695,12999.5098,13036.4297,6960470000
2021-01-12,13062.0596,13105.0400,12963.9199,13072.4297,7264070000
2021-01-13,13088.0098,13171.1504,13051.0596,13128.9502,7104810000
2021-01-14,13174.7500,13220.1602,13098.4102,13112.6396,6734100000
2021-01-15,13099.9004,13139.8301,12949.7598,12998.5000,6458360000
2021-01-19,13132.7305,13206.8604,13078.7002,13197.1797,6297860000
2021-01-20,13342.5498,13486.1299,13329.7695,13457.2500,6820990000
2021-01-21,13521.4805,13560.3496,13454.0703,13530.9102,7258640000
2021-01-22,13474.8096,13567.1396,13463.6602,13543.0596,5972750000
2021-01-25,13681.2100,13728.9805,13368.6797,13635.9902,7193710000
2021-01-26,13681.7197,13702.6904,13603.1904,13626.0596,6849600000
2021-01-27,13486.5801,13538.4199,13192.9102,13270.5996,11621190000
2021-01-28,13323.2900,13507.6396,13316.5195,13337.1602,9959270000
2021-01-29,13284.7197,13322.0000,12985.0498,13070.6904,7872250000
2021-02-01,13226.1797,13431.4600,13132.4697,13403.3896,7092520000
2021-02-02,13543.0996,13652.7002,13535.8604,13612.7803,7325270000
2021-02-03,13718.3096,13723.8301,13585.3398,13610.5400,7546940000
2021-02-04,13674.0596,13778.4199,13631.6201,13777.7402,7295370000
2021-02-05,13824.8799,13878.1602,13761.6602,13856.2998,6792910000
2021-02-08,13937.0596,13987.7402,13894.1504,13987.6396,8564530000
2021-02-09,13966.8203,14044.9502,13966.5498,14007.7002,8766770000
2021-02-10,14093.3496,14109.1201,13845.4697,13972.5303,10785930000
2021-02-11,14045.2100,14058.9102,13916.8496,14025.7695,10916780000
2021-02-12,13979.2100,14102.0400,13937.7100,14095.4697,7416940000
2021-02-16,14152.2100,14175.1201,13995.4502,14047.5000,7722100000
2021-02-17,13911.6504,13976.4297,13804.2598,13965.4902,7280500000
2021-02-18,13814.6699,13905.9600,13714.3496,13865.3604,6499420000
2021-02-19,13929.2002,13985.5801,13842.5996,13874.4600,6737820000
2021-02-22,13714.2002,13757.0596,13530.9600,13533.0498,6483740000
2021-02-23,13262.6104,13526.0898,13003.9805,13465.2002,7516510000
2021-02-24,13400.2500,13607.3604,13286.5898,13597.9697,5886230000
2021-02-25,13512.6396,13602.8604,13066.3799,13119.4297,6390380000
2021-02-26,13232.9004,13368.0596,13024.5303,13192.3496,5906110000
2021-03-01,13406.1602,13596.5898,13362.6602,13588.8301,5079530000
2021-03-02,13599.4502,13601.3301,13352.0000,13358.7900,4948140000
2021-03-03,13336.2500,13372.5195,12995.0703,12997.7500,5529980000
2021-03-04,12953.9902,13068.7100,12553.9600,12723.4697,7864380000
2021-03-05,12860.0400,12941.2100,12397.0498,12920.1504,7725200000
2021-03-08,12904.2598,13001.0000,12599.2305,12609.1602,6010230000
2021-03-09,12923.0703,13151.5400,12882.4902,13073.8203,6345560000
2021-03-10,13234.7305,13277.1104,13035.4404,13068.8301,6023880000
2021-03-11,13273.3096,13433.6201,13246.3301,13398.6699,6008850000
2021-03-12,13222.8096,13324.6904,13158.7197,13319.8604,5497210000
2021-03-15,13323.4697,13460.3496,13272.5000,13459.7100,5972370000
2021-03-16,13523.1699,13620.7100,13397.0801,13471.5703,5493890000
2021-03-17,13336.9102,13595.0000,13272.6904,13525.2002,5536110000
2021-03-18,13349.2002,13384.4600,13101.9199,13116.1699,5739720000
2021-03-19,13119.9004,13252.3701,13039.4502,13215.2402,7630590000
2021-03-22,13278.7803,13455.6396,13278.7803,13377.5400,5321760000
2021-03-23,13381.4297,13405.1504,13202.4297,13227.7002,5675010000
2021-03-24,13289.2402,13292.9199,12961.3496,12961.8896,6248650000
2021-03-25,12844.5801,13021.8604,12786.8096,12977.6797,5634290000
2021-03-26,12996.0303,13149.5498,12878.7197,13138.7305,5224360000
2021-03-29,13103.9697,13143.4102,12968.1602,13059.6504,4965090000
2021-03-30,13008.7998,13075.7500,12922.5703,13045.3896,4721950000
2021-03-31,13122.5703,13325.5400,13118.3799,13246.8701,5004720000
2021-04-01,13414.3203,13487.0801,13404.1797,13480.1104,4576480000
2021-04-05,13594.9004,13720.5801,13582.7598,13705.5898,4459000000
2021-04-06,13681.6699,13776.7100,13674.2803,13698.3799,4073710000
2021-04-07,13675.2998,13733.0303,13653.5898,13688.8398,4098740000
2021-04-08,13796.8896,13830.1396,13758.7100,13829.3096,4153600000
2021-04-09,13787.0195,13905.4102,13748.3496,13900.1904,3926110000
2021-04-12,13854.4404,13877.0000,13783.9502,13850.0000,4250900000
2021-04-13,13902.4502,14011.5098,13902.4502,13996.0996,4219360000
2021-04-14,14004.0801,14033.6299,13839.0400,13857.8398,4120770000
2021-04-15,13983.2305,14049.1299,13970.4199,14038.7598,4406880000
2021-04-16,14059.1104,14062.5000,13977.0498,14052.3398,4427780000
2021-04-19,13984.5801,14041.7900,13842.5703,13914.7695,4379610000
2021-04-20,13894.4600,13927.6699,13698.6699,13786.2695,4245120000
2021-04-21,13745.7695,13951.3496,13706.8604,13950.2197,3999620000
2021-04-22,13952.5703,14015.8701,13771.0400,13818.4102,4420820000
2021-04-23,13861.3701,14062.7402,13856.8301,14016.8096,4355100000
2021-04-26,14052.3799,14154.0303,14019.5000,14138.7803,4506210000
2021-04-27,14170.9102,14171.2402,14064.2803,14090.2197,4691460000
2021-04-28,14082.7803,14133.6504,14034.7002,14051.0303,4559710000
2021-04-29,14204.5098,14211.5703,13952.7998,14082.5498,4928030000
2021-04-30,13970.7305,14084.7598,13941.6299,13962.6797,4792460000
2021-05-03,14031.7695,14042.1201,13881.5098,13895.1201,4761430000
2021-05-04,13774.5098,13795.5703,13485.5898,13633.5000,5879730000
2021-05-05,13731.1299,13753.0498,13553.9297,13582.4199,4535690000
2021-05-06,13557.8301,13635.7305,13439.3896,13632.8398,5021400000
2021-05-07,13723.0898,13828.6201,13690.7500,13752.2402,4391100000
2021-05-10,13687.5898,13687.9297,13401.7402,13401.8604,4818670000
2021-05-11,13115.8496,13423.3096,13107.6699,13389.4297,4738390000
2021-05-12,13215.4902,13288.6104,13002.5400,13031.6797,4752930000
2021-05-13,13150.9404,13247.8701,13007.2402,13124.9902,4698110000
2021-05-14,13255.6504,13460.8799,13242.9697,13429.9805,4022610000
2021-05-17,13368.7998,13399.1699,13265.4004,13379.0498,3997780000
2021-05-18,13416.9004,13485.3398,13299.9297,13303.6396,4301300000
2021-05-19,13078.1904,13304.6104,13072.2305,13299.7402,4333520000
2021-05-20,13356.6299,13563.5195,13355.7100,13535.7402,3990760000
2021-05-21,13616.1904,13616.5801,13463.2598,13470.9902,3733940000
2021-05-24,13557.2100,13708.8496,13551.0098,13661.1699,3509470000
2021-05-25,13721.5400,13751.1396,13631.7998,13657.1699,4128990000
2021-05-26,13693.9404,13750.1602,13679.5898,13738.0000,4264500000
2021-05-27,13742.5898,13776.5195,13701.6299,13736.2803,5087180000
2021-05-28,13792.0498,13820.8701,13747.6104,13748.7402,4447940000
2021-06-01,13829.0596,13836.1699,13678.7695,13736.4805,4186280000
2021-06-02,13743.2402,13775.8896,13689.7402,13756.3301,5097630000
2021-06-03,13655.7500,13684.1299,13548.9297,13614.5098,5396250000
2021-06-04,13697.2500,13826.8203,13692.0098,13814.4902,4360710000
2021-06-07,13802.8203,13889.1104,13784.8896,13881.7197,4639210000
2021-06-08,13946.3203,13981.7197,13831.9805,13924.9102,5958410000
2021-06-09,13980.2305,14003.5000,13906.4502,13911.7500,5640490000
2021-06-10,13933.8799,14031.1904,13904.4004,14020.3301,4919880000
2021-06-11,14030.8496,14069.4199,14006.5898,14069.4199,4157580000
2021-06-14,14083.4697,14175.4502,14056.6699,14174.1396,4415160000
2021-06-15,14166.6396,14171.0195,14052.1602,14072.8604,4554580000
2021-06-16,14085.5498,14129.6904,13903.7305,14039.6797,4683030000
2021-06-17,13999.1299,14196.2100,13998.9297,14161.3496,4558280000
2021-06-18,14096.9297,14129.2197,14009.0400,14030.3799,6126070000
2021-06-21,14047.4199,14150.7803,13960.0400,14141.4805,4562010000
2021-06-22,14138.2900,14269.7695,14121.0000,14253.2695,4433140000
2021-06-23,14263.3799,14317.6602,14246.2998,14271.7305,4417470000
2021-06-24,14357.2695,14414.4600,14333.7002,14369.7100,4324620000
2021-06-25,14400.8096,14409.0801,14337.6504,14360.3896,7468090000
2021-06-28,14417.8096,14505.1904,14417.2002,14500.5098,4283000000
2021-06-29,14509.1904,14535.9697,14471.3799,14528.3301,4901300000
2021-06-30,14509.8496,14526.8096,14478.0596,14503.9502,5293810000
2021-07-01,14493.6904,14533.5498,14439.4004,14522.3799,4410470000
2021-07-02,14582.9805,14649.1104,14555.3398,14639.3301,3751420000
2021-07-06,14661.5498,14687.0000,14529.7998,14663.6396,4489540000
2021-07-07,14753.4102,14755.3301,14580.7900,14665.0596,4605630000
2021-07-08,14409.2002,14610.0596,14371.5898,14559.7803,4575010000
2021-07-09,14578.4297,14710.2002,14552.2598,14701.9199,3826500000
2021-07-12,14743.8604,14761.0801,14672.6299,14733.2402,3897090000
2021-07-13,14715.1299,14803.6797,14660.1904,14677.6504,4583460000
2021-07-14,14780.9004,14790.5498,14632.9502,14644.9502,4496220000
2021-07-15,14635.7803,14650.3701,14451.7998,14543.1299,4512550000
2021-07-16,14597.5098,14623.0195,14413.3203,14427.2402,4069530000
2021-07-19,14235.9805,14313.5996,14178.6602,14274.9805,4537130000
2021-07-20,14330.4600,14555.7500,14271.2305,14498.8799,4652450000
2021-07-21,14508.7500,14633.1396,14498.6504,14631.9502,4098520000
2021-07-22,14652.7197,14694.1904,14617.8701,14684.5996,3597540000
2021-07-23,14753.0596,14846.0596,14698.7695,14836.9902,3997250000
2021-07-26,14821.0303,14863.6504,14790.4902,14840.7100,4437090000
2021-07-27,14807.9502,14811.0801,14503.7598,14660.5801,4329230000
2021-07-28,14715.6602,14798.8799,14645.6299,14762.5801,4268210000
2021-07-29,14771.1699,14833.7402,14761.3799,14778.2598,3928640000
2021-07-30,14615.8496,14728.7803,14615.8496,14672.6797,3645050000
2021-08-02,14758.5996,14770.4102,14665.6699,14681.0703,3746130000
2021-08-03,14713.9902,14762.5996,14584.0898,14761.2900,4141370000
2021-08-04,14747.2100,14812.3701,14734.1201,14780.5303,4337330000
2021-08-05,14794.0801,14896.4697,14776.0303,14895.1201,4107300000
2021-08-06,14864.2197,14890.1797,14788.5898,14835.7598,4173090000
2021-08-09,14855.7598,14883.8096,14802.6904,14860.1797,4111640000
2021-08-10,14887.7500,14894.6104,14754.4805,14788.0898,3991770000
2021-08-11,14834.3799,14842.5000,14692.4102,14765.1396,4002340000
2021-08-12,14751.3604,14824.3096,14698.9404,14816.2598,4049000000
2021-08-13,14825.0703,14850.6104,14797.2197,14822.9004,4061070000
2021-08-16,14771.5303,14794.6797,14610.0195,14793.7598,3973920000
2021-08-17,14670.5596,14716.9502,14550.8799,14656.1797,4168880000
2021-08-18,14636.2402,14697.2500,14516.2998,14525.9102,3841840000
2021-08-19,14423.1602,14610.7598,14423.1602,14541.7900,4191490000
2021-08-20,14571.5303,14722.1602,14571.5303,14714.6602,3886340000
2021-08-23,14776.9805,14963.4697,14776.9805,14942.6504,3906780000
2021-08-24,14978.1396,15034.8896,14965.5400,15019.7998,3809750000
2021-08-25,15039.0303,15059.4297,15011.5801,15041.8604,3654150000
2021-08-26,15025.1699,15059.6299,14939.5596,14945.8096,3630900000
2021-08-27,14969.7695,15144.4805,14966.5195,15129.5000,4048610000
2021-08-30,15165.9404,15288.0801,15165.1201,15265.8896,4061760000
2021-08-31,15262.8799,15278.9600,15202.6699,15259.2402,4188020000
2021-09-01,15308.9805,15379.5000,15302.1104,15309.3799,4271690000
2021-09-02,15358.4697,15380.0703,15285.3496,15331.1797,4050510000
2021-09-03,15313.4102,15375.5596,15283.6699,15363.5195,3706990000
2021-09-07,15375.9805,15403.4404,15343.2803,15374.3301,4014250000
2021-09-08,15360.3496,15360.3496,15206.6104,15286.6396,4131560000
2021-09-09,15296.0596,15352.3799,15245.1699,15248.2500,4031140000
2021-09-10,15332.9199,15349.4697,15111.3096,15115.4902,4587150000
2021-09-13,15211.4297,15215.4404,15030.8496,15105.5801,4723370000
2021-09-14,15168.4502,15181.1904,15008.2998,15037.7598,4593140000
2021-09-15,15071.3398,15174.3799,14984.6797,15161.5303,4465140000
2021-09-16,15120.0898,15205.5000,15047.1396,15181.9199,3701500000
2021-09-17,15163.3604,15166.5596,14998.7305,15043.9697,6709540000
2021-09-20,14758.1396,14841.8203,14530.0703,14713.9004,4879490000
2021-09-21,14803.3604,14847.0303,14696.4697,14746.4004,4083010000
2021-09-22,14800.5898,14950.1201,14767.0098,14896.8496,4252490000
2021-09-23,14960.0000,15085.4404,14932.5098,15052.2402,4196130000
2021-09-24,14961.6104,15067.5596,14946.5703,15047.7002,3992150000
2021-09-27,14954.1797,15003.1602,14864.9600,14969.9697,4650790000
2021-09-28,14787.2100,14817.7402,14539.8799,14546.6797,4989510000
2021-09-29,14614.8799,14676.6201,14493.6699,14512.4404,5294600000
2021-09-30,14582.5996,14632.3604,14444.2998,14448.5801,5950950000
2021-10-01,14494.9297,14606.8203,14324.0098,14566.7002,4710720000
2021-10-04,14493.1201,14499.7402,14181.6904,14255.4805,4557110000
2021-10-05,14312.8604,14508.6504,14299.7803,14433.8301,4176390000
2021-10-06,14289.4502,14509.5498,14259.0703,14501.9102,4465910000
2021-10-07,14631.7998,14755.7197,14615.1396,14654.0195,3984180000
2021-10-08,14694.7197,14699.9102,14569.6797,14579.5400,3571380000
2021-10-11,14540.0801,14665.9902,14482.6201,14486.2002,3539540000
2021-10-12,14539.0898,14552.7100,14441.5996,14465.9199,4063830000
2021-10-13,14537.1699,14589.2803,14471.8799,14571.6396,4053580000
2021-10-14,14717.5000,14827.5596,14699.5195,14823.4297,4262400000
2021-10-15,14891.2402,14904.9805,14847.9600,14897.3398,4494440000
2021-10-18,14839.7402,15026.6797,14833.2803,15021.8096,4167740000
2021-10-19,15073.1299,15137.8496,15049.7305,15129.0898,4483400000
2021-10-20,15160.0000,15178.3896,15071.1504,15121.6797,4117050000
2021-10-21,15104.7998,15222.2500,15094.1396,15215.7002,4961860000
2021-10-22,15158.0703,15193.0098,15021.0195,15090.2002,5775770000
2021-10-25,15142.9199,15259.6299,15070.7500,15226.7100,5750200000
2021-10-26,15317.5000,15384.0000,15198.2305,15235.7100,7173230000
2021-10-27,15276.0000,15364.5400,15235.8398,15235.8398,6130110000
2021-10-28,15304.7402,15452.2998,15290.3096,15448.1201,5714890000
2021-10-29,15323.2900,15504.1201,15323.2900,15498.3896,5338290000
2021-11-01,15541.2598,15598.9502,15470.8203,15595.9199,5273950000
2021-11-02,15583.9805,15656.5996,15569.2695,15649.5996,5129370000
2021-11-03,15658.5195,15821.5703,15616.4404,15811.5801,5325110000
2021-11-04,15849.7402,15966.0898,15827.6602,15940.3096,5297250000
2021-11-05,16003.5596,16053.3896,15900.7803,15971.5898,5566400000
2021-11-08,15995.7197,16038.2305,15961.8096,15982.3604,5723650000
2021-11-09,16024.1299,16035.2100,15836.6797,15886.5400,5574660000
2021-11-10,15753.8398,15867.2402,15543.6797,15622.7100,5369110000
2021-11-11,15752.0801,15768.0303,15695.7695,15704.2803,4570460000
2021-11-12,15752.6201,15874.5703,15705.3799,15860.9600,5446540000
2021-11-15,15894.8203,15918.4502,15778.3096,15853.8496,5020180000
2021-11-16,15840.3203,15989.6104,15825.0000,15973.8604,5533020000
2021-11-17,15973.6201,15998.5703,15909.3896,15921.5703,5049320000
2021-11-18,15973.3896,16010.8799,15848.8301,15993.7100,5391360000
2021-11-19,16042.1602,16121.1201,16017.2305,16057.4404,4875310000
2021-11-22,16120.9199,16212.2305,15851.0400,15854.7598,5567830000
2021-11-23,15809.5000,15895.8604,15601.4600,15775.1396,5434380000
2021-11-24,15677.8799,15848.5596,15591.3604,15845.2305,4197090000
2021-11-26,15664.3799,15731.5400,15456.0898,15491.6602,3502170000
2021-11-29,15719.4199,15833.1104,15644.6104,15782.8301,4836230000
2021-11-30,15716.5000,15828.2002,15451.3896,15537.6904,6631470000
2021-12-01,15752.2695,15816.8203,15243.9297,15254.0498,6320260000
2021-12-02,15181.8203,15444.5400,15150.1201,15381.3203,5418340000
2021-12-03,15428.7100,15470.3604,14931.0596,15085.4697,5900290000
2021-12-06,15117.6299,15281.9902,14931.6104,15225.1504,5115230000
2021-12-07,15510.9102,15720.0898,15507.6602,15686.9199,5116490000
2021-12-08,15690.6504,15792.6396,15618.8799,15786.9902,4615390000
2021-12-09,15720.5400,15796.0498,15511.1201,15517.3701,4515600000
2021-12-10,15629.5898,15677.5996,15477.8496,15630.5996,4426210000
2021-12-13,15621.2695,15637.0596,15408.2500,15413.2803,4573920000
2021-12-14,15215.9600,15317.5498,15097.3496,15237.6396,4865990000
2021-12-15,15230.7100,15575.7598,15055.2305,15565.5801,5343920000
2021-12-16,15629.0801,15633.1904,15119.4902,15180.4297,4906480000
2021-12-17,15036.7695,15288.7803,14960.3701,15169.6797,7668770000
2021-12-20,14933.0000,15007.2998,14860.0400,14980.9404,4602640000
2021-12-21,15140.4297,15349.0596,15015.0303,15341.0898,4581720000
2021-12-22,15319.1602,15525.9697,15303.0596,15521.8896,4107900000
2021-12-23,15544.7900,15697.9805,15528.9102,15653.3701,3935010000
2021-12-27,15696.8301,15871.4004,15696.8301,15871.2598,3743920000
2021-12-28,15895.2002,15901.4697,15757.0703,15781.7197,3648500000
2021-12-29,15794.9199,15821.8096,15679.8496,15766.2197,3714380000
2021-12-30,15758.9805,15868.0898,15729.1602,15741.5596,3750920000
2021-12-31,15722.9102,15777.4297,15643.9404,15644.9697,3392580000
2022-01-03,15732.5000,15832.7998,15644.0898,15832.7998,4429960000
2022-01-04,15852.1396,15852.1396,15512.4102,15622.7197,5131110000
2022-01-05,15547.1602,15586.2998,15095.1797,15100.1699,5031850000
2022-01-06,15024.1504,15198.4502,14914.8701,15080.8604,4790820000
2022-01-07,15095.7197,15171.0195,14877.6299,14935.9004,4238070000
2022-01-10,14751.7803,14953.8496,14530.2305,14942.8301,5317180000
2022-01-11,14919.2598,15158.7100,14837.6299,15153.4502,4390710000
2022-01-12,15263.0996,15319.0303,15117.2900,15188.3896,4338530000
2022-01-13,15245.0400,15259.7100,14782.2402,14806.8096,4302020000
2022-01-14,14708.0195,14897.6797,14689.4297,14893.7500,4374020000
2022-01-18,14681.8301,14740.5400,14482.9404,14506.9004,5060790000
2022-01-19,14582.2197,14658.8896,14331.6504,14340.2598,4665340000
2022-01-20,14462.8496,14642.0303,14140.7803,14154.0195,5102050000
2022-01-21,14046.2197,14171.7197,13764.2402,13768.9199,5870830000
2022-01-24,13481.5000,13876.6104,13094.6504,13855.1299,6998770000
2022-01-25,13610.8701,13781.6201,13414.1396,13539.2900,5019380000
2022-01-26,13871.7695,14002.6504,13392.1904,13542.1201,5771140000
2022-01-27,13710.9902,13765.9102,13322.6602,13352.7803,5177380000
2022-01-28,13436.7100,13771.9102,13236.5596,13770.5703,4971930000
2022-01-31,13812.1904,14242.9004,13767.7100,14239.8799,5124940000
2022-02-01,14277.4297,14358.6904,14070.7695,14346.0000,4671850000
2022-02-02,14494.4697,14504.8203,14264.6504,14417.5498,4673140000
2022-02-03,14045.8301,14207.8896,13851.7402,13878.8203,4326300000
2022-02-04,13958.4805,14222.7598,13850.3896,14098.0098,4121340000
2022-02-07,14118.7900,14236.3096,13974.0996,14015.6699,4268730000
2022-02-08,13984.4297,14226.4805,13934.7803,14194.4502,4293770000
2022-02-09,14368.1602,14490.7197,14330.8701,14490.3701,4729730000
2022-02-10,14228.6797,14509.5596,14118.2002,14185.6396,5212510000
2022-02-11,14213.6201,14246.7002,13733.1602,13791.1504,5237320000
2022-02-14,13768.9697,13921.7100,13664.7598,13790.9199,4347350000
2022-02-15,13997.1797,14142.4902,13976.2900,14139.7598,4416840000
2022-02-16,14038.9199,14163.7305,13931.9902,14124.0898,4238560000
2022-02-17,14004.1904,14020.8203,13704.7002,13716.7197,4278370000
2022-02-18,13735.4004,13762.4004,13465.5596,13548.0703,4501940000
2022-02-22,13424.3604,13618.7197,13249.6504,13381.5195,4849170000
2022-02-23,13511.7500,13533.7803,13032.1699,13037.4902,4639330000
2022-02-24,12587.8799,13486.1104,12587.8799,13473.5898,6180200000
2022-02-25,13485.2598,13696.8604,13358.2900,13694.6201,4628720000
2022-02-28,13570.8301,13810.6396,13549.9004,13751.4004,5928130000
2022-03-01,13716.7002,13777.0400,13441.3203,13532.4600,6131350000
2022-03-02,13597.5303,13796.5498,13493.9102,13752.0195,5246390000
2022-03-03,13837.5898,13837.5898,13472.6396,13537.9404,5092580000
2022-03-04,13455.2305,13486.7100,13224.9805,13313.4404,5343900000
2022-03-07,13328.3604,13353.2803,12828.0195,12830.9600,6195370000
2022-03-08,12800.0400,13159.4404,12670.0801,12795.5498,6683960000
2022-03-09,13113.7002,13301.1602,13039.7900,13255.5498,5396550000
2022-03-10,13098.3496,13163.5000,12946.2803,13129.9600,5071250000
2022-03-11,13229.7695,13239.3496,12830.3701,12843.8096,5288210000
2022-03-14,12795.1201,12918.0098,12555.3496,12581.2197,5876710000
2022-03-15,12685.2305,12973.8799,12616.5898,12948.6201,5440100000
2022-03-16,13119.3701,13440.1201,12992.2002,13436.5498,6552210000
2022-03-17,13360.7197,13620.7998,13317.1396,13614.7803,5612090000
2022-03-18,13564.6299,13899.2803,13528.0596,13893.8398,8149290000
2022-03-21,13860.3896,13945.8096,13682.5498,13838.4600,5673940000
2022-03-22,13866.4297,14141.0703,13857.2900,14108.8203,5445100000
2022-03-23,13990.3496,14152.1396,13921.6504,13922.5996,5024230000
2022-03-24,14001.3203,14193.5498,13897.2002,14191.8398,5149520000
2022-03-25,14194.7197,14218.7598,14010.7900,14169.2998,5585100000
2022-03-28,14177.2100,14356.0000,14101.3398,14354.9004,5129500000
2022-03-29,14500.3896,14646.9004,14419.4004,14619.6396,6060890000
2022-03-30,14558.5898,14609.2500,14383.4502,14442.2695,5479200000
2022-03-31,14444.7803,14456.7402,14217.7197,14220.5195,5453890000
2022-04-01,14269.5303,14306.9404,14131.8096,14261.5000,5002790000
2022-04-04,14304.3496,14534.3799,14286.4502,14532.5498,4630100000
2022-04-05,14490.2598,14500.2900,14169.1201,14204.1699,4727710000
2022-04-06,14002.5801,14032.8398,13788.9004,13888.8203,5360420000
2022-04-07,13861.4902,13978.2500,13689.2305,13897.2998,4856090000
2022-04-08,13830.4697,13866.0596,13693.6904,13711.0000,4574080000
2022-04-11,13547.2900,13585.0801,13401.3896,13411.9600,4946680000
2022-04-12,13584.6904,13685.9502,13317.7402,13371.5703,4991720000
2022-04-13,13373.1201,13679.4297,13353.6602,13643.5898,4909720000
2022-04-14,13647.4297,13662.9297,13345.2197,13351.0801,4642240000
2022-04-18,13319.3896,13414.2695,13222.0303,13332.3604,4365230000
2022-04-19,13312.4404,13643.9697,13281.2197,13619.6602,4562840000
2022-04-20,13665.3799,13678.5498,13426.1299,13453.0703,4678930000
2022-04-21,13623.7002,13710.7002,13140.8301,13174.6504,5233110000
2022-04-22,13168.7998,13212.5996,12828.0195,12839.2900,4475090000
2022-04-25,12749.1699,13011.4502,12722.5898,13004.8496,4845160000
2022-04-26,12918.0400,12918.0400,12490.7402,12490.7402,5168160000
2022-04-27,12500.8799,12703.7900,12430.9004,12488.9297,4810720000
2022-04-28,12712.8604,12948.5195,12487.8604,12871.5303,5067150000
2022-04-29,12710.4199,12861.8301,12315.7402,12334.6396,4733070000
2022-05-02,12331.6904,12542.5400,12202.4102,12536.0195,4918240000
2022-05-03,12511.4600,12645.8301,12460.9902,12563.7598,4547280000
2022-05-04,12574.7305,12985.0098,12367.0195,12964.8604,5498050000
2022-05-05,12787.5195,12787.5195,12183.5596,12317.6904,5308920000
2022-05-06,12246.8301,12358.4199,11990.1504,12144.6602,5324480000
2022-05-09,11923.0303,11990.6104,11574.9404,11623.2500,5939140000
2022-05-10,11900.3398,11944.9404,11566.2803,11737.6699,6218260000
2022-05-11,11645.5703,11844.5098,11339.1797,11364.2402,6152370000
2022-05-12,11199.2500,11547.3301,11108.7598,11370.9600,6679470000
2022-05-13,11555.9697,11856.7100,11510.2598,11805.0000,5894020000
2022-05-16,11727.1396,11804.5898,11627.5303,11662.7900,4930250000
2022-05-17,11905.5703,11988.4297,11754.2803,11984.5195,5093960000
2022-05-18,11790.6797,11826.2197,11381.6904,11418.1504,5064120000
2022-05-19,11364.4004,11562.8203,11313.3096,11388.5000,5154410000
2022-05-20,11542.6699,11552.2100,11035.6904,11354.6201,5434370000
2022-05-23,11396.2803,11552.0703,11304.5596,11535.2695,4552200000
2022-05-24,11326.4404,11351.6104,11092.4805,11264.4502,4724430000
2022-05-25,11225.0303,11511.9004,11211.8496,11434.7402,4519690000
2022-05-26,11409.8398,11796.9697,11406.1602,11740.6504,4672620000
2022-05-27,11869.6904,12131.6602,11856.8203,12131.1299,4793900000
2022-05-31,12137.5400,12190.0801,11942.5000,12081.3896,6045500000
2022-06-01,12176.8896,12237.9404,11901.4297,11994.4600,4719900000
2022-06-02,11945.5703,12320.1201,11901.4502,12316.9004,4445840000
2022-06-03,12097.1201,12167.4404,11966.6201,12012.7305,4130040000
2022-06-06,12200.3301,12245.4004,12004.2002,12061.3701,4647010000
2022-06-07,11925.8096,12194.8604,11888.6104,12175.2305,4411240000
2022-06-08,12147.2803,12235.7803,12052.7002,12086.2695,4708980000
2022-06-09,12016.4697,12115.0596,11751.9805,11754.2305,5408460000
2022-06-10,11543.8799,11569.1504,11328.2695,11340.0195,5152020000
2022-06-13,10986.8496,11071.4805,10775.1396,10809.2305,5937320000
2022-06-14,10897.4297,10926.8096,10733.0400,10828.3496,4819890000
2022-06-15,10968.4004,11244.2598,10866.3896,11099.1504,5368500000
2022-06-16,10806.0195,10831.0703,10565.1396,10646.0996,5696630000
2022-06-17,10697.5498,10884.7100,10638.7197,10798.3496,7452830000
2022-06-21,10974.0498,11164.9902,10974.0498,11069.2998,5226260000
2022-06-22,10941.9502,11216.7695,10938.0596,11053.0801,5238180000
2022-06-23,11137.6797,11260.2695,11046.2803,11232.1904,5258200000
2022-06-24,11351.3096,11613.2305,11337.7803,11607.6201,9468130000
2022-06-27,11661.0195,11677.4902,11487.0703,11524.5498,5047860000
2022-06-28,11542.2402,11635.8496,11177.6797,11181.5400,5433220000
2022-06-29,11160.2197,11226.3301,11072.1904,11177.8896,5650860000
2022-06-30,11048.2500,11160.9199,10850.0098,11028.7402,5654520000
2022-07-01,11006.8301,11132.5498,10922.7100,11127.8496,4865730000
2022-07-05,10964.1797,11323.8896,10911.4502,11322.2402,5053570000
2022-07-06,11337.9004,11443.1504,11250.3203,11361.8496,4851170000
2022-07-07,11422.5996,11644.4697,11412.8799,11621.3496,4685050000
2022-07-08,11503.6104,11689.7002,11479.7695,11635.3096,4526570000
2022-07-11,11524.4902,11541.0996,11348.0596,11372.5996,4362910000
2022-07-12,11420.8896,11483.1699,11207.0801,11264.7305,4317860000
2022-07-13,11056.5498,11325.6699,11031.2695,11247.5801,4433060000
2022-07-14,11151.2100,11279.9697,11005.9297,11251.1904,4481070000
2022-07-15,11379.3604,11454.6904,11295.3301,11452.4199,4369060000
2022-07-18,11561.6396,11629.0303,11322.8398,11360.0498,5057920000
2022-07-19,11515.0000,11721.2197,11448.9697,11713.1504,5302740000
2022-07-20,11726.0898,11939.9600,11703.3604,11897.6504,5467080000
2022-07-21,11914.1504,12060.5898,11812.7197,12059.6104,4680930000
2022-07-22,12025.3701,12093.0195,11767.1904,11834.1104,4721880000
2022-07-25,11837.9600,11855.1104,11707.5303,11782.6699,4346520000
2022-07-26,11701.5303,11711.3096,11533.3701,11562.5703,4349760000
2022-07-27,11756.1904,12081.7305,11718.3799,12032.4199,4588480000
2022-07-28,12036.4805,12179.0898,11886.6699,12162.5898,4924950000
2022-07-29,12239.6904,12426.2598,12181.1299,12390.6904,4907410000
2022-08-01,12317.9600,12499.7197,12271.9805,12368.9805,4396390000
2022-08-02,12287.6699,12503.3398,12260.4805,12348.7598,4792140000
2022-08-03,12433.8701,12699.6396,12425.2100,12668.1602,5667990000
2022-08-04,12675.0400,12736.1904,12600.7803,12720.5801,5451470000
2022-08-05,12538.7998,12720.4404,12525.7695,12657.5498,4911300000
2022-08-08,12703.7197,12855.1504,12597.7500,12644.4600,5238600000
2022-08-09,12557.4902,12582.9102,12438.8604,12493.9297,5307340000
2022-08-10,12793.4404,12861.4404,12698.6104,12854.7998,5196210000
2022-08-11,12944.8203,13026.2402,12760.0898,12779.9102,5815960000
2022-08-12,12866.3096,13047.1904,12821.2197,13047.1904,4782610000
2022-08-15,12996.6299,13146.0596,12993.7803,13128.0498,4476040000
2022-08-16,13082.6396,13181.0898,12979.2402,13102.5498,5028410000
2022-08-17,12968.6299,13053.5098,12863.0098,12938.1201,5229520000
2022-08-18,12937.7900,13002.6602,12873.4902,12965.3398,4724350000
2022-08-19,12832.2695,12859.0098,12674.8701,12705.2197,4628170000
2022-08-22,12523.1602,12538.5498,12353.7305,12381.5703,4270980000
2022-08-23,12380.3701,12490.8496,12352.0303,12381.2998,3836180000
2022-08-24,12375.1504,12504.3301,12350.1602,12431.5303,3917170000
2022-08-25,12506.3701,12641.2598,12471.9805,12639.2695,4323470000
2022-08-26,12630.5801,12655.8398,12141.5195,12141.7100,4530000000
2022-08-29,12021.0498,12124.8701,11981.4199,12017.6699,4209850000
2022-08-30,12093.0596,12101.8496,11790.0195,11883.1396,4681520000
2022-08-31,11972.5596,12027.4297,11814.1699,11816.2002,4952010000
2022-09-01,11707.4404,11798.3701,11546.5195,11785.1299,4792890000
2022-09-02,11899.1396,11945.9102,11573.5098,11630.8604,4257410000
2022-09-06,11643.0303,11679.4297,11471.5000,11544.9102,4622940000
2022-09-07,11559.3799,11819.0703,11555.0801,11791.9004,4445640000
2022-09-08,11679.8604,11896.7305,11660.5303,11862.1299,4329910000
2022-09-09,11958.6104,12132.6699,11958.6104,12112.3096,4401590000
2022-09-12,12174.9404,12270.1904,12169.2803,12266.4102,4146680000
2022-09-13,11908.8096,11957.9697,11604.4297,11633.5703,5188380000
2022-09-14,11680.4102,11746.8301,11602.7598,11719.6797,4861530000
2022-09-15,11633.2402,11760.7305,11497.1104,11552.3604,4805910000
2022-09-16,11401.2100,11460.4297,11316.9199,11448.4004,7451840000
2022-09-19,11338.5703,11538.1299,11337.8301,11535.0195,4168670000
2022-09-20,11440.1396,11520.9902,11343.7197,11425.0498,4028100000
2022-09-21,11466.2100,11613.5703,11218.9902,11220.1904,4471000000
2022-09-22,11167.3799,11203.7695,11024.6396,11066.8096,4916470000
2022-09-23,10952.6904,10958.2900,10732.7197,10867.9297,5134350000
2022-09-26,10833.3799,11024.0000,10789.0498,10802.9199,4697730000
2022-09-27,10955.2900,11040.9805,10741.0195,10829.5000,4445050000
2022-09-28,10817.5195,11101.5000,10776.3398,11051.6396,4556100000
2022-09-29,10894.4404,10899.4697,10623.2197,10737.5098,4516630000
2022-09-30,10697.7100,10883.0400,10572.3301,10575.6201,4649710000
2022-10-03,10659.0098,10875.4600,10577.8896,10815.4297,4415440000
2022-10-04,11054.7197,11189.9600,11044.0400,11176.4102,5004780000
2022-10-05,11022.6699,11210.3203,10910.7598,11148.6396,4091860000
2022-10-06,11129.0400,11230.4404,11051.2695,11073.3096,4423320000
2022-10-07,10877.2803,10891.9297,10608.5195,10652.4004,4634190000
2022-10-10,10659.9502,10669.9297,10449.0400,10542.0996,3989640000
2022-10-11,10484.3701,10608.8398,10351.9805,10426.1904,4738840000
2022-10-12,10437.0000,10494.5303,10372.2100,10417.0996,4091030000
2022-10-13,10131.8203,10697.7100,10088.8301,10649.1504,5300080000
2022-10-14,10742.8096,10766.6904,10308.8096,10321.3896,4393000000
2022-10-17,10575.6504,10696.5898,10569.6904,10675.7998,4439190000
2022-10-18,10963.9902,10972.9697,10670.1201,10772.4004,5047360000
2022-10-19,10689.3096,10808.0400,10592.8799,10680.5098,4955090000
2022-10-20,10657.4102,10837.2998,10574.5498,10614.8398,4628010000
2022-10-21,10576.0400,10875.7197,10542.4297,10859.7197,4706440000
2022-10-24,10867.0703,10983.5195,10713.3301,10952.6104,4808710000
2022-10-25,10996.9697,11210.3799,10996.9697,11199.1201,5141760000
2022-10-26,10969.0195,11205.8398,10948.3799,10970.9902,5224440000
2022-10-27,10971.9502,10998.7305,10780.5000,10792.6699,4773520000
2022-10-28,10766.2002,11117.0400,10766.2002,11102.4502,4731940000
2022-10-31,11028.4297,11047.9404,10914.0098,10988.1504,4753740000
2022-11-01,11154.7402,11156.3496,10881.1904,10890.8496,4677520000
2022-11-02,10885.0098,10993.2402,10522.9004,10524.7998,5436420000
2022-11-03,10399.4502,10486.0098,10319.5400,10342.9404,5102190000
2022-11-04,10548.1396,10553.6299,10262.9297,10475.2500,5453750000
2022-11-07,10516.9404,10587.9600,10428.9102,10564.5195,4456690000
2022-11-08,10611.5303,10745.6396,10472.7305,10616.2002,5134500000
2022-11-09,10528.4502,10564.9697,10344.0098,10353.1699,4977460000
2022-11-10,10869.1699,11119.1201,10779.9502,11114.1504,6433000000
2022-11-11,11124.7500,11352.4297,11069.8301,11323.3301,5867750000
2022-11-14,11233.9004,11350.1201,11167.1699,11196.2197,5004060000
2022-11-15,11474.8203,11492.6201,11241.1504,11358.4102,5617310000
2022-11-16,11260.0996,11286.0996,11162.9199,11183.6602,4585190000
2022-11-17,11008.6699,11198.8398,11006.2100,11144.9600,4354360000
2022-11-18,11257.0098,11259.4404,11059.1602,11146.0596,4175420000
2022-11-21,11091.0098,11128.7803,10999.7500,11024.5098,3977130000
2022-11-22,11058.5596,11179.8701,10975.6602,11174.4102,4186360000
2022-11-23,11174.6104,11310.8203,11174.6104,11285.3203,4431530000
2022-11-25,11231.0000,11261.5703,11206.3799,11226.3604,2184080000
2022-11-28,11147.5703,11217.7500,11020.6904,11049.5000,4271360000
2022-11-29,11060.0195,11086.0195,10944.3701,10983.7803,4592830000
2022-11-30,10995.2002,11468.4697,10966.5303,11468.0000,6653460000
2022-12-01,11475.1699,11546.7695,11378.7500,11482.4502,5158120000
2022-12-02,11308.3799,11492.3203,11296.7197,11461.5000,4523010000
2022-12-05,11380.9902,11425.5098,11193.0195,11239.9404,4510030000
2022-12-06,11228.4199,11241.4199,10956.2002,11014.8896,4713330000
2022-12-07,10963.9502,11039.8096,10910.6201,10958.5498,4343860000
2022-12-08,11011.3301,11119.1602,10939.4697,11082.0000,4281800000
2022-12-09,11038.1699,11138.7002,10999.2598,11004.6201,4337440000
2022-12-12,11015.4805,11144.6699,10984.8203,11143.7402,4829990000
2022-12-13,11542.8398,11571.6396,11160.5400,11256.8096,6126890000
2022-12-14,11248.0898,11352.0898,11065.2402,11170.8896,5485150000
2022-12-15,11012.6201,11029.5703,10775.6104,10810.5303,5536070000
2022-12-16,10767.6299,10833.2402,10642.0996,10705.4102,7968170000
2022-12-19,10707.4404,10713.9697,10497.5498,10546.0303,4631820000
2022-12-20,10490.8896,10609.4600,10446.8203,10547.1104,4707190000
2022-12-21,10592.0000,10753.5703,10569.2002,10709.3701,4401420000
2022-12-22,10586.4600,10599.3398,10313.3203,10476.1201,5125070000
2022-12-23,10437.7500,10514.7598,10361.8203,10497.8604,3544680000
2022-12-27,10462.1904,10472.3203,10340.7305,10353.2305,3827290000
2022-12-28,10339.2002,10414.8203,10207.4697,10213.2900,3842970000
2022-12-29,10321.4600,10502.0801,10301.0596,10478.0898,4154100000
2022-12-30,10368.3701,10468.3096,10324.7002,10466.4805,3959030000
2023-01-03,10562.0596,10613.0596,10309.1602,10386.9805,4780650000
2023-01-04,10467.8203,10515.2197,10337.6396,10458.7598,5085380000
2023-01-05,10390.3096,10393.2197,10295.2500,10305.2402,4764270000
2023-01-06,10363.9600,10604.1396,10265.0400,10569.2900,5199780000
2023-01-09,10662.0996,10807.2598,10619.1201,10635.6504,5132190000
2023-01-10,10607.7197,10743.6699,10589.5898,10742.6299,4710680000
2023-01-11,10794.9902,10932.4404,10762.7305,10931.6699,5284390000
2023-01-12,10969.2598,11027.7500,10797.1201,11001.0996,5681240000
2023-01-13,10906.3701,11084.0098,10900.1602,11079.1602,5077990000
2023-01-17,11070.0000,11145.4404,11024.7197,11095.1104,5138410000
2023-01-18,11170.9502,11223.4102,10952.0498,10957.0098,5288630000
2023-01-19,10890.4004,10932.5195,10804.5703,10852.2695,4660800000
2023-01-20,10924.6602,11143.1699,10885.6504,11140.4297,5980110000
2023-01-23,11171.9404,11405.5000,11144.0303,11364.4102,5997810000
2023-01-24,11302.9297,11378.1504,11282.6504,11334.2695,5670860000
2023-01-25,11146.5303,11334.2197,11069.1797,11313.3604,5485570000
2023-01-26,11458.4004,11516.0498,11341.1904,11512.4102,5732890000
2023-01-27,11470.4697,11691.8896,11470.2695,11621.7100,6243800000
2023-01-30,11512.3398,11553.3096,11388.5400,11393.8096,5122320000
2023-01-31,11398.5801,11586.0098,11398.3701,11584.5498,5695150000
2023-02-01,11573.1396,11904.0195,11500.3301,11816.3203,6336040000
2023-02-02,12065.1504,12269.5498,12024.1396,12200.8203,7038210000
2023-02-03,11946.8604,12231.3096,11946.8604,12006.9502,5954490000
2023-02-06,11904.4102,11973.4102,11843.4902,11887.4502,5538350000
2023-02-07,11891.2500,12150.2197,11836.7803,12113.7900,5720240000
2023-02-08,12069.1201,12096.3896,11890.0898,11910.5195,5052870000
2023-02-09,12069.0996,12070.9600,11745.1104,11789.5801,5536290000
2023-02-10,11714.5996,11775.7998,11630.5400,11718.1201,4885030000
2023-02-13,11759.0898,11910.9199,11719.7305,11891.7900,4752880000
2023-02-14,11808.2002,11999.8496,11760.5596,11960.1504,5032430000
2023-02-15,11905.1201,12071.2900,11876.8203,12070.5898,5056640000
2023-02-16,11896.3096,12040.3398,11853.3604,11855.8301,5159410000
2023-02-17,11777.5000,11803.2197,11673.2100,11787.2695,4925230000
2023-02-21,11640.3701,11684.1396,11491.1797,11492.2998,5002540000
2023-02-22,11517.2002,11582.5195,11445.1699,11507.0703,4671270000
2023-02-23,11636.9297,11638.9805,11432.5801,11590.4004,4714580000
2023-02-24,11404.1797,11434.3604,11334.4697,11394.9404,4432650000
2023-02-27,11517.1904,11565.2305,11444.5996,11466.9805,4494000000
2023-02-28,11451.0498,11548.2305,11435.3896,11455.5400,5340950000
2023-03-01,11447.5801,11479.0000,11349.8701,11379.4805,4927530000
2023-03-02,11273.7695,11487.5898,11273.6104,11462.9805,5313760000
2023-03-03,11524.6504,11699.6299,11514.7402,11689.0098,5102210000
2023-03-06,11736.8701,11827.9199,11667.4805,11675.7402,4982880000
2023-03-07,11670.9805,11705.9600,11512.0303,11530.3301,5422820000
2023-03-08,11553.0898,11601.2305,11487.7500,11576.0000,5085970000
2023-03-09,11578.3096,11667.1201,11319.9805,11338.3496,5061790000
2023-03-10,11325.3604,11373.8096,11093.8604,11138.8896,6193500000
2023-03-13,11041.4600,11326.7305,10982.7998,11188.8398,6201490000
2023-03-14,11357.7305,11467.0195,11284.9297,11428.1504,5533120000
2023-03-15,11291.1699,11447.9004,11238.4404,11434.0498,5912430000
2023-03-16,11384.8701,11733.7998,11365.4902,11717.2803,5498920000
2023-03-17,11696.3398,11773.1104,11562.6299,11630.5098,7903090000
2023-03-20,11614.3896,11695.5498,11550.6904,11675.5400,4970630000
2023-03-21,11764.7900,11879.1602,11724.9102,11860.1104,4829870000
2023-03-22,11857.5000,12013.9902,11666.8496,11669.9600,4981590000
2023-03-23,11811.3203,11962.6904,11684.5195,11787.4004,4917460000
2023-03-24,11747.6201,11826.2305,11670.6699,11823.9600,4363650000
2023-03-27,11868.5400,11903.2100,11739.0498,11768.8398,4330320000
2023-03-28,11752.7598,11752.7598,11635.0303,11716.0801,4036910000
2023-03-29,11855.5898,11941.5996,11823.3496,11926.2402,4493540000
2023-03-30,12010.4502,12044.7900,11953.3701,12013.4697,4738880000
2023-03-31,12031.5400,12227.9297,12030.4404,12221.9102,5521150000
2023-04-03,12146.0898,12196.3398,12086.5195,12189.4502,4816440000
2023-04-04,12208.4902,12224.6797,12081.8096,12126.3301,4298760000
2023-04-05,12081.7598,12086.7500,11931.8496,11996.8604,4378590000
2023-04-06,11939.0801,12098.5000,11898.3604,12087.9600,3862800000
2023-04-10,11975.1299,12084.9502,11924.2002,12084.3604,4334070000
2023-04-11,12080.2402,12091.2695,12011.4004,12031.8799,4676960000
2023-04-12,12110.8701,12134.5000,11916.5400,11929.3398,4909770000
2023-04-13,11997.4199,12178.7998,11995.9404,12166.2695,4942990000
2023-04-14,12117.9102,12205.7197,12026.5498,12123.4697,4655740000
2023-04-17,12108.2305,12159.0195,12064.0996,12157.7197,4823180000
2023-04-18,12234.5596,12245.4297,12110.2305,12153.4102,4851810000
2023-04-19,12063.6797,12191.0996,12060.1699,12157.2305,4972700000
2023-04-20,12039.0801,12155.9600,12011.9502,12059.5596,4590530000
2023-04-21,12046.0303,12097.1504,11986.8203,12072.4600,4868050000
2023-04-24,12053.4697,12103.5801,11960.2998,12037.2002,4854050000
2023-04-25,11968.8096,11990.4600,11798.7695,11799.1602,4806020000
2023-04-26,11913.2305,11967.9902,11833.0703,11854.3496,5281970000
2023-04-27,11972.1504,12154.0098,11950.9199,12142.2402,5253710000
2023-04-28,12117.5400,12227.7197,12082.5703,12226.5801,5331380000
2023-05-01,12210.0498,12261.3203,12181.0801,12212.5996,5168430000
2023-05-02,12198.0195,12206.5801,12015.2305,12080.5098,5501410000
2023-05-03,12097.0400,12212.5498,12022.4600,12025.3301,5782160000
2023-05-04,11997.3398,12033.1504,11925.3701,11966.4004,4745780000
2023-05-05,12073.0303,12264.8301,12065.7197,12235.4102,4574790000
2023-05-08,12231.6797,12264.9902,12178.2598,12256.9199,4216360000
2023-05-09,12195.7803,12216.1299,12174.0596,12179.5498,4126780000
2023-05-10,12286.6602,12337.6904,12180.8604,12306.4404,4948260000
2023-05-11,12321.2598,12347.3799,12255.4404,12328.5098,4489490000
2023-05-12,12350.5195,12364.6504,12209.5801,12284.7402,4170000000
2023-05-15,12301.1699,12376.4004,12263.3496,12365.2100,3979290000
2023-05-16,12327.0498,12403.8096,12324.5195,12343.0498,4067510000
2023-05-17,12388.5801,12514.0703,12335.0195,12500.5703,4501820000
2023-05-18,12513.8701,12698.5000,12512.2598,12688.8398,4532890000
2023-05-19,12709.4600,12731.7305,12624.0596,12657.9004,3935780000
2023-05-22,12664.4404,12756.2305,12655.2598,12720.7803,4278920000
2023-05-23,12652.8799,12709.7402,12554.4297,12560.2500,4347440000
2023-05-24,12481.8896,12529.6299,12415.8496,12484.1602,4088270000
2023-05-25,12706.4404,12736.9199,12604.8896,12698.0898,4651640000
2023-05-26,12736.4199,13001.9102,12729.7402,12975.6904,4434070000
2023-05-30,13109.0996,13154.2900,12968.1201,13017.4297,4843470000
2023-05-31,12968.3799,13029.0801,12889.3701,12935.2900,5905760000
2023-06-01,12944.4600,13141.8301,12903.6299,13100.9805,4610310000
2023-06-02,13190.4805,13256.2100,13125.8604,13240.7695,4426760000
2023-06-05,13238.4805,13330.6504,13194.9502,13229.4297,4344280000
2023-06-06,13199.5898,13306.2100,13165.6504,13276.4199,4810910000
2023-06-07,13295.2598,13361.9004,13089.4805,13104.9004,5270600000
2023-06-08,13113.2695,13248.5996,13101.1797,13238.5195,4280160000
2023-06-09,13312.3896,13385.9502,13229.3301,13259.1396,4412710000
2023-06-12,13326.3701,13465.9102,13302.5801,13461.9199,4722680000
2023-06-13,13566.5303,13594.4004,13473.1904,13573.3203,5522100000
2023-06-14,13570.5596,13661.7402,13455.9902,13626.4805,5772550000
2023-06-15,13572.8799,13828.1699,13561.3701,13782.8203,5667520000
2023-06-16,13859.0703,13864.0596,13680.9502,13689.5703,8076530000
2023-06-20,13642.2900,13711.1797,13561.8398,13667.2900,5237710000
2023-06-21,13620.8701,13638.5703,13460.9404,13502.2002,5194640000
2023-06-22,13443.4102,13631.8496,13441.5596,13630.6104,4499550000
2023-06-23,13484.0996,13572.1904,13442.6504,13492.5195,7734500000
2023-06-26,13468.7402,13573.5703,13334.4199,13335.7803,4430600000
2023-06-27,13389.2500,13578.7998,13366.9697,13555.6699,5053660000
2023-06-28,13506.0195,13654.1396,13495.7305,13591.7500,4533270000
2023-06-29,13592.3604,13618.5303,13540.2598,13591.3301,4388140000
2023-06-30,13719.9805,13816.6797,13716.1602,13787.9199,4661120000
2023-07-03,13798.7002,13839.0898,13773.4102,13816.7695,2902300000
2023-07-05,13772.0996,13844.5000,13764.2500,13791.6504,5339340000
2023-07-06,13653.1699,13689.5195,13567.2500,13679.0400,6113080000
2023-07-07,13668.0703,13804.5098,13656.7305,13660.7197,5098120000
2023-07-10,13645.3701,13692.4102,13584.8701,13685.4805,5275390000
2023-07-11,13709.8096,13774.8301,13643.3203,13760.7002,4840950000
2023-07-12,13915.6396,13963.4502,13842.1299,13918.9600,5230620000
2023-07-13,14021.1504,14163.7998,14012.2402,14138.5703,5183560000
2023-07-14,14166.6602,14232.1104,14081.9600,14113.7002,5366890000
2023-07-17,14149.9199,14274.4102,14138.0098,14244.9502,4593160000
2023-07-18,14212.2500,14396.6904,14176.1104,14353.6396,4824070000
2023-07-19,14398.5303,14446.5498,14317.0898,14358.0195,5112420000
2023-07-20,14273.2900,14309.9199,14030.6201,14063.3096,5128020000
2023-07-21,14148.1797,14179.0098,14020.4502,14032.8096,5254180000
2023-07-24,14081.6299,14110.1504,13997.1299,14058.8701,4083070000
2023-07-25,14093.2402,14201.9102,14092.5195,14144.5596,3812470000
2023-07-26,14123.5195,14187.3496,14041.9502,14127.2803,4322000000
2023-07-27,14319.1602,14360.2002,14006.9297,14050.1104,5115840000
2023-07-28,14199.8301,14344.3496,14188.0996,14316.6602,4453520000
2023-07-31,14337.9004,14370.9102,14292.7500,14346.0195,4934440000
2023-08-01,14274.9297,14309.2100,14215.6396,14283.9102,4633770000
2023-08-02,14132.7305,14133.8496,13914.8096,13973.4502,5481960000
2023-08-03,13899.7598,14032.2803,13881.3496,13959.7197,6036970000
2023-08-04,14025.9600,14119.2197,13897.9297,13909.2402,5349450000
2023-08-07,13972.4502,13997.1504,13864.9199,13994.4004,4892330000
2023-08-08,13875.4502,13899.7402,13769.3398,13884.3203,5284550000
2023-08-09,13897.6104,13898.5400,13698.3896,13722.0195,5591360000
2023-08-10,13818.2500,13947.1602,13686.5098,13737.9902,5299080000
2023-08-11,13633.6504,13720.3301,13609.9805,13644.8496,4638880000
2023-08-14,13599.0000,13789.1602,13582.4902,13788.3301,4272020000
2023-08-15,13760.4805,13774.9805,13611.9404,13631.0498,4473320000
2023-08-16,13593.1699,13644.3203,13473.0303,13474.6299,6243760000
2023-08-17,13527.2998,13535.0898,13303.4502,13316.9297,5280180000
2023-08-18,13190.0195,13335.8701,13161.7598,13290.7803,4801910000
2023-08-21,13347.2598,13516.8604,13325.5898,13497.5898,4363070000
2023-08-22,13593.9502,13598.7695,13484.3799,13505.8701,4282430000
2023-08-23,13532.4297,13757.0000,13532.4297,13721.0303,4127850000
2023-08-24,13834.3096,13834.6904,13462.8398,13463.9697,4383820000
2023-08-25,13514.3701,13633.4199,13376.3496,13590.6504,3970060000
2023-08-28,13695.3604,13735.9805,13626.6396,13705.1299,3666680000
2023-08-29,13687.2305,13959.8096,13677.0596,13943.7598,4748180000
2023-08-30,13961.7695,14050.8203,13924.2002,14019.3096,4364600000
2023-08-31,14041.5400,14114.6699,14010.4805,14034.9697,4568610000
2023-09-01,14129.9600,14149.6201,13982.4199,14031.8096,4033960000
2023-09-05,13994.5400,14060.8496,13945.6504,14020.9502,4379790000
2023-09-06,13988.8096,14001.9502,13802.4199,13872.4697,4215320000
2023-09-07,13675.1104,13774.6299,13642.4697,13748.8301,4320830000
2023-09-08,13754.7100,13843.3701,13733.1797,13761.5303,4160360000
2023-09-11,13884.0303,13937.4697,13805.1299,13917.8896,4538870000
2023-09-12,13858.9404,13913.5996,13763.6904,13773.6104,4595490000
2023-09-13,13773.6699,13868.5703,13733.8203,13813.5898,4840310000
2023-09-14,13889.7598,13957.5703,13810.6602,13926.0498,4649010000
2023-09-15,13889.2002,13895.7500,13684.2402,13708.3301,8162210000
2023-09-18,13669.9600,13751.2803,13663.4600,13710.2402,4855880000
2023-09-19,13649.4404,13705.1504,13578.8701,13678.1904,4453460000
2023-09-20,13710.2598,13727.8096,13467.2803,13469.1299,4782440000
2023-09-21,13328.0596,13362.2305,13222.5596,13223.9805,5014890000
2023-09-22,13287.1699,13353.2197,13200.6396,13211.8096,4302700000
2023-09-25,13172.5400,13277.8301,13132.0000,13271.3203,4100290000
2023-09-26,13180.9600,13199.1299,13033.4004,13063.6104,4693540000
2023-09-27,13115.3604,13156.3701,12963.1602,13092.8496,4841410000
2023-09-28,13043.3701,13270.9697,13025.1104,13201.2803,4648390000
2023-09-29,13337.7100,13382.9805,13177.0898,13219.3203,5138500000
2023-10-02,13217.9805,13364.0303,13204.0801,13307.7695,4554700000
2023-10-03,13229.6797,13280.0400,13008.5996,13059.4697,4684310000
2023-10-04,13092.9199,13258.7598,13072.5098,13236.0098,4308070000
2023-10-05,13228.1201,13251.1797,13087.5703,13219.8301,4167470000
2023-10-06,13127.6797,13472.2695,13099.0303,13431.3398,4309420000
2023-10-09,13326.2197,13509.2998,13277.4805,13484.2402,3835930000
2023-10-10,13505.8096,13659.6299,13491.8096,13562.8398,4301350000
2023-10-11,13619.2100,13671.1104,13549.2900,13659.6797,4160440000
2023-10-12,13672.4697,13714.1396,13491.5596,13574.2197,4858620000
2023-10-13,13613.5898,13619.5400,13361.8496,13407.2305,4251550000
2023-10-16,13453.8096,13598.0498,13447.1699,13567.9805,4308690000
2023-10-17,13419.8701,13602.2500,13364.7402,13533.7500,4417640000
2023-10-18,13439.6797,13499.7402,13275.2998,13314.2998,4617140000
2023-10-19,13354.7998,13404.7305,13157.3301,13186.1797,5014790000
2023-10-20,13157.7695,13177.3496,12977.4297,12983.8096,4622840000
2023-10-23,12930.8496,13143.2197,12848.8301,13018.3301,4669060000
2023-10-24,13084.9902,13170.3896,13022.8496,13139.8701,4604720000
2023-10-25,13039.8604,13042.5195,12804.2998,12821.2197,4599850000
2023-10-26,12768.9697,12818.1396,12543.8604,12595.6104,4894900000
2023-10-27,12718.6904,12772.4297,12600.5703,12643.0098,4172100000
2023-10-30,12750.4697,12842.9600,12691.5596,12789.4805,4149320000
2023-10-31,12786.6201,12859.4004,12697.0400,12851.2402,4315630000
2023-11-01,12887.0596,13072.4199,12875.2002,13061.4697,4545120000
2023-11-02,13230.4902,13302.1797,13177.6396,13294.1904,4962950000
2023-11-03,13362.8496,13520.2803,13344.7305,13478.2803,4918750000
2023-11-06,13514.0801,13551.6201,13435.9902,13518.7803,4345850000
2023-11-07,13555.7900,13675.4600,13516.5596,13639.8604,4354460000
2023-11-08,13660.2197,13684.8701,13573.5801,13650.4102,4685550000
2023-11-09,13693.7002,13697.8203,13506.0195,13521.4502,5313970000
2023-11-10,13571.1904,13802.5303,13556.3496,13798.1104,4722140000
2023-11-13,13745.9600,13805.1104,13687.7803,13767.7402,4349590000
2023-11-14,14015.3701,14124.0596,14003.1396,14094.3799,5332490000
2023-11-15,14147.2695,14194.3604,14060.7002,14103.8398,5063830000
2023-11-16,14066.8799,14130.4502,14033.7900,14113.6699,4545180000
2023-11-17,14101.4404,14154.3203,14063.9297,14125.4805,4408640000
2023-11-20,14134.7500,14309.7998,14134.2002,14284.5303,4561810000
2023-11-21,14217.2305,14237.5000,14146.3096,14199.9805,4128600000
2023-11-22,14283.8203,14359.6104,14226.6299,14265.8604,3855240000
2023-11-24,14238.0400,14270.2803,14214.1299,14250.8496,2541840000
2023-11-27,14239.3096,14305.7100,14205.2402,14241.0195,4205880000
2023-11-28,14224.6299,14303.6602,14195.7197,14281.7598,4474400000
2023-11-29,14367.1104,14423.2197,14247.8896,14258.4902,4890220000
2023-11-30,14265.0498,14289.2002,14127.0498,14226.2197,5678070000
2023-12-01,14181.3496,14311.9502,14135.0000,14305.0303,5607000000
2023-12-04,14168.6602,14197.5195,14058.5195,14185.4902,6270020000
2023-12-05,14126.4004,14285.6602,14121.7598,14229.9102,6179120000
2023-12-06,14325.6201,14327.6299,14138.5098,14146.7100,5167030000
2023-12-07,14230.4297,14353.1104,14220.8701,14339.9902,5694310000
2023-12-08,14279.4600,14416.9199,14264.9600,14403.9697,5430840000
2023-12-11,14340.1299,14436.0801,14324.5703,14432.4902,5607820000
2023-12-12,14423.0098,14533.4004,14385.3896,14533.4004,4950100000
2023-12-13,14555.6797,14743.5498,14517.5195,14733.9600,6732040000
2023-12-14,14798.7197,14855.6201,14642.2305,14761.5596,8033170000
2023-12-15,14797.4600,14848.4004,14753.1602,14813.9199,8377630000
2023-12-18,14814.0195,14938.0400,14811.8203,14904.8096,5866080000
2023-12-19,14923.0195,15003.7998,14921.5996,15003.2197,5757180000
2023-12-20,14973.3604,15069.2900,14776.2900,14777.9404,6294700000
2023-12-21,14923.1396,14970.8096,14837.4697,14963.8701,5465640000
2023-12-22,15006.1797,15047.1904,14927.1201,14992.9697,4796600000
2023-12-26,15028.6904,15101.1797,15024.0596,15074.5703,6120600000
2023-12-27,15089.6602,15114.0801,15051.6699,15099.1797,7480170000
2023-12-28,15142.0898,15150.0703,15087.2197,15095.1396,5090570000
2023-12-29,15099.2002,15111.4102,14955.3701,15011.3496,5441060000
2024-01-02,14873.7002,14887.7998,14682.3799,14765.9404,5791170000
2024-01-03,14641.4697,14694.5801,14577.4404,14592.2100,5449950000
2024-01-04,14532.2305,14632.7695,14504.7803,14510.2998,5289220000
2024-01-05,14500.1104,14625.1904,14477.5703,14524.0703,5232820000
2024-01-08,14564.4697,14846.9004,14560.2002,14843.7695,6337770000
2024-01-09,14744.1299,14894.3203,14716.7100,14857.7100,5068410000
2024-01-10,14877.7002,14998.2002,14842.7002,14969.6504,4404590000
2024-01-11,15020.9502,15063.6104,14800.3799,14970.1904,5044690000
2024-01-12,15001.0098,15047.2500,14931.8799,14972.7598,4958940000
2024-01-16,14908.2598,15004.3496,14863.8096,14944.3496,6386180000
2024-01-17,14814.7695,14865.7598,14706.2305,14855.6201,5181740000
2024-01-18,14994.5195,15066.8096,14911.1104,15055.6504,5587440000
2024-01-19,15122.3799,15310.9697,15087.2002,15310.9697,5604950000
2024-01-22,15393.0498,15438.8496,15333.6299,15360.2900,5456240000
2024-01-23,15391.4102,15432.3496,15337.2305,15425.9404,5207680000
2024-01-24,15560.6104,15629.0703,15468.9102,15481.9199,4983210000
2024-01-25,15555.6201,15597.2500,15430.6797,15510.5000,5281570000
2024-01-26,15474.8496,15538.8398,15433.0400,15455.3604,4510530000
2024-01-29,15470.6602,15630.5801,15449.8701,15628.0400,4979310000
2024-01-30,15604.0801,15619.2305,15484.6699,15509.9004,4719240000
2024-01-31,15324.1904,15405.5596,15158.4902,15164.0098,5875610000
2024-02-01,15254.0195,15372.1299,15208.8799,15361.6396,5046920000
2024-02-02,15403.1602,15664.2100,15366.7803,15628.9502,4800690000
2024-02-05,15613.9902,15637.8799,15471.6797,15597.6797,4831020000
2024-02-06,15638.1904,15652.7500,15515.2500,15609.0000,4759640000
2024-02-07,15690.3496,15770.6797,15645.8096,15756.6396,4567580000
2024-02-08,15762.2305,15813.2695,15739.1797,15793.7100,5675850000
2024-02-09,15842.3799,16007.2900,15831.7598,15990.6602,5797260000
2024-02-12,15980.6201,16080.0703,15917.8701,15942.5498,5458490000
2024-02-13,15598.8799,15770.4199,15551.4404,15655.5996,5599860000
2024-02-14,15781.7100,15865.5098,15683.9404,15859.1504,5092660000
2024-02-15,15865.2998,15911.2197,15779.7197,15906.1699,6049100000
2024-02-16,15910.4297,15917.4102,15752.0195,15775.6504,5223800000
2024-02-20,15679.8398,15730.4697,15508.5000,15630.7803,5595700000
2024-02-21,15532.1201,15583.6797,15451.6504,15580.8701,4845740000
2024-02-22,15904.4805,16061.8203,15869.2402,16041.6201,5653930000
2024-02-23,16094.7998,16134.2197,15954.5000,15996.8203,5077910000
2024-02-26,16014.4502,16054.9004,15973.9004,15976.2500,5417630000
2024-02-27,16013.9805,16046.0996,15940.5098,16035.2998,5423020000
2024-02-28,15969.1396,16003.5596,15924.7197,15947.7402,5581690000
2024-02-29,16059.3398,16115.9600,15931.7002,16091.9199,6265340000
2024-03-01,16109.8301,16302.2402,16096.5996,16274.9404,5457910000
2024-03-04,16264.2100,16289.0596,16199.0596,16207.5098,5725470000
2024-03-05,16077.7402,16087.5703,15862.6299,15939.5898,6356800000
2024-03-06,16092.0000,16128.5596,15956.6602,16031.5400,5511370000
2024-03-07,16147.3203,16309.0195,16096.0098,16273.3799,5072790000
2024-03-08,16322.0996,16449.6992,16059.5000,16085.1104,5411790000
2024-03-11,16052.6299,16085.9502,15978.0400,16019.2695,4917620000
2024-03-12,16116.9805,16275.4502,15992.9805,16265.6396,5100330000
2024-03-13,16220.1104,16233.2998,16143.3398,16177.7695,4839000000
2024-03-14,16209.1904,16245.3203,16039.6797,16128.5303,5450980000
2024-03-15,16043.5801,16055.3301,15925.9102,15973.1699,8261950000
2024-03-18,16154.9199,16247.5898,16094.1699,16103.4502,5025040000
2024-03-19,16031.9297,16175.5898,15951.8604,16166.7900,4758740000
2024-03-20,16185.7598,16377.4404,16127.4805,16369.4102,5298380000
2024-03-21,16517.2402,16538.8594,16393.9004,16401.8398,5134740000
2024-03-22,16387.8301,16467.6191,16361.0000,16428.8203,4339930000
2024-03-25,16335.2998,16441.1699,16315.7197,16384.4707,4636940000
2024-03-26,16446.8496,16476.3809,16312.9502,16315.7002,5144260000
2024-03-27,16424.7598,16431.8203,16279.1699,16399.5195,4768930000
2024-03-28,16377.2305,16420.9199,16347.3799,16379.4600,5174450000
2024-04-01,16397.0508,16490.6504,16327.8896,16396.8301,4798390000
2024-04-02,16199.2402,16251.4102,16137.2402,16240.4502,4710280000
2024-04-03,16178.7998,16340.7402,16169.3096,16277.4600,5151500000
2024-04-04,16418.5703,16468.0391,16046.5596,16049.0801,5368700000
2024-04-05,16095.4004,16326.5000,16080.4805,16248.5195,4578130000
2024-04-08,16285.1797,16323.5996,16220.7197,16253.9600,4386700000
2024-04-09,16328.7598,16348.1797,16141.1504,16306.6396,4869190000
2024-04-10,16104.0098,16200.0996,16092.0195,16170.3604,5308250000
2024-04-11,16236.2002,16464.5996,16154.6504,16442.1992,4714750000
2024-04-12,16293.0303,16341.4600,16125.3301,16175.0898,4552740000
2024-04-15,16276.4697,16295.2695,15863.8799,15885.0195,4910550000
2024-04-16,15856.3799,15965.7900,15822.0195,15865.2500,5001860000
2024-04-17,15942.2900,15957.0303,15654.5098,15683.3701,4991470000
2024-04-18,15705.6904,15786.1201,15587.5000,15601.5000,4932540000
2024-04-19,15547.0996,15576.7002,15222.7803,15282.0098,5316010000
2024-04-22,15396.1299,15539.0000,15265.6602,15451.3096,4616730000
2024-04-23,15525.5498,15730.3496,15510.5898,15696.6396,4951670000
2024-04-24,15805.5996,15839.0000,15634.4404,15712.7500,4735870000
2024-04-25,15375.2598,15644.5098,15343.9102,15611.7598,4743640000
2024-04-26,15821.3398,15981.0000,15770.7197,15927.9004,4694400000
2024-04-29,16007.0000,16021.4902,15885.8896,15983.0801,4972520000
2024-04-30,15920.8896,15979.3604,15655.6699,15657.8203,5229400000
2024-05-01,15646.0898,15926.2197,15557.6396,15605.4805,5277790000
2024-05-02,15758.1104,15862.7900,15604.7305,15840.9600,4901610000
2024-05-03,16147.4805,16204.7100,16068.3398,16156.3301,4887310000
2024-05-06,16208.5400,16350.0801,16197.8604,16349.2500,4460130000
2024-05-07,16358.3398,16397.3906,16303.8398,16332.5596,5041870000
2024-05-08,16226.0703,16341.6504,16226.0703,16302.7598,4530190000
2024-05-09,16323.7402,16362.7900,16241.9805,16346.2598,4505120000
2024-05-10,16389.0195,16437.3906,16293.5195,16340.8701,4402110000
2024-05-13,16400.3105,16407.0508,16334.8604,16388.2402,4452750000
2024-05-14,16391.1602,16526.2695,16386.4297,16511.1797,7270240000
2024-05-15,16601.1406,16749.7402,16544.0898,16742.3906,8538990000
2024-05-16,16738.1094,16797.8301,16693.4492,16698.3203,11932600000
2024-05-17,16708.4902,16726.4102,16613.8398,16685.9707,9587280000
2024-05-20,16702.0195,16823.8301,16695.6895,16794.8691,6861320000
2024-05-21,16736.0996,16839.0195,16719.9707,16832.6191,6245090000
2024-05-22,16839.0195,16855.2695,16712.0898,16801.5391,7277340000
2024-05-23,16996.3906,16996.3906,16678.3691,16736.0293,7752800000
2024-05-24,16786.7891,16947.8008,16771.5801,16920.7891,5836040000
2024-05-28,16988.3105,17032.6602,16917.5098,17019.8809,6293380000
2024-05-29,16879.3496,16989.5996,16873.9707,16920.5801,6652480000
2024-05-30,16878.6309,16900.4609,16690.3594,16737.0801,6659290000
2024-05-31,16771.9004,16789.2695,16445.5391,16735.0195,6674090000
2024-06-03,16865.6992,16909.8906,16646.4297,16828.6699,5422040000
2024-06-04,16823.8809,16891.8691,16750.3906,16857.0508,4917350000
2024-06-05,16974.4805,17187.9199,16955.5605,17187.9004,5325000000
2024-06-06,17204.8691,17235.7305,17123.5898,17173.1191,4960580000
2024-06-07,17124.1406,17229.3105,17090.0391,17133.1309,4755650000
2024-06-10,17083.4492,17213.4492,17057.3398,17192.5293,5207110000
2024-06-11,17160.4199,17345.0508,17107.9902,17343.5508,5009220000
2024-06-12,17502.1504,17725.3906,17490.6406,17608.4395,5560630000
2024-06-13,17715.2695,17741.8008,17566.3203,17667.5605,4916020000
2024-06-14,17621.1797,17693.4297,17590.8008,17688.8809,4973820000
2024-06-17,17697.3008,17935.9902,17636.3594,17857.0195,6061200000
2024-06-18,17856.7598,17890.5195,17796.8809,17862.2305,5796180000
2024-06-20,17913.9395,17936.7891,17650.6895,17721.5898,6289300000
2024-06-21,17681.0098,17787.3398,17620.5703,17689.3594,8589160000
2024-06-24,17640.2598,17730.1191,17494.0195,17496.8203,5503210000
2024-06-25,17572.1602,17734.3398,17546.6309,17717.6504,4848280000
2024-06-26,17697.2695,17813.5508,17687.0703,17805.1602,5294310000
2024-06-27,17793.9492,17892.7793,17765.4199,17858.6797,5382060000
2024-06-28,17891.0996,18035.0000,17723.8301,17732.5996,8960940000
2024-07-01,17773.9004,17894.2793,17657.6406,17879.3008,5189990000
2024-07-02,17808.0391,18031.2891,17802.2402,18028.7598,4526550000
2024-07-03,18016.1191,18188.3008,18016.1191,18188.3008,3713960000
2024-07-05,18200.5996,18366.3105,18197.1406,18352.7598,4851000000
2024-07-08,18371.8594,18416.9395,18342.5996,18403.7402,5286260000
2024-07-09,18465.0195,18511.8906,18381.5996,18429.2891,4839140000
2024-07-10,18512.0898,18655.1895,18467.5801,18647.4492,5228240000
2024-07-11,18659.2500,18671.0703,18238.7793,18283.4102,6366620000
2024-07-12,18303.6406,18556.7305,18293.5996,18398.4492,5845930000
2024-07-15,18485.9102,18641.5293,18397.8301,18472.5703,5450350000
2024-07-16,18534.2695,18576.8301,18386.0703,18509.3398,5812930000
2024-07-17,18188.1895,18223.2402,17972.8691,17996.9199,6007280000
2024-07-18,18119.1504,18130.8691,17759.5391,17871.2207,5977260000
2024-07-19,17835.5898,17935.1406,17691.4297,17726.9395,4992930000
2024-07-22,17923.6504,18040.9902,17839.7598,18007.5703,5093620000
2024-07-23,17982.7402,18128.3809,17968.0996,17997.3496,4938000000
2024-07-24,17733.9102,17747.0605,17313.5195,17342.4102,6735560000
2024-07-25,17352.6406,17544.4609,17033.9609,17181.7207,6114350000
2024-07-26,17331.9492,17454.5703,17239.9902,17357.8809,5281560000
2024-07-29,17444.3906,17535.3203,17299.8301,17370.1992,4897230000
2024-07-30,17424.0996,17468.5605,17015.3809,17147.4199,5564310000
2024-07-31,17499.2305,17693.9805,17438.5996,17599.4004,6292560000
2024-08-01,17647.0293,17791.5801,17051.4199,17194.1504,6664550000
2024-08-02,16780.4492,16920.6309,16582.7891,16776.1602,6313870000
2024-08-05,15712.5303,16453.4609,15708.5400,16200.0801,6852190000
2024-08-06,16261.3604,16620.3105,16137.6504,16366.8496,5908930000
2024-08-07,16622.3105,16709.8105,16179.5303,16195.8096,5913620000
2024-08-08,16408.2695,16694.2500,16262.9297,16660.0195,5815880000
2024-08-09,16636.5195,16789.2207,16574.5703,16745.3008,5783410000
2024-08-12,16793.6406,16895.7891,16699.3906,16780.6094,4890850000
2024-08-13,16944.7402,17192.7891,16943.9492,17187.6094,5469160000
2024-08-14,17227.6406,17260.7305,17032.1699,17192.5996,4985480000
2024-08-15,17394.5391,17602.7207,17375.4102,17594.5000,5478170000
2024-08-16,17516.4004,17674.6504,17502.8301,17631.7207,5138150000
2024-08-19,17649.7402,17877.4395,17585.5801,17876.7695,5564300000
2024-08-20,17849.0898,17932.5293,17758.1992,17816.9395,5305260000
2024-08-21,17840.5098,17963.0703,17790.9805,17918.9902,4765150000
2024-08-22,17993.7207,18017.6895,17589.1504,17619.3496,5065360000
2024-08-23,17772.7305,17941.2695,17700.2695,17877.7891,5380810000
2024-08-26,17867.8496,17909.0898,17645.6895,17725.7695,5110940000
2024-08-27,17655.5195,17789.7207,17573.3691,17754.8203,4362380000
2024-08-28,17738.8008,17759.9395,17439.4004,17556.0293,5211920000
2024-08-29,17610.5703,17789.2109,17482.5996,17516.4297,5727780000
2024-08-30,17650.4902,17720.3809,17498.7891,17713.6191,5531150000
2024-09-03,17585.4492,17585.4492,17057.7891,17136.3008,5813970000
2024-09-04,17015.7109,17232.6504,16984.6699,17084.3008,5011820000
2024-09-05,17063.2402,17295.5801,17035.0703,17127.6602,4983030000
2024-09-06,17137.6191,17166.5391,16668.5703,16690.8301,5549030000
2024-09-09,16835.6699,16923.2793,16732.8398,16884.5996,5132150000
2024-09-10,16949.6406,17036.0703,16801.1309,17025.8809,4963740000
2024-09-11,17061.4102,17420.2305,16787.8398,17395.5293,6086930000
2024-09-12,17413.8906,17605.7207,17338.3203,17569.6797,4983120000
2024-09-13,17575.2598,17719.1406,17564.6094,17683.9805,4802880000
2024-09-16,17573.6992,17618.4004,17480.6602,17592.1309,4675530000
2024-09-17,17707.0195,17781.7402,17544.6406,17628.0605,4959520000
2024-09-18,17663.3809,17832.6992,17556.4297,17573.3008,5611630000
2024-09-19,17980.8906,18099.9297,17909.7500,18013.9805,5574650000
2024-09-20,17999.3496,18024.3398,17835.6406,17948.3203,9914480000
2024-09-23,17994.9102,18021.5801,17936.3691,17974.2695,5237310000
2024-09-24,18046.4395,18091.9609,17863.3809,18074.5195,5347580000
2024-09-25,18050.3594,18155.0391,18040.6191,18082.2109,4858060000
2024-09-26,18327.3398,18327.3398,18071.7402,18190.2891,5669210000
2024-09-27,18228.7793,18238.2793,18069.1797,18119.5898,5367890000
2024-09-30,18069.8301,18198.1602,17997.5605,18189.1699,5846150000
2024-10-01,18154.9395,18162.7207,17779.7695,17910.3594,5879980000
2024-10-02,17867.1191,17978.5801,17767.7891,17925.1191,5489040000
2024-10-03,17859.4902,18011.2500,17826.4199,17918.4805,5208990000
2024-10-04,18130.4199,18145.2793,17952.3008,18137.8496,5136070000
2024-10-07,18080.1191,18096.3301,17900.0391,17923.9004,5240320000
2024-10-08,18017.9297,18203.0391,17989.6992,18182.9199,5566510000
2024-10-09,18179.2207,18302.0508,18133.0195,18291.6191,5228670000
2024-10-10,18200.6191,18333.3906,18154.1797,18282.0508,5855390000
2024-10-11,18217.7305,18375.5293,18208.4395,18342.9395,5140440000
2024-10-14,18426.6602,18547.9199,18423.5996,18502.6895,4894710000
2024-10-15,18515.9707,18564.2500,18252.5195,18315.5898,6522700000
2024-10-16,18333.2891,18383.1094,18214.9609,18367.0801,5257570000
2024-10-17,18537.2109,18541.4609,18368.7891,18373.6094,5806860000
2024-10-18,18466.0098,18524.3301,18452.5801,18489.5508,5090190000
2024-10-21,18456.4805,18543.5801,18377.6309,18540.0098,6092180000
2024-10-22,18451.8594,18620.7109,18413.4707,18579.7695,6407180000
2024-10-23,18502.0605,18509.1895,18146.6094,18276.6504,6245610000
2024-10-24,18384.1602,18435.3691,18305.4199,18415.4902,5761280000
2024-10-25,18512.5801,18690.0098,18487.0605,18518.6094,6100040000
2024-10-28,18648.2500,18671.0098,18563.0195,18567.1895,5641660000
2024-10-29,18576.0898,18753.1895,18509.5898,18712.7500,6881170000
2024-10-30,18731.6895,18785.5000,18598.2402,18607.9297,6514690000
2024-10-31,18427.3105,18427.3105,18083.9492,18095.1504,6411940000
2024-11-01,18189.6699,18363.9395,18181.5293,18239.9199,5896470000
2024-11-04,18220.4297,18308.3008,18112.8301,18179.9805,5762320000
2024-11-05,18250.7109,18449.6797,18250.7109,18439.1699,7060340000
2024-11-06,18772.7598,19000.5000,18730.2109,18983.4707,8138050000
2024-11-07,19084.4297,19301.6992,19084.4297,19269.4609,9232670000
2024-11-08,19255.1406,19318.5605,19224.4297,19286.7793,7316010000
2024-11-11,19355.3398,19366.0703,19193.2891,19298.7598,8087930000
2024-11-12,19289.8105,19343.0508,19168.5195,19281.4004,7816410000
2024-11-13,19286.4609,19358.4805,19191.1309,19230.7207,9623670000
2024-11-14,19256.0898,19275.8008,19073.3906,19107.6504,8680480000
2024-11-15,18929.9199,18936.7500,18598.8691,18680.1191,8002270000
2024-11-18,18717.9297,18865.2793,18672.3008,18791.8105,8455360000
2024-11-19,18699.7109,18992.0801,18689.8301,18987.4707,7246610000
2024-11-20,18971.3105,18974.9102,18724.3906,18966.1406,7121670000
2024-11-21,19072.7793,19110.8906,18714.0605,18972.4199,7492540000
2024-11-22,18966.3203,19025.7695,18899.4805,19003.6504,6575820000
2024-11-25,19140.5898,19208.6797,18969.3496,19054.8398,7932980000
2024-11-26,19109.0801,19184.4004,19100.7305,19174.3008,6411770000
2024-11-27,19132.9902,19133.1094,18937.1992,19060.4805,5619090000
2024-11-29,19087.4707,19245.4902,19066.5195,19218.1699,4042550000
2024-12-02,19255.4297,19436.9199,19255.4297,19403.9492,6370530000
2024-12-03,19364.3398,19486.1504,19340.4102,19480.9102,6005160000
2024-12-04,19587.4805,19741.7598,19575.4004,19735.1191,7870030000
2024-12-05,19756.4004,19790.0293,19688.5898,19700.2598,7229510000
2024-12-06,19743.9609,19863.1504,19734.4199,19859.7695,6787610000
2024-12-09,19824.0898,19872.7891,19698.0508,19736.6895,7884620000
2024-12-10,19796.3906,19887.0801,19641.3398,19687.2402,6843850000
2024-12-11,19832.9609,20055.9297,19830.6406,20034.8906,6639720000
2024-12-12,19947.3398,20018.2402,19897.3809,19902.8398,7047550000
2024-12-13,19995.1797,20061.6504,19817.4707,19926.7207,6028250000
2024-12-16,20016.1191,20204.5801,19988.1191,20173.8906,8855040000
2024-12-17,20095.6191,20148.8301,20004.7305,20109.0605,9534350000
2024-12-18,20114.9805,20179.7695,19336.5898,19392.6895,9996120000
2024-12-19,19565.6602,19623.0195,19357.7598,19372.7695,8029590000
2024-12-20,19190.0391,19758.6094,19168.3809,19572.5996,10962450000
2024-12-23,19641.0508,19772.0996,19504.6797,19764.8809,6820720000
2024-12-24,19818.4805,20031.1309,19813.7598,20031.1309,4739190000
2024-12-26,19979.2500,20070.0801,19888.1094,20020.3594,6467910000
2024-12-27,19896.7695,19904.7695,19553.4004,19722.0293,7765120000
2024-12-30,19460.4102,19622.9297,19342.5098,19486.7891,8384090000
2024-12-31,19551.3594,19563.7207,19283.4102,19310.7891,8873030000
2025-01-02,19403.9004,19517.8691,19117.5898,19280.7891,8737550000
2025-01-03,19395.5098,19638.6602,19379.5703,19621.6797,8214050000
2025-01-06,19851.9902,20007.9492,19785.0000,19864.9805,9586840000
2025-01-07,19938.0801,19940.2109,19421.0195,19489.6797,13371130000
2025-01-08,19469.3691,19544.5098,19308.5391,19478.8809,8851720000
2025-01-10,19312.2598,19315.1094,19018.7500,19161.6309,8608880000
2025-01-13,18903.6602,19099.9707,18831.9102,19088.0996,7830760000
2025-01-14,19207.7500,19273.1406,18926.5996,19044.3906,7168110000
2025-01-15,19350.3105,19548.9004,19299.3203,19511.2305,7260250000
2025-01-16,19573.8691,19579.8496,19335.6797,19338.2891,7085990000
2025-01-17,19655.5508,19709.6406,19543.3203,19630.1992,7996360000
2025-01-21,19734.3906,19789.6309,19551.1699,19756.7793,8015780000
2025-01-22,19903.0508,20068.5195,19903.0508,20009.3398,7219060000
2025-01-23,19906.9902,20053.6797,19892.5508,20053.6797,6837700000
2025-01-24,20087.1094,20118.6094,19897.1309,19954.3008,7708150000
2025-01-27,19234.0391,19514.3496,19204.9492,19341.8301,8870200000
2025-01-28,19418.2207,19759.4297,19294.6191,19733.5898,7121740000
2025-01-29,19695.6797,19699.8203,19479.5098,19632.3203,6497710000
2025-01-30,19697.5293,19785.7891,19483.8301,19681.7500,6679500000
2025-01-31,19832.3301,19969.1699,19575.2109,19627.4395,7947370000
2025-02-03,19215.3809,19502.1309,19141.1504,19391.9609,8272460000
2025-02-04,19422.1699,19666.4395,19408.1797,19654.0195,6477050000
2025-02-05,19533.0508,19696.9395,19498.9004,19692.3301,6712220000
2025-02-06,19725.8301,19793.3594,19654.1094,19791.9902,6642100000
2025-02-07,19774.8691,19862.5391,19489.3594,19523.4004,7748940000
2025-02-10,19668.1797,19772.0391,19650.7891,19714.2695,9535440000
2025-02-11,19602.1094,19731.9297,19579.7695,19643.8594,9269380000
2025-02-12,19436.5098,19682.5098,19415.4805,19649.9492,7946550000
2025-02-13,19696.9199,19952.1699,19675.8691,19945.6406,8414510000
2025-02-14,19956.8203,20045.7598,19932.1504,20026.7695,7995720000
2025-02-18,20090.5508,20110.1191,19909.7402,20041.2598,8683170000
2025-02-19,19994.5000,20099.3906,19928.8906,20056.2500,8171530000
2025-02-20,20029.1895,20041.1504,19795.0195,19962.3594,7329270000
2025-02-21,20006.6895,20016.6602,19510.9102,19524.0098,8461020000
2025-02-24,19590.8496,19644.2305,19275.4609,19286.9297,7414760000
2025-02-25,19242.6094,19256.3496,18871.5195,19026.3906,7991440000
2025-02-26,19109.3203,19286.0195,18966.4609,19075.2598,7034450000
2025-02-27,19212.3594,19242.6895,18535.2207,18544.4199,7700290000
2025-02-28,18477.1699,18861.3301,18372.9902,18847.2793,8247520000
2025-03-03,18923.3594,18992.3008,18216.6309,18350.1895,8170140000
2025-03-04,18176.4297,18589.4902,17956.5996,18285.1602,8469180000
2025-03-05,18312.9707,18604.4707,18144.7305,18552.7305,7048430000
2025-03-06,18204.5293,18439.2402,17980.3906,18069.2598,7686200000
2025-03-07,18029.8496,18243.5801,17768.5898,18196.2207,8135420000
2025-03-10,17840.3203,17868.0801,17291.8203,17468.3203,8636040000
2025-03-11,17443.0898,17687.4004,17238.2402,17436.0996,9177320000
2025-03-12,17711.4102,17800.0996,17436.2695,17648.4492,7746430000
2025-03-13,17598.5605,17621.9102,17239.4395,17303.0098,7147050000
2025-03-14,17523.3008,17773.4805,17491.0801,17754.0898,7093850000
2025-03-17,17722.5391,17925.9395,17645.8691,17808.6602,6306340000
2025-03-18,17662.5703,17682.9199,17431.6699,17504.1191,6450530000
2025-03-19,17590.1191,17917.5391,17533.9395,17750.7891,6302310000
2025-03-20,17586.0605,17903.1992,17576.8203,17691.6309,6098330000
2025-03-21,17519.8398,17798.0605,17474.8105,17784.0508,8837930000
2025-03-24,18046.1895,18210.0508,18030.6797,18188.5898,6787790000
2025-03-25,18207.9707,18281.1309,18170.4199,18271.8594,6475790000
2025-03-26,18217.3301,18236.5508,17837.2598,17899.0195,9091510000
2025-03-27,17811.2402,17988.0195,17743.8008,17804.0293,8002470000
2025-03-28,17722.0898,17763.2793,17283.0605,17322.9902,7015410000
2025-03-31,17045.4395,17334.9805,16854.3691,17299.2891,8122180000
2025-04-01,17221.5508,17506.5898,17149.3594,17449.8906,7756540000
2025-04-02,17207.0098,17716.5195,17181.2695,17601.0508,9126630000
2025-04-03,16790.5293,16889.3398,16533.0391,16550.6094,9461330000
2025-04-04,16045.5996,16128.1602,15575.6797,15587.7900,11038180000
2025-04-07,14978.0303,16292.2803,14784.0303,15603.2598,12483580000
2025-04-08,16181.0400,16316.5098,15053.3896,15267.9102,10496650000
2025-04-09,15295.4404,17202.9395,15270.2803,17124.9707,13479740000
2025-04-10,16635.4492,16712.3691,15894.2695,16387.3105,11861670000
2025-04-11,16358.5303,16753.4102,16228.0400,16724.4609,9444890000
2025-04-14,17120.4395,17136.5605,16661.2598,16831.4805,9667260000
2025-04-15,16842.3906,16979.9609,16753.2207,16823.1699,7483050000
2025-04-16,16499.6895,16600.3691,16066.4600,16307.1602,7909190000
2025-04-17,16399.9707,16408.5098,16181.1699,16286.4502,7046290000
2025-04-21,16052.7598,16066.7900,15685.3301,15870.9004,6678730000
2025-04-22,16079.9404,16410.5605,16038.7305,16300.4199,6981900000
2025-04-23,16880.2891,17029.8594,16642.6602,16708.0508,8564870000
2025-04-24,16754.7598,17174.3496,16744.9707,17166.0391,7607400000
2025-04-25,17182.1094,17404.4902,17110.7207,17382.9395,7412930000
2025-04-28,17390.9297,17467.3496,17128.7109,17366.1309,10313290000
2025-04-29,17270.7598,17500.4199,17256.1992,17461.3203,13001930000
2025-04-30,17099.9805,17483.8203,16959.5293,17446.3398,8595330000
2025-05-01,17793.1406,17922.8301,17688.1094,17710.7402,8409690000
2025-05-02,17868.7598,18048.8301,17812.0391,17977.7305,8180190000
2025-05-05,17817.0098,17965.6406,17792.0801,17844.2402,7075320000
2025-05-06,17623.2109,17830.3496,17592.8809,17689.6602,6958220000
2025-05-07,17706.8301,17820.2891,17503.0098,17738.1602,7977870000
2025-05-08,17920.1504,18096.0000,17776.0000,17928.1406,8500390000
2025-05-09,18022.5508,18068.9004,17853.8398,17928.9199,8835140000
2025-05-12,18674.5605,18710.2207,18472.7109,18708.3398,10717670000
2025-05-13,18761.2305,19065.9609,18745.5000,19010.0898,9242230000
2025-05-14,19074.7207,19174.5508,19023.6094,19146.8105,11744820000
2025-05-15,19031.2402,19207.2207,18967.7793,19112.3203,10546350000
2025-05-16,19151.5391,19213.4199,19038.4805,19211.0996,10509820000
2025-05-19,18937.4199,19227.2207,18937.4199,19215.4609,13080030000
2025-05-20,19132.0605,19186.6895,19015.6309,19142.7109,9047100000
2025-05-21,19002.9395,19241.4102,18799.1992,18872.6406,11112460000
2025-05-22,18888.0508,19061.1094,18840.3398,18925.7402,8289710000
2025-05-23,18622.3809,18841.5195,18599.6895,18737.2109,8730370000
2025-05-27,19014.4395,19210.9492,18961.6895,19199.1602,8927760000
2025-05-28,19232.6191,19276.8301,19084.3809,19100.9395,8087530000
2025-05-29,19389.3906,19389.3906,19091.5391,19175.8691,11016850000
2025-05-30,19131.2207,19157.7793,18847.7402,19113.7695,9042260000
2025-06-02,19063.0605,19252.7109,18985.3008,19242.6094,7779940000
2025-06-03,19288.6602,19459.2793,19224.6992,19398.9609,7990230000
2025-06-04,19434.9395,19493.4492,19359.0898,19460.4902,7695660000
2025-06-05,19518.1992,19610.5098,19226.2207,19298.4492,8782360000
2025-06-06,19526.9902,19593.1797,19464.8398,19529.9492,7291590000
2025-06-09,19573.1406,19637.5605,19531.0996,19591.2402,9538700000
2025-06-10,19620.1094,19730.3809,19539.0898,19714.9902,11221560000
2025-06-11,19779.3594,19800.4609,19551.3496,19615.8809,10214190000
2025-06-12,19578.8691,19690.6094,19553.5605,19662.4902,16308730000
2025-06-13,19450.9297,19591.8691,19367.4199,19406.8301,9001850000
2025-06-16,19550.7500,19733.3105,19550.7500,19701.2109,9619130000
2025-06-17,19627.0801,19666.5605,19485.4395,19521.0898,8519930000
2025-06-18,19526.9199,19660.7695,19489.5605,19546.2695,7818790000
2025-06-20,19639.4102,19696.1094,19380.5801,19447.4102,9969140000
2025-06-23,19427.0098,19643.6992,19334.9805,19630.9707,9088000000
2025-06-24,19809.6191,19946.7207,19795.2891,19912.5293,8330090000
2025-06-25,20013.9492,20052.7793,19918.0801,19973.5508,8256120000
2025-06-26,20062.1895,20187.1504,19982.4805,20167.9102,8383380000
2025-06-27,20217.2598,20311.5098,20095.0508,20273.4609,10951070000
2025-06-30,20360.1504,20418.3105,20266.3594,20369.7305,8220420000
2025-07-01,20290.6094,20339.0508,20105.4102,20202.8906,8631710000
2025-07-02,20184.3691,20397.2207,20181.7402,20393.1309,8378750000
2025-07-03,20497.6602,20624.5098,20480.2207,20601.0996,6177910000
2025-07-07,20490.5508,20511.8203,20323.0195,20412.5195,8345710000
2025-07-08,20466.9297,20480.8906,20377.3594,20418.4609,8437480000
2025-07-09,20522.0898,20645.4102,20486.3809,20611.3398,9978310000
2025-07-10,20636.4805,20655.3906,20495.1406,20630.6602,9781380000
2025-07-11,20562.8809,20647.9707,20509.7500,20585.5293,8135800000
2025-07-14,20592.5605,20672.3398,20492.6309,20640.3301,8010060000
2025-07-15,20822.7598,20836.0391,20670.5801,20677.8008,8399060000
2025-07-16,20717.8105,20751.0508,20507.0605,20730.4902,9056640000
2025-07-17,20760.3203,20911.8301,20735.5508,20885.6504,9994550000
2025-07-18,20959.5703,20980.5605,20846.1191,20895.6504,9354580000
2025-07-21,20960.3301,21077.3691,20957.4395,20974.1797,12046970000
2025-07-22,20982.2109,20985.3398,20750.9004,20892.6895,10583710000
2025-07-23,20966.4707,21023.8496,20870.6699,21020.0195,10972770000
2025-07-24,21083.8203,21113.0996,21001.6797,21057.9609,12741070000
2025-07-25,21059.9395,21159.8008,21036.8496,21108.3203,11028310000
2025-07-28,21176.4004,21202.1797,21122.1191,21178.5801,10612580000
2025-07-29,21286.7207,21303.9609,21081.6895,21098.2891,10040610000
2025-07-30,21140.4004,21230.8809,21016.9199,21129.6699,9311770000
2025-07-31,21457.4805,21457.4805,21078.6699,21122.4492,9917220000
2025-08-01,20830.6406,20865.6309,20560.1699,20650.1309,9667420000
2025-08-04,20853.9102,21055.2402,20833.8594,21053.5801,7355970000
2025-08-05,21092.0996,21138.7207,20893.2891,20916.5508,7982940000
2025-08-06,20955.2207,21183.8809,20937.4902,21169.4199,8580020000
2025-08-07,21325.0098,21408.1504,21090.0508,21242.6992,8979190000
2025-08-08,21316.3691,21464.5293,21284.9707,21450.0195,8669200000
2025-08-11,21459.6504,21549.7305,21346.6191,21385.4004,9099730000
2025-08-12,21507.4395,21689.6797,21386.2500,21681.9004,8382820000
2025-08-13,21764.5508,21803.7500,21645.1406,21713.1406,8763080000
2025-08-14,21649.2109,21766.2891,21627.1309,21710.6699,9110860000
2025-08-15,21709.3398,21716.1797,21567.4609,21622.9805,8158830000
2025-08-18,21616.8203,21651.5000,21559.3301,21629.7695,8260970000
2025-08-19,21607.4492,21610.2402,21277.7109,21314.9492,8461660000
2025-08-20,21269.6699,21269.6699,20905.9902,21172.8594,7810310000
2025-08-21,21112.5195,21198.7598,21013.5293,21100.3105,6530580000
2025-08-22,21139.8301,21545.4297,21092.3594,21496.5391,9401300000
2025-08-25,21466.4707,21572.1797,21400.0898,21449.2891,8443200000
2025-08-26,21443.6309,21550.9297,21389.0996,21544.2695,9087930000
2025-08-27,21526.3301,21616.1699,21476.3008,21590.1406,8040510000
2025-08-28,21619.2695,21742.4609,21534.9395,21705.1602,7807080000
2025-08-29,21630.3301,21631.1504,21397.9805,21455.5508,7715430000
2025-09-02,21086.5703,21293.6895,21033.0508,21279.6309,8183410000
2025-09-03,21461.6309,21553.9805,21370.9805,21497.7305,7488290000
2025-09-04,21539.9102,21711.9609,21469.4004,21707.6895,7282150000
2025-09-05,21860.4395,21878.8105,21534.7207,21700.3906,8413730000
2025-09-08,21806.2207,21885.6191,21776.2402,21798.6992,8435850000
2025-09-09,21858.1699,21891.4199,21731.4805,21879.4902,7877410000
2025-09-10,21980.5996,22000.9707,21810.8398,21886.0605,9090550000
2025-09-11,21977.5195,22059.7109,21908.8105,22043.0703,10025020000
2025-09-12,22078.6309,22182.3398,22031.6191,22141.0996,9023140000
2025-09-15,22243.1992,22352.2500,22233.0000,22348.7500,8904030000
2025-09-16,22397.5000,22397.5000,22308.7793,22333.9609,8592240000
2025-09-17,22333.0195,22339.5391,22058.9199,22261.3301,9325980000
2025-09-18,22439.1094,22540.9297,22358.4805,22470.7207,10478450000
2025-09-19,22554.3105,22645.1094,22497.7109,22631.4805,14632360000
2025-09-22,22606.5898,22801.9004,22590.8594,22788.9805,9736270000
2025-09-23,22782.7207,22785.1309,22539.0391,22573.4707,9822620000
2025-09-24,22656.0195,22657.4492,22397.0000,22497.8594,9184030000
2025-09-25,22318.7695,22456.7793,22185.8691,22384.6992,9960330000
2025-09-26,22403.2695,22488.1797,22285.4395,22484.0703,8488400000
2025-09-29,22605.3008,22704.9004,22536.0508,22591.1504,9046720000
2025-09-30,22580.3594,22671.3906,22493.9609,22660.0098,8928070000
2025-10-01,22530.9492,22782.5801,22516.7402,22755.1602,10043980000
2025-10-02,22885.9004,22900.5996,22729.7500,22844.0508,9633200000
2025-10-03,22886.1602,22925.4297,22695.8203,22780.5098,10515730000
2025-10-06,22894.3496,22991.7207,22827.5605,22941.6699,10468830000
2025-10-07,22972.3691,23006.0703,22718.7598,22788.3594,10375920000
2025-10-08,22852.3203,23045.1406,22845.4199,23043.3809,10925520000
2025-10-09,23045.3301,23062.6191,22899.1602,23024.6309,10713200000
2025-10-10,23043.5195,23119.9102,22193.0703,22204.4297,11635030000
2025-10-13,22578.6699,22718.7500,22499.4902,22694.6094,9018770000
2025-10-14,22388.0391,22691.0703,22213.7305,22521.6992,9776720000
2025-10-15,22738.5000,22841.6895,22427.7891,22670.0801,11374850000
2025-10-16,22764.4004,22886.8691,22404.6895,22562.5391,11343620000
2025-10-17,22489.8105,22736.0098,22396.6504,22679.9707,9552150000
2025-10-20,22844.8203,23031.8691,22841.0000,22990.5391,9440620000
2025-10-21,22984.5508,23010.3496,22894.4199,22953.6699,10845130000
2025-10-22,22940.7891,22978.4004,22514.0801,22740.4004,14361150000
2025-10-23,22751.3301,22983.4609,22732.1797,22941.8008,10363600000
2025-10-24,23143.2305,23261.2598,23127.9609,23204.8691,10308620000
2025-10-27,23537.3203,23658.6602,23493.9609,23637.4609,10757830000
2025-10-28,23766.4609,23901.3594,23675.1895,23827.4902,10640830000
2025-10-29,23987.2891,24019.9902,23763.9902,23958.4707,10089540000
2025-10-30,23793.0801,23846.1309,23578.4707,23581.1406,10564160000
2025-10-31,23941.7793,23946.2305,23628.8203,23724.9609,10909250000
2025-11-03,23951.9102,23976.8398,23764.8691,23834.7207,10360170000
2025-11-04,23458.2109,23644.1504,23333.3203,23348.6406,10227700000
2025-11-05,23358.0703,23636.5293,23286.8691,23499.8008,10026890000
2025-11-06,23461.2891,23469.5508,23011.0605,23053.9902,11085130000
2025-11-07,22892.9199,23009.9102,22563.4199,23004.5391,10141910000
2025-11-10,23354.8496,23569.6191,23290.0508,23527.1699,9297320000
2025-11-11,23407.7207,23508.4395,23315.2793,23468.3008,7756810000
2025-11-12,23563.8398,23564.0898,23278.3008,23406.4609,8449920000
2025-11-13,23262.6406,23264.2695,22796.0703,22870.3594,11351410000
2025-11-14,22544.7207,23073.1797,22436.7891,22900.5898,10841540000
2025-11-17,22788.3203,23044.5508,22559.5098,22708.0703,9744800000
2025-11-18,22565.9004,22643.0098,22231.1504,22432.8496,8606260000
2025-11-19,22459.2695,22821.2402,22385.2207,22564.2305,8434200000
2025-11-20,23057.0000,23147.3301,22043.1992,22078.0508,10548620000
2025-11-21,22162.8301,22531.8398,21898.2891,22273.0801,9931240000
2025-11-24,22482.1602,22916.4004,22478.2695,22872.0098,9232160000
2025-11-25,22802.8496,23070.0898,22587.1094,23025.5898,8498500000
2025-11-26,23163.1895,23280.5801,23074.3906,23214.6895,7291400000
2025-11-28,23291.5898,23365.7891,23250.5098,23365.6895,4541070000
2025-12-01,23172.3398,23363.8496,23110.2109,23275.9199,7859560000
2025-12-02,23379.7500,23526.2305,23286.4609,23413.6699,7588580000
2025-12-03,23315.5801,23499.9297,23271.8301,23454.0898,7962730000
2025-12-04,23527.3008,23528.5293,23372.3301,23505.1406,7456860000
2025-12-05,23567.7695,23680.0293,23506.0000,23578.1309,8248280000
2025-12-08,23638.2207,23698.9297,23455.0508,23545.9004,8533670000
2025-12-09,23504.6094,23616.4609,23449.7305,23576.4902,7192600000
2025-12-10,23536.0000,23704.0801,23435.1699,23654.1504,7987900000
2025-12-11,23509.2207,23606.6992,23308.9492,23593.8594,8337770000
2025-12-12,23488.8691,23554.8906,23094.5098,23195.1699,8724070000
2025-12-15,23330.0391,23345.5605,23012.0000,23057.4102,8649240000
2025-12-16,22981.8203,23162.5996,22920.6602,23111.4609,7759960000
2025-12-17,23135.6094,23159.1992,22692.0000,22693.3203,8616140000
2025-12-18,23012.0605,23149.6094,22906.2305,23006.3594,7977920000
2025-12-19,23121.9004,23307.9102,23106.1895,23307.6191,12874560000
2025-12-22,23450.5293,23476.5000,23362.9297,23428.8301,7244910000
2025-12-23,23407.6992,23563.4609,23377.4902,23561.8398,7518190000
2025-12-24,23555.9492,23621.7207,23527.9707,23613.3105,3885190000
2025-12-26,23645.9102,23665.1504,23567.8594,23593.0996,5170300000
2025-12-29,23414.6797,23531.0195,23397.5195,23474.3496,6527530000
2025-12-30,23465.6699,23521.0508,23414.8301,23419.0801,6769300000
2025-12-31,23420.8496,23445.2598,23237.7793,23241.9902,5895130000
2026-01-02,23481.4902,23585.9609,23119.4902,23235.6309,7331460000
2026-01-05,23449.6699,23476.5098,23332.2305,23395.8203,8737320000
2026-01-06,23446.9609,23559.1504,23389.5703,23547.1699,9012640000
2026-01-07,23544.8906,23723.3691,23504.2109,23584.2793,8396920000
2026-01-08,23548.8809,23558.1699,23353.4609,23480.0195,7723140000
2026-01-09,23496.2109,23721.1504,23426.4805,23671.3496,8124420000
2026-01-12,23576.8809,23804.0391,23562.9707,23733.9004,8707170000
2026-01-13,23735.1191,23813.3008,23607.5898,23709.8691,9416400000
2026-01-14,23563.9199,23590.1992,23306.6602,23471.7500,12165220000
2026-01-15,23693.9707,23721.1094,23502.1797,23530.0195,9740630000
2026-01-16,23639.6895,23664.2598,23446.8105,23515.3906,9514500000
2026-01-20,23142.6895,23236.0508,22916.8301,22954.3203,9469480000
2026-01-21,23017.6797,23383.2402,22927.8809,23224.8203,9162740000
2026-01-22,23440.7109,23503.1602,23335.1504,23436.0195,9034850000
2026-01-23,23440.9199,23610.7402,23374.2598,23501.2402,8228760000
2026-01-26,23529.2793,23688.9395,23486.0801,23601.3594,7505250000
2026-01-27,23734.7500,23865.2598,23694.3809,23817.0996,8026050000
2026-01-28,23965.1094,23988.2695,23775.4902,23857.4492,8151580000
2026-01-29,23830.9199,23840.5508,23232.7793,23685.1191,8782210000
2026-01-30,23578.9609,23662.2500,23351.5508,23461.8203,9255930000
2026-02-02,23370.5391,23686.8301,23356.4004,23592.1094,8882530000
2026-02-03,23667.4395,23691.5996,23027.2109,23255.1895,10306320000
2026-02-04,23217.0195,23270.0703,22684.5098,22904.5801,10862000000
2026-02-05,22604.0195,22841.2793,22461.1406,22540.5898,10109230000
2026-02-06,22625.3008,23088.4609,22586.4004,23031.2109,9054400000
2026-02-09,22952.2402,23314.6699,22878.3691,23238.6699,8174050000
2026-02-10,23271.2207,23310.7305,23089.0996,23102.4707,8513440000
2026-02-11,23278.2891,23320.6191,22902.0098,23066.4707,9927010000
2026-02-12,23142.8691,23161.5996,22548.0195,22597.1504,8855290000
2026-02-13,22561.4609,22742.0605,22402.3809,22546.6699,7964830000
2026-02-17,22394.7598,22690.8301,22256.7598,22578.3809,7654300000
2026-02-18,22629.8496,22895.9609,22597.7695,22753.6309,7705590000
2026-02-19,22639.8809,22768.8301,22583.6094,22682.7305,6984780000
2026-02-20,22542.2793,22948.8691,22539.0508,22886.0703,8063070000
2026-02-23,22840.9707,22893.2207,22547.1191,22627.2695,8263920000
2026-02-24,22641.5996,22895.4805,22528.2598,22863.6797,7932270000
2026-02-25,23005.0098,23169.6797,23004.6895,23152.0801,8427450000
2026-02-26,23100.5801,23109.4609,22670.8008,22878.3809,9033470000
2026-02-27,22615.4297,22735.7793,22538.3008,22668.2109,9552610000
2026-03-02,22322.1191,22802.8008,22306.0801,22748.8594,8303030000
2026-03-03,22292.3691,22601.5898,22124.7793,22516.6895,9705500000
2026-03-04,22620.8906,22891.8809,22570.6699,22807.4805,10918410000
2026-03-05,22707.4707,22877.0195,22500.2891,22748.9902,10994660000
2026-03-06,22421.1699,22614.4102,22328.1309,22387.6797,9300220000
2026-03-09,22184.0508,22741.0293,22061.9707,22695.9492,9797740000
2026-03-10,22722.9395,22906.7207,22608.2305,22697.0996,8800580000
2026-03-11,22771.2695,22877.7109,22602.3301,22716.1309,8348570000
2026-03-12,22526.5898,22550.7500,22290.4805,22311.9805,8490850000
2026-03-13,22425.6992,22521.3809,22069.2402,22105.3594,8278740000
2026-03-16,22340.3906,22521.5898,22316.6309,22374.1797,8208800000
2026-03-17,22458.0293,22569.6406,22409.0703,22479.5293,8505210000
2026-03-18,22421.9609,22461.7598,22144.7598,22152.4199,9325170000
2026-03-19,21871.0391,22187.0605,21851.0508,22090.6895,8547870000
2026-03-20,21989.3301,21997.0898,21522.7500,21647.6094,11743490000
2026-03-23,21995.7793,22189.3398,21865.8008,21946.7598,8895880000
2026-03-24,21807.5996,21916.1602,21712.0391,21761.8906,8488380000
2026-03-25,22006.4297,22093.1797,21865.4609,21929.8203,8056920000
2026-03-26,21693.1797,21823.5801,21395.7695,21408.0801,7726590000
2026-03-27,21287.1895,21293.5000,20909.9297,20948.3594,8713310000
2026-03-30,21096.2402,21139.7207,20690.2500,20794.6406,9234380000
2026-03-31,21064.3301,21642.6191,21063.3809,21590.6309,10645070000
2026-04-01,21742.7891,21983.0703,21723.7207,21840.9492,8801740000
2026-04-02,21472.5195,21906.4805,21371.3203,21879.1797,8134780000
2026-04-06,21939.8008,22052.4102,21864.5000,21996.3398,7907270000
2026-04-07,21927.0898,22024.9004,21611.0000,22017.8496,10796020000
2026-04-08,22821.2109,22821.2109,22501.2793,22634.9902,10411670000
2026-04-09,22646.3496,22836.7500,22529.2109,22822.4199,8662470000
2026-04-10,22913.9102,23011.7695,22845.0508,22902.8906,8700640000
2026-04-13,22849.2305,23187.9609,22795.8203,23183.7402,7925320000
2026-04-14,23331.5000,23639.0801,23331.5000,23639.0801,9105660000
2026-04-15,23688.1191,24026.5605,23672.2598,24016.0195,10206480000
2026-04-16,24062.4492,24156.1797,23894.9102,24102.6992,9963610000
2026-04-17,24338.0098,24519.5098,24286.4707,24468.4805,10159120000
2026-04-20,24417.5293,24435.9199,24221.5293,24404.3906,8379940000
2026-04-21,24465.3398,24537.5801,24198.9902,24259.9609,9309940000
2026-04-22,24462.3105,24660.1094,24421.4004,24657.5703,8080930000
2026-04-23,24553.7500,24664.8691,24209.7402,24438.5000,7956600000
2026-04-24,24616.5605,24854.0391,24524.3691,24836.5996,10203070000
2026-04-27,24799.6406,24899.3691,24694.8203,24887.0996,8126500000
2026-04-28,24609.5703,24724.6992,24524.2305,24663.8008,7441950000
2026-04-29,24606.5293,24724.1094,24532.6992,24673.2402,8147470000
2026-04-30,24859.9395,24935.5996,24491.8301,24892.3105,8139190000
2026-05-01,24977.7891,25223.1191,24967.0898,25114.4395,7534290000
2026-05-04,25112.1797,25210.4707,24913.1191,25067.8008,7849180000
2026-05-05,25258.8809,25361.0508,25217.1602,25326.1309,8090030000
2026-05-06,25495.1699,25850.1895,25464.4395,25838.9395,8864150000
2026-05-07,25881.3008,26036.3809,25713.6504,25806.1992,9118880000
2026-05-08,25958.1191,26248.6191,25944.7793,26247.0801,9577150000
2026-05-11,26135.6309,26359.3105,26129.8301,26274.1309,11989910000
2026-05-12,26087.0098,26190.4805,25739.2207,26088.1992,9631840000
2026-05-13,26147.6504,26474.1797,25990.1602,26402.3398,9734720000
2026-05-14,26425.4707,26707.1406,26423.2109,26635.2207,9860060000
2026-05-15,26288.9199,26460.7598,26097.5391,26225.1406,9584430000
2026-05-18,26289.4902,26310.8398,25867.3008,26090.7305,10327940000
2026-05-19,25923.4902,26050.2891,25701.4395,25870.7109,9895620000
2026-05-20,25991.5098,26273.7598,25928.3301,26270.3594,9268370000
2026-05-21,26143.6191,26403.5703,26039.3691,26293.0996,8627780000
2026-05-22,26381.5605,26504.5508,26309.8008,26343.9707,9265090000
2026-05-26,26590.5000,26725.2891,26520.3008,26656.1797,9718120000
2026-05-27,26695.4395,26715.3105,26538.3105,26674.7305,9240640000
2026-05-28,26686.5293,26934.8398,26588.5195,26917.4707,9224620000
2026-05-29,26960.8398,27094.8008,26859.2695,26972.6191,11906000000
2026-06-01,26952.5801,27190.2109,26913.1191,27086.8105,10199240000
2026-06-02,27030.0703,27171.2891,26932.7695,27093.9004,9675650000
2026-06-03,27092.8496,27130.8809,26769.1504,26853.9805,9267670000
2026-06-04,26579.3008,26923.6992,26554.2402,26830.9609,8999970000
2026-06-05,26536.5898,26572.2500,25648.4707,25709.4297,11550140000
2026-06-08,26065.0703,26179.6504,25872.6797,25929.6602,10077650000
2026-06-09,26110.3105,26259.9199,24980.3809,25678.8203,12106940000
2026-06-10,25512.0703,25726.0000,25145.3008,25169.5000,9519620000
2026-06-11,25309.7793,25846.5605,25109.3906,25809.6602,10101910000
2026-06-12,25783.3594,26010.3105,25599.9395,25888.8398,10337400000
2026-06-15,26447.2305,26687.5605,26438.7695,26683.9395,10590270000
2026-06-16,26649.9707,26788.6191,26369.3906,26376.3398,11132830000
2026-06-17,26493.8203,26511.5508,25960.4102,26021.6602,11443600000
2026-06-18,26410.6191,26559.7402,26188.6895,26517.9297,18286150000
2026-06-22,26483.3105,26561.1191,26125.4805,26166.5996,12844290000
2026-06-23,25549.7598,25882.5703,25513.2598,25587.0391,14631520000
2026-06-24,25578.6191,25840.5605,25354.6602,25476.6406,14936190000
2026-06-25,25724.7793,25724.7793,25123.4297,25358.5996,9870860000
2026-06-26,25105.4102,25491.3809,25014.9609,25297.6191,16594580000
2026-06-29,25502.0898,25834.3496,25289.7598,25820.1406,9776230000
2026-06-30,25824.4707,26253.0391,25808.0605,26213.7207,9809990000
2026-07-01,26039.5098,26238.0605,25954.4609,26040.0293,9094410000
2026-07-02,26047.3809,26261.0898,25630.5098,25832.6699,9529580000
2026-07-06,25999.6094,26209.7598,25963.4395,26121.1602,7827050000
2026-07-07,25960.1309,26010.0195,25684.1504,25818.6895,8244680000
2026-07-08,25704.6602,25896.0703,25526.4609,25870.6504,7935740000
2026-07-09,25918.3105,26215.8203,25825.8496,26206.8906,7312220000
2026-07-10,26175.5391,26301.5391,26009.4902,26281.6094,7094480000
2026-07-13,26088.3105,26139.3691,25822.0996,25873.1797,7231310000
2026-07-14,26015.4902,26168.8008,25912.4004,26107.0098,7397960000
2026-07-15,26261.1797,26316.8105,26041.1309,26269.2305,7379560000
2026-07-16,26155.4004,26165.3691,25765.4492,25881.9492,8294880000
2026-07-17,25412.2598,25703.0098,25250.6309,25520.2402,7820470000
2026-07-20,25720.8691,25815.5996,25501.0996,25508.0703,7184070000
2026-07-21,25772.5508,25880.3398,25672.8301,25837.2109,8001540000
2026-07-22,25693.7207,25841.3105,25681.3203,25690.9004,7473050000
2026-07-23,25245.5391,25358.2793,24954.7695,25137.6895,7655810000
2026-07-24,25107.3809,25222.1406,24918.0898,24975.8203,7266300000
2026-07-27,25236.1895,25261.9102,24774.8691,24932.0801,7797890000
2026-07-28,24825.0703,24984.5000,24581.0098,24876.9102,8584960000
2026-07-29,24863.4805,25054.5293,24425.3398,24442.9395,8276280000
2026-07-30,24852.0508,25171.4395,24813.8398,25122.1797,9048570000
2026-07-31,25340.7109,25460.8594,25004.3301,25373.8496,11942500000
2026-08-03,25452.6602,25967.4395,25420.3496,25913.9004,11118460000
2026-08-04,26088.0391,26679.9102,26088.0391,26584.9902,9717920000
2026-08-05,26698.0195,26739.0000,26348.5098,26363.4395,9116070000
2026-08-06,26268.8398,26499.4199,26208.4297,26348.3496,8936850000
2026-08-07,26534.6602,26712.6191,26478.0098,26690.6191,8183970000
2026-08-10,26680.4395,26724.6309,26548.2598,26605.3594,7675200000
2026-08-11,26672.1797,26679.2598,26372.3105,26445.4492,7684920000
2026-08-12,26680.4707,26688.2402,26531.9297,26588.4902,7873190000
2026-08-13,26631.3398,26875.5195,26612.8496,26803.0293,8380820000
2026-08-14,26851.1504,26862.1699,26661.9492,26729.1602,7212180000
2026-08-17,26784.6504,26798.4004,26626.3809,26644.9102,7644090000
2026-08-18,26346.8809,26422.5000,26266.6797,26289.7109,7360790000
2026-08-19,26393.8906,26456.7793,26185.1309,26331.0898,8173140000
2026-08-20,26211.5195,26263.4707,26023.1191,26067.1699,8244680000
2026-08-21,26198.8398,26269.8496,26049.2891,26180.4609,7410100000
2026-08-24,26065.3203,26109.9609,25910.8203,25980.1895,7318150000
2026-08-25,26148.7109,26225.8301,26034.3496,26151.3008,7483990000
2026-08-26,26099.5801,26189.8105,26021.6309,26130.1992,7065320000
2026-08-27,26356.9805,26553.9004,26273.8691,26541.3496,7448410000
2026-08-28,26515.9902,26700.6797,26359.2695,26402.4199,8457870000
2026-08-31,26358.5605,26398.3301,26249.7695,26370.8906,7679730000
2026-09-01,26031.6699,26260.6797,25995.5293,26099.7695,6750660000
2026-09-02,26094.0000,26245.0391,26062.6797,26217.8301,7442550000
2026-09-03,26336.3203,26644.5703,26325.0605,26584.0605,7600140000
2026-09-04,26587.9004,26628.5801,26444.8398,26506.9902,6529110000
2026-09-08,26528.5703,26542.1406,26341.1699,26421.4102,7714560000
2026-09-09,26325.0605,26366.5605,26184.2109,26253.3398,7379700000
2026-09-10,26021.0508,26178.2500,25979.5391,26081.7207,7174170000
2026-09-11,26289.4102,26431.2207,26283.1094,26333.0391,6587900000
2026-09-14,26018.5000,26329.9805,25992.5508,26186.4102,7179780000
2026-09-15,26140.2305,26172.1191,25943.3105,25981.5703,7934200000
2026-09-16,26108.4609,26225.0898,25802.9609,25978.4297,9968640000
2026-09-17,26377.8594,26460.6406,26289.9395,26418.3008,9884890000
2026-09-18,26522.0898,26544.9297,26333.9805,26522.5391,13286960000
2026-09-21,26723.1895,27183.9297,26707.4199,27122.0898,8813260000
2026-09-22,27161.1992,27288.7891,27161.1992,27244.2793,9334690000
2026-09-23,27213.5195,27217.3301,26873.5391,26936.0391,8491740000
2026-09-24,26734.5098,26971.0391,26706.1406,26939.3691,8078820000
2026-09-25,26970.9492,27122.7598,26876.2695,27068.7207,7275260000
2026-09-28,26935.7598,26990.0195,26709.6895,26820.3809,7030730000
2026-09-29,26908.7598,26919.7207,26717.9492,26797.5391,7097250000
2026-09-30,26892.8008,27108.1992,26861.0605,26861.0605,8300260000
2026-10-01,26992.3105,27014.4707,26733.8906,26871.5996,7329610000
2026-10-02,27216.9102,27353.6797,27112.2402,27190.8594,7954430000
2026-10-05,27225.9297,27544.0605,27223.4902,27477.3105,7828480000
2026-10-06,27641.1699,27722.7500,27592.5605,27599.7891,8451470000
2026-10-07,27430.5352,27524.6445,27341.3086,27523.1328,4525443000
